{
  "id": "EdgeSet05",
  "sources": ["Adygei", "Adygei", "Adygei", "Adygei", "Adygei", "Adygei", "Balochi", "Balochi", "Balochi", "Balochi", "BantuKenya", "BantuKenya", "BantuKenya", "BantuKenya", "BantuKenya", "BantuSouthAfrica", "BantuSouthAfrica", "BantuSouthAfrica", "BantuSouthAfrica", "BantuSouthAfrica", "Basque", "Basque", "Basque", "Basque", "Basque", "Bedouin", "Bedouin", "Bedouin", "BiakaPygmy", "BiakaPygmy", "Burusho", "Burusho", "Burusho", "Burusho", "Burusho", "Cambodian", "Cambodian", "Cambodian", "Cambodian", "Colombian", "Colombian", "Colombian", "Colombian", "Daur", "Daur", "Daur", "Daur", "Daur", "Daur", "Daur", "Druze", "Druze", "Druze", "Druze", "Kalash", "Lahu", "Lahu", "Lahu", "Lahu", "Lahu", "Mandenka", "Mandenka", "Mandenka", "Maya", "Maya", "Maya", "Maya", "MbutiPygmy", "Melanesian", "Melanesian", "Mongola", "Mongola", "Mongola", "Mozabite", "Mozabite", "Palestinian", "Palestinian", "Pima", "Pima", "Russian", "Russian", "Yakut"],
  "targets": ["Balochi", "Bedouin", "Burusho", "Daur", "Mongola", "Russian", "Basque", "Bedouin", "Druze", "Palestinian", "BantuSouthAfrica", "Mandenka", "Mozabite", "San", "Yoruba", "BiakaPygmy", "Mandenka", "MbutiPygmy", "San", "Yoruba", "Burusho", "MbutiPygmy", "Melanesian", "Russian", "Yakut", "Druze", "Mozabite", "Palestinian", "MbutiPygmy", "Yoruba", "Cambodian", "Kalash", "MbutiPygmy", "Mozabite", "Yakut", "Daur", "Lahu", "Melanesian", "Pima", "Maya", "MbutiPygmy", "San", "Yi", "Maya", "Melanesian", "Mongola", "Pima", "Russian", "Yakut", "Yi", "Mongola", "Mozabite", "Palestinian", "Yakut", "Yi", "Melanesian", "Mongola", "Papuan", "Uygur", "Yi", "MbutiPygmy", "Mozabite", "Yoruba", "Melanesian", "Papuan", "Pima", "Yi", "San", "Papuan", "San", "Papuan", "Yakut", "Yi", "Palestinian", "San", "Papuan", "Uygur", "Uygur", "Yakut", "Uygur", "Yakut", "Yi"],
  "weights": [2.5364, 2.6639, 3.0296, 3.2246, 3.0847, 2.7411, 2.5591, 2.1923, 1.8739, 2.3183, 3.421, 3.2226, 3.8806, 5.735, 2.8473, 3.7624, 3.2531, 6.9181, 5.0641, 3.0608, 3.3738, 7.8753, 4.5525, 2.8881, 3.1063, 1.8342, 3.1498, 2.1795, 7.2085, 3.9146, 3.6284, 3.1753, 7.8422, 3.7563, 2.9294, 2.6927, 2.4368, 3.2269, 3.0669, 4.2823, 10.5363, 9.4464, 5.0169, 2.8123, 2.7059, 2.6811, 2.7374, 3.8183, 2.2785, 2.3957, 3.0669, 2.7888, 2.0163, 2.4052, 2.9344, 3.1796, 3.3182, 2.6213, 2.9164, 2.5832, 7.04, 3.2483, 2.3684, 3.8178, 3.5953, 2.8631, 2.7765, 7.568, 2.977, 7.8449, 2.2135, 2.4471, 2.7183, 2.8799, 5.4479, 2.7396, 2.5467, 2.7572, 2.2331, 1.9132, 2.5774, 2.2593],
  "loci": ["rs17041996", "rs1317824", "rs2685244", "rs13411762", "rs2685246", "rs1320362", "rs2683968", "rs2685252", "rs1316288", "rs2724882", "rs6712649", "rs11686772", "rs4402801", "rs12714409", "rs17784455", "rs2867105", "rs12996547", "rs1316802", "rs4241319", "rs2867133", "rs12714411", "rs17042099", "rs2966402", "rs7564851", "rs10153797", "rs2867125", "rs11688330", "rs4854344", "rs7561317", "rs4611674", "rs9784046", "rs10190919", "rs6548242", "rs6728479", "rs11689974", "rs13029479", "rs1317005", "rs4854350", "rs7596758", "rs12999373"]
}
