{
  "id": "EdgeSet10",
  "sources": ["Adygei", "Adygei", "Adygei", "Adygei", "Adygei", "Adygei", "Balochi", "Balochi", "Balochi", "Balochi", "Balochi", "Balochi", "Balochi", "BantuKenya", "BantuKenya", "BantuKenya", "BantuKenya", "BantuKenya", "BantuKenya", "BantuKenya", "BantuSouthAfrica", "BantuSouthAfrica", "BantuSouthAfrica", "BantuSouthAfrica", "Basque", "Basque", "Basque", "Basque", "Bedouin", "Bedouin", "BiakaPygmy", "BiakaPygmy", "BiakaPygmy", "BiakaPygmy", "Burusho", "Burusho", "Burusho", "Burusho", "Cambodian", "Cambodian", "Cambodian", "Cambodian", "Cambodian", "Colombian", "Colombian", "Colombian", "Daur", "Daur", "Daur", "Daur", "Daur", "Daur", "Daur", "Druze", "Druze", "Druze", "Kalash", "Kalash", "Kalash", "Kalash", "Kalash", "Lahu", "Mandenka", "Mandenka", "Mandenka", "Maya", "Maya", "MbutiPygmy", "MbutiPygmy", "Melanesian", "Melanesian", "Melanesian", "Mongola", "Mongola", "Mongola", "Mongola", "Mozabite", "Mozabite", "Papuan", "Pima", "Pima", "Pima", "Russian", "San"],
  "targets": ["Balochi", "Cambodian", "Kalash", "Lahu", "Palestinian", "Russian", "Basque", "Bedouin", "Colombian", "Druze", "Kalash", "Palestinian", "Russian", "Bedouin", "BiakaPygmy", "Mandenka", "MbutiPygmy", "Papuan", "Pima", "Yoruba", "BiakaPygmy", "Mandenka", "MbutiPygmy", "San", "Bedouin", "Kalash", "Russian", "Yakut", "Druze", "Mozabite", "Colombian", "Mongola", "San", "Yoruba", "Papuan", "Pima", "Uygur", "Yakut", "Daur", "Kalash", "Lahu", "Melanesian", "Yi", "Lahu", "Maya", "Mongola", "Lahu", "Mandenka", "Melanesian", "Palestinian", "Uygur", "Yakut", "Yi", "Mozabite", "Palestinian", "Yoruba", "Maya", "Melanesian", "Mongola", "Russian", "Yakut", "Yi", "MbutiPygmy", "Pima", "Yoruba", "Pima", "San", "Papuan", "San", "Papuan", "Yakut", "Yi", "Pima", "Russian", "San", "Yakut", "Palestinian", "Russian", "Uygur", "San", "Uygur", "Yakut", "Uygur", "Yoruba"],
  "weights": [2.8972, 2.8649, 3.0861, 3.2087, 1.9963, 2.8985, 2.4932, 2.2567, 3.9706, 2.114, 2.6831, 2.1862, 2.6104, 3.5034, 4.1258, 3.1342, 4.7866, 5.6624, 5.0237, 3.3499, 5.0364, 5.0702, 6.3762, 7.5102, 2.8393, 2.6952, 2.7706, 4.1956, 1.9859, 1.955, 5.5488, 5.0334, 6.5574, 3.666, 3.5919, 2.7057, 2.4358, 2.5956, 2.8744, 4.1307, 2.7666, 3.1001, 1.9761, 5.4469, 3.7093, 3.0868, 3.6908, 5.2316, 3.7418, 4.7878, 3.6786, 3.1818, 3.0813, 2.421, 2.0171, 4.5017, 6.1422, 4.5594, 3.5857, 3.2743, 3.8014, 3.088, 4.6463, 5.7347, 2.865, 4.4128, 8.2179, 7.1846, 8.2631, 3.3934, 3.4598, 3.2417, 3.5322, 4.5423, 6.87, 2.4814, 2.2991, 2.9005, 3.6012, 7.3686, 3.4731, 3.1469, 3.0322, 6.4706],
  "loci": ["rs7574097", "rs7574207", "rs9309723", "rs7603971", "rs4971336", "rs4971329", "rs4246558", "rs4488692", "rs9309724", "rs4629189", "rs4640416", "rs7426276", "rs4555377", "rs4586665", "rs4971432", "rs10865542", "rs7578498", "rs11686452", "rs7606829", "rs6716119", "rs4971441", "rs4482521", "rs7565112", "rs4971465", "rs4491751", "rs4998208", "rs7579535", "rs4246561", "rs4971396", "rs4971397", "rs4461289", "rs4446093", "rs6751090", "rs4971418", "rs7568265", "rs7369772", "rs11674954", "rs6738955", "rs11676238", "rs9677798"]
}
