{
  "id": "EdgeSet08",
  "sources": ["Adygei", "Adygei", "Adygei", "Adygei", "Adygei", "Adygei", "Balochi", "Balochi", "Balochi", "BantuKenya", "BantuKenya", "BantuKenya", "BantuSouthAfrica", "BantuSouthAfrica", "BantuSouthAfrica", "Basque", "Basque", "Basque", "Basque", "Basque", "Basque", "Bedouin", "Bedouin", "BiakaPygmy", "BiakaPygmy", "BiakaPygmy", "BiakaPygmy", "Burusho", "Burusho", "Burusho", "Burusho", "Cambodian", "Cambodian", "Colombian", "Colombian", "Colombian", "Daur", "Daur", "Daur", "Druze", "Druze", "Druze", "Kalash", "Kalash", "Kalash", "Kalash", "Kalash", "Kalash", "Lahu", "Lahu", "Lahu", "Lahu", "Lahu", "Lahu", "Mandenka", "Mandenka", "Maya", "Maya", "Maya", "MbutiPygmy", "Melanesian", "Melanesian", "Melanesian", "Mongola", "Mozabite", "Mozabite", "Mozabite", "Papuan", "Papuan", "Pima", "Uygur"],
  "targets": ["Colombian", "Kalash", "Mongola", "Palestinian", "Pima", "Russian", "Druze", "Kalash", "Maya", "BantuSouthAfrica", "San", "Yoruba", "Colombian", "Mandenka", "Yoruba", "Bedouin", "Daur", "Druze", "Kalash", "Russian", "Yi", "Druze", "Mozabite", "Maya", "MbutiPygmy", "San", "Yoruba", "Lahu", "Papuan", "Uygur", "Yakut", "Daur", "Yi", "Maya", "MbutiPygmy", "Pima", "Lahu", "Mongola", "Uygur", "Palestinian", "Russian", "Uygur", "Melanesian", "Mongola", "Mozabite", "Papuan", "Pima", "Uygur", "Maya", "MbutiPygmy", "Melanesian", "Mongola", "Yakut", "Yi", "Mozabite", "Yoruba", "Mongola", "Pima", "Yi", "San", "Mozabite", "Papuan", "Uygur", "Yakut", "Palestinian", "Russian", "Uygur", "Russian", "Uygur", "Yakut", "Yakut"],
  "weights": [4.4571, 2.761, 2.7902, 2.6274, 3.4048, 2.6983, 1.7941, 2.5674, 3.597, 3.7252, 4.9082, 2.7251, 5.6201, 2.7706, 3.2942, 2.3137, 3.1103, 1.9759, 2.708, 2.3193, 4.158, 1.7339, 2.1729, 6.6548, 6.6751, 5.0779, 4.9503, 2.6914, 2.8158, 2.2875, 2.0191, 1.4887, 1.7014, 5.2501, 8.4902, 5.06, 1.9709, 2.112, 2.0237, 2.0175, 2.0957, 2.3, 3.1528, 2.8917, 2.7695, 2.9801, 4.4715, 3.249, 5.0551, 7.924, 3.1024, 2.4175, 1.9741, 2.5184, 3.4382, 3.2442, 3.885, 3.2551, 4.3267, 8.2631, 4.0693, 2.8884, 2.903, 1.9137, 2.1059, 2.5886, 2.8376, 2.9587, 2.7281, 3.4026, 1.848],
  "loci": ["rs6756708", "rs4380275", "rs10183412", "rs6726475", "rs7571499", "rs6548255", "rs4411733", "rs12467306", "rs6757749", "rs4589796", "rs4854279", "rs12714424", "rs13397770", "rs9973322", "rs4533500", "rs4854402", "rs11682609", "rs4992454", "rs4263142", "rs6760982", "rs4854414", "rs7419823", "rs4854417", "rs4241338", "rs4854428", "rs4854431", "rs4971342", "rs7603623", "rs4971347", "rs7559853", "rs6548284", "rs7355580", "rs4524155", "rs5020133", "rs4464315", "rs7598261", "rs11127542", "rs4401240", "rs6707252", "rs11894899"]
}
