{
  "id": "EdgeSet025",
  "sources": ["Adygei", "Adygei", "Adygei", "Adygei", "Balochi", "Balochi", "Balochi", "Balochi", "BantuKenya", "BantuKenya", "BantuKenya", "BantuKenya", "BantuKenya", "BantuSouthAfrica", "BantuSouthAfrica", "BantuSouthAfrica", "BantuSouthAfrica", "BantuSouthAfrica", "Basque", "Basque", "Basque", "Basque", "Basque", "Basque", "Basque", "Bedouin", "Bedouin", "Bedouin", "Bedouin", "Bedouin", "BiakaPygmy", "BiakaPygmy", "BiakaPygmy", "Burusho", "Burusho", "Cambodian", "Cambodian", "Cambodian", "Cambodian", "Cambodian", "Cambodian", "Cambodian", "Cambodian", "Colombian", "Colombian", "Colombian", "Colombian", "Daur", "Daur", "Daur", "Daur", "Daur", "Druze", "Druze", "Druze", "Druze", "Kalash", "Kalash", "Kalash", "Kalash", "Lahu", "Lahu", "Lahu", "Mandenka", "Mandenka", "Maya", "Maya", "MbutiPygmy", "MbutiPygmy", "MbutiPygmy", "Melanesian", "Melanesian", "Melanesian", "Melanesian", "Mongola", "Mongola", "Mozabite", "Mozabite", "Palestinian", "Palestinian", "Papuan", "Papuan", "Pima", "San", "Yakut"],
  "targets": ["Balochi", "Burusho", "Lahu", "Palestinian", "Kalash", "Lahu", "Russian", "Uygur", "BantuSouthAfrica", "Mandenka", "MbutiPygmy", "Papuan", "Yoruba", "BiakaPygmy", "Mandenka", "San", "Yi", "Yoruba", "Druze", "Kalash", "Mongola", "Pima", "Russian", "Uygur", "Yakut", "Druze", "Kalash", "Mozabite", "Palestinian", "Russian", "MbutiPygmy", "San", "Yoruba", "Russian", "San", "Colombian", "Daur", "Druze", "Lahu", "Melanesian", "Mongola", "Uygur", "Yakut", "Maya", "Mongola", "Pima", "Yi", "Lahu", "Melanesian", "Mongola", "Pima", "Yi", "Mozabite", "Palestinian", "Pima", "Uygur", "Lahu", "Palestinian", "Pima", "Yakut", "Maya", "Mongola", "Yakut", "San", "Yoruba", "Yakut", "Yi", "Papuan", "San", "Yoruba", "Papuan", "Pima", "Yakut", "Yi", "Mozabite", "Pima", "Palestinian", "San", "Russian", "Uygur", "San", "Uygur", "Yakut", "Yoruba", "Yi"],
  "weights": [2.4013, 4.0091, 3.8319, 2.6919, 2.3677, 3.6914, 2.079, 1.8892, 4.3512, 3.3221, 6.3637, 7.3521, 3.8131, 5.2103, 4.0563, 7.1667, 5.7827, 4.2414, 2.3527, 2.3893, 2.8135, 2.6581, 1.9062, 2.3346, 3.1481, 1.5824, 2.1902, 1.6988, 1.7585, 2.0083, 4.6713, 7.2479, 4.1123, 3.283, 7.7512, 3.5921, 2.7678, 2.9425, 3.3338, 3.1571, 2.5985, 2.7613, 3.6593, 1.5945, 2.9774, 3.3026, 2.8869, 3.5917, 3.9427, 2.3925, 3.0235, 2.2667, 1.9444, 1.8659, 3.5871, 2.1426, 3.6789, 2.4742, 2.704, 2.4689, 3.6048, 3.2943, 3.4612, 6.44, 2.9921, 2.9229, 2.7402, 8.4948, 8.201, 5.8247, 4.9541, 3.1569, 3.6222, 4.4794, 3.0829, 2.4752, 1.8602, 7.3242, 2.183, 2.0436, 9.6432, 5.1879, 2.7261, 6.4755, 3.2681],
  "loci": ["rs10865530", "rs13004261", "rs6744362", "rs17247006", "rs4853800", "rs11900612", "rs2037148", "rs2037147", "rs1980145", "rs7568276", "rs4853924", "rs6754224", "rs1515746", "rs908355", "rs869759", "rs10192523", "rs13004123", "rs17040041", "rs6754007", "rs6548093", "rs6548092", "rs867535", "rs6742158", "rs4853793", "rs6746066", "rs6548091", "rs6746911", "rs2598593", "rs2598595", "rs11683002", "rs12995456", "rs4853912", "rs4853911", "rs6761628", "rs1451198", "rs7586549", "rs11690425", "rs7556672", "rs12714359", "rs4853787"]
}
