{
  "id": "EdgeSet037",
  "sources": ["Adygei", "Adygei", "Adygei", "Adygei", "Adygei", "Adygei", "Adygei", "Adygei", "Adygei", "Balochi", "Balochi", "Balochi", "Balochi", "Balochi", "BantuKenya", "BantuKenya", "BantuKenya", "BantuKenya", "BantuKenya", "BantuKenya", "BantuSouthAfrica", "BantuSouthAfrica", "BantuSouthAfrica", "BantuSouthAfrica", "Basque", "Basque", "Basque", "Basque", "Bedouin", "Bedouin", "Bedouin", "BiakaPygmy", "BiakaPygmy", "BiakaPygmy", "BiakaPygmy", "Burusho", "Burusho", "Burusho", "Burusho", "Cambodian", "Cambodian", "Cambodian", "Cambodian", "Colombian", "Colombian", "Colombian", "Colombian", "Daur", "Daur", "Daur", "Daur", "Druze", "Druze", "Druze", "Kalash", "Kalash", "Lahu", "Lahu", "Lahu", "Lahu", "Mandenka", "Mandenka", "Mandenka", "Maya", "Maya", "Maya", "MbutiPygmy", "Melanesian", "Melanesian", "Mongola", "Mongola", "Mozabite", "Mozabite", "Mozabite", "Mozabite", "Papuan", "Russian", "San", "Yakut"],
  "targets": ["Balochi", "Basque", "Bedouin", "Daur", "Druze", "Mozabite", "Palestinian", "Russian", "Yi", "Colombian", "Maya", "Melanesian", "Pima", "Russian", "BantuSouthAfrica", "Bedouin", "BiakaPygmy", "MbutiPygmy", "Mozabite", "Yoruba", "Kalash", "Mandenka", "San", "Yoruba", "Bedouin", "Papuan", "Russian", "San", "Druze", "Palestinian", "Papuan", "Druze", "Mandenka", "MbutiPygmy", "San", "Daur", "Druze", "Kalash", "Pima", "Lahu", "Papuan", "Yakut", "Yi", "Kalash", "Maya", "Melanesian", "Pima", "Lahu", "Mongola", "Russian", "Yakut", "Mozabite", "Palestinian", "Russian", "Maya", "Palestinian", "Mongola", "Papuan", "Uygur", "Yi", "MbutiPygmy", "Mozabite", "Yoruba", "Melanesian", "Mongola", "Pima", "San", "Papuan", "Pima", "Papuan", "Russian", "Palestinian", "Papuan", "Russian", "Yoruba", "Pima", "Uygur", "Yoruba", "Yi"],
  "weights": [1.8019, 1.8651, 1.8661, 3.4441, 2.043, 3.0891, 1.8123, 1.9346, 3.2715, 2.7382, 2.0409, 2.0749, 2.1998, 1.9445, 3.9212, 4.0995, 3.9031, 4.3608, 3.4815, 3.5865, 5.4223, 3.484, 6.0951, 2.5167, 2.0137, 2.8352, 2.0287, 7.2615, 1.8806, 1.4809, 2.6209, 4.6692, 3.8342, 4.0851, 5.9513, 3.4256, 2.1888, 2.6644, 2.5634, 1.9532, 4.5611, 2.6432, 2.478, 2.8877, 1.59, 2.2144, 1.9488, 3.602, 3.8944, 4.0157, 2.3338, 2.0306, 1.8318, 1.9371, 2.67, 2.3316, 4.1419, 4.3871, 4.1426, 2.8325, 4.2636, 3.0779, 2.8487, 1.8107, 3.6208, 2.0828, 6.7523, 2.5406, 1.9847, 4.2138, 3.7401, 2.2312, 3.2762, 2.544, 3.4224, 2.7491, 3.0325, 5.9961, 2.3119],
  "loci": ["rs13383368", "rs6743352", "rs872877", "rs6738683", "rs2303902", "rs11682163", "rs13030620", "rs2163263", "rs17505481", "rs12711968", "rs6731113", "rs6542651", "rs12612302", "rs12995496", "rs7558456", "rs2603148", "rs357942", "rs357958", "rs7563964", "rs2249380", "rs357977", "rs357976", "rs357968", "rs12463789", "rs4849987", "rs4849989", "rs7559461", "rs897069", "rs12463627", "rs10195488", "rs13021385", "rs17018009", "rs17018026", "rs11886534", "rs13396069", "rs4849991", "rs9789761", "rs1454242", "rs7559214", "rs10171309"]
}
