{
  "id": "EdgeSet024",
  "sources": ["Adygei", "Adygei", "Adygei", "Adygei", "Adygei", "Adygei", "Balochi", "Balochi", "Balochi", "Balochi", "Balochi", "Balochi", "Balochi", "Balochi", "BantuKenya", "BantuKenya", "BantuKenya", "BantuSouthAfrica", "BantuSouthAfrica", "BantuSouthAfrica", "Basque", "Basque", "Basque", "Basque", "Basque", "Bedouin", "Bedouin", "Bedouin", "Bedouin", "BiakaPygmy", "BiakaPygmy", "BiakaPygmy", "BiakaPygmy", "Burusho", "Burusho", "Burusho", "Burusho", "Cambodian", "Cambodian", "Cambodian", "Colombian", "Colombian", "Colombian", "Daur", "Daur", "Daur", "Druze", "Kalash", "Kalash", "Kalash", "Kalash", "Kalash", "Kalash", "Lahu", "Lahu", "Lahu", "Lahu", "Lahu", "Mandenka", "Mandenka", "Maya", "Maya", "Maya", "MbutiPygmy", "MbutiPygmy", "Melanesian", "Melanesian", "Melanesian", "Mongola", "Mongola", "Mongola", "Mozabite", "Mozabite", "Palestinian", "Papuan", "San", "Yakut"],
  "targets": ["Bedouin", "Burusho", "Lahu", "Mozabite", "Palestinian", "Russian", "Bedouin", "Cambodian", "Druze", "Lahu", "Mozabite", "Russian", "Uygur", "Yi", "BantuSouthAfrica", "Mandenka", "Yoruba", "BiakaPygmy", "Mandenka", "MbutiPygmy", "Druze", "Kalash", "Pima", "Russian", "Uygur", "Druze", "Kalash", "Mozabite", "Palestinian", "Mandenka", "MbutiPygmy", "San", "Yoruba", "Druze", "Palestinian", "Russian", "San", "Lahu", "Melanesian", "Yakut", "Lahu", "Maya", "Pima", "Mongola", "Papuan", "Yi", "Mozabite", "Maya", "Mongola", "Mozabite", "Papuan", "Pima", "Yakut", "Maya", "Mongola", "Pima", "Yakut", "Yi", "San", "Yoruba", "Pima", "Yakut", "Yi", "San", "Yoruba", "Papuan", "Pima", "Yakut", "Papuan", "Yakut", "Yi", "Palestinian", "Uygur", "Uygur", "Uygur", "Yoruba", "Yi"],
  "weights": [2.871, 3.5831, 4.9117, 2.9708, 2.5818, 3.0006, 2.048, 2.9917, 2.0618, 4.1732, 2.1704, 2.5809, 1.9739, 4.2814, 3.1214, 2.9698, 2.9224, 3.6753, 3.6019, 6.2884, 2.4171, 2.4435, 2.9455, 2.4446, 2.117, 1.5681, 2.4143, 1.748, 2.0514, 3.5405, 4.8885, 6.7474, 3.1234, 3.1776, 2.8508, 2.8274, 8.2941, 3.0869, 3.5968, 3.6616, 4.4232, 2.1958, 3.6007, 3.4661, 5.7877, 2.7154, 1.9782, 3.3394, 4.8451, 2.5856, 3.8051, 3.0785, 3.0316, 3.8744, 4.4072, 4.905, 3.6798, 3.5399, 7.0924, 3.0355, 2.5677, 3.2343, 3.4529, 7.8353, 5.6485, 3.5208, 3.7631, 3.493, 5.2911, 3.8263, 3.4917, 2.1127, 2.2542, 2.0313, 3.6109, 7.0391, 3.0311],
  "loci": ["rs10165003", "rs4530397", "rs823538", "rs12619065", "rs12621100", "rs6728339", "rs6759451", "rs2280182", "rs12053164", "rs6707223", "rs17338247", "rs9636493", "rs7593925", "rs823557", "rs1706859", "rs1710506", "rs2668841", "rs17338219", "rs908357", "rs908356", "rs10865530", "rs13004261", "rs6744362", "rs17247006", "rs4853800", "rs11900612", "rs2037148", "rs2037147", "rs1980145", "rs7568276", "rs4853924", "rs6754224", "rs1515746", "rs908355", "rs869759", "rs10192523", "rs13004123", "rs17040041", "rs6754007", "rs6548093"]
}
