{
  "id": "EdgeSet064",
  "sources": ["Adygei", "Adygei", "Adygei", "Adygei", "Balochi", "Balochi", "Balochi", "Balochi", "Balochi", "Balochi", "BantuKenya", "BantuKenya", "BantuKenya", "BantuKenya", "BantuKenya", "BantuSouthAfrica", "BantuSouthAfrica", "BantuSouthAfrica", "Basque", "Basque", "Basque", "Basque", "Basque", "Basque", "Bedouin", "Bedouin", "Bedouin", "Bedouin", "BiakaPygmy", "BiakaPygmy", "BiakaPygmy", "Burusho", "Burusho", "Burusho", "Burusho", "Burusho", "Burusho", "Cambodian", "Cambodian", "Cambodian", "Cambodian", "Cambodian", "Colombian", "Colombian", "Colombian", "Colombian", "Colombian", "Daur", "Daur", "Daur", "Daur", "Daur", "Druze", "Druze", "Druze", "Druze", "Kalash", "Kalash", "Lahu", "Lahu", "Lahu", "Mandenka", "Mandenka", "Maya", "MbutiPygmy", "MbutiPygmy", "Melanesian", "Melanesian", "Mongola", "Mongola", "Mongola", "Mozabite", "Palestinian", "Papuan", "Papuan", "Russian"],
  "targets": ["Burusho", "Druze", "Mongola", "Uygur", "Cambodian", "Druze", "Maya", "Papuan", "Russian", "Uygur", "BantuSouthAfrica", "BiakaPygmy", "Mandenka", "MbutiPygmy", "Yoruba", "BiakaPygmy", "MbutiPygmy", "Yoruba", "Burusho", "Druze", "Lahu", "Palestinian", "San", "Yakut", "Druze", "Mozabite", "Palestinian", "Uygur", "Mandenka", "MbutiPygmy", "San", "Daur", "Maya", "Palestinian", "Pima", "Yakut", "Yi", "Colombian", "Lahu", "Melanesian", "Papuan", "Yakut", "Daur", "Lahu", "Maya", "Pima", "San", "Mongola", "Russian", "San", "Uygur", "Yakut", "Kalash", "Mozabite", "Palestinian", "Russian", "Melanesian", "Mozabite", "Melanesian", "Pima", "San", "San", "Yoruba", "Pima", "Melanesian", "San", "Papuan", "Yi", "Pima", "Yakut", "Yi", "Yoruba", "Russian", "Uygur", "Yi", "Yakut"],
  "weights": [2.3875, 2.1525, 1.9741, 2.2928, 4.011, 1.9054, 2.454, 3.8071, 1.9024, 2.4607, 4.4134, 5.2821, 4.4043, 5.8481, 2.8964, 5.5066, 6.0615, 3.6885, 2.9017, 2.3202, 4.6124, 2.2282, 9.7406, 3.9702, 2.0256, 2.0632, 1.351, 2.5471, 5.2682, 6.2135, 9.3364, 3.6989, 2.6614, 2.27, 2.7759, 2.5986, 3.1351, 4.5542, 3.7226, 3.9463, 3.5563, 2.745, 4.9047, 4.7523, 3.0347, 3.9577, 10.7378, 2.3229, 3.1391, 10.3708, 2.9087, 2.4106, 2.6113, 2.2563, 2.0458, 2.1014, 4.2039, 3.1144, 4.9017, 4.3934, 10.4133, 9.2792, 3.6045, 2.5667, 7.993, 10.146, 2.9904, 3.1054, 3.2379, 2.1639, 2.7026, 4.0748, 2.2138, 3.2253, 2.7593, 2.839],
  "loci": ["rs4485539", "rs7563508", "rs6735027", "rs4547512", "rs6432221", "rs3922853", "rs4371338", "rs1008001", "rs16855588", "rs7604153", "rs7596062", "rs2722553", "rs16864067", "rs2722557", "rs891256", "rs12478711", "rs2564045", "rs16864085", "rs2252087", "rs2564050", "rs1078589", "rs2564055", "rs11896909", "rs1366733", "rs11679426", "rs1429243", "rs16864146", "rs11892518", "rs1560246", "rs10929818", "rs1366735", "rs16864193", "rs2564075", "rs1346608", "rs10495524", "rs1429219", "rs2722583", "rs2350199", "rs1429216", "rs1109509"]
}
