{
  "id": "EdgeSet028",
  "sources": ["Adygei", "Adygei", "Adygei", "Adygei", "Adygei", "Balochi", "Balochi", "Balochi", "Balochi", "Balochi", "BantuKenya", "BantuKenya", "BantuKenya", "BantuKenya", "BantuKenya", "BantuSouthAfrica", "BantuSouthAfrica", "BantuSouthAfrica", "BantuSouthAfrica", "BantuSouthAfrica", "BantuSouthAfrica", "BantuSouthAfrica", "Basque", "Basque", "Basque", "Basque", "Basque", "Bedouin", "Bedouin", "Bedouin", "Bedouin", "BiakaPygmy", "BiakaPygmy", "BiakaPygmy", "BiakaPygmy", "BiakaPygmy", "BiakaPygmy", "Burusho", "Burusho", "Burusho", "Burusho", "Cambodian", "Cambodian", "Cambodian", "Cambodian", "Cambodian", "Colombian", "Colombian", "Colombian", "Colombian", "Colombian", "Colombian", "Colombian", "Daur", "Daur", "Daur", "Daur", "Daur", "Druze", "Druze", "Druze", "Druze", "Kalash", "Kalash", "Lahu", "Lahu", "Lahu", "Lahu", "Mandenka", "Mandenka", "Maya", "Maya", "MbutiPygmy", "MbutiPygmy", "MbutiPygmy", "MbutiPygmy", "MbutiPygmy", "Melanesian", "Melanesian", "Melanesian", "Mongola", "Mongola", "Mozabite", "Mozabite", "Palestinian", "Pima", "Pima", "Russian", "San", "Uygur", "Yakut"],
  "targets": ["Balochi", "Basque", "Burusho", "Colombian", "Druze", "Bedouin", "BiakaPygmy", "Burusho", "Mandenka", "Mozabite", "BiakaPygmy", "Lahu", "Mozabite", "Papuan", "Yoruba", "BiakaPygmy", "Burusho", "Mandenka", "MbutiPygmy", "Russian", "Yi", "Yoruba", "Bedouin", "Burusho", "Mozabite", "Palestinian", "Russian", "Colombian", "Druze", "Palestinian", "Yoruba", "Cambodian", "Daur", "Mandenka", "MbutiPygmy", "San", "Yoruba", "Druze", "Melanesian", "Palestinian", "Yakut", "Kalash", "Lahu", "Mandenka", "Melanesian", "Yi", "Maya", "Melanesian", "Mongola", "Mozabite", "Pima", "San", "Yakut", "Kalash", "Mongola", "Pima", "Yakut", "Yi", "Mozabite", "Palestinian", "Papuan", "Pima", "Maya", "Palestinian", "Maya", "Papuan", "Pima", "San", "Pima", "Yoruba", "Pima", "Yi", "Melanesian", "Mongola", "Mozabite", "San", "Yoruba", "Palestinian", "Papuan", "Yakut", "Uygur", "Yakut", "Palestinian", "Uygur", "Uygur", "Uygur", "Yi", "Uygur", "Yoruba", "Yakut", "Yi"],
  "weights": [2.2669, 2.52, 3.2875, 3.666, 2.2184, 2.2495, 4.9696, 3.1409, 3.1237, 2.6109, 3.1405, 4.9816, 3.0177, 4.1888, 2.4248, 4.3087, 5.5259, 3.5673, 4.7438, 4.6324, 5.9703, 3.7197, 2.2429, 4.2093, 2.3083, 2.7253, 2.9524, 3.542, 1.7706, 2.2385, 3.3639, 5.129, 5.413, 3.5484, 4.8551, 7.6969, 3.4948, 2.9638, 4.152, 3.4722, 2.8792, 3.3593, 3.1079, 4.0377, 4.2826, 2.7004, 3.1048, 3.8408, 3.2641, 4.5118, 2.9317, 8.4828, 2.8268, 2.9163, 2.1132, 3.6502, 2.2931, 2.1591, 2.2633, 2.2247, 3.8282, 3.6757, 2.4619, 2.8861, 3.3556, 4.4851, 3.8137, 8.8255, 3.66, 2.7772, 2.4531, 2.3997, 5.1082, 4.6991, 4.4962, 7.232, 4.2007, 5.2315, 2.9625, 3.0276, 3.1748, 2.284, 2.557, 2.7585, 2.5269, 3.1044, 2.8793, 2.9402, 6.7986, 2.6688, 2.2818],
  "loci": ["rs7581110", "rs7575112", "rs11127340", "rs896227", "rs10202240", "rs6713893", "rs10184017", "rs4853778", "rs1470738", "rs4853777", "rs4853776", "rs6737079", "rs6725217", "rs13428254", "rs896221", "rs1993081", "rs1993082", "rs896222", "rs734614", "rs732734", "rs17495118", "rs7589592", "rs12624070", "rs17495097", "rs17040276", "rs6548077", "rs10168424", "rs2385311", "rs2385313", "rs10206131", "rs11127339", "rs11127338", "rs896232", "rs1451196", "rs1451197", "rs10174217", "rs11682663", "rs12466602", "rs2122729", "rs11686291"]
}
