{
  "id": "EdgeSet016",
  "sources": ["Adygei", "Adygei", "Adygei", "Adygei", "Adygei", "Balochi", "Balochi", "Balochi", "Balochi", "BantuKenya", "BantuKenya", "BantuKenya", "BantuKenya", "BantuKenya", "BantuSouthAfrica", "BantuSouthAfrica", "BantuSouthAfrica", "BantuSouthAfrica", "BantuSouthAfrica", "Basque", "Basque", "Bedouin", "Bedouin", "Bedouin", "Bedouin", "BiakaPygmy", "BiakaPygmy", "BiakaPygmy", "Burusho", "Burusho", "Cambodian", "Cambodian", "Cambodian", "Cambodian", "Colombian", "Colombian", "Colombian", "Daur", "Daur", "Druze", "Druze", "Druze", "Kalash", "Kalash", "Kalash", "Lahu", "Lahu", "Lahu", "Mandenka", "Mandenka", "Maya", "MbutiPygmy", "MbutiPygmy", "Melanesian", "Melanesian", "Melanesian", "Melanesian", "Mongola", "Mongola", "Mozabite", "Mozabite", "Palestinian", "Pima", "Uygur", "Yakut"],
  "targets": ["Balochi", "Burusho", "Colombian", "Druze", "Russian", "Basque", "Burusho", "Druze", "Kalash", "BantuSouthAfrica", "BiakaPygmy", "Mandenka", "San", "Yoruba", "Cambodian", "Mandenka", "MbutiPygmy", "San", "Yoruba", "Melanesian", "Papuan", "Druze", "Mozabite", "Palestinian", "Uygur", "MbutiPygmy", "San", "Yoruba", "Palestinian", "Russian", "Daur", "Mongola", "Yakut", "Yi", "Maya", "Palestinian", "Pima", "Mongola", "Yakut", "Kalash", "Melanesian", "Mozabite", "Melanesian", "Mongola", "Russian", "Mongola", "Uygur", "Yi", "Mozabite", "Yoruba", "Pima", "Melanesian", "San", "Mozabite", "Papuan", "Uygur", "Yi", "Uygur", "Yakut", "Palestinian", "Uygur", "Russian", "Uygur", "Yi", "Yi"],
  "weights": [2.141, 2.2177, 3.234, 1.7886, 2.6255, 2.6467, 2.5547, 2.2169, 2.7182, 3.8415, 3.7841, 3.2197, 3.8679, 3.5042, 5.385, 3.8664, 6.2623, 4.7181, 3.5558, 3.588, 3.495, 1.9107, 2.28, 1.9234, 3.4709, 5.1236, 4.1911, 3.7085, 2.6592, 2.72, 3.0529, 2.4781, 3.003, 3.1805, 1.6282, 4.1929, 2.3353, 2.6775, 2.6512, 2.5999, 3.7729, 2.3778, 4.9652, 3.4185, 3.1631, 3.0506, 3.7105, 3.9341, 4.2437, 2.8623, 2.3601, 7.5477, 5.7064, 4.5997, 3.4139, 3.6916, 3.8447, 2.4538, 2.6079, 2.0143, 3.2006, 3.2129, 2.662, 3.1042, 2.9537],
  "loci": ["rs6759228", "rs1477496", "rs890055", "rs2161971", "rs1544846", "rs7560004", "rs11127327", "rs11892515", "rs2288184", "rs7580177", "rs2288183", "rs2241452", "rs7588729", "rs11127325", "rs9917191", "rs4853843", "rs12714327", "rs1991164", "rs6714537", "rs6737978", "rs4853841", "rs6706107", "rs2382560", "rs7563388", "rs2059412", "rs1124200", "rs6759577", "rs10519486", "rs7588942", "rs7563788", "rs13422055", "rs6548056", "rs4853831", "rs4645032", "rs6755207", "rs6728613", "rs4073401", "rs11127313", "rs7421372", "rs6750860"]
}
