{
  "id": "EdgeSet017",
  "sources": ["Adygei", "Adygei", "Adygei", "Adygei", "Adygei", "Adygei", "Adygei", "Adygei", "Balochi", "Balochi", "Balochi", "Balochi", "Balochi", "Balochi", "BantuKenya", "BantuKenya", "BantuKenya", "BantuKenya", "BantuKenya", "BantuKenya", "BantuSouthAfrica", "BantuSouthAfrica", "BantuSouthAfrica", "BantuSouthAfrica", "BantuSouthAfrica", "Basque", "Basque", "Bedouin", "Bedouin", "Bedouin", "Bedouin", "Bedouin", "Bedouin", "BiakaPygmy", "BiakaPygmy", "BiakaPygmy", "Burusho", "Burusho", "Burusho", "Burusho", "Burusho", "Cambodian", "Cambodian", "Cambodian", "Cambodian", "Cambodian", "Colombian", "Colombian", "Colombian", "Daur", "Daur", "Druze", "Druze", "Kalash", "Kalash", "Kalash", "Kalash", "Kalash", "Lahu", "Lahu", "Lahu", "Lahu", "Mandenka", "Mandenka", "Maya", "Maya", "MbutiPygmy", "Melanesian", "Mongola", "Mongola", "Mozabite", "Mozabite", "Mozabite", "Palestinian", "Papuan", "Pima", "Pima", "Russian", "San", "Uygur", "Yakut"],
  "targets": ["Basque", "Bedouin", "Colombian", "Druze", "Palestinian", "Russian", "Uygur", "Yi", "Basque", "Druze", "Kalash", "Palestinian", "San", "Uygur", "BantuSouthAfrica", "Basque", "BiakaPygmy", "Mandenka", "MbutiPygmy", "Mozabite", "BiakaPygmy", "Lahu", "Mandenka", "San", "Yoruba", "Papuan", "Russian", "Burusho", "Druze", "Mozabite", "Palestinian", "Yakut", "Yi", "Burusho", "MbutiPygmy", "Yoruba", "Daur", "Kalash", "Maya", "Russian", "Yi", "Lahu", "Mongola", "Pima", "Uygur", "Yi", "Druze", "Maya", "Pima", "Yakut", "Yi", "Melanesian", "Mozabite", "Mongola", "Pima", "Russian", "San", "Yakut", "Maya", "Mongola", "Uygur", "Yi", "San", "Yoruba", "Pima", "Yi", "San", "Papuan", "Uygur", "Yakut", "Palestinian", "Papuan", "Yoruba", "Yoruba", "San", "Uygur", "Yakut", "Yoruba", "Uygur", "Yi", "Yi"],
  "weights": [2.4537, 1.7378, 2.0353, 1.6499, 1.6097, 2.2272, 2.4145, 3.5757, 2.1587, 1.9362, 2.3471, 1.8688, 6.3851, 2.4427, 4.0051, 4.283, 3.6873, 3.7847, 5.7819, 3.639, 4.4319, 5.7315, 4.0972, 6.9432, 3.9341, 2.839, 2.5292, 3.6488, 1.3125, 1.8772, 1.585, 2.8478, 3.128, 5.7533, 5.1794, 3.1069, 3.4993, 3.0538, 3.6602, 2.9845, 4.7708, 3.1027, 2.7659, 3.1464, 2.9444, 3.2565, 2.0572, 2.0606, 2.0458, 2.7326, 3.1682, 2.6878, 1.8423, 2.9203, 3.8753, 2.6639, 6.7919, 3.3228, 5.2681, 3.1722, 3.4325, 3.4149, 7.4067, 3.3594, 2.8136, 3.8551, 7.8364, 2.878, 2.7593, 2.9358, 1.5358, 4.3764, 3.398, 3.431, 7.293, 2.5717, 3.2651, 4.147, 6.6645, 2.902, 3.432],
  "loci": ["rs4853841", "rs6706107", "rs2382560", "rs7563388", "rs2059412", "rs1124200", "rs6759577", "rs10519486", "rs7588942", "rs7563788", "rs13422055", "rs6548056", "rs4853831", "rs4645032", "rs6755207", "rs6728613", "rs4073401", "rs11127313", "rs7421372", "rs6750860", "rs11674865", "rs7592630", "rs11904794", "rs6748757", "rs4853754", "rs7560247", "rs7581359", "rs4853824", "rs4853822", "rs13387432", "rs1368233", "rs13031530", "rs13404264", "rs2241685", "rs7588882", "rs1864881", "rs12986730", "rs10181068", "rs6733654", "rs10185662"]
}
