{
  "id": "EdgeSet053",
  "sources": ["Adygei", "Adygei", "Adygei", "Adygei", "Adygei", "Balochi", "Balochi", "Balochi", "Balochi", "BantuKenya", "BantuKenya", "BantuKenya", "BantuKenya", "BantuKenya", "BantuSouthAfrica", "BantuSouthAfrica", "BantuSouthAfrica", "BantuSouthAfrica", "BantuSouthAfrica", "Basque", "Basque", "Basque", "Basque", "Bedouin", "Bedouin", "Bedouin", "Bedouin", "BiakaPygmy", "BiakaPygmy", "BiakaPygmy", "BiakaPygmy", "Burusho", "Burusho", "Burusho", "Burusho", "Cambodian", "Cambodian", "Cambodian", "Cambodian", "Colombian", "Colombian", "Colombian", "Colombian", "Daur", "Daur", "Daur", "Daur", "Daur", "Kalash", "Kalash", "Kalash", "Kalash", "Lahu", "Lahu", "Lahu", "Mandenka", "Maya", "MbutiPygmy", "MbutiPygmy", "Melanesian", "Melanesian", "Mongola", "Mongola", "Mozabite", "Mozabite", "Palestinian", "Papuan", "Pima", "Russian", "Uygur"],
  "targets": ["Balochi", "BantuSouthAfrica", "Bedouin", "Druze", "Uygur", "Burusho", "Druze", "Lahu", "Palestinian", "BantuSouthAfrica", "BiakaPygmy", "Mandenka", "Mozabite", "Yoruba", "BiakaPygmy", "Mandenka", "MbutiPygmy", "Melanesian", "Yoruba", "Druze", "Papuan", "Russian", "Yi", "Druze", "Mozabite", "Palestinian", "Yakut", "Mandenka", "MbutiPygmy", "San", "Yoruba", "Cambodian", "Colombian", "Melanesian", "Uygur", "Daur", "Lahu", "Yakut", "Yi", "Maya", "Papuan", "Pima", "Yi", "Melanesian", "Mongola", "San", "Yakut", "Yi", "Melanesian", "Mongola", "Papuan", "Russian", "Melanesian", "San", "Yi", "Yoruba", "Pima", "San", "Yoruba", "Papuan", "Uygur", "Yakut", "Yi", "Palestinian", "Russian", "Uygur", "San", "Russian", "Uygur", "Yakut"],
  "weights": [2.106, 5.4572, 2.018, 2.0731, 2.6248, 3.4699, 1.9547, 3.8775, 2.2506, 3.5044, 4.0356, 2.8335, 3.8221, 3.2671, 3.5327, 3.3829, 5.2735, 5.7819, 3.3103, 2.6022, 4.0892, 3.0329, 4.2664, 1.7309, 1.9929, 1.8469, 3.9325, 3.5506, 4.8865, 5.585, 3.5759, 4.5952, 4.3333, 5.2338, 3.7437, 2.8929, 2.965, 2.9123, 2.92, 3.0519, 4.2666, 3.3918, 4.6583, 4.7548, 2.7701, 5.8189, 2.7484, 2.9991, 3.7195, 4.091, 4.024, 2.4184, 4.514, 5.9913, 3.1205, 2.8249, 2.7646, 6.0592, 4.6519, 2.5443, 3.5492, 2.6054, 2.9026, 2.1744, 2.8532, 2.4959, 6.5938, 3.3946, 3.4484, 3.0161],
  "loci": ["rs4580409", "rs6548165", "rs11675522", "rs2887312", "rs1026326", "rs6730025", "rs11693415", "rs12618690", "rs13021132", "rs10495516", "rs10495515", "rs4854131", "rs10208086", "rs4402798", "rs17682", "rs2305491", "rs4241310", "rs7584823", "rs7595382", "rs2602764", "rs2694089", "rs1869417", "rs2694093", "rs13393791", "rs1869415", "rs2694084", "rs2255728", "rs17263568", "rs17329506", "rs4854164", "rs12618667", "rs4546035", "rs7606684", "rs12621987", "rs4854135", "rs4854150", "rs6548153", "rs11902010", "rs7570426", "rs7573861"]
}
