{
  "id": "EdgeSet004",
  "sources": ["Adygei", "Adygei", "Adygei", "Adygei", "Adygei", "Balochi", "Balochi", "Balochi", "Balochi", "Balochi", "Balochi", "BantuKenya", "BantuKenya", "BantuKenya", "BantuKenya", "BantuSouthAfrica", "BantuSouthAfrica", "BantuSouthAfrica", "BantuSouthAfrica", "Basque", "Basque", "Basque", "Basque", "Basque", "Basque", "Bedouin", "Bedouin", "Bedouin", "Bedouin", "Bedouin", "BiakaPygmy", "BiakaPygmy", "BiakaPygmy", "BiakaPygmy", "Burusho", "Burusho", "Burusho", "Cambodian", "Cambodian", "Cambodian", "Cambodian", "Colombian", "Colombian", "Colombian", "Colombian", "Daur", "Daur", "Daur", "Daur", "Daur", "Daur", "Druze", "Druze", "Druze", "Kalash", "Lahu", "Lahu", "Lahu", "Mandenka", "Mandenka", "Mandenka", "Maya", "Maya", "Maya", "MbutiPygmy", "Melanesian", "Melanesian", "Melanesian", "Mongola", "Mongola", "Mozabite", "Mozabite", "Mozabite", "Palestinian", "Papuan", "Papuan", "Pima", "Pima", "Russian", "Russian", "Uygur"],
  "targets": ["Balochi", "Bedouin", "Burusho", "Druze", "Russian", "Basque", "Bedouin", "Burusho", "Druze", "Russian", "Uygur", "BantuSouthAfrica", "Mandenka", "San", "Yoruba", "BiakaPygmy", "MbutiPygmy", "San", "Yoruba", "Burusho", "Kalash", "MbutiPygmy", "Melanesian", "Mongola", "Russian", "Druze", "Kalash", "Mozabite", "Palestinian", "Russian", "Cambodian", "MbutiPygmy", "San", "Yoruba", "Kalash", "Papuan", "Pima", "Lahu", "MbutiPygmy", "Uygur", "Yi", "Maya", "Melanesian", "Mongola", "Yi", "Kalash", "Lahu", "Melanesian", "Mongola", "Yakut", "Yi", "Mozabite", "Palestinian", "Russian", "Yakut", "Melanesian", "Mongola", "Yi", "MbutiPygmy", "Mozabite", "Yoruba", "Papuan", "Pima", "Yi", "San", "Mozabite", "Papuan", "Yakut", "Papuan", "Uygur", "Palestinian", "San", "Yoruba", "Papuan", "Russian", "Uygur", "Uygur", "Yakut", "Uygur", "Yakut", "Yi"],
  "weights": [2.2738, 2.185, 2.9326, 1.9865, 1.91, 2.7523, 2.3654, 3.1263, 2.0944, 2.2799, 2.4538, 3.7312, 4.0415, 5.5667, 3.2754, 4.1877, 6.8488, 5.2238, 3.2456, 3.309, 2.8751, 8.2231, 4.4539, 3.5878, 2.8839, 1.41, 2.6604, 2.6985, 2.096, 2.9245, 5.2761, 6.8119, 6.0713, 3.7773, 2.8859, 4.7365, 4.1861, 2.9997, 7.8483, 3.3747, 3.4139, 5.8592, 5.354, 5.1123, 4.4876, 2.7716, 2.8821, 3.2933, 2.9185, 2.5058, 2.2175, 2.6153, 1.8546, 2.3268, 2.8444, 3.6589, 4.0198, 3.0454, 6.7258, 3.1348, 2.4892, 4.6914, 3.2859, 4.4376, 8.3851, 5.5531, 4.0047, 3.6496, 3.2243, 3.0939, 2.2655, 5.6601, 2.9313, 3.0414, 4.0983, 3.3334, 3.8961, 3.2046, 2.3528, 2.8933, 3.9011],
  "loci": ["rs2724861", "rs2724863", "rs2724913", "rs4854313", "rs2667215", "rs2685217", "rs4854316", "rs11891417", "rs11688315", "rs13395910", "rs2724929", "rs13006698", "rs2724855", "rs10865547", "rs1317448", "rs13414548", "rs4854319", "rs2974256", "rs2864822", "rs2685261", "rs17041996", "rs1317824", "rs2685244", "rs13411762", "rs2685246", "rs1320362", "rs2683968", "rs2685252", "rs1316288", "rs2724882", "rs6712649", "rs11686772", "rs4402801", "rs12714409", "rs17784455", "rs2867105", "rs12996547", "rs1316802", "rs4241319", "rs2867133"]
}
