{
  "id": "EdgeSet056",
  "sources": ["Adygei", "Adygei", "Adygei", "Adygei", "Adygei", "Balochi", "Balochi", "Balochi", "Balochi", "BantuKenya", "BantuKenya", "BantuKenya", "BantuKenya", "BantuSouthAfrica", "BantuSouthAfrica", "BantuSouthAfrica", "BantuSouthAfrica", "Basque", "Basque", "Basque", "Bedouin", "Bedouin", "Bedouin", "Bedouin", "BiakaPygmy", "BiakaPygmy", "BiakaPygmy", "Burusho", "Burusho", "Burusho", "Burusho", "Cambodian", "Cambodian", "Cambodian", "Cambodian", "Cambodian", "Cambodian", "Colombian", "Colombian", "Colombian", "Colombian", "Colombian", "Colombian", "Daur", "Daur", "Daur", "Daur", "Daur", "Daur", "Druze", "Kalash", "Kalash", "Kalash", "Lahu", "Lahu", "Mandenka", "Mandenka", "Mandenka", "Mandenka", "Maya", "Maya", "MbutiPygmy", "Melanesian", "Melanesian", "Melanesian", "Melanesian", "Melanesian", "Mozabite", "Palestinian", "Russian", "Uygur", "Yakut"],
  "targets": ["Balochi", "Basque", "Burusho", "Druze", "Russian", "Bedouin", "Kalash", "Palestinian", "Uygur", "BiakaPygmy", "Mandenka", "San", "Yoruba", "BiakaPygmy", "Mandenka", "MbutiPygmy", "Yoruba", "Druze", "Kalash", "Palestinian", "Druze", "Kalash", "Mozabite", "Palestinian", "MbutiPygmy", "San", "Yoruba", "Colombian", "Druze", "Maya", "Palestinian", "Daur", "Lahu", "Mongola", "Papuan", "San", "Yi", "Kalash", "Maya", "Mongola", "Pima", "Yi", "Yoruba", "Lahu", "Maya", "Mongola", "Uygur", "Yakut", "Yi", "Russian", "Melanesian", "Papuan", "Russian", "Mongola", "Yi", "Mozabite", "Papuan", "San", "Yoruba", "Pima", "Yakut", "San", "Mongola", "Papuan", "Pima", "San", "Yi", "Yoruba", "Russian", "Uygur", "Yakut", "Yi"],
  "weights": [1.8513, 2.257, 2.9761, 1.8047, 1.8735, 1.9898, 2.3413, 1.516, 2.2466, 3.8222, 2.7795, 5.902, 2.4454, 3.3707, 2.9712, 5.0577, 3.2516, 2.0156, 2.1539, 2.1533, 2.2191, 2.4023, 2.824, 1.792, 4.725, 5.7069, 3.7412, 4.5882, 2.7669, 3.4243, 2.9718, 2.8631, 2.5335, 2.7378, 4.9377, 7.3979, 2.9916, 4.2648, 3.5124, 5.4819, 4.3988, 4.9748, 6.3018, 2.2596, 2.8503, 2.6027, 2.771, 2.43, 2.5934, 1.7251, 4.0119, 4.8903, 2.2007, 2.2395, 2.8846, 3.0145, 5.6279, 7.397, 2.5945, 2.2061, 3.1555, 6.3797, 4.3538, 4.1943, 4.8107, 7.5995, 4.2562, 3.2265, 1.6283, 2.3281, 2.8713, 3.1265],
  "loci": ["rs4971498", "rs6747650", "rs12472003", "rs7585799", "rs11693786", "rs4296457", "rs6739269", "rs6548164", "rs10188054", "rs7592700", "rs6767", "rs6723101", "rs9750503", "rs9752321", "rs9309717", "rs12620727", "rs11680305", "rs6422708", "rs6422709", "rs10205909", "rs9287671", "rs11692942", "rs4552162", "rs13393547", "rs11690345", "rs6731394", "rs12613788", "rs12692403", "rs3943477", "rs12692422", "rs766144", "rs1154756", "rs986723", "rs731436", "rs13015498", "rs13403240", "rs1453774", "rs4668780", "rs963964", "rs6732278"]
}
