{
  "id": "EdgeSet074",
  "sources": ["Adygei", "Adygei", "Adygei", "Adygei", "Adygei", "Balochi", "Balochi", "Balochi", "Balochi", "BantuKenya", "BantuKenya", "BantuKenya", "BantuKenya", "BantuSouthAfrica", "BantuSouthAfrica", "BantuSouthAfrica", "Basque", "Basque", "Basque", "Basque", "Basque", "Bedouin", "Bedouin", "Bedouin", "Bedouin", "BiakaPygmy", "BiakaPygmy", "BiakaPygmy", "BiakaPygmy", "Burusho", "Burusho", "Burusho", "Cambodian", "Cambodian", "Cambodian", "Cambodian", "Colombian", "Colombian", "Colombian", "Colombian", "Colombian", "Daur", "Daur", "Daur", "Druze", "Druze", "Kalash", "Kalash", "Lahu", "Lahu", "Mandenka", "Mandenka", "Maya", "Maya", "Maya", "Maya", "MbutiPygmy", "MbutiPygmy", "Melanesian", "Melanesian", "Mongola", "Mongola", "Mongola", "Mozabite", "Palestinian", "Papuan", "Pima", "Pima", "Russian", "San", "Uygur"],
  "targets": ["Balochi", "Kalash", "Mozabite", "Palestinian", "Russian", "Bedouin", "Cambodian", "Palestinian", "Uygur", "BantuSouthAfrica", "Mandenka", "MbutiPygmy", "San", "BiakaPygmy", "Mandenka", "San", "Bedouin", "Burusho", "Mozabite", "Russian", "Yakut", "Burusho", "Druze", "Mozabite", "Palestinian", "Mandenka", "MbutiPygmy", "San", "Yoruba", "Druze", "Papuan", "Uygur", "Daur", "Lahu", "Melanesian", "Mongola", "Daur", "Mongola", "Pima", "Uygur", "Yakut", "Lahu", "Yakut", "Yi", "Palestinian", "Russian", "Mongola", "Yakut", "Melanesian", "San", "MbutiPygmy", "Yoruba", "Papuan", "Pima", "Uygur", "Yakut", "San", "Yoruba", "Papuan", "Pima", "Pima", "Yakut", "Yi", "Palestinian", "Russian", "Pima", "Uygur", "Yi", "Yakut", "Yoruba", "Yi"],
  "weights": [2.6242, 2.3824, 2.3996, 2.2428, 2.2267, 2.3357, 3.8882, 2.1889, 2.6598, 4.9419, 3.2675, 4.3715, 5.7069, 5.9787, 4.3997, 6.349, 2.1397, 2.3726, 2.1146, 2.0691, 2.8875, 3.3233, 2.0353, 1.634, 1.4284, 4.3414, 4.6003, 5.6451, 4.6078, 2.7953, 3.679, 2.916, 2.7394, 2.8016, 3.4294, 3.5054, 3.8187, 2.6293, 3.9326, 4.0805, 3.1368, 3.2697, 2.9662, 2.3393, 1.9772, 2.299, 3.5156, 2.7641, 4.6487, 8.8228, 4.0382, 2.5187, 3.0526, 2.314, 3.6049, 3.1101, 5.4398, 4.459, 3.1392, 3.9556, 2.9348, 2.5009, 3.208, 1.263, 2.7586, 2.7257, 4.3264, 3.223, 2.7927, 5.3187, 3.1674],
  "loci": ["rs6726264", "rs6740562", "rs4594412", "rs17380176", "rs13027881", "rs6734894", "rs7577180", "rs384180", "rs4669069", "rs12328412", "rs10190662", "rs306158", "rs3101047", "rs10495536", "rs306188", "rs16865170", "rs306138", "rs931007", "rs306169", "rs306136", "rs306196", "rs6717788", "rs306194", "rs10188894", "rs306182", "rs306181", "rs1462063", "rs16865276", "rs7576423", "rs6431805", "rs16865292", "rs12692317", "rs17381941", "rs13392122", "rs12465667", "rs3919811", "rs13018243", "rs17745881", "rs12612753", "rs10202324"]
}
