{
  "id": "EdgeSet068",
  "sources": ["Adygei", "Adygei", "Adygei", "Adygei", "Balochi", "Balochi", "Balochi", "Balochi", "Balochi", "Balochi", "Balochi", "BantuKenya", "BantuKenya", "BantuKenya", "BantuKenya", "BantuSouthAfrica", "BantuSouthAfrica", "BantuSouthAfrica", "BantuSouthAfrica", "BantuSouthAfrica", "Basque", "Basque", "Basque", "Basque", "Bedouin", "Bedouin", "Bedouin", "Bedouin", "BiakaPygmy", "BiakaPygmy", "BiakaPygmy", "Burusho", "Burusho", "Cambodian", "Cambodian", "Cambodian", "Cambodian", "Colombian", "Daur", "Daur", "Daur", "Daur", "Druze", "Druze", "Kalash", "Kalash", "Kalash", "Lahu", "Lahu", "Mandenka", "Maya", "Maya", "Maya", "MbutiPygmy", "MbutiPygmy", "Melanesian", "Melanesian", "Melanesian", "Mongola", "Mongola", "Mongola", "Mongola", "Mozabite", "Palestinian", "Palestinian", "Papuan", "Papuan", "Papuan", "Uygur"],
  "targets": ["Balochi", "Burusho", "Druze", "Palestinian", "Basque", "Bedouin", "Druze", "Melanesian", "Palestinian", "Papuan", "Uygur", "BiakaPygmy", "Burusho", "Mandenka", "Yoruba", "BiakaPygmy", "Colombian", "Mandenka", "MbutiPygmy", "Yoruba", "Bedouin", "Burusho", "Druze", "Russian", "Druze", "Mozabite", "Russian", "Uygur", "Mozabite", "San", "Yoruba", "Colombian", "Pima", "Daur", "Lahu", "Mongola", "Yi", "Maya", "Lahu", "Melanesian", "Pima", "Yakut", "Mozabite", "Palestinian", "Lahu", "Mozabite", "Yakut", "Mandenka", "Yakut", "Yoruba", "Melanesian", "Pima", "Yakut", "San", "Yoruba", "Mongola", "Papuan", "Pima", "Mozabite", "Russian", "Uygur", "Yi", "Palestinian", "Pima", "Russian", "Pima", "Uygur", "Yakut", "Yakut"],
  "weights": [1.9755, 2.6901, 2.0928, 1.789, 2.1647, 1.6893, 1.9327, 3.589, 1.945, 2.9064, 2.7789, 4.6129, 6.3342, 3.5538, 3.0065, 4.9219, 7.3519, 5.368, 4.4395, 4.315, 2.0828, 2.6764, 2.2071, 1.9531, 1.6598, 2.3371, 1.9927, 2.6875, 4.845, 5.3389, 3.4644, 4.2422, 3.2649, 2.9332, 4.1959, 2.4507, 1.853, 3.0924, 3.6804, 2.9492, 2.9587, 1.8969, 2.5194, 1.9016, 3.7282, 3.9001, 3.1589, 5.9076, 3.7534, 2.7191, 3.4764, 2.9342, 3.7686, 6.4307, 4.7403, 4.5092, 2.6595, 3.0981, 3.3355, 2.9191, 3.1114, 2.8055, 2.3419, 3.8523, 1.9336, 3.1393, 2.7796, 2.5296, 2.3442],
  "loci": ["rs12469824", "rs4485544", "rs4312456", "rs4669966", "rs4349325", "rs7564203", "rs10495530", "rs10495532", "rs13432692", "rs10445719", "rs11674680", "rs11893368", "rs11691189", "rs12053485", "rs1880800", "rs2709437", "rs2609086", "rs941009", "rs4670020", "rs2693833", "rs12467472", "rs2693828", "rs12997510", "rs2693822", "rs7571496", "rs12614070", "rs2257197", "rs2609104", "rs6718476", "rs1949914", "rs2693818", "rs4668443", "rs11889413", "rs2693867", "rs1818962", "rs2693865", "rs12478602", "rs12151753", "rs1880803", "rs2609174"]
}
