{
  "id": "EdgeSet044",
  "sources": ["Adygei", "Adygei", "Adygei", "Balochi", "Balochi", "Balochi", "Balochi", "BantuKenya", "BantuKenya", "BantuKenya", "BantuKenya", "BantuSouthAfrica", "BantuSouthAfrica", "BantuSouthAfrica", "BantuSouthAfrica", "BantuSouthAfrica", "Basque", "Basque", "Basque", "Basque", "Bedouin", "Bedouin", "Bedouin", "Bedouin", "Bedouin", "BiakaPygmy", "BiakaPygmy", "BiakaPygmy", "Burusho", "Burusho", "Burusho", "Cambodian", "Cambodian", "Cambodian", "Cambodian", "Colombian", "Colombian", "Daur", "Daur", "Daur", "Daur", "Druze", "Druze", "Kalash", "Kalash", "Lahu", "Lahu", "Lahu", "Mandenka", "Mandenka", "Mandenka", "Maya", "MbutiPygmy", "MbutiPygmy", "Melanesian", "Melanesian", "Melanesian", "Melanesian", "Mongola", "Mongola", "Mongola", "Mozabite", "Palestinian", "Papuan", "Papuan", "Uygur"],
  "targets": ["Druze", "Mozabite", "Palestinian", "Basque", "Burusho", "Palestinian", "Russian", "Bedouin", "BiakaPygmy", "MbutiPygmy", "San", "BiakaPygmy", "Mandenka", "MbutiPygmy", "San", "Yoruba", "Burusho", "Kalash", "Palestinian", "Russian", "Cambodian", "Druze", "Palestinian", "Pima", "Russian", "Mandenka", "San", "Yoruba", "Druze", "Kalash", "Yi", "Lahu", "Mandenka", "Mongola", "Yi", "Maya", "Pima", "Lahu", "Melanesian", "Yakut", "Yi", "Mozabite", "Russian", "Maya", "Pima", "Mongola", "Papuan", "Yi", "MbutiPygmy", "Mozabite", "Yoruba", "Pima", "Mozabite", "San", "Papuan", "San", "Uygur", "Yi", "Papuan", "Yakut", "Yi", "Yoruba", "Russian", "San", "Yakut", "Yakut"],
  "weights": [1.5338, 2.5863, 1.8029, 3.2295, 3.4181, 2.0884, 2.0333, 4.2001, 3.7864, 5.1257, 5.9055, 3.9247, 3.8199, 5.5745, 5.4532, 3.49, 3.3573, 3.5465, 2.2553, 2.6063, 3.0872, 1.749, 1.8121, 3.2057, 1.9586, 3.8934, 6.2736, 3.3945, 4.1723, 4.3584, 4.5133, 2.3678, 5.4182, 3.1362, 2.3338, 2.3709, 3.2902, 2.739, 3.3092, 3.3232, 2.8289, 2.462, 1.5993, 3.611, 3.2665, 2.7974, 5.5568, 2.3519, 4.9977, 4.3723, 3.0023, 3.4485, 5.7392, 7.4123, 5.5416, 8.2069, 4.1559, 3.0604, 5.2376, 3.6726, 3.0246, 3.8106, 1.8975, 9.201, 5.4972, 3.6333],
  "loci": ["rs6542697", "rs2030264", "rs6716364", "rs11123636", "rs7586198", "rs6760082", "rs7589994", "rs13390011", "rs17019005", "rs4585039", "rs6542703", "rs12053357", "rs6754794", "rs6542704", "rs12465466", "rs2314698", "rs6542705", "rs6542706", "rs4131040", "rs12712001", "rs1377583", "rs637295", "rs619773", "rs10165034", "rs2602629", "rs2677912", "rs587913", "rs1453593", "rs631806", "rs998331", "rs17019119", "rs607240", "rs11895724", "rs651418", "rs598765", "rs606243", "rs589804", "rs648196", "rs1563121", "rs616251"]
}
