{
  "id": "EdgeSet055",
  "sources": ["Adygei", "Adygei", "Adygei", "Adygei", "Adygei", "Adygei", "Balochi", "Balochi", "Balochi", "Balochi", "Balochi", "Balochi", "BantuKenya", "BantuKenya", "BantuKenya", "BantuKenya", "BantuKenya", "BantuKenya", "BantuSouthAfrica", "BantuSouthAfrica", "BantuSouthAfrica", "Basque", "Basque", "Basque", "Basque", "Basque", "Basque", "Bedouin", "Bedouin", "BiakaPygmy", "BiakaPygmy", "BiakaPygmy", "Burusho", "Burusho", "Burusho", "Cambodian", "Cambodian", "Cambodian", "Cambodian", "Cambodian", "Cambodian", "Colombian", "Colombian", "Colombian", "Colombian", "Colombian", "Colombian", "Daur", "Daur", "Daur", "Daur", "Druze", "Druze", "Kalash", "Kalash", "Kalash", "Lahu", "Lahu", "Lahu", "Mandenka", "Mandenka", "Mandenka", "Mandenka", "Maya", "Maya", "Maya", "MbutiPygmy", "MbutiPygmy", "MbutiPygmy", "Melanesian", "Melanesian", "Mongola", "Mongola", "Mongola", "Mozabite", "Mozabite", "Mozabite", "Palestinian", "Palestinian", "Papuan", "San"],
  "targets": ["BantuSouthAfrica", "Bedouin", "Burusho", "Maya", "Palestinian", "Russian", "Bedouin", "Burusho", "Druze", "Maya", "Palestinian", "Uygur", "BantuSouthAfrica", "BiakaPygmy", "Mandenka", "San", "Yi", "Yoruba", "BiakaPygmy", "Mandenka", "Yoruba", "Druze", "Kalash", "Lahu", "Maya", "Russian", "Uygur", "Druze", "Palestinian", "MbutiPygmy", "San", "Yoruba", "Cambodian", "Druze", "Mongola", "Colombian", "Daur", "Lahu", "Mandenka", "Melanesian", "Yi", "Kalash", "Maya", "Pima", "Uygur", "Yakut", "Yi", "Maya", "Mongola", "Yakut", "Yi", "Palestinian", "Russian", "Melanesian", "Mozabite", "Russian", "Mongola", "San", "Yi", "MbutiPygmy", "Mozabite", "Pima", "Yoruba", "Pima", "Yakut", "Yi", "Russian", "San", "Yoruba", "Mongola", "Papuan", "San", "Uygur", "Yakut", "Palestinian", "Russian", "Yoruba", "Russian", "Uygur", "Yakut", "Yakut"],
  "weights": [5.5608, 2.2314, 2.5414, 4.019, 1.5286, 2.0751, 2.1684, 2.1327, 1.9009, 2.7801, 1.895, 2.3818, 4.289, 3.8425, 3.4807, 6.5639, 4.5308, 2.6316, 4.5517, 4.4293, 3.725, 1.9009, 2.5157, 5.3917, 3.5154, 2.1565, 2.8526, 1.716, 1.7929, 5.3594, 6.7638, 3.0888, 3.4883, 2.1104, 4.8278, 4.5395, 2.8816, 2.9514, 3.8288, 3.7661, 2.7432, 4.2903, 3.3276, 4.1503, 3.3041, 3.108, 2.9577, 2.7305, 2.5487, 2.0067, 2.2185, 1.5009, 1.9087, 3.6091, 2.7434, 2.3218, 3.4475, 7.6511, 2.3866, 6.0998, 3.3869, 4.8482, 2.5597, 2.6702, 2.5936, 3.5148, 7.3636, 8.5185, 5.5433, 4.3631, 2.3583, 8.0103, 2.9758, 2.6731, 2.1965, 2.4352, 3.2153, 1.7278, 2.3308, 4.057, 8.5723],
  "loci": ["rs1111657", "rs11885038", "rs11688647", "rs13421307", "rs7570358", "rs2324584", "rs4854179", "rs4854182", "rs12464175", "rs13022433", "rs6548154", "rs7601188", "rs4971504", "rs6738313", "rs4627605", "rs6739163", "rs10165836", "rs12989971", "rs7575853", "rs7595325", "rs4971498", "rs6747650", "rs12472003", "rs7585799", "rs11693786", "rs4296457", "rs6739269", "rs6548164", "rs10188054", "rs7592700", "rs6767", "rs6723101", "rs9750503", "rs9752321", "rs9309717", "rs12620727", "rs11680305", "rs6422708", "rs6422709", "rs10205909"]
}
