{
  "id": "EdgeSet032",
  "sources": ["Adygei", "Adygei", "Adygei", "Adygei", "Balochi", "Balochi", "Balochi", "Balochi", "Balochi", "Balochi", "BantuKenya", "BantuKenya", "BantuKenya", "BantuKenya", "BantuSouthAfrica", "BantuSouthAfrica", "BantuSouthAfrica", "BantuSouthAfrica", "BantuSouthAfrica", "BantuSouthAfrica", "BantuSouthAfrica", "Basque", "Basque", "Basque", "Basque", "Basque", "Bedouin", "Bedouin", "Bedouin", "BiakaPygmy", "BiakaPygmy", "BiakaPygmy", "Burusho", "Burusho", "Burusho", "Cambodian", "Cambodian", "Cambodian", "Cambodian", "Cambodian", "Cambodian", "Colombian", "Colombian", "Colombian", "Colombian", "Colombian", "Colombian", "Daur", "Daur", "Daur", "Druze", "Druze", "Druze", "Druze", "Kalash", "Kalash", "Kalash", "Lahu", "Lahu", "Mandenka", "Mandenka", "Maya", "Maya", "Maya", "Maya", "MbutiPygmy", "Melanesian", "Melanesian", "Mongola", "Mongola", "Mozabite", "Papuan", "Pima", "Russian", "San", "Uygur"],
  "targets": ["Balochi", "Druze", "Palestinian", "Russian", "Basque", "Bedouin", "Burusho", "Druze", "Maya", "Palestinian", "BantuSouthAfrica", "Mandenka", "Mozabite", "Yoruba", "BiakaPygmy", "Colombian", "Lahu", "Mandenka", "MbutiPygmy", "Uygur", "Yoruba", "Bedouin", "Burusho", "Druze", "Palestinian", "Russian", "Kalash", "Mozabite", "Russian", "MbutiPygmy", "San", "Yoruba", "Druze", "Melanesian", "Yakut", "Lahu", "Maya", "Melanesian", "Mongola", "Yakut", "Yi", "Daur", "Lahu", "Mandenka", "Maya", "Yakut", "Yi", "Kalash", "Mongola", "Yi", "Kalash", "Palestinian", "Russian", "Uygur", "Lahu", "Papuan", "Uygur", "Uygur", "Yakut", "San", "Yoruba", "Melanesian", "Papuan", "Pima", "San", "San", "Papuan", "Yakut", "Uygur", "Yi", "Palestinian", "Yakut", "Yakut", "Uygur", "Yoruba", "Yakut"],
  "weights": [2.608, 2.2414, 2.0133, 2.0211, 2.4292, 2.2609, 2.5876, 1.7489, 4.6204, 2.8618, 4.0578, 3.454, 4.2332, 3.2975, 5.1255, 6.0092, 5.9064, 3.9466, 6.7639, 6.3108, 3.6527, 2.1275, 2.8983, 2.1029, 2.5107, 2.2176, 2.8771, 2.1175, 1.8406, 4.5086, 5.9191, 4.8819, 2.3437, 3.8005, 2.694, 3.6265, 4.175, 4.0156, 3.0812, 3.8095, 2.9741, 3.84, 4.172, 5.044, 3.5556, 3.0709, 4.1825, 4.2061, 2.4045, 2.878, 2.6687, 2.1014, 1.8278, 2.3987, 3.8835, 4.9257, 2.7916, 3.3861, 3.2353, 5.2644, 3.4598, 4.2144, 4.369, 2.8823, 6.5777, 6.5163, 1.7887, 3.1959, 3.4454, 2.509, 1.9017, 3.415, 2.2507, 2.2683, 5.385, 2.7462],
  "loci": ["rs11686670", "rs10200599", "rs11689358", "rs935630", "rs823237", "rs10189124", "rs13403149", "rs13401708", "rs749788", "rs823241", "rs823243", "rs823246", "rs12988342", "rs823177", "rs4853857", "rs876300", "rs1656324", "rs13404653", "rs7601893", "rs1656325", "rs1656327", "rs7598986", "rs823190", "rs13014742", "rs10211532", "rs17040523", "rs4853851", "rs17486311", "rs12618922", "rs866613", "rs2385427", "rs1729917", "rs1965200", "rs1667045", "rs6730972", "rs1729888", "rs1667066", "rs4853954", "rs2385432", "rs1667060"]
}
