{
  "id": "EdgeSet080",
  "sources": ["Adygei", "Adygei", "Adygei", "Adygei", "Adygei", "Adygei", "Adygei", "Balochi", "Balochi", "Balochi", "Balochi", "Balochi", "Balochi", "Balochi", "BantuKenya", "BantuKenya", "BantuKenya", "BantuKenya", "BantuKenya", "BantuKenya", "BantuSouthAfrica", "BantuSouthAfrica", "BantuSouthAfrica", "BantuSouthAfrica", "Basque", "Basque", "Basque", "Basque", "Bedouin", "Bedouin", "Bedouin", "Bedouin", "BiakaPygmy", "BiakaPygmy", "BiakaPygmy", "BiakaPygmy", "Burusho", "Burusho", "Burusho", "Burusho", "Cambodian", "Cambodian", "Cambodian", "Cambodian", "Colombian", "Colombian", "Colombian", "Colombian", "Colombian", "Colombian", "Daur", "Daur", "Daur", "Daur", "Daur", "Druze", "Druze", "Kalash", "Kalash", "Kalash", "Lahu", "Mandenka", "Mandenka", "Maya", "Maya", "MbutiPygmy", "Melanesian", "Mongola", "Mongola", "Mongola", "Mongola", "Mozabite", "Palestinian", "Papuan", "San", "Uygur"],
  "targets": ["Balochi", "Basque", "Bedouin", "Burusho", "Druze", "Kalash", "Palestinian", "Bedouin", "Burusho", "Druze", "Kalash", "Mozabite", "Pima", "Uygur", "BantuSouthAfrica", "BiakaPygmy", "Colombian", "San", "Yi", "Yoruba", "BiakaPygmy", "Mandenka", "San", "Yoruba", "Druze", "Maya", "Russian", "Yakut", "Druze", "Mozabite", "Palestinian", "Uygur", "Kalash", "MbutiPygmy", "San", "Yoruba", "Kalash", "Lahu", "Russian", "Yi", "Daur", "Lahu", "Yakut", "Yi", "Daur", "Maya", "Mongola", "Pima", "Russian", "Yakut", "Lahu", "MbutiPygmy", "Mongola", "Pima", "Uygur", "Palestinian", "Russian", "Melanesian", "Mozabite", "Palestinian", "Yi", "Mozabite", "Yoruba", "Melanesian", "Pima", "San", "Papuan", "Russian", "Uygur", "Yakut", "Yi", "Yakut", "Russian", "Yi", "Yoruba", "Yi"],
  "weights": [2.4327, 2.1667, 1.8425, 2.9583, 2.1966, 3.938, 1.8441, 2.1996, 4.0516, 2.5336, 4.2541, 2.7598, 3.7786, 3.1149, 4.7225, 4.4333, 6.5994, 6.6929, 5.4466, 3.5387, 4.5342, 4.0006, 6.3091, 3.5046, 2.6441, 4.7807, 3.2838, 3.88, 2.0696, 2.111, 1.5843, 2.6631, 6.7331, 4.0569, 5.8047, 3.7038, 4.549, 3.7967, 3.1949, 4.1044, 2.4242, 2.3276, 3.1842, 3.1782, 4.4818, 5.1162, 5.0732, 3.7735, 5.1907, 4.4656, 3.2263, 7.2379, 3.1411, 3.6768, 2.6387, 2.1585, 2.8715, 7.617, 5.1485, 4.0307, 3.472, 3.6773, 2.9572, 6.0504, 2.6834, 5.9817, 3.9313, 5.0052, 2.6952, 2.9203, 2.9603, 3.2799, 2.6811, 4.9934, 5.4292, 2.9846],
  "loci": ["rs771171", "rs7575062", "rs2712032", "rs17657777", "rs6758745", "rs2197829", "rs2595167", "rs10495545", "rs2712029", "rs4669111", "rs2305258", "rs16865717", "rs3796115", "rs4669114", "rs6431837", "rs4668516", "rs10171510", "rs1013864", "rs3806609", "rs1375337", "rs771274", "rs771283", "rs11694597", "rs720388", "rs771296", "rs12692328", "rs771300", "rs771302", "rs11679160", "rs771306", "rs732170", "rs771311", "rs3772022", "rs716896", "rs10192053", "rs771313", "rs3772019", "rs771320", "rs3821336", "rs771323"]
}
