{
  "id": "EdgeSet072",
  "sources": ["Adygei", "Adygei", "Adygei", "Adygei", "Adygei", "Adygei", "Adygei", "Adygei", "Adygei", "Adygei", "Balochi", "Balochi", "Balochi", "Balochi", "BantuKenya", "BantuKenya", "BantuKenya", "BantuKenya", "BantuKenya", "BantuSouthAfrica", "BantuSouthAfrica", "BantuSouthAfrica", "Basque", "Basque", "Basque", "Bedouin", "Bedouin", "Bedouin", "Bedouin", "Bedouin", "Bedouin", "BiakaPygmy", "BiakaPygmy", "BiakaPygmy", "Burusho", "Burusho", "Burusho", "Burusho", "Burusho", "Burusho", "Cambodian", "Cambodian", "Cambodian", "Cambodian", "Cambodian", "Cambodian", "Colombian", "Colombian", "Colombian", "Colombian", "Daur", "Daur", "Daur", "Daur", "Druze", "Druze", "Druze", "Kalash", "Lahu", "Lahu", "Lahu", "Mandenka", "Mandenka", "Mandenka", "Maya", "Maya", "MbutiPygmy", "MbutiPygmy", "Melanesian", "Mongola", "Mongola", "Mozabite", "Palestinian", "Palestinian", "Palestinian", "Papuan", "Pima", "Pima", "Pima", "Uygur"],
  "targets": ["Balochi", "Bedouin", "Cambodian", "Colombian", "Druze", "Kalash", "Mozabite", "Palestinian", "Papuan", "Russian", "Druze", "Kalash", "Melanesian", "Palestinian", "BantuSouthAfrica", "BiakaPygmy", "Mandenka", "MbutiPygmy", "Yoruba", "Mandenka", "MbutiPygmy", "Yoruba", "Kalash", "Papuan", "San", "Burusho", "Melanesian", "Mozabite", "Palestinian", "Pima", "Russian", "MbutiPygmy", "San", "Yoruba", "Kalash", "Lahu", "Melanesian", "Mozabite", "Pima", "Uygur", "Lahu", "Maya", "Papuan", "Pima", "Uygur", "Yi", "Maya", "Mongola", "Pima", "Yakut", "Mongola", "Pima", "Uygur", "Yi", "Melanesian", "Mozabite", "Russian", "Mongola", "Melanesian", "Palestinian", "Papuan", "MbutiPygmy", "Mozabite", "Yoruba", "Palestinian", "Yi", "San", "Yoruba", "Papuan", "Uygur", "Yakut", "Palestinian", "Papuan", "Russian", "Yi", "Russian", "Uygur", "Yakut", "Yi", "Yi"],
  "weights": [2.2082, 1.5541, 2.2542, 3.0239, 1.7336, 3.4934, 1.8477, 1.7014, 2.3126, 1.5943, 1.9656, 3.2335, 2.8706, 2.4718, 4.3067, 5.2114, 3.3211, 4.6206, 3.2524, 3.3109, 4.8954, 3.8527, 4.1802, 3.4354, 6.5089, 2.3559, 2.5252, 1.5043, 1.5703, 3.9552, 1.7384, 5.9054, 5.9456, 4.5682, 2.8918, 3.148, 3.7992, 2.6629, 3.5086, 3.8634, 2.2024, 1.9367, 2.4792, 2.5802, 2.5273, 2.2583, 3.2624, 3.1741, 3.6264, 2.4809, 2.2609, 3.042, 2.1517, 2.1615, 2.2021, 2.0904, 1.9439, 3.9003, 2.8614, 2.9557, 2.8382, 4.3884, 3.5612, 3.3633, 2.7678, 2.447, 5.9871, 4.4658, 2.5328, 2.4239, 1.9626, 1.901, 2.4599, 1.812, 3.1767, 2.8281, 3.178, 2.9405, 2.9949, 2.5128],
  "loci": ["rs10519722", "rs13397302", "rs1562617", "rs1448575", "rs11685714", "rs17377415", "rs6431784", "rs2351100", "rs4538171", "rs1020457", "rs12991814", "rs12623864", "rs12329052", "rs12692313", "rs895843", "rs4337447", "rs751394", "rs1816975", "rs1562622", "rs1562621", "rs7591996", "rs6751561", "rs4669060", "rs13403411", "rs16865056", "rs726342", "rs6712182", "rs9287675", "rs16865072", "rs716604", "rs1037943", "rs6739653", "rs10208273", "rs6431800", "rs1564032", "rs16865111", "rs6713599", "rs7577880", "rs1462060", "rs6723180"]
}
