{
  "id": "EdgeSet092",
  "sources": ["Adygei", "Adygei", "Adygei", "Balochi", "Balochi", "Balochi", "Balochi", "Balochi", "Balochi", "BantuKenya", "BantuKenya", "BantuKenya", "BantuKenya", "BantuSouthAfrica", "BantuSouthAfrica", "BantuSouthAfrica", "BantuSouthAfrica", "Basque", "Basque", "Basque", "Basque", "Bedouin", "Bedouin", "Bedouin", "Bedouin", "BiakaPygmy", "BiakaPygmy", "BiakaPygmy", "Burusho", "Cambodian", "Cambodian", "Cambodian", "Cambodian", "Colombian", "Colombian", "Colombian", "Colombian", "Daur", "Daur", "Daur", "Druze", "Druze", "Druze", "Druze", "Druze", "Kalash", "Lahu", "Lahu", "Mandenka", "Mandenka", "Mandenka", "Maya", "MbutiPygmy", "MbutiPygmy", "Melanesian", "Melanesian", "Melanesian", "Melanesian", "Mongola", "Mongola", "Mongola", "Mozabite", "San", "Yakut"],
  "targets": ["Balochi", "Bedouin", "Russian", "Bedouin", "Burusho", "Kalash", "Mongola", "Mozabite", "Russian", "BantuSouthAfrica", "Mandenka", "MbutiPygmy", "Yoruba", "BiakaPygmy", "Mandenka", "San", "Yoruba", "Burusho", "Palestinian", "Russian", "Yakut", "Druze", "Mozabite", "Palestinian", "Russian", "MbutiPygmy", "San", "Yoruba", "Pima", "Colombian", "Lahu", "Pima", "Yakut", "Maya", "Pima", "San", "Uygur", "Mongola", "Yakut", "Yi", "Mongola", "Mozabite", "Palestinian", "Papuan", "Uygur", "Uygur", "Melanesian", "Yi", "MbutiPygmy", "Palestinian", "Yoruba", "Pima", "Mongola", "San", "Mongola", "Papuan", "Russian", "Uygur", "Mozabite", "Yakut", "Yi", "Palestinian", "Yoruba", "Yi"],
  "weights": [1.7143, 1.7639, 2.1325, 1.9921, 2.7202, 3.3151, 2.7293, 2.3028, 2.1726, 4.3335, 3.5716, 4.8609, 3.5211, 4.8544, 3.3505, 6.7269, 3.8582, 2.6318, 2.2434, 2.0295, 4.6129, 1.3966, 1.8148, 1.6692, 2.013, 3.6507, 7.007, 3.9237, 5.2419, 5.8065, 3.9286, 6.0228, 4.8445, 4.2881, 5.4214, 11.2314, 5.2507, 2.6597, 3.1475, 1.9731, 2.8549, 1.9507, 1.8677, 4.8058, 2.4573, 2.7222, 4.2012, 4.0013, 5.1879, 4.7429, 3.071, 2.6798, 7.5639, 8.0143, 3.737, 3.3611, 3.7642, 3.3156, 2.6734, 3.768, 2.7135, 1.8451, 7.2174, 3.4937],
  "loci": ["rs10490217", "rs968763", "rs7564066", "rs4668556", "rs11691520", "rs1861506", "rs11900166", "rs4669226", "rs1019325", "rs6431909", "rs10187145", "rs2287135", "rs11894196", "rs6734660", "rs41009", "rs40996", "rs12468105", "rs12468177", "rs13385463", "rs6753101", "rs193930", "rs41002", "rs10469612", "rs2111074", "rs1423712", "rs11684414", "rs4669234", "rs4669238", "rs6431916", "rs1364058", "rs7602105", "rs16866569", "rs6728934", "rs6757233", "rs7608354", "rs11891532", "rs10929510", "rs1423711", "rs4669239", "rs6747840"]
}
