{
  "id": "EdgeSet093",
  "sources": ["Adygei", "Adygei", "Adygei", "Adygei", "Adygei", "Balochi", "Balochi", "Balochi", "BantuKenya", "BantuKenya", "BantuKenya", "BantuKenya", "BantuKenya", "BantuSouthAfrica", "BantuSouthAfrica", "BantuSouthAfrica", "Basque", "Basque", "Basque", "Basque", "Bedouin", "Bedouin", "Bedouin", "Bedouin", "BiakaPygmy", "BiakaPygmy", "BiakaPygmy", "BiakaPygmy", "Burusho", "Burusho", "Burusho", "Cambodian", "Cambodian", "Cambodian", "Cambodian", "Cambodian", "Cambodian", "Colombian", "Colombian", "Colombian", "Colombian", "Daur", "Daur", "Daur", "Druze", "Druze", "Druze", "Kalash", "Kalash", "Kalash", "Kalash", "Mandenka", "Maya", "Maya", "MbutiPygmy", "MbutiPygmy", "Melanesian", "Melanesian", "Melanesian", "Mongola", "Mozabite", "Papuan", "Papuan", "Russian", "Uygur", "Yakut"],
  "targets": ["Balochi", "Bedouin", "Druze", "Kalash", "Russian", "Bedouin", "Burusho", "Russian", "Lahu", "Mandenka", "MbutiPygmy", "Mozabite", "Yoruba", "Mandenka", "San", "Yoruba", "Burusho", "Palestinian", "Russian", "Yakut", "Druze", "Mozabite", "Palestinian", "Russian", "Mandenka", "MbutiPygmy", "San", "Yoruba", "Kalash", "Lahu", "Papuan", "Colombian", "Daur", "Lahu", "Melanesian", "Papuan", "Yakut", "Maya", "Melanesian", "Papuan", "Pima", "Lahu", "Mongola", "Yakut", "Mozabite", "Palestinian", "Uygur", "Lahu", "Mongola", "Yakut", "Yi", "Yoruba", "Mongola", "Pima", "San", "Yoruba", "Mongola", "Palestinian", "Papuan", "Yi", "Palestinian", "Russian", "Yi", "Yakut", "Yakut", "Yi"],
  "weights": [1.69, 1.9189, 2.0938, 2.8857, 2.1896, 2.0594, 3.1599, 2.0437, 7.0696, 4.0986, 5.5836, 5.0741, 4.2296, 3.1169, 5.0508, 3.7151, 3.4522, 2.5731, 2.3508, 4.1705, 1.8097, 2.3388, 2.0147, 2.2565, 3.8052, 5.349, 4.8003, 3.7932, 3.3836, 5.1567, 3.7774, 6.5811, 4.5582, 4.44, 4.92, 5.7618, 4.2374, 4.629, 6.1973, 5.7772, 5.9944, 5.278, 2.802, 4.0125, 2.4043, 1.9586, 2.6552, 5.3749, 3.2797, 5.1926, 2.9122, 2.618, 4.9088, 2.9414, 7.0478, 5.3544, 3.9383, 4.9432, 4.3366, 2.0005, 2.1733, 3.5481, 3.0715, 4.5856, 4.2018, 3.2648],
  "loci": ["rs193930", "rs41002", "rs10469612", "rs2111074", "rs1423712", "rs11684414", "rs4669234", "rs4669238", "rs6431916", "rs1364058", "rs7602105", "rs16866569", "rs6728934", "rs6757233", "rs7608354", "rs11891532", "rs10929510", "rs1423711", "rs4669239", "rs6747840", "rs6751711", "rs963825", "rs2041876", "rs6751058", "rs4668562", "rs6712604", "rs13010611", "rs11685783", "rs17317684", "rs7586160", "rs12479058", "rs6731234", "rs181133", "rs181134", "rs7591430", "rs11695288", "rs181136", "rs6431929", "rs4669244", "rs13417226"]
}
