{
  "id": "EdgeSet083",
  "sources": ["Adygei", "Adygei", "Adygei", "Adygei", "Adygei", "Adygei", "Balochi", "Balochi", "Balochi", "Balochi", "Balochi", "Balochi", "Balochi", "BantuKenya", "BantuKenya", "BantuKenya", "BantuKenya", "BantuSouthAfrica", "BantuSouthAfrica", "BantuSouthAfrica", "Basque", "Basque", "Basque", "Basque", "Basque", "Basque", "Bedouin", "Bedouin", "Bedouin", "Bedouin", "Bedouin", "BiakaPygmy", "BiakaPygmy", "BiakaPygmy", "Burusho", "Burusho", "Burusho", "Burusho", "Burusho", "Cambodian", "Cambodian", "Colombian", "Colombian", "Colombian", "Colombian", "Daur", "Daur", "Daur", "Daur", "Druze", "Druze", "Kalash", "Kalash", "Kalash", "Kalash", "Kalash", "Lahu", "Lahu", "Lahu", "Lahu", "Mandenka", "Mandenka", "Mandenka", "Mandenka", "Maya", "Maya", "MbutiPygmy", "Melanesian", "Melanesian", "Mongola", "Mongola", "Mongola", "Mozabite", "Mozabite", "Papuan", "Pima", "Russian", "Russian", "San", "Uygur"],
  "targets": ["Basque", "Druze", "Melanesian", "Russian", "Uygur", "Yoruba", "Basque", "Bedouin", "Kalash", "Mozabite", "Papuan", "Russian", "Yakut", "BantuSouthAfrica", "Cambodian", "MbutiPygmy", "Yoruba", "BiakaPygmy", "Mandenka", "San", "Bedouin", "Mozabite", "Palestinian", "Pima", "Russian", "Yakut", "Druze", "Mozabite", "Palestinian", "Russian", "Yakut", "Mandenka", "MbutiPygmy", "San", "Daur", "Kalash", "Palestinian", "Russian", "Yakut", "Daur", "Lahu", "Druze", "Maya", "San", "Yi", "Lahu", "Mongola", "Yi", "Yoruba", "Mongola", "Palestinian", "Maya", "Melanesian", "Mozabite", "Pima", "Yi", "Mandenka", "Mongola", "Mozabite", "Yakut", "Mozabite", "Palestinian", "San", "Yoruba", "Melanesian", "Yi", "San", "Papuan", "Pima", "Papuan", "Uygur", "Yi", "Palestinian", "Yoruba", "Pima", "Uygur", "San", "Yi", "Yoruba", "Yakut"],
  "weights": [1.9364, 1.8076, 3.2062, 2.2665, 2.25, 4.5866, 2.2507, 2.0265, 3.118, 2.5758, 3.8403, 2.5277, 2.4455, 3.8983, 4.8555, 7.0173, 3.4667, 5.3788, 4.1483, 8.7235, 1.9439, 2.3769, 1.8856, 3.709, 2.5409, 2.3203, 1.6036, 2.0016, 1.7499, 2.3493, 2.1865, 4.9787, 6.6886, 8.2878, 2.8068, 2.5876, 2.51, 2.6811, 2.1664, 2.3886, 3.056, 2.9395, 2.3139, 9.4193, 3.7567, 2.823, 2.102, 2.505, 3.7838, 2.7202, 1.7786, 2.852, 3.1032, 3.9077, 3.0709, 3.1194, 4.2083, 2.5883, 3.3486, 2.6358, 3.5414, 3.8849, 8.219, 3.0635, 3.2964, 3.1982, 9.437, 2.4085, 3.1795, 3.2908, 2.0075, 2.7502, 2.1779, 3.4109, 4.4501, 2.7553, 9.0008, 4.4637, 8.1696, 2.187],
  "loci": ["rs2280338", "rs367107", "rs996508", "rs309303", "rs309295", "rs309292", "rs89983", "rs309281", "rs309278", "rs6712224", "rs309273", "rs309271", "rs6746899", "rs1901765", "rs9287680", "rs1453122", "rs16865919", "rs6431849", "rs1979187", "rs6712003", "rs6722663", "rs4668521", "rs6723966", "rs6431850", "rs6742329", "rs2352400", "rs1453129", "rs16865953", "rs4669139", "rs16865965", "rs13397452", "rs11676809", "rs4669141", "rs1960521", "rs10495550", "rs17625931", "rs930767", "rs9287684", "rs7588701", "rs4669146"]
}
