{
  "id": "EdgeSet019",
  "sources": ["Adygei", "Adygei", "Adygei", "Adygei", "Adygei", "Balochi", "Balochi", "Balochi", "Balochi", "Balochi", "Balochi", "Balochi", "BantuKenya", "BantuKenya", "BantuKenya", "BantuKenya", "BantuKenya", "BantuKenya", "BantuSouthAfrica", "BantuSouthAfrica", "BantuSouthAfrica", "BantuSouthAfrica", "Basque", "Basque", "Basque", "Basque", "Basque", "Bedouin", "Bedouin", "Bedouin", "BiakaPygmy", "BiakaPygmy", "BiakaPygmy", "BiakaPygmy", "Burusho", "Burusho", "Burusho", "Burusho", "Cambodian", "Cambodian", "Cambodian", "Cambodian", "Colombian", "Colombian", "Colombian", "Colombian", "Daur", "Daur", "Daur", "Daur", "Daur", "Druze", "Druze", "Druze", "Kalash", "Kalash", "Kalash", "Kalash", "Lahu", "Lahu", "Lahu", "Lahu", "Mandenka", "Mandenka", "Mandenka", "Maya", "MbutiPygmy", "MbutiPygmy", "MbutiPygmy", "Melanesian", "Melanesian", "Melanesian", "Mongola", "Mongola", "Mozabite", "Palestinian", "Papuan", "Pima", "Pima", "Uygur", "Yakut"],
  "targets": ["Balochi", "Bedouin", "Colombian", "Lahu", "Russian", "Bedouin", "Burusho", "Kalash", "Palestinian", "Russian", "Uygur", "Yi", "BantuSouthAfrica", "Kalash", "Mandenka", "MbutiPygmy", "Papuan", "Yoruba", "BiakaPygmy", "Mandenka", "San", "Yoruba", "Bedouin", "Druze", "Mongola", "Mozabite", "Papuan", "Druze", "Mozabite", "Palestinian", "Mandenka", "MbutiPygmy", "San", "Yoruba", "Druze", "Melanesian", "Mongola", "Papuan", "Colombian", "Daur", "Kalash", "Yi", "Maya", "Pima", "Russian", "Uygur", "Druze", "Lahu", "Maya", "Mongola", "Yakut", "Kalash", "Mozabite", "Uygur", "Lahu", "MbutiPygmy", "Mozabite", "Uygur", "Maya", "Melanesian", "Mongola", "Uygur", "Papuan", "Yakut", "Yoruba", "Yi", "Melanesian", "San", "Yoruba", "Papuan", "Russian", "San", "Russian", "Yakut", "Uygur", "Pima", "Pima", "Russian", "Yi", "Yi", "Yi"],
  "weights": [2.4621, 2.3668, 3.1014, 4.0925, 2.0695, 2.0307, 2.9832, 2.1464, 2.1128, 2.8254, 2.2538, 3.3449, 4.2145, 4.0531, 2.8755, 6.4778, 6.5782, 3.0606, 3.7689, 4.0902, 8.3088, 4.4396, 1.914, 1.9182, 3.2561, 1.9952, 4.0598, 1.9037, 1.7326, 2.0359, 3.4703, 6.2429, 8.1538, 3.9464, 2.6876, 4.5944, 3.5468, 4.4416, 3.13, 2.9536, 3.196, 2.8936, 2.682, 2.6969, 4.0968, 2.8157, 2.8592, 3.7831, 3.4704, 2.8662, 2.5965, 2.0718, 1.9205, 2.2202, 5.3926, 7.4979, 2.5297, 2.3876, 3.8395, 5.9439, 4.1284, 4.0365, 6.1837, 5.2677, 3.0534, 4.1447, 9.2595, 9.93, 6.5289, 3.5316, 5.3952, 10.4947, 4.5682, 2.9259, 2.5251, 2.8963, 5.157, 3.9561, 3.7479, 3.2688, 2.8],
  "loci": ["rs11127298", "rs7578545", "rs13024398", "rs11888121", "rs6727410", "rs2304007", "rs6548049", "rs1560624", "rs891878", "rs13389846", "rs6719219", "rs1897477", "rs4853811", "rs1978703", "rs11127292", "rs11127381", "rs891877", "rs4853952", "rs756282", "rs1421613", "rs1421614", "rs751150", "rs1620250", "rs12614597", "rs17247366", "rs2637549", "rs2042142", "rs3748985", "rs1465389", "rs17338519", "rs17338512", "rs12467137", "rs17039365", "rs7596980", "rs6748501", "rs11887279", "rs1990855", "rs7420242", "rs13414323", "rs6548123"]
}
