{
  "id": "EdgeSet071",
  "sources": ["Adygei", "Adygei", "Adygei", "Adygei", "Balochi", "Balochi", "Balochi", "Balochi", "Balochi", "Balochi", "Balochi", "BantuKenya", "BantuKenya", "BantuKenya", "BantuKenya", "BantuSouthAfrica", "BantuSouthAfrica", "BantuSouthAfrica", "BantuSouthAfrica", "Basque", "Basque", "Basque", "Basque", "Bedouin", "Bedouin", "Bedouin", "Bedouin", "Bedouin", "BiakaPygmy", "BiakaPygmy", "BiakaPygmy", "BiakaPygmy", "Burusho", "Burusho", "Burusho", "Cambodian", "Cambodian", "Cambodian", "Cambodian", "Cambodian", "Colombian", "Colombian", "Colombian", "Colombian", "Colombian", "Colombian", "Daur", "Daur", "Daur", "Druze", "Druze", "Druze", "Druze", "Lahu", "Lahu", "Lahu", "Lahu", "Lahu", "Mandenka", "Mandenka", "Mandenka", "Mandenka", "Maya", "Maya", "Maya", "Maya", "Maya", "MbutiPygmy", "Melanesian", "Melanesian", "Mongola", "Mongola", "Mongola", "Mongola", "Palestinian", "Papuan", "Papuan", "Uygur", "Yakut"],
  "targets": ["Balochi", "Bedouin", "Mozabite", "Papuan", "Bedouin", "Druze", "Kalash", "Maya", "Russian", "Uygur", "Yi", "BiakaPygmy", "Mandenka", "MbutiPygmy", "Yoruba", "MbutiPygmy", "Mozabite", "San", "Yoruba", "Colombian", "Druze", "Palestinian", "Russian", "Burusho", "Druze", "Mozabite", "Palestinian", "Russian", "Mandenka", "MbutiPygmy", "San", "Yoruba", "Kalash", "Pima", "Uygur", "Lahu", "Papuan", "Pima", "Uygur", "Yi", "Kalash", "Maya", "Mongola", "Pima", "San", "Yakut", "Lahu", "Uygur", "Yi", "Melanesian", "Mozabite", "Palestinian", "Russian", "Melanesian", "Mongola", "Papuan", "Uygur", "Yakut", "MbutiPygmy", "Mozabite", "Russian", "Yoruba", "Mongola", "Pima", "Russian", "Yakut", "Yi", "San", "Mongola", "Papuan", "San", "Uygur", "Yakut", "Yi", "Russian", "Russian", "Yi", "Yakut", "Yi"],
  "weights": [2.3436, 1.7166, 1.7276, 2.2452, 1.9839, 1.9838, 3.6602, 4.2743, 2.3179, 3.6344, 3.7919, 5.708, 3.3231, 5.6085, 2.9884, 5.3622, 4.3615, 8.4244, 2.6918, 4.1888, 1.9756, 1.6692, 2.1774, 2.6175, 1.5669, 1.6483, 1.6621, 1.7367, 5.3993, 6.1187, 8.4362, 5.6328, 2.9862, 4.5315, 4.3367, 2.6885, 2.503, 3.7211, 2.4562, 2.2112, 4.8452, 3.9519, 3.7497, 4.1758, 9.0775, 3.2271, 3.649, 2.6726, 2.3191, 2.9203, 1.9043, 1.604, 1.9716, 3.7578, 4.4483, 3.3839, 3.5963, 3.7426, 4.792, 3.2353, 4.4607, 2.6293, 4.4024, 4.1283, 3.5954, 3.4251, 3.4542, 8.0355, 3.8271, 2.8735, 8.2784, 2.6615, 2.145, 2.6661, 1.9374, 3.4603, 2.8346, 2.693, 2.3254],
  "loci": ["rs1562624", "rs2166928", "rs10439236", "rs7424127", "rs12472750", "rs2044648", "rs1015230", "rs1448572", "rs10204418", "rs12464218", "rs16864928", "rs13389679", "rs2351104", "rs6431769", "rs12478200", "rs7561385", "rs6743687", "rs1971877", "rs13384785", "rs10191492", "rs10519722", "rs13397302", "rs1562617", "rs1448575", "rs11685714", "rs17377415", "rs6431784", "rs2351100", "rs4538171", "rs1020457", "rs12991814", "rs12623864", "rs12329052", "rs12692313", "rs895843", "rs4337447", "rs751394", "rs1816975", "rs1562622", "rs1562621"]
}
