{
  "id": "EdgeSet047",
  "sources": ["Adygei", "Adygei", "Adygei", "Adygei", "Adygei", "Adygei", "Adygei", "Balochi", "Balochi", "Balochi", "Balochi", "BantuKenya", "BantuKenya", "BantuKenya", "BantuKenya", "BantuKenya", "BantuSouthAfrica", "BantuSouthAfrica", "BantuSouthAfrica", "BantuSouthAfrica", "BantuSouthAfrica", "BantuSouthAfrica", "Basque", "Basque", "Basque", "Basque", "Basque", "Basque", "Bedouin", "Bedouin", "Bedouin", "BiakaPygmy", "BiakaPygmy", "BiakaPygmy", "Burusho", "Burusho", "Burusho", "Burusho", "Burusho", "Cambodian", "Cambodian", "Cambodian", "Cambodian", "Cambodian", "Cambodian", "Colombian", "Colombian", "Colombian", "Colombian", "Daur", "Daur", "Daur", "Daur", "Druze", "Druze", "Druze", "Kalash", "Kalash", "Lahu", "Lahu", "Lahu", "Mandenka", "Maya", "MbutiPygmy", "MbutiPygmy", "Melanesian", "Melanesian", "Mongola", "Mongola", "Mongola", "Mongola", "Mozabite", "Papuan", "Pima", "Russian"],
  "targets": ["Basque", "Bedouin", "Burusho", "Druze", "Palestinian", "Russian", "Uygur", "Basque", "Mozabite", "Palestinian", "Uygur", "BiakaPygmy", "Mandenka", "Mozabite", "San", "Yoruba", "BiakaPygmy", "Mandenka", "MbutiPygmy", "Melanesian", "San", "Yoruba", "Bedouin", "Druze", "Kalash", "Mozabite", "Palestinian", "Pima", "Druze", "Mozabite", "Palestinian", "Mandenka", "MbutiPygmy", "San", "Kalash", "Mongola", "Papuan", "Uygur", "Yakut", "Colombian", "Daur", "Lahu", "Mozabite", "Yakut", "Yi", "Maya", "Pima", "Russian", "Yi", "Lahu", "Maya", "Yakut", "Yi", "Kalash", "Mozabite", "Russian", "Mongola", "Palestinian", "Maya", "Melanesian", "Pima", "Yoruba", "Pima", "San", "Yoruba", "Papuan", "Yi", "Palestinian", "Uygur", "Yakut", "Yi", "Palestinian", "Yi", "Uygur", "Uygur"],
  "weights": [2.6058, 2.1014, 3.2544, 2.172, 2.3821, 3.0818, 3.2501, 3.0347, 2.7394, 2.6267, 2.9192, 4.2246, 2.9986, 3.8677, 8.5949, 3.1974, 4.4932, 3.5515, 5.7244, 5.9839, 9.197, 4.1875, 2.0298, 2.3286, 3.6432, 2.8875, 2.5629, 4.9835, 1.8336, 2.4095, 1.9519, 3.4665, 4.5234, 8.4788, 3.3112, 3.0179, 3.7034, 3.017, 3.8534, 3.4136, 1.8508, 2.0036, 3.7459, 2.2463, 2.3581, 2.8196, 3.022, 4.6186, 3.4549, 2.0256, 3.3646, 2.24, 2.337, 3.0812, 2.3747, 3.0931, 2.4648, 3.1751, 2.9009, 3.2797, 2.9367, 3.0094, 2.5147, 9.1781, 5.6448, 3.5061, 2.9131, 2.9642, 2.7518, 2.4755, 2.4606, 2.5741, 3.5518, 3.5754, 3.1855],
  "loci": ["rs1479237", "rs10172284", "rs11673833", "rs13405591", "rs7581129", "rs6749924", "rs826021", "rs2121221", "rs7597907", "rs10519641", "rs699549", "rs699550", "rs699551", "rs285545", "rs4849968", "rs10176368", "rs17019651", "rs10495507", "rs17019686", "rs10202915", "rs996403", "rs1374127", "rs10165056", "rs1446131", "rs4561675", "rs957504", "rs2592086", "rs825939", "rs17019820", "rs10495508", "rs1446137", "rs12616546", "rs17581422", "rs2165183", "rs1446147", "rs13425189", "rs7570834", "rs1898972", "rs11691587", "rs2315293"]
}
