{
  "id": "EdgeSet079",
  "sources": ["Adygei", "Adygei", "Adygei", "Adygei", "Adygei", "Adygei", "Balochi", "Balochi", "Balochi", "Balochi", "Balochi", "Balochi", "BantuKenya", "BantuKenya", "BantuKenya", "BantuKenya", "BantuSouthAfrica", "BantuSouthAfrica", "BantuSouthAfrica", "BantuSouthAfrica", "Basque", "Basque", "Bedouin", "Bedouin", "Bedouin", "BiakaPygmy", "BiakaPygmy", "Burusho", "Burusho", "Burusho", "Cambodian", "Cambodian", "Cambodian", "Cambodian", "Colombian", "Colombian", "Colombian", "Daur", "Daur", "Daur", "Daur", "Daur", "Druze", "Druze", "Druze", "Kalash", "Kalash", "Lahu", "Lahu", "Lahu", "Mandenka", "Mandenka", "Mandenka", "Mandenka", "Maya", "Maya", "Maya", "MbutiPygmy", "Melanesian", "Melanesian", "Mongola", "Mongola", "Papuan", "Papuan", "Pima", "San"],
  "targets": ["Balochi", "Basque", "Burusho", "Druze", "Kalash", "Palestinian", "Bedouin", "Burusho", "Kalash", "Mozabite", "Palestinian", "Uygur", "BiakaPygmy", "Mandenka", "Mozabite", "Yoruba", "BiakaPygmy", "Mandenka", "San", "Yoruba", "Druze", "Russian", "Druze", "Mozabite", "Palestinian", "San", "Yoruba", "Kalash", "Palestinian", "Russian", "Daur", "Lahu", "Uygur", "Yi", "Daur", "Maya", "Pima", "Lahu", "Mongola", "Pima", "Uygur", "Yi", "Mozabite", "Palestinian", "Yakut", "Mozabite", "Palestinian", "Melanesian", "Mongola", "Yi", "MbutiPygmy", "Mozabite", "San", "Yoruba", "Melanesian", "Pima", "San", "San", "Papuan", "Yi", "Yakut", "Yi", "Pima", "Yi", "Uygur", "Yoruba"],
  "weights": [2.6024, 2.9157, 3.2097, 2.3156, 3.5603, 1.8292, 2.3608, 4.3098, 3.9962, 2.7832, 2.3897, 3.5391, 3.9451, 3.5313, 4.0626, 2.8276, 4.2627, 4.526, 6.0038, 3.397, 2.8373, 3.8786, 2.016, 2.4668, 1.8206, 4.9048, 3.2082, 4.0201, 3.1237, 2.9168, 2.44, 2.9347, 2.5434, 2.905, 3.0476, 4.4377, 3.492, 3.4905, 3.3124, 3.249, 2.5187, 2.3622, 2.6998, 2.0575, 4.6532, 4.767, 3.5357, 6.4521, 4.4896, 3.851, 6.1865, 3.8288, 5.527, 2.8642, 5.2263, 2.9182, 10.1981, 5.2945, 3.9557, 6.7506, 2.4034, 4.0718, 4.4612, 5.3171, 3.189, 4.5656],
  "loci": ["rs17651078", "rs10495543", "rs905968", "rs4668507", "rs12466123", "rs10200467", "rs6742876", "rs7566556", "rs6431831", "rs1876105", "rs771177", "rs1077583", "rs9789516", "rs10208601", "rs771164", "rs10495544", "rs17657434", "rs6431834", "rs771165", "rs6734387", "rs771171", "rs7575062", "rs2712032", "rs17657777", "rs6758745", "rs2197829", "rs2595167", "rs10495545", "rs2712029", "rs4669111", "rs2305258", "rs16865717", "rs3796115", "rs4669114", "rs6431837", "rs4668516", "rs10171510", "rs1013864", "rs3806609", "rs1375337"]
}
