{
  "id": "EdgeSet096",
  "sources": ["Adygei", "Adygei", "Adygei", "Adygei", "Adygei", "Balochi", "Balochi", "Balochi", "Balochi", "BantuKenya", "BantuKenya", "BantuKenya", "BantuKenya", "BantuKenya", "BantuKenya", "BantuKenya", "BantuSouthAfrica", "BantuSouthAfrica", "BantuSouthAfrica", "BantuSouthAfrica", "BantuSouthAfrica", "Basque", "Basque", "Basque", "Basque", "Basque", "Bedouin", "Bedouin", "Bedouin", "Bedouin", "BiakaPygmy", "BiakaPygmy", "BiakaPygmy", "BiakaPygmy", "BiakaPygmy", "Burusho", "Burusho", "Burusho", "Burusho", "Cambodian", "Cambodian", "Cambodian", "Cambodian", "Cambodian", "Colombian", "Colombian", "Colombian", "Colombian", "Daur", "Daur", "Daur", "Daur", "Daur", "Druze", "Druze", "Kalash", "Lahu", "Lahu", "Lahu", "Mandenka", "Mandenka", "Maya", "MbutiPygmy", "Melanesian", "Melanesian", "Melanesian", "Mongola", "Mongola", "Mozabite", "Palestinian", "Papuan", "Pima", "Pima", "Pima", "Yakut"],
  "targets": ["Balochi", "Bedouin", "Druze", "Kalash", "Palestinian", "Burusho", "Kalash", "Mozabite", "Palestinian", "Bedouin", "BiakaPygmy", "Burusho", "Mandenka", "Mozabite", "San", "Yoruba", "BiakaPygmy", "Mandenka", "MbutiPygmy", "San", "Yoruba", "Bedouin", "Druze", "Papuan", "Russian", "Uygur", "Burusho", "Druze", "Maya", "Palestinian", "MbutiPygmy", "Mozabite", "San", "Yi", "Yoruba", "Kalash", "Maya", "Uygur", "Yi", "Lahu", "Mongola", "Papuan", "Pima", "Yi", "Lahu", "Maya", "Papuan", "Pima", "Melanesian", "Mongola", "Papuan", "Yakut", "Yi", "Palestinian", "Uygur", "Yakut", "Papuan", "Russian", "San", "MbutiPygmy", "Yoruba", "Pima", "San", "Mongola", "Papuan", "Yakut", "Yakut", "Yi", "Palestinian", "Pima", "Yi", "Russian", "Uygur", "Yakut", "Yi"],
  "weights": [2.6756, 2.4148, 2.345, 3.0756, 3.2214, 2.4992, 2.7246, 2.555, 2.476, 4.9456, 4.7634, 6.392, 3.6949, 4.2774, 7.3679, 3.8237, 4.5246, 3.3191, 5.3098, 6.5926, 3.5121, 3.0213, 3.1024, 5.0484, 3.1844, 3.5135, 2.8191, 1.8837, 3.0977, 2.0799, 5.3297, 4.6196, 7.2969, 6.3691, 3.7161, 3.1999, 3.1705, 3.2726, 4.0235, 3.9571, 2.9165, 3.8769, 4.4488, 3.0519, 5.0458, 2.947, 5.1355, 4.2991, 3.2046, 2.5672, 3.975, 2.5852, 3.0474, 2.0309, 2.5463, 4.4122, 4.8573, 4.7729, 9.6013, 5.3433, 2.5225, 3.1935, 7.8453, 3.7218, 4.644, 3.2583, 2.8549, 2.9312, 2.5196, 5.014, 3.2537, 4.1871, 4.2643, 4.2241, 3.1313],
  "loci": ["rs10178845", "rs11887635", "rs3102937", "rs642501", "rs453193", "rs3097289", "rs2115366", "rs3111422", "rs3111424", "rs9287698", "rs744337", "rs3021387", "rs6431936", "rs3102941", "rs4669256", "rs12613635", "rs13384783", "rs16866696", "rs4669260", "rs17443836", "rs4076706", "rs12476361", "rs4669265", "rs7587352", "rs6736762", "rs901350", "rs409169", "rs1017920", "rs1872603", "rs2630720", "rs379131", "rs2630718", "rs2002685", "rs2655455", "rs2931131", "rs1504240", "rs6735600", "rs6431940", "rs11693395", "rs4668573"]
}
