{
  "id": "EdgeSet013",
  "sources": ["Adygei", "Adygei", "Adygei", "Adygei", "Adygei", "Adygei", "Adygei", "Adygei", "Balochi", "Balochi", "BantuKenya", "BantuKenya", "BantuKenya", "BantuKenya", "BantuSouthAfrica", "BantuSouthAfrica", "BantuSouthAfrica", "BantuSouthAfrica", "Basque", "Basque", "Basque", "Basque", "Bedouin", "Bedouin", "Bedouin", "BiakaPygmy", "BiakaPygmy", "BiakaPygmy", "Burusho", "Burusho", "Burusho", "Burusho", "Burusho", "Burusho", "Cambodian", "Cambodian", "Cambodian", "Cambodian", "Cambodian", "Cambodian", "Cambodian", "Cambodian", "Colombian", "Colombian", "Colombian", "Daur", "Daur", "Daur", "Daur", "Daur", "Daur", "Daur", "Druze", "Druze", "Druze", "Kalash", "Kalash", "Kalash", "Lahu", "Lahu", "Mandenka", "Mandenka", "Maya", "Maya", "MbutiPygmy", "MbutiPygmy", "MbutiPygmy", "Melanesian", "Melanesian", "Melanesian", "Mongola", "Mongola", "Mongola", "Mongola", "Mongola", "Mozabite", "Mozabite", "Mozabite", "Mozabite", "Papuan", "Pima", "Pima", "Russian", "Yakut"],
  "targets": ["Balochi", "Bedouin", "Druze", "Mandenka", "Palestinian", "Russian", "Uygur", "Yi", "Basque", "Bedouin", "BiakaPygmy", "Mandenka", "MbutiPygmy", "Yoruba", "Lahu", "Melanesian", "San", "Yoruba", "Kalash", "Mozabite", "Russian", "Uygur", "Druze", "Mozabite", "Palestinian", "MbutiPygmy", "San", "Yoruba", "Daur", "Druze", "Lahu", "Maya", "Palestinian", "Papuan", "Colombian", "Daur", "Lahu", "Pima", "Russian", "Uygur", "Yakut", "Yi", "Maya", "Papuan", "San", "Druze", "Lahu", "Maya", "Mongola", "Pima", "Yakut", "Yi", "Kalash", "Lahu", "Russian", "Maya", "Papuan", "Yi", "Palestinian", "Yi", "Palestinian", "Yoruba", "Pima", "Yakut", "Papuan", "San", "Yoruba", "Mongola", "Papuan", "Uygur", "Papuan", "Pima", "Russian", "Yakut", "Yi", "Palestinian", "Yakut", "Yi", "Yoruba", "San", "Russian", "Uygur", "Uygur", "Yi"],
  "weights": [1.3829, 2.0511, 1.6069, 4.5944, 1.8664, 2.0648, 1.7517, 2.2202, 1.4805, 1.9845, 4.6452, 3.6391, 3.7166, 4.2828, 4.5876, 5.5622, 7.7086, 4.7016, 2.6433, 2.2625, 1.7949, 1.2872, 2.0278, 2.1263, 2.1375, 4.7847, 6.3864, 4.6079, 2.6147, 2.0343, 2.2728, 2.3889, 2.0809, 5.0915, 4.277, 2.0065, 2.1027, 2.4895, 2.8201, 2.0266, 3.5227, 2.0835, 3.8695, 6.5395, 8.9808, 2.1586, 2.3639, 2.4213, 2.4307, 2.3932, 2.4578, 2.1171, 2.7147, 2.3625, 1.9972, 2.547, 5.2569, 3.7875, 2.4627, 2.4063, 3.7706, 3.1111, 2.3907, 3.0969, 8.1669, 6.9563, 5.1629, 4.3944, 4.1712, 4.0543, 5.4295, 2.9691, 2.9335, 2.6384, 2.6771, 2.0311, 2.9452, 2.7525, 4.3224, 9.558, 2.4155, 2.3292, 1.9667, 2.9072],
  "loci": ["rs10183226", "rs17091595", "rs11675434", "rs2298873", "rs2071399", "rs2071402", "rs10193983", "rs2276702", "rs9678469", "rs10519477", "rs1567919", "rs949832", "rs1514687", "rs1514684", "rs11891272", "rs4425120", "rs17091682", "rs7602332", "rs6747390", "rs2009364", "rs2070882", "rs6706775", "rs11694726", "rs4927615", "rs17091737", "rs6723319", "rs11211654", "rs10171105", "rs10201842", "rs10196514", "rs13430369", "rs732609", "rs3755552", "rs3755551", "rs4927621", "rs13414566", "rs13398180", "rs17732233", "rs11896906", "rs1126799"]
}
