{
  "id": "EdgeSet065",
  "sources": ["Adygei", "Adygei", "Adygei", "Adygei", "Adygei", "Adygei", "Adygei", "Balochi", "Balochi", "Balochi", "Balochi", "Balochi", "BantuKenya", "BantuKenya", "BantuKenya", "BantuKenya", "BantuSouthAfrica", "BantuSouthAfrica", "BantuSouthAfrica", "Basque", "Basque", "Basque", "Basque", "Basque", "Basque", "Bedouin", "Bedouin", "Bedouin", "Bedouin", "BiakaPygmy", "BiakaPygmy", "BiakaPygmy", "Burusho", "Burusho", "Burusho", "Burusho", "Burusho", "Burusho", "Burusho", "Cambodian", "Cambodian", "Cambodian", "Cambodian", "Cambodian", "Colombian", "Colombian", "Colombian", "Colombian", "Daur", "Daur", "Daur", "Daur", "Daur", "Druze", "Druze", "Druze", "Druze", "Kalash", "Kalash", "Mandenka", "Maya", "Maya", "MbutiPygmy", "Melanesian", "Melanesian", "Melanesian", "Mongola", "Mongola", "Mongola", "Mongola", "Mozabite", "Mozabite", "Mozabite", "Papuan", "Papuan", "Uygur", "Yakut"],
  "targets": ["Basque", "Druze", "Maya", "Mozabite", "Palestinian", "Papuan", "Yakut", "Basque", "Druze", "Mozabite", "Russian", "Uygur", "BantuSouthAfrica", "BiakaPygmy", "MbutiPygmy", "Yoruba", "BiakaPygmy", "San", "Yoruba", "BiakaPygmy", "Druze", "Mozabite", "Palestinian", "San", "Uygur", "Druze", "Kalash", "Melanesian", "Palestinian", "Mandenka", "MbutiPygmy", "Yoruba", "Druze", "Kalash", "Maya", "Palestinian", "Pima", "Russian", "Yi", "Colombian", "Lahu", "Mongola", "Papuan", "Yakut", "Lahu", "Maya", "Pima", "San", "Kalash", "Lahu", "Russian", "Uygur", "Yakut", "Kalash", "Maya", "Mozabite", "Russian", "Mongola", "San", "Yoruba", "Mongola", "Pima", "San", "Papuan", "Yakut", "Yi", "Pima", "Uygur", "Yakut", "Yi", "Palestinian", "Yakut", "Yoruba", "Uygur", "Yi", "Yi", "Yi"],
  "weights": [2.7688, 2.0054, 2.6265, 2.1404, 1.8751, 2.862, 2.0578, 2.5835, 1.9822, 2.4977, 2.1535, 2.7152, 3.4217, 3.9612, 4.6102, 3.6319, 4.1858, 7.7351, 3.8036, 6.285, 2.2703, 2.3896, 2.0886, 8.5546, 2.9746, 1.5121, 2.8903, 3.8917, 1.5459, 3.9315, 4.3356, 3.1387, 3.5428, 3.5734, 2.9929, 2.8807, 3.3948, 3.0251, 3.4857, 4.2057, 2.5911, 2.5514, 3.5465, 2.7515, 4.0922, 2.9668, 3.5993, 10.041, 4.7388, 3.7535, 3.2015, 2.8763, 2.5544, 2.8271, 3.7716, 2.1602, 2.1776, 3.3096, 9.1844, 2.9398, 2.8681, 2.3997, 7.8614, 3.5449, 4.7681, 3.7719, 3.251, 2.4614, 2.1425, 2.617, 2.1508, 2.741, 3.8343, 2.6932, 2.866, 2.5514, 2.914],
  "loci": ["rs1078589", "rs2564055", "rs11896909", "rs1366733", "rs11679426", "rs1429243", "rs16864146", "rs11892518", "rs1560246", "rs10929818", "rs1366735", "rs16864193", "rs2564075", "rs1346608", "rs10495524", "rs1429219", "rs2722583", "rs2350199", "rs1429216", "rs1109509", "rs6757946", "rs12614917", "rs1429229", "rs6732445", "rs2163027", "rs2709447", "rs2564002", "rs2709460", "rs1366738", "rs1346612", "rs2564009", "rs10495525", "rs2564010", "rs11690032", "rs1896826", "rs2163025", "rs11694877", "rs10929853", "rs2564023", "rs6750041"]
}
