{
  "id": "EdgeSet023",
  "sources": ["Adygei", "Adygei", "Adygei", "Adygei", "Adygei", "Adygei", "Balochi", "Balochi", "Balochi", "Balochi", "Balochi", "Balochi", "BantuKenya", "BantuKenya", "BantuKenya", "BantuSouthAfrica", "BantuSouthAfrica", "BantuSouthAfrica", "BantuSouthAfrica", "Basque", "Basque", "Basque", "Basque", "Bedouin", "Bedouin", "Bedouin", "BiakaPygmy", "BiakaPygmy", "BiakaPygmy", "BiakaPygmy", "BiakaPygmy", "Burusho", "Burusho", "Burusho", "Cambodian", "Cambodian", "Cambodian", "Cambodian", "Colombian", "Daur", "Daur", "Daur", "Druze", "Druze", "Kalash", "Kalash", "Kalash", "Lahu", "Lahu", "Lahu", "Mandenka", "Mandenka", "Maya", "MbutiPygmy", "MbutiPygmy", "Melanesian", "Melanesian", "Melanesian", "Melanesian", "Melanesian", "Mongola", "Mongola", "Mongola", "Mozabite", "Palestinian", "Papuan", "Uygur", "Yakut"],
  "targets": ["Druze", "Melanesian", "Mongola", "Palestinian", "Russian", "Yakut", "Bedouin", "Cambodian", "Druze", "Russian", "Uygur", "Yakut", "BantuSouthAfrica", "Mandenka", "Yoruba", "BiakaPygmy", "Mandenka", "MbutiPygmy", "Yoruba", "Druze", "Kalash", "Russian", "Uygur", "Druze", "Mozabite", "Palestinian", "Mandenka", "MbutiPygmy", "Mongola", "San", "Yoruba", "Palestinian", "Russian", "Uygur", "Daur", "Lahu", "Maya", "Mozabite", "Maya", "Mongola", "Papuan", "Yakut", "Kalash", "Mozabite", "Russian", "Uygur", "Yi", "Mongola", "Yakut", "Yi", "Papuan", "Yoruba", "Pima", "San", "Yoruba", "Mozabite", "Palestinian", "Papuan", "San", "Yakut", "Papuan", "Yakut", "Yi", "Uygur", "Uygur", "Yi", "Yi", "Yi"],
  "weights": [2.21, 4.4912, 4.1417, 2.1251, 2.2744, 3.865, 1.9426, 2.8137, 1.6418, 2.4896, 1.894, 2.98, 3.791, 3.649, 3.6944, 3.3977, 3.3944, 6.0027, 3.5199, 2.391, 1.9503, 2.6689, 2.2835, 1.5995, 1.9643, 2.1069, 4.1574, 5.5325, 5.8272, 7.1052, 3.8431, 2.1317, 1.9686, 2.1632, 3.5112, 2.1604, 3.6311, 4.062, 2.2253, 3.5826, 5.2195, 2.7512, 2.1743, 2.1205, 3.0644, 2.1121, 4.0432, 4.2184, 3.1624, 3.1851, 5.1945, 3.7614, 2.3155, 7.6379, 6.3065, 4.2023, 5.0434, 4.8531, 8.3933, 4.361, 4.8033, 3.4129, 3.6672, 2.3653, 1.9759, 4.2419, 2.9435, 2.9825],
  "loci": ["rs2551212", "rs6741513", "rs2102592", "rs1606310", "rs7577250", "rs12616839", "rs12472646", "rs4853939", "rs1858409", "rs844011", "rs823545", "rs823546", "rs823552", "rs4853934", "rs11127354", "rs1706871", "rs1706870", "rs12617042", "rs13013201", "rs6706645", "rs10165003", "rs4530397", "rs823538", "rs12619065", "rs12621100", "rs6728339", "rs6759451", "rs2280182", "rs12053164", "rs6707223", "rs17338247", "rs9636493", "rs7593925", "rs823557", "rs1706859", "rs1710506", "rs2668841", "rs17338219", "rs908357", "rs908356"]
}
