{
  "id": "EdgeSet098",
  "sources": ["Adygei", "Adygei", "Adygei", "Adygei", "Adygei", "Adygei", "Adygei", "Balochi", "Balochi", "Balochi", "Balochi", "Balochi", "Balochi", "BantuKenya", "BantuKenya", "BantuKenya", "BantuKenya", "BantuKenya", "BantuKenya", "BantuSouthAfrica", "BantuSouthAfrica", "BantuSouthAfrica", "BantuSouthAfrica", "BantuSouthAfrica", "Basque", "Basque", "Basque", "Basque", "Bedouin", "Bedouin", "Bedouin", "Bedouin", "Bedouin", "Bedouin", "BiakaPygmy", "BiakaPygmy", "BiakaPygmy", "BiakaPygmy", "Burusho", "Burusho", "Burusho", "Cambodian", "Cambodian", "Cambodian", "Cambodian", "Colombian", "Colombian", "Colombian", "Colombian", "Daur", "Daur", "Daur", "Druze", "Druze", "Kalash", "Kalash", "Kalash", "Lahu", "Lahu", "Lahu", "Mandenka", "Maya", "Maya", "Maya", "Maya", "MbutiPygmy", "MbutiPygmy", "Melanesian", "Melanesian", "Mongola", "Mongola", "Mozabite", "Mozabite", "Papuan", "Pima", "Russian", "Yakut"],
  "targets": ["Basque", "Bedouin", "Burusho", "Druze", "Kalash", "Mozabite", "Russian", "Basque", "Burusho", "Kalash", "Mozabite", "Palestinian", "Russian", "BantuSouthAfrica", "Mandenka", "MbutiPygmy", "Mozabite", "San", "Yoruba", "BiakaPygmy", "MbutiPygmy", "Papuan", "San", "Yoruba", "Bedouin", "Mongola", "Russian", "Uygur", "Burusho", "Druze", "Kalash", "Palestinian", "Papuan", "Uygur", "Mandenka", "MbutiPygmy", "San", "Yoruba", "Daur", "Papuan", "Uygur", "Lahu", "Mongola", "Yakut", "Yi", "Maya", "Pima", "Uygur", "Yakut", "Lahu", "Mongola", "Yi", "Palestinian", "Russian", "Lahu", "Mozabite", "San", "Maya", "Melanesian", "Mongola", "Yoruba", "Mongola", "Pima", "San", "Yakut", "San", "Yoruba", "Papuan", "Yi", "Papuan", "Yakut", "Palestinian", "Pima", "Yi", "Yakut", "Uygur", "Yi"],
  "weights": [2.0808, 1.9269, 2.5635, 2.1841, 2.9931, 2.6759, 2.2788, 2.3985, 2.6829, 3.3072, 3.1162, 2.6239, 2.9399, 3.4428, 3.7835, 5.4663, 4.7499, 4.9767, 3.3691, 4.0108, 6.5724, 6.8563, 5.5813, 3.4139, 2.2339, 4.7585, 2.21, 2.3036, 2.6208, 2.0186, 3.0717, 1.7836, 5.2533, 2.582, 3.5196, 4.6693, 5.9828, 3.2869, 4.7515, 4.4078, 3.1028, 2.3777, 2.7096, 2.8411, 2.8658, 2.709, 3.8547, 3.0589, 3.3795, 3.1422, 2.1221, 2.0292, 1.7036, 2.727, 5.6799, 3.5285, 7.4447, 4.7492, 4.7364, 2.8484, 2.6404, 3.7811, 4.4126, 7.8785, 3.5719, 5.728, 5.0392, 4.3191, 3.4498, 3.9363, 2.6626, 2.8044, 4.8253, 3.9265, 4.2334, 2.1449, 3.0365],
  "loci": ["rs10929527", "rs10495559", "rs6735529", "rs11899670", "rs7581641", "rs12328987", "rs10192647", "rs4669281", "rs6712259", "rs1532791", "rs345903", "rs2883914", "rs10929535", "rs345898", "rs11904418", "rs6744749", "rs168293", "rs6755480", "rs4668578", "rs13386141", "rs1560876", "rs13399561", "rs3856447", "rs1368926", "rs12993630", "rs12692367", "rs4669318", "rs1344807", "rs3927971", "rs11691910", "rs3856451", "rs3856456", "rs3845748", "rs4442969", "rs10188643", "rs1054765", "rs4669330", "rs6715915", "rs6723945", "rs7593804"]
}
