{
  "id": "EdgeSet066",
  "sources": ["Adygei", "Adygei", "Adygei", "Adygei", "Adygei", "Balochi", "Balochi", "Balochi", "Balochi", "Balochi", "Balochi", "BantuKenya", "BantuKenya", "BantuKenya", "BantuKenya", "BantuKenya", "BantuSouthAfrica", "BantuSouthAfrica", "BantuSouthAfrica", "BantuSouthAfrica", "BantuSouthAfrica", "Basque", "Basque", "Basque", "Bedouin", "Bedouin", "BiakaPygmy", "BiakaPygmy", "BiakaPygmy", "Burusho", "Burusho", "Burusho", "Burusho", "Cambodian", "Cambodian", "Cambodian", "Cambodian", "Cambodian", "Colombian", "Colombian", "Colombian", "Colombian", "Colombian", "Daur", "Daur", "Daur", "Daur", "Daur", "Druze", "Druze", "Kalash", "Kalash", "Kalash", "Kalash", "Lahu", "Mandenka", "Maya", "MbutiPygmy", "MbutiPygmy", "Melanesian", "Melanesian", "Mongola", "Mongola", "Mongola", "Mozabite", "Mozabite", "Mozabite", "Palestinian", "Papuan", "Papuan", "Russian", "Yakut"],
  "targets": ["Balochi", "Bedouin", "Druze", "Melanesian", "Palestinian", "Basque", "Bedouin", "Druze", "Mozabite", "Russian", "Uygur", "BantuSouthAfrica", "BiakaPygmy", "Mandenka", "MbutiPygmy", "San", "BiakaPygmy", "MbutiPygmy", "Melanesian", "San", "Yoruba", "Druze", "Mozabite", "Palestinian", "Druze", "Palestinian", "Mandenka", "MbutiPygmy", "San", "Druze", "Kalash", "Maya", "Yi", "Daur", "Lahu", "Mongola", "Yakut", "Yi", "Lahu", "Maya", "Mozabite", "Pima", "San", "Melanesian", "Mongola", "Uygur", "Yakut", "Yi", "Kalash", "Russian", "Mongola", "Papuan", "Russian", "Yi", "Uygur", "Yoruba", "Pima", "San", "Yoruba", "Papuan", "Pima", "Russian", "Yakut", "Yi", "Palestinian", "Papuan", "Yoruba", "Uygur", "Uygur", "Yi", "Uygur", "Yi"],
  "weights": [2.6555, 2.3291, 2.5505, 3.9924, 1.9166, 2.6493, 2.2241, 2.1629, 2.4308, 2.5747, 2.9809, 3.5107, 3.7995, 3.9878, 3.5061, 6.9639, 4.1477, 4.1802, 5.4578, 6.2343, 3.9452, 2.0619, 2.5097, 2.4103, 1.6717, 1.8824, 3.9894, 3.6842, 7.1422, 3.6835, 3.0611, 2.9631, 3.6331, 3.0421, 2.7671, 2.3757, 2.5329, 2.9341, 5.2279, 4.0104, 6.4577, 3.7989, 9.4834, 3.9095, 2.7197, 2.9618, 2.5318, 2.5662, 2.7912, 2.3787, 3.4226, 4.5601, 2.6838, 3.6329, 3.8152, 2.2932, 2.6045, 6.6246, 3.7023, 3.7583, 3.8017, 2.9016, 2.1964, 2.4498, 2.4805, 3.763, 3.4939, 2.8734, 2.6692, 3.215, 2.3049, 2.3835],
  "loci": ["rs6757946", "rs12614917", "rs1429229", "rs6732445", "rs2163027", "rs2709447", "rs2564002", "rs2709460", "rs1366738", "rs1346612", "rs2564009", "rs10495525", "rs2564010", "rs11690032", "rs1896826", "rs2163025", "rs11694877", "rs10929853", "rs2564023", "rs6750041", "rs1366736", "rs891251", "rs2059912", "rs2709443", "rs1429225", "rs2564035", "rs720118", "rs2464989", "rs17373058", "rs12475371", "rs7559948", "rs7586479", "rs4668815", "rs2350571", "rs4257373", "rs7586540", "rs4433978", "rs10495528", "rs4293540", "rs6714022"]
}
