{
  "id": "EdgeSet007",
  "sources": ["Adygei", "Adygei", "Adygei", "Adygei", "Adygei", "Adygei", "Adygei", "Adygei", "Adygei", "Balochi", "Balochi", "Balochi", "Balochi", "Balochi", "Balochi", "BantuKenya", "BantuKenya", "BantuKenya", "BantuKenya", "BantuKenya", "BantuSouthAfrica", "BantuSouthAfrica", "BantuSouthAfrica", "BantuSouthAfrica", "Basque", "Basque", "Basque", "Basque", "Basque", "Basque", "Basque", "Bedouin", "Bedouin", "Bedouin", "Bedouin", "BiakaPygmy", "BiakaPygmy", "BiakaPygmy", "Burusho", "Burusho", "Burusho", "Burusho", "Burusho", "Burusho", "Cambodian", "Cambodian", "Cambodian", "Cambodian", "Cambodian", "Colombian", "Colombian", "Colombian", "Colombian", "Daur", "Daur", "Daur", "Daur", "Daur", "Druze", "Druze", "Druze", "Kalash", "Kalash", "Kalash", "Kalash", "Kalash", "Lahu", "Lahu", "Mandenka", "Mandenka", "Maya", "Maya", "Maya", "Maya", "Maya", "MbutiPygmy", "Melanesian", "Melanesian", "Melanesian", "Melanesian", "Mongola", "Mongola", "Mozabite", "Papuan", "Russian", "Russian", "San"],
  "targets": ["Balochi", "Bedouin", "Colombian", "Daur", "Kalash", "Melanesian", "Palestinian", "Uygur", "Yakut", "Burusho", "Cambodian", "Colombian", "Druze", "Kalash", "Yakut", "BantuSouthAfrica", "BiakaPygmy", "Mandenka", "Mozabite", "Yoruba", "BiakaPygmy", "Mandenka", "San", "Yoruba", "BiakaPygmy", "Burusho", "Daur", "Druze", "Papuan", "Russian", "Yi", "Druze", "Mozabite", "Palestinian", "Russian", "Mandenka", "MbutiPygmy", "San", "Druze", "Mozabite", "Papuan", "Pima", "Yakut", "Yi", "Daur", "Druze", "Lahu", "Uygur", "Yi", "Lahu", "Maya", "Mongola", "Pima", "Lahu", "Mongola", "Russian", "Uygur", "Yi", "Palestinian", "Pima", "Russian", "Maya", "MbutiPygmy", "Melanesian", "Papuan", "San", "Yakut", "Yi", "MbutiPygmy", "Yoruba", "Mongola", "Pima", "Russian", "Uygur", "Yi", "San", "Mongola", "Mozabite", "Papuan", "Uygur", "Pima", "Uygur", "Palestinian", "Russian", "Uygur", "Yakut", "Yoruba"],
  "weights": [2.2677, 2.3176, 4.3896, 2.7703, 2.6687, 2.439, 1.8732, 2.1594, 3.3246, 2.7533, 2.5876, 4.0361, 1.99, 2.8482, 2.6163, 3.8489, 4.1985, 3.6994, 4.277, 2.9028, 4.7907, 3.7001, 5.6374, 3.585, 6.1241, 2.9445, 3.081, 1.9857, 2.7264, 2.0622, 4.036, 2.0036, 2.3121, 1.784, 1.9827, 4.7937, 5.9616, 4.5715, 2.5373, 3.2591, 2.6405, 3.8113, 2.6404, 3.1513, 2.2271, 3.3228, 2.4863, 2.3101, 2.2722, 5.3988, 4.0222, 5.2382, 4.1641, 2.2994, 2.2093, 2.9664, 2.2288, 2.3677, 1.6916, 3.4279, 1.3695, 3.5928, 7.0905, 3.055, 2.9884, 6.8135, 1.714, 2.6255, 6.4992, 3.4706, 3.1116, 3.6117, 3.0279, 3.0163, 3.4221, 6.7477, 2.4917, 3.905, 2.3489, 2.324, 3.7345, 2.0768, 2.21, 2.3506, 1.9095, 2.4652, 5.2563],
  "loci": ["rs11673780", "rs2966398", "rs12990777", "rs2293084", "rs1320333", "rs1879524", "rs2867117", "rs1320334", "rs4517996", "rs2293085", "rs6707477", "rs2867137", "rs2867138", "rs6715346", "rs4854272", "rs4549126", "rs3924384", "rs4854367", "rs4854369", "rs4271795", "rs6756708", "rs4380275", "rs10183412", "rs6726475", "rs7571499", "rs6548255", "rs4411733", "rs12467306", "rs6757749", "rs4589796", "rs4854279", "rs12714424", "rs13397770", "rs9973322", "rs4533500", "rs4854402", "rs11682609", "rs4992454", "rs4263142", "rs6760982"]
}
