{
  "id": "EdgeSet090",
  "sources": ["Adygei", "Adygei", "Adygei", "Adygei", "Adygei", "Adygei", "Adygei", "Adygei", "Balochi", "Balochi", "Balochi", "Balochi", "Balochi", "Balochi", "BantuKenya", "BantuKenya", "BantuKenya", "BantuKenya", "BantuSouthAfrica", "BantuSouthAfrica", "BantuSouthAfrica", "BantuSouthAfrica", "Basque", "Basque", "Basque", "Basque", "Basque", "Bedouin", "Bedouin", "Bedouin", "BiakaPygmy", "BiakaPygmy", "BiakaPygmy", "Burusho", "Burusho", "Burusho", "Burusho", "Cambodian", "Cambodian", "Cambodian", "Cambodian", "Cambodian", "Cambodian", "Cambodian", "Colombian", "Colombian", "Colombian", "Colombian", "Colombian", "Colombian", "Daur", "Daur", "Daur", "Daur", "Daur", "Druze", "Kalash", "Kalash", "Kalash", "Kalash", "Kalash", "Lahu", "Lahu", "Lahu", "Mandenka", "Mandenka", "Maya", "Maya", "MbutiPygmy", "Melanesian", "Melanesian", "Melanesian", "Mongola", "Mongola", "Mongola", "Mozabite", "Palestinian", "Papuan", "Pima", "Russian", "Yakut"],
  "targets": ["Basque", "Burusho", "Druze", "Melanesian", "Mozabite", "Papuan", "Russian", "Uygur", "Basque", "Bedouin", "Druze", "Palestinian", "Papuan", "Russian", "BantuSouthAfrica", "Mandenka", "San", "Yoruba", "BiakaPygmy", "MbutiPygmy", "San", "Yoruba", "Burusho", "Cambodian", "MbutiPygmy", "Mozabite", "Palestinian", "Druze", "Palestinian", "Papuan", "MbutiPygmy", "San", "Yoruba", "Kalash", "Melanesian", "Palestinian", "Papuan", "Colombian", "Daur", "Lahu", "Maya", "Melanesian", "Pima", "Yi", "Daur", "Maya", "Melanesian", "Mongola", "Papuan", "Pima", "Lahu", "Mozabite", "Papuan", "Yakut", "Yi", "Mozabite", "Mozabite", "Pima", "Russian", "Uygur", "Yi", "MbutiPygmy", "Mongola", "Uygur", "MbutiPygmy", "Yoruba", "Russian", "Uygur", "San", "Papuan", "San", "Yakut", "Pima", "Yakut", "Yi", "Palestinian", "Uygur", "Russian", "Yakut", "Uygur", "Yi"],
  "weights": [2.3233, 2.7527, 1.9485, 3.539, 2.0825, 3.4344, 1.927, 2.1589, 2.0241, 1.5706, 1.7291, 2.1858, 2.6466, 1.9723, 3.8087, 2.9202, 5.4734, 3.2468, 4.2119, 5.5939, 6.0667, 3.9645, 2.8228, 5.2171, 7.1911, 2.1062, 2.326, 1.1189, 2.0149, 2.6684, 4.6743, 6.0347, 3.6044, 2.9255, 3.5435, 3.5124, 3.1402, 4.2426, 3.5968, 4.9197, 3.6671, 4.6027, 3.3946, 2.6278, 5.455, 3.8076, 4.416, 3.8744, 4.7752, 3.8449, 4.9534, 3.1857, 3.9159, 2.1961, 2.52, 1.5321, 3.4174, 2.4827, 2.3696, 2.318, 3.0399, 7.4056, 4.2237, 4.4964, 4.8755, 2.8305, 2.47, 2.6054, 6.7787, 3.1736, 7.4881, 5.6559, 2.513, 2.2702, 1.9236, 2.0945, 2.4965, 2.7786, 3.1481, 1.9017, 2.5464],
  "loci": ["rs11676467", "rs772436", "rs10495558", "rs2948927", "rs1851703", "rs2948926", "rs1656168", "rs772425", "rs2948925", "rs12692341", "rs812810", "rs772428", "rs12623926", "rs6757465", "rs7583298", "rs6708659", "rs6431896", "rs6760840", "rs6431897", "rs1523612", "rs7570944", "rs10803690", "rs12692343", "rs7601867", "rs798443", "rs6750299", "rs798434", "rs798421", "rs798428", "rs10490216", "rs1030051", "rs1030052", "rs12472063", "rs2216174", "rs17430926", "rs878276", "rs10168890", "rs6750540", "rs2041874", "rs992389"]
}
