{
  "id": "EdgeSet012",
  "sources": ["Adygei", "Adygei", "Adygei", "Adygei", "Adygei", "Adygei", "Balochi", "Balochi", "Balochi", "Balochi", "Balochi", "Balochi", "BantuKenya", "BantuKenya", "BantuKenya", "BantuKenya", "BantuKenya", "BantuSouthAfrica", "BantuSouthAfrica", "BantuSouthAfrica", "BantuSouthAfrica", "Basque", "Basque", "Basque", "Basque", "Bedouin", "Bedouin", "Bedouin", "Bedouin", "Bedouin", "BiakaPygmy", "BiakaPygmy", "BiakaPygmy", "Burusho", "Burusho", "Burusho", "Burusho", "Cambodian", "Cambodian", "Cambodian", "Colombian", "Colombian", "Colombian", "Colombian", "Colombian", "Daur", "Daur", "Daur", "Daur", "Daur", "Daur", "Druze", "Druze", "Kalash", "Kalash", "Kalash", "Kalash", "Lahu", "Lahu", "Lahu", "Lahu", "Mandenka", "Maya", "MbutiPygmy", "Melanesian", "Melanesian", "Melanesian", "Melanesian", "Mongola", "Mongola", "Mongola", "Mongola", "Mozabite", "Mozabite", "Papuan", "Pima", "Russian"],
  "targets": ["Balochi", "Bedouin", "Colombian", "Druze", "Palestinian", "Russian", "Basque", "Bedouin", "Burusho", "Druze", "Russian", "Uygur", "BantuSouthAfrica", "Mandenka", "MbutiPygmy", "San", "Yoruba", "BiakaPygmy", "Mandenka", "San", "Yoruba", "Druze", "Kalash", "Russian", "Uygur", "Druze", "Kalash", "Mozabite", "Palestinian", "Yakut", "Mandenka", "MbutiPygmy", "San", "Colombian", "Maya", "Papuan", "Uygur", "Colombian", "Daur", "Yi", "Kalash", "Maya", "Papuan", "Pima", "Yakut", "Mongola", "Palestinian", "Pima", "Uygur", "Yakut", "Yi", "Lahu", "Palestinian", "Mongola", "Papuan", "Russian", "Yakut", "Maya", "Mongola", "Yakut", "Yi", "Yoruba", "Pima", "Yoruba", "Mongola", "Papuan", "San", "Yi", "Palestinian", "Uygur", "Yakut", "Yi", "Yakut", "Yoruba", "Yi", "Yi", "Uygur"],
  "weights": [1.7605, 2.0083, 4.3215, 1.7591, 2.0559, 2.5012, 1.7234, 1.9728, 2.4083, 1.727, 2.1994, 2.03, 4.7429, 3.1993, 3.9319, 4.6071, 4.0171, 5.9221, 3.7938, 6.0126, 3.6752, 2.0089, 2.7509, 1.8889, 2.0377, 1.9084, 2.8603, 1.8547, 2.0882, 4.2399, 4.3997, 3.5817, 5.4581, 4.2849, 2.8762, 5.1147, 1.9595, 5.4272, 3.3157, 3.3925, 5.1257, 4.1053, 6.9304, 4.9814, 5.3883, 2.4354, 3.9217, 3.0019, 2.6143, 2.4704, 2.7681, 2.7218, 1.9895, 4.7114, 5.8516, 3.118, 4.5236, 2.6749, 2.5436, 3.0679, 2.9171, 3.2708, 2.7059, 4.507, 3.5031, 3.671, 7.0491, 3.5166, 3.3139, 2.4165, 2.5256, 2.3635, 3.7344, 4.1415, 5.0939, 3.5508, 2.5539],
  "loci": ["rs11211657", "rs13021490", "rs4641984", "rs13420301", "rs13011951", "rs4927635", "rs13033766", "rs9677346", "rs4927600", "rs11894739", "rs4456742", "rs4471928", "rs13423589", "rs4927602", "rs9326161", "rs4076290", "rs11897977", "rs4261760", "rs10153889", "rs10190521", "rs10183226", "rs17091595", "rs11675434", "rs2298873", "rs2071399", "rs2071402", "rs10193983", "rs2276702", "rs9678469", "rs10519477", "rs1567919", "rs949832", "rs1514687", "rs1514684", "rs11891272", "rs4425120", "rs17091682", "rs7602332", "rs6747390", "rs2009364"]
}
