{
  "id": "EdgeSet052",
  "sources": ["Adygei", "Adygei", "Adygei", "Adygei", "Balochi", "Balochi", "Balochi", "Balochi", "BantuKenya", "BantuKenya", "BantuKenya", "BantuKenya", "BantuSouthAfrica", "BantuSouthAfrica", "Basque", "Basque", "Basque", "Bedouin", "Bedouin", "Bedouin", "BiakaPygmy", "BiakaPygmy", "BiakaPygmy", "Burusho", "Burusho", "Burusho", "Burusho", "Burusho", "Burusho", "Burusho", "Cambodian", "Cambodian", "Cambodian", "Cambodian", "Cambodian", "Cambodian", "Colombian", "Colombian", "Colombian", "Colombian", "Daur", "Daur", "Daur", "Daur", "Druze", "Druze", "Druze", "Druze", "Kalash", "Kalash", "Kalash", "Kalash", "Kalash", "Lahu", "Lahu", "Lahu", "Mandenka", "Maya", "Maya", "MbutiPygmy", "MbutiPygmy", "Melanesian", "Melanesian", "Mongola", "Mongola", "Mongola", "Mongola", "Mozabite", "Russian", "San", "Uygur", "Yakut"],
  "targets": ["Balochi", "Basque", "Bedouin", "Uygur", "Bedouin", "Druze", "Palestinian", "Uygur", "BantuSouthAfrica", "Mandenka", "Mozabite", "Yoruba", "BiakaPygmy", "Yoruba", "Druze", "Papuan", "Yi", "Druze", "Mozabite", "Palestinian", "Mandenka", "MbutiPygmy", "Yoruba", "Cambodian", "Colombian", "Lahu", "Papuan", "Pima", "Uygur", "Yakut", "Daur", "Kalash", "Lahu", "San", "Uygur", "Yi", "Lahu", "Maya", "Pima", "Russian", "Mongola", "San", "Yakut", "Yi", "Lahu", "Palestinian", "Pima", "Russian", "Melanesian", "Mongola", "Russian", "Uygur", "Yakut", "Melanesian", "San", "Yi", "Yoruba", "Papuan", "Pima", "San", "Yoruba", "Papuan", "Russian", "Papuan", "Uygur", "Yakut", "Yi", "Palestinian", "San", "Yoruba", "Yakut", "Yi"],
  "weights": [2.0482, 2.9596, 1.8634, 3.1366, 1.8573, 2.1465, 2.0408, 2.5435, 2.7214, 3.021, 3.0233, 2.9481, 4.169, 3.2867, 3.0298, 4.854, 4.1398, 2.1464, 2.1169, 2.0192, 3.8832, 5.5764, 3.4733, 4.5017, 4.8134, 5.6126, 4.6697, 4.153, 3.6441, 4.2426, 3.0211, 3.8531, 3.5943, 5.8162, 3.6156, 3.3981, 4.972, 1.8055, 3.046, 4.5528, 2.7469, 5.8578, 3.0722, 2.9508, 3.6513, 2.1499, 3.7969, 2.6645, 3.7702, 3.4969, 3.0954, 3.2232, 4.4495, 4.3488, 5.8024, 3.3452, 2.1826, 4.3715, 2.3707, 5.7073, 5.474, 2.9059, 3.3477, 4.2701, 3.1837, 2.9649, 3.0999, 2.3418, 5.4387, 5.1315, 3.237, 2.7764],
  "loci": ["rs992905", "rs4438515", "rs1551296", "rs1973049", "rs7585606", "rs10206572", "rs7592329", "rs13023918", "rs6761955", "rs4854192", "rs6754432", "rs6747687", "rs11687107", "rs7565101", "rs7559077", "rs1078821", "rs1078819", "rs6548160", "rs4854194", "rs12714386", "rs4580409", "rs6548165", "rs11675522", "rs2887312", "rs1026326", "rs6730025", "rs11693415", "rs12618690", "rs13021132", "rs10495516", "rs10495515", "rs4854131", "rs10208086", "rs4402798", "rs17682", "rs2305491", "rs4241310", "rs7584823", "rs7595382", "rs2602764"]
}
