{
  "id": "EdgeSet062",
  "sources": ["Adygei", "Adygei", "Adygei", "Adygei", "Adygei", "Adygei", "Adygei", "Balochi", "Balochi", "Balochi", "Balochi", "Balochi", "Balochi", "BantuKenya", "BantuKenya", "BantuKenya", "BantuKenya", "BantuKenya", "BantuSouthAfrica", "BantuSouthAfrica", "BantuSouthAfrica", "BantuSouthAfrica", "Basque", "Basque", "Basque", "Basque", "Basque", "Bedouin", "Bedouin", "Bedouin", "Bedouin", "BiakaPygmy", "BiakaPygmy", "BiakaPygmy", "BiakaPygmy", "Burusho", "Burusho", "Cambodian", "Cambodian", "Cambodian", "Cambodian", "Colombian", "Colombian", "Colombian", "Colombian", "Daur", "Daur", "Daur", "Daur", "Daur", "Druze", "Druze", "Kalash", "Kalash", "Lahu", "Lahu", "Lahu", "Mandenka", "Maya", "Maya", "Maya", "Maya", "Maya", "Maya", "Maya", "MbutiPygmy", "MbutiPygmy", "Melanesian", "Melanesian", "Melanesian", "Melanesian", "Mongola", "Russian", "Uygur", "Yakut"],
  "targets": ["Druze", "Kalash", "Lahu", "Mongola", "Mozabite", "Palestinian", "San", "Burusho", "Druze", "Kalash", "Palestinian", "Russian", "Uygur", "BantuSouthAfrica", "BiakaPygmy", "Mandenka", "Mozabite", "Yoruba", "Mandenka", "MbutiPygmy", "Pima", "Yoruba", "Lahu", "Melanesian", "Mozabite", "Palestinian", "Russian", "Druze", "Mozabite", "Palestinian", "Papuan", "Mandenka", "MbutiPygmy", "San", "Yoruba", "Russian", "Uygur", "Lahu", "Maya", "Uygur", "Yi", "Kalash", "Maya", "Pima", "San", "Lahu", "Mongola", "Pima", "Uygur", "Yi", "Palestinian", "Russian", "Palestinian", "Pima", "Maya", "MbutiPygmy", "Melanesian", "Yoruba", "Mongola", "Papuan", "Pima", "Russian", "Uygur", "Yakut", "Yi", "San", "Yoruba", "Mongola", "Papuan", "Yakut", "Yi", "Yakut", "Uygur", "Yakut", "Yi"],
  "weights": [2.0994, 2.4422, 4.716, 3.4137, 2.6417, 2.2572, 5.4838, 2.9202, 2.1769, 2.6368, 2.1776, 2.875, 2.8447, 3.6235, 3.4246, 2.579, 3.6298, 2.8404, 3.3997, 6.2496, 6.588, 3.5932, 3.8133, 4.176, 2.2315, 2.6086, 2.9205, 2.531, 1.8093, 2.3227, 3.2945, 3.3992, 6.0588, 5.8565, 4.1427, 2.9824, 2.6748, 3.2383, 3.4406, 3.2401, 3.3535, 4.6922, 3.4966, 3.5159, 6.7778, 4.145, 2.5213, 4.7389, 3.9793, 3.0417, 2.2958, 3.0248, 2.3254, 4.7937, 4.0146, 7.6971, 3.7931, 2.61, 3.3467, 3.8042, 3.863, 4.5498, 3.1332, 2.8676, 3.9819, 6.418, 5.8823, 3.7705, 3.5112, 3.5243, 3.8201, 2.5842, 2.7676, 2.7603, 2.2994],
  "loci": ["rs10929584", "rs17360019", "rs17360123", "rs6734526", "rs6432010", "rs4669392", "rs4558567", "rs4669393", "rs1370937", "rs7561204", "rs13417931", "rs1438628", "rs4613246", "rs1866364", "rs2118186", "rs16863881", "rs7566447", "rs920185", "rs7575439", "rs2882274", "rs13432623", "rs2882275", "rs10185641", "rs1865931", "rs11690139", "rs17297002", "rs10165036", "rs10168340", "rs13007983", "rs17297570", "rs11895508", "rs13407371", "rs7557343", "rs17363613", "rs11675355", "rs16863992", "rs13428841", "rs6761918", "rs1821797", "rs10171668"]
}
