{
  "id": "EdgeSet039",
  "sources": ["Adygei", "Adygei", "Adygei", "Adygei", "Adygei", "Balochi", "Balochi", "Balochi", "Balochi", "BantuKenya", "BantuKenya", "BantuKenya", "BantuKenya", "BantuSouthAfrica", "BantuSouthAfrica", "BantuSouthAfrica", "BantuSouthAfrica", "BantuSouthAfrica", "BantuSouthAfrica", "Basque", "Basque", "Basque", "Basque", "Bedouin", "Bedouin", "BiakaPygmy", "BiakaPygmy", "BiakaPygmy", "BiakaPygmy", "Burusho", "Burusho", "Burusho", "Cambodian", "Cambodian", "Cambodian", "Cambodian", "Cambodian", "Colombian", "Colombian", "Daur", "Daur", "Daur", "Druze", "Druze", "Druze", "Kalash", "Kalash", "Kalash", "Kalash", "Lahu", "Lahu", "Lahu", "Mandenka", "Maya", "Maya", "Maya", "Maya", "MbutiPygmy", "MbutiPygmy", "Melanesian", "Melanesian", "Melanesian", "Melanesian", "Mongola", "Mongola", "Mozabite", "Mozabite", "Mozabite", "Mozabite", "Palestinian", "Papuan", "Papuan", "Russian", "Russian", "San", "Uygur", "Uygur"],
  "targets": ["Bedouin", "Druze", "Palestinian", "Pima", "Yakut", "Burusho", "Kalash", "Papuan", "Uygur", "BiakaPygmy", "Mandenka", "Mozabite", "Yoruba", "BiakaPygmy", "Kalash", "Mandenka", "MbutiPygmy", "San", "Yoruba", "Bedouin", "Druze", "Palestinian", "Russian", "Druze", "Palestinian", "Mandenka", "MbutiPygmy", "San", "Yoruba", "Palestinian", "Russian", "Uygur", "Daur", "Druze", "Lahu", "MbutiPygmy", "Mongola", "Maya", "Pima", "Lahu", "Yakut", "Yi", "Mozabite", "Russian", "Uygur", "MbutiPygmy", "Pima", "Uygur", "Yakut", "Mongola", "San", "Yi", "Yoruba", "Melanesian", "Pima", "Russian", "Yakut", "Palestinian", "San", "Mongola", "Papuan", "Russian", "Yi", "Uygur", "Yi", "Palestinian", "Russian", "Uygur", "Yoruba", "Papuan", "Pima", "Yakut", "San", "Uygur", "Yi", "Yakut", "Yi"],
  "weights": [2.0009, 1.9358, 2.2075, 3.8488, 3.4815, 2.0154, 2.7807, 4.0734, 2.1796, 3.7442, 3.3165, 3.6502, 2.8933, 3.5552, 5.0855, 3.2517, 5.4734, 5.6723, 2.9073, 2.3611, 2.6342, 2.6349, 3.4777, 1.7835, 1.6884, 3.0574, 4.7554, 5.6012, 2.8575, 2.3414, 2.8119, 2.1125, 3.2409, 3.9737, 3.0523, 5.785, 2.7296, 2.6711, 3.1798, 2.7961, 2.8226, 1.7555, 2.3006, 2.5217, 2.2247, 5.6267, 3.8806, 2.8249, 3.5297, 2.4681, 6.4006, 2.5249, 2.1653, 5.6094, 4.0374, 5.0208, 4.7882, 5.491, 6.7448, 3.3411, 3.9966, 3.7699, 3.4779, 2.5303, 2.2832, 2.349, 2.8834, 2.5168, 3.81, 5.1844, 5.1376, 3.9564, 7.6045, 2.5496, 5.895, 2.7313, 2.9131],
  "loci": ["rs992515", "rs1111281", "rs1563173", "rs17018123", "rs1454237", "rs1011148", "rs10495492", "rs2034732", "rs2034730", "rs12467066", "rs7562936", "rs1563171", "rs897067", "rs968796", "rs10495493", "rs1454232", "rs4849996", "rs1454229", "rs10495494", "rs722087", "rs4849997", "rs4849999", "rs4850000", "rs766904", "rs11123620", "rs2313468", "rs7591808", "rs12616876", "rs883258", "rs4850005", "rs6729762", "rs4371367", "rs6735949", "rs4850016", "rs1472240", "rs12479123", "rs12464708", "rs11901335", "rs6745246", "rs4850022"]
}
