{
  "id": "EdgeSet014",
  "sources": ["Adygei", "Adygei", "Adygei", "Adygei", "Adygei", "Adygei", "Balochi", "Balochi", "Balochi", "Balochi", "Balochi", "BantuKenya", "BantuKenya", "BantuKenya", "BantuKenya", "BantuSouthAfrica", "BantuSouthAfrica", "BantuSouthAfrica", "BantuSouthAfrica", "Basque", "Basque", "Basque", "Basque", "Basque", "Basque", "Bedouin", "Bedouin", "Bedouin", "Bedouin", "Bedouin", "Bedouin", "BiakaPygmy", "BiakaPygmy", "BiakaPygmy", "BiakaPygmy", "Burusho", "Burusho", "Burusho", "Cambodian", "Cambodian", "Cambodian", "Cambodian", "Cambodian", "Cambodian", "Colombian", "Colombian", "Colombian", "Colombian", "Daur", "Daur", "Daur", "Daur", "Druze", "Druze", "Kalash", "Kalash", "Kalash", "Kalash", "Kalash", "Lahu", "Lahu", "Lahu", "Mandenka", "Mandenka", "Maya", "Maya", "Maya", "Maya", "MbutiPygmy", "MbutiPygmy", "MbutiPygmy", "Melanesian", "Melanesian", "Mongola", "Mongola", "Mongola", "Mongola", "Mozabite", "Mozabite", "Mozabite", "Mozabite", "Papuan", "Pima", "San", "Yakut"],
  "targets": ["Balochi", "Burusho", "Daur", "Druze", "Russian", "Yi", "Basque", "Burusho", "Mongola", "Papuan", "Yakut", "Colombian", "Mandenka", "MbutiPygmy", "Melanesian", "Lahu", "Mandenka", "San", "Yoruba", "Daur", "Melanesian", "Mongola", "Palestinian", "Russian", "Uygur", "Daur", "Druze", "Mongola", "Mozabite", "Palestinian", "San", "Mandenka", "MbutiPygmy", "San", "Yoruba", "Colombian", "Druze", "San", "Lahu", "Maya", "Pima", "Uygur", "Yakut", "Yi", "Maya", "MbutiPygmy", "Papuan", "San", "Druze", "Melanesian", "Yakut", "Yi", "Lahu", "Russian", "Maya", "Melanesian", "Mongola", "Papuan", "Yi", "Maya", "Russian", "Yi", "Palestinian", "Yoruba", "Papuan", "Pima", "Uygur", "Yakut", "Mozabite", "San", "Yoruba", "Papuan", "Uygur", "Palestinian", "Russian", "Uygur", "Yakut", "Palestinian", "Russian", "Yi", "Yoruba", "San", "Russian", "Yoruba", "Yi"],
  "weights": [1.461, 2.1592, 2.8731, 1.8523, 2.3891, 2.2407, 1.9198, 2.2586, 2.2335, 4.9858, 2.0132, 6.0957, 3.7996, 5.85, 5.7915, 5.8063, 5.073, 12.0978, 5.4684, 2.3179, 4.8364, 2.1477, 1.9057, 2.538, 1.7795, 2.8298, 2.3226, 2.5441, 2.7854, 2.095, 11.1176, 3.7271, 6.2078, 10.8239, 3.4759, 5.4914, 2.0633, 11.4184, 2.4428, 3.1234, 2.5129, 2.4594, 3.2093, 2.5964, 4.465, 8.4143, 6.0434, 12.5143, 2.0199, 4.1656, 2.0491, 2.4018, 2.3433, 2.7239, 2.582, 3.8742, 2.8125, 3.7023, 3.313, 4.0154, 3.8487, 2.285, 3.8962, 3.2813, 4.3134, 2.9893, 2.4591, 2.3518, 6.5402, 12.563, 6.0164, 3.4819, 4.114, 2.7449, 2.9304, 2.1463, 2.4101, 2.268, 3.2215, 2.8352, 4.4625, 12.1211, 2.4591, 10.4453, 2.0155],
  "loci": ["rs2070882", "rs6706775", "rs11694726", "rs4927615", "rs17091737", "rs6723319", "rs11211654", "rs10171105", "rs10201842", "rs10196514", "rs13430369", "rs732609", "rs3755552", "rs3755551", "rs4927621", "rs13414566", "rs13398180", "rs17732233", "rs11896906", "rs1126799", "rs6711545", "rs4927632", "rs6605278", "rs6744743", "rs7583169", "rs6721243", "rs7564265", "rs10183727", "rs11890904", "rs10779972", "rs9752413", "rs11692295", "rs9679266", "rs9752743", "rs9711681", "rs6713543", "rs4240", "rs2241457", "rs12714344", "rs1030308"]
}
