{
  "id": "EdgeSet069",
  "sources": ["Adygei", "Adygei", "Adygei", "Adygei", "Adygei", "Balochi", "Balochi", "Balochi", "Balochi", "Balochi", "Balochi", "BantuKenya", "BantuKenya", "BantuKenya", "BantuKenya", "BantuSouthAfrica", "BantuSouthAfrica", "BantuSouthAfrica", "Basque", "Basque", "Basque", "Bedouin", "Bedouin", "Bedouin", "Bedouin", "Bedouin", "BiakaPygmy", "BiakaPygmy", "BiakaPygmy", "BiakaPygmy", "Burusho", "Burusho", "Cambodian", "Cambodian", "Cambodian", "Cambodian", "Colombian", "Colombian", "Colombian", "Colombian", "Colombian", "Daur", "Daur", "Daur", "Daur", "Daur", "Druze", "Druze", "Druze", "Druze", "Kalash", "Kalash", "Kalash", "Kalash", "Lahu", "Lahu", "Mandenka", "Mandenka", "Mandenka", "Maya", "MbutiPygmy", "Melanesian", "Melanesian", "Mongola", "Mongola", "Mongola", "Mozabite", "Papuan", "Pima", "Pima", "Russian", "San", "Uygur", "Yakut"],
  "targets": ["Balochi", "Bedouin", "Burusho", "Maya", "Uygur", "Basque", "Burusho", "Daur", "Kalash", "Papuan", "Russian", "BiakaPygmy", "Mandenka", "San", "Yoruba", "BiakaPygmy", "MbutiPygmy", "Yoruba", "Burusho", "Palestinian", "Russian", "Druze", "Mozabite", "Palestinian", "Pima", "Russian", "Mandenka", "MbutiPygmy", "San", "Yoruba", "Druze", "Pima", "Lahu", "Mongola", "Papuan", "Yi", "Daur", "Kalash", "Maya", "Pima", "San", "Lahu", "Maya", "Mozabite", "Palestinian", "Yakut", "Kalash", "Palestinian", "Pima", "Russian", "Lahu", "Maya", "Melanesian", "Yakut", "Melanesian", "San", "MbutiPygmy", "Mozabite", "Yoruba", "Pima", "San", "Mongola", "Papuan", "Mozabite", "Uygur", "Yi", "Papuan", "Uygur", "Uygur", "Yakut", "Uygur", "Yoruba", "Yakut", "Yi"],
  "weights": [1.887, 1.7449, 1.226, 2.4376, 2.0063, 1.9204, 1.9417, 3.504, 3.3504, 2.5594, 1.4116, 4.7278, 3.9725, 8.6754, 2.6454, 5.2114, 4.0719, 5.0333, 1.7473, 1.7748, 1.8308, 1.4174, 1.9232, 1.5658, 2.2075, 1.5277, 4.6373, 4.8996, 8.6444, 3.9965, 1.6932, 1.963, 3.9296, 3.4962, 3.2296, 2.2168, 4.4464, 4.1011, 2.9987, 3.187, 9.9262, 3.8741, 2.7728, 3.027, 2.8694, 1.8712, 3.9455, 1.6008, 2.3406, 1.7174, 4.3129, 2.9966, 2.953, 2.3685, 4.2322, 10.1738, 5.8812, 4.178, 3.5988, 2.3686, 9.1592, 4.1318, 1.8051, 3.1168, 2.5324, 2.9208, 2.4769, 2.3058, 2.1031, 2.4615, 1.8892, 7.9603, 2.1624, 3.2968],
  "loci": ["rs12467472", "rs2693828", "rs12997510", "rs2693822", "rs7571496", "rs12614070", "rs2257197", "rs2609104", "rs6718476", "rs1949914", "rs2693818", "rs4668443", "rs11889413", "rs2693867", "rs1818962", "rs2693865", "rs12478602", "rs12151753", "rs1880803", "rs2609174", "rs6719357", "rs9798084", "rs1852319", "rs16864756", "rs2693889", "rs16864759", "rs1526374", "rs6431757", "rs12622790", "rs12623519", "rs11694843", "rs16864810", "rs6722570", "rs871123", "rs872460", "rs16864841", "rs7566793", "rs13397476", "rs12463667", "rs10168477"]
}
