{
  "id": "EdgeSet038",
  "sources": ["Adygei", "Adygei", "Adygei", "Adygei", "Adygei", "Adygei", "Balochi", "Balochi", "Balochi", "Balochi", "Balochi", "BantuKenya", "BantuKenya", "BantuKenya", "BantuKenya", "BantuSouthAfrica", "BantuSouthAfrica", "BantuSouthAfrica", "BantuSouthAfrica", "Basque", "Basque", "Basque", "Basque", "Bedouin", "Bedouin", "Bedouin", "BiakaPygmy", "BiakaPygmy", "BiakaPygmy", "BiakaPygmy", "BiakaPygmy", "Burusho", "Burusho", "Burusho", "Burusho", "Burusho", "Burusho", "Burusho", "Cambodian", "Cambodian", "Cambodian", "Cambodian", "Cambodian", "Colombian", "Colombian", "Colombian", "Daur", "Daur", "Daur", "Daur", "Druze", "Druze", "Kalash", "Kalash", "Kalash", "Lahu", "Lahu", "Mandenka", "Mandenka", "Maya", "Maya", "Maya", "MbutiPygmy", "Melanesian", "Melanesian", "Melanesian", "Melanesian", "Melanesian", "Mongola", "Mongola", "Mozabite", "Mozabite", "Mozabite", "Mozabite", "Papuan", "Papuan", "Papuan", "Russian", "Yakut"],
  "targets": ["Bedouin", "Druze", "Palestinian", "Pima", "Russian", "Yakut", "Basque", "Bedouin", "Burusho", "Russian", "Uygur", "BiakaPygmy", "MbutiPygmy", "Mozabite", "Yoruba", "BiakaPygmy", "Mongola", "San", "Yoruba", "Bedouin", "Druze", "Palestinian", "Russian", "Druze", "Melanesian", "Palestinian", "Kalash", "Mandenka", "MbutiPygmy", "San", "Yoruba", "Cambodian", "Daur", "Druze", "Lahu", "Mozabite", "Palestinian", "Pima", "Daur", "Lahu", "Mongola", "Papuan", "Yi", "Kalash", "Maya", "Pima", "Lahu", "San", "Yakut", "Yi", "Mozabite", "Russian", "Mandenka", "Pima", "Yakut", "Melanesian", "Papuan", "MbutiPygmy", "Yoruba", "Mongola", "Pima", "Russian", "San", "Mongola", "Papuan", "Pima", "Yakut", "Yi", "Papuan", "Uygur", "Palestinian", "Russian", "San", "Yoruba", "Pima", "Yakut", "Yi", "Uygur", "Yi"],
  "weights": [2.1359, 2.0089, 2.0376, 3.0482, 2.705, 2.9608, 2.5383, 2.1751, 2.3631, 2.4903, 2.7225, 3.5222, 4.6353, 3.003, 2.8731, 3.2967, 5.5023, 5.7644, 2.8592, 2.2958, 2.4418, 2.4202, 3.0827, 2.0512, 3.1638, 1.7744, 5.142, 3.3197, 4.2897, 5.7057, 3.1029, 3.7239, 3.9048, 2.5563, 4.3797, 2.8783, 2.5323, 3.5196, 2.8155, 2.0931, 3.8368, 4.8657, 2.5238, 3.0309, 2.0375, 3.0583, 2.4874, 7.4846, 2.9136, 2.5504, 2.1935, 2.4854, 3.2945, 2.9178, 3.0196, 3.2753, 4.0545, 4.811, 2.7221, 5.1454, 3.5141, 4.2048, 6.6866, 3.5083, 2.9791, 3.7542, 3.4949, 2.6289, 4.2364, 4.7213, 2.1429, 2.7249, 5.9692, 2.4509, 3.7794, 3.2875, 3.568, 3.1711, 2.8582],
  "loci": ["rs357977", "rs357976", "rs357968", "rs12463789", "rs4849987", "rs4849989", "rs7559461", "rs897069", "rs12463627", "rs10195488", "rs13021385", "rs17018009", "rs17018026", "rs11886534", "rs13396069", "rs4849991", "rs9789761", "rs1454242", "rs7559214", "rs10171309", "rs992515", "rs1111281", "rs1563173", "rs17018123", "rs1454237", "rs1011148", "rs10495492", "rs2034732", "rs2034730", "rs12467066", "rs7562936", "rs1563171", "rs897067", "rs968796", "rs10495493", "rs1454232", "rs4849996", "rs1454229", "rs10495494", "rs722087"]
}
