{
  "id": "EdgeSet003",
  "sources": ["Adygei", "Adygei", "Adygei", "Adygei", "Adygei", "Adygei", "Adygei", "Adygei", "Balochi", "Balochi", "Balochi", "Balochi", "Balochi", "BantuKenya", "BantuKenya", "BantuKenya", "BantuKenya", "BantuKenya", "BantuSouthAfrica", "BantuSouthAfrica", "BantuSouthAfrica", "BantuSouthAfrica", "Basque", "Basque", "Basque", "Basque", "Bedouin", "Bedouin", "Bedouin", "Bedouin", "BiakaPygmy", "BiakaPygmy", "BiakaPygmy", "BiakaPygmy", "BiakaPygmy", "Burusho", "Burusho", "Burusho", "Burusho", "Burusho", "Cambodian", "Cambodian", "Cambodian", "Cambodian", "Colombian", "Colombian", "Colombian", "Daur", "Daur", "Daur", "Daur", "Daur", "Druze", "Druze", "Druze", "Kalash", "Kalash", "Lahu", "Lahu", "Lahu", "Lahu", "Mandenka", "Mandenka", "Mandenka", "Maya", "Maya", "Maya", "Maya", "MbutiPygmy", "MbutiPygmy", "Melanesian", "Melanesian", "Mongola", "Mongola", "Mozabite", "Mozabite", "Papuan", "Pima", "Russian", "San", "Uygur"],
  "targets": ["Balochi", "Basque", "Burusho", "Druze", "Kalash", "Palestinian", "Russian", "Yakut", "Basque", "Druze", "Kalash", "Russian", "Uygur", "BantuSouthAfrica", "BiakaPygmy", "Mozabite", "San", "Yoruba", "BiakaPygmy", "MbutiPygmy", "San", "Yoruba", "Bedouin", "Druze", "Kalash", "Maya", "Colombian", "Druze", "Palestinian", "Russian", "Cambodian", "MbutiPygmy", "Mozabite", "San", "Yoruba", "Maya", "Melanesian", "Pima", "Russian", "Yakut", "Lahu", "Papuan", "Uygur", "Yi", "Maya", "Mongola", "Yi", "Lahu", "Mongola", "Pima", "Yakut", "Yi", "Mozabite", "Palestinian", "Uygur", "Maya", "Mongola", "Melanesian", "Uygur", "Yakut", "Yi", "Mozabite", "San", "Yoruba", "Papuan", "Pima", "Russian", "Yakut", "Mozabite", "San", "Papuan", "Yakut", "Papuan", "Uygur", "Palestinian", "Yoruba", "Russian", "Yakut", "Uygur", "Yoruba", "Yi"],
  "weights": [2.4027, 2.0192, 3.2873, 2.0795, 3.0457, 2.3998, 2.199, 3.2049, 2.3451, 2.3451, 3.0973, 2.6917, 2.5227, 3.1444, 3.7825, 3.6521, 6.3273, 2.8672, 4.147, 5.9584, 6.5965, 3.1399, 2.4081, 2.1784, 2.7272, 4.9541, 5.5596, 1.5317, 1.7985, 2.7734, 5.6818, 5.1093, 4.0502, 6.2405, 3.6416, 5.7114, 4.7768, 4.4816, 3.6556, 3.6633, 3.3289, 4.4487, 3.4552, 3.2844, 5.0167, 4.2486, 3.9809, 3.1905, 3.0291, 3.7918, 2.5528, 2.4445, 2.6447, 1.8245, 2.6813, 4.9838, 3.3332, 4.3257, 3.8139, 4.3422, 3.4404, 3.615, 6.0999, 2.84, 5.9028, 3.7427, 5.4304, 5.6467, 7.0902, 5.9538, 4.3266, 3.626, 3.4298, 2.9424, 2.3146, 3.2035, 5.3477, 3.7183, 2.7188, 6.8103, 3.7792],
  "loci": ["rs1858308", "rs7582158", "rs1511323", "rs958877", "rs4374407", "rs12475610", "rs4630798", "rs10460598", "rs4854306", "rs2685230", "rs6716246", "rs2667204", "rs2724856", "rs17041255", "rs1511324", "rs12479270", "rs867926", "rs2724860", "rs12469725", "rs7601245", "rs2724861", "rs2724863", "rs2724913", "rs4854313", "rs2667215", "rs2685217", "rs4854316", "rs11891417", "rs11688315", "rs13395910", "rs2724929", "rs13006698", "rs2724855", "rs10865547", "rs1317448", "rs13414548", "rs4854319", "rs2974256", "rs2864822", "rs2685261"]
}
