{
  "id": "EdgeSet043",
  "sources": ["Adygei", "Adygei", "Adygei", "Adygei", "Adygei", "Balochi", "Balochi", "Balochi", "Balochi", "Balochi", "Balochi", "BantuKenya", "BantuKenya", "BantuKenya", "BantuKenya", "BantuKenya", "BantuKenya", "BantuSouthAfrica", "BantuSouthAfrica", "BantuSouthAfrica", "BantuSouthAfrica", "Basque", "Basque", "Basque", "Basque", "Basque", "Bedouin", "Bedouin", "Bedouin", "Bedouin", "Bedouin", "Bedouin", "BiakaPygmy", "BiakaPygmy", "BiakaPygmy", "Burusho", "Burusho", "Burusho", "Burusho", "Cambodian", "Cambodian", "Cambodian", "Colombian", "Colombian", "Colombian", "Colombian", "Daur", "Daur", "Daur", "Daur", "Daur", "Daur", "Daur", "Daur", "Druze", "Druze", "Druze", "Kalash", "Kalash", "Lahu", "Lahu", "Lahu", "Mandenka", "Mandenka", "Mandenka", "Maya", "MbutiPygmy", "MbutiPygmy", "MbutiPygmy", "MbutiPygmy", "Melanesian", "Melanesian", "Melanesian", "Mongola", "Mongola", "Mongola", "Mozabite", "Palestinian", "Palestinian", "Papuan", "Papuan", "Pima", "Russian"],
  "targets": ["Basque", "Kalash", "Mozabite", "Palestinian", "Russian", "Bedouin", "Burusho", "Daur", "Druze", "Russian", "Yakut", "BantuSouthAfrica", "Basque", "BiakaPygmy", "MbutiPygmy", "San", "Yoruba", "BiakaPygmy", "Mandenka", "San", "Yoruba", "Burusho", "Daur", "Druze", "Kalash", "San", "Burusho", "Druze", "Mongola", "Mozabite", "Palestinian", "Yakut", "Mandenka", "San", "Yoruba", "Daur", "Melanesian", "Palestinian", "Yakut", "Lahu", "Mandenka", "Yi", "Kalash", "Maya", "Pima", "Yakut", "Lahu", "Melanesian", "Mongola", "Palestinian", "Papuan", "San", "Uygur", "Yakut", "Mozabite", "Palestinian", "Russian", "Maya", "Palestinian", "Mongola", "Papuan", "Yi", "MbutiPygmy", "Papuan", "Yoruba", "Pima", "Mongola", "Mozabite", "San", "Yoruba", "Papuan", "Uygur", "Yi", "Papuan", "Uygur", "Yi", "Yoruba", "Papuan", "Russian", "San", "Yi", "Uygur", "Yakut"],
  "weights": [3.2731, 3.0549, 3.0072, 2.3518, 2.7587, 1.925, 2.1759, 2.7885, 2.0135, 2.0668, 2.3094, 3.5849, 6.2332, 3.6519, 4.8872, 5.6932, 3.3927, 3.7713, 4.0202, 5.3927, 3.6908, 3.1285, 3.8624, 2.7019, 3.2029, 9.0856, 2.4347, 1.7619, 3.502, 2.4, 1.8624, 3.3155, 3.7661, 5.7531, 3.6643, 3.1373, 3.991, 2.294, 2.6024, 2.2796, 5.1975, 2.5171, 2.9307, 1.5767, 2.1358, 3.2746, 3.2587, 4.048, 3.3533, 3.676, 6.8006, 8.7778, 3.7936, 2.8799, 2.4217, 1.8463, 2.3819, 2.668, 2.4023, 3.0688, 5.2659, 2.4299, 5.4778, 7.6964, 3.5481, 2.1317, 7.7113, 5.7238, 7.6033, 4.7472, 5.1032, 4.7045, 3.1155, 5.9397, 4.0445, 3.0712, 4.6002, 5.7735, 1.9517, 9.704, 4.9559, 3.6079, 2.6582],
  "loci": ["rs2577195", "rs1829396", "rs2118380", "rs10495496", "rs10519620", "rs11900881", "rs17018834", "rs10168734", "rs6542691", "rs7574256", "rs17018886", "rs6754487", "rs7601152", "rs7419807", "rs7572261", "rs1105749", "rs1105750", "rs1518852", "rs7575423", "rs6743559", "rs6542697", "rs2030264", "rs6716364", "rs11123636", "rs7586198", "rs6760082", "rs7589994", "rs13390011", "rs17019005", "rs4585039", "rs6542703", "rs12053357", "rs6754794", "rs6542704", "rs12465466", "rs2314698", "rs6542705", "rs6542706", "rs4131040", "rs12712001"]
}
