{
  "id": "EdgeSet009",
  "sources": ["Adygei", "Adygei", "Adygei", "Adygei", "Adygei", "Adygei", "Balochi", "Balochi", "Balochi", "Balochi", "Balochi", "BantuKenya", "BantuKenya", "BantuKenya", "BantuKenya", "BantuKenya", "BantuSouthAfrica", "BantuSouthAfrica", "BantuSouthAfrica", "BantuSouthAfrica", "Basque", "Basque", "Basque", "Basque", "Bedouin", "Bedouin", "Bedouin", "Bedouin", "BiakaPygmy", "BiakaPygmy", "BiakaPygmy", "BiakaPygmy", "BiakaPygmy", "Burusho", "Burusho", "Burusho", "Burusho", "Cambodian", "Cambodian", "Cambodian", "Cambodian", "Colombian", "Colombian", "Colombian", "Colombian", "Daur", "Daur", "Daur", "Daur", "Druze", "Druze", "Kalash", "Kalash", "Kalash", "Kalash", "Kalash", "Kalash", "Kalash", "Lahu", "Mandenka", "Mandenka", "Mandenka", "Maya", "Maya", "Maya", "Maya", "MbutiPygmy", "Melanesian", "Mongola", "Mongola", "Mongola", "Mozabite", "Mozabite", "Mozabite", "Mozabite", "Palestinian", "Pima", "Uygur"],
  "targets": ["Basque", "Lahu", "Mongola", "Russian", "Uygur", "Yakut", "Bedouin", "Druze", "Kalash", "Mongola", "Pima", "BantuSouthAfrica", "Mandenka", "MbutiPygmy", "San", "Yoruba", "BiakaPygmy", "Mandenka", "San", "Yoruba", "Bedouin", "Druze", "Russian", "Yoruba", "Druze", "Mozabite", "Palestinian", "Russian", "Cambodian", "Mandenka", "MbutiPygmy", "San", "Yoruba", "Druze", "Mozabite", "Uygur", "Yakut", "Daur", "Lahu", "Uygur", "Yi", "Maya", "MbutiPygmy", "Mongola", "Papuan", "Lahu", "Melanesian", "Uygur", "Yakut", "Palestinian", "Uygur", "Maya", "Melanesian", "Mongola", "Mozabite", "Uygur", "Yakut", "Yi", "Yi", "MbutiPygmy", "Russian", "Yoruba", "MbutiPygmy", "Mongola", "Pima", "Yi", "San", "Papuan", "Pima", "Russian", "Yakut", "Palestinian", "Pima", "Russian", "Yoruba", "Papuan", "Yakut", "Yakut"],
  "weights": [2.6373, 3.0225, 2.2887, 2.7607, 2.3606, 2.5131, 1.9609, 1.527, 2.2591, 2.3257, 2.9634, 4.4463, 3.1674, 6.1402, 6.4317, 2.7119, 5.0678, 4.0809, 7.0608, 4.3152, 2.1549, 1.8996, 2.0567, 4.2356, 1.6004, 2.3465, 1.9802, 3.0422, 5.7055, 4.2331, 5.9621, 7.076, 4.221, 2.5969, 3.5313, 2.0891, 2.4514, 2.1717, 2.0778, 2.1219, 1.5617, 5.324, 7.5229, 4.1495, 5.036, 2.9081, 3.4697, 2.2061, 2.6976, 2.0201, 2.4014, 6.107, 3.8379, 2.5408, 3.0933, 3.3317, 3.0063, 3.5419, 2.1185, 6.1774, 4.1713, 2.7246, 8.9791, 5.143, 3.948, 4.973, 7.8125, 2.7188, 2.5897, 3.5951, 1.7501, 2.0556, 3.6737, 2.8849, 3.3736, 4.5973, 2.8306, 2.3329],
  "loci": ["rs4854414", "rs7419823", "rs4854417", "rs4241338", "rs4854428", "rs4854431", "rs4971342", "rs7603623", "rs4971347", "rs7559853", "rs6548284", "rs7355580", "rs4524155", "rs5020133", "rs4464315", "rs7598261", "rs11127542", "rs4401240", "rs6707252", "rs11894899", "rs7574097", "rs7574207", "rs9309723", "rs7603971", "rs4971336", "rs4971329", "rs4246558", "rs4488692", "rs9309724", "rs4629189", "rs4640416", "rs7426276", "rs4555377", "rs4586665", "rs4971432", "rs10865542", "rs7578498", "rs11686452", "rs7606829", "rs6716119"]
}
