{
  "id": "EdgeSet029",
  "sources": ["Adygei", "Adygei", "Adygei", "Adygei", "Adygei", "Adygei", "Adygei", "Balochi", "Balochi", "Balochi", "Balochi", "Balochi", "Balochi", "Balochi", "Balochi", "BantuKenya", "BantuKenya", "BantuKenya", "BantuKenya", "BantuKenya", "BantuKenya", "BantuKenya", "BantuSouthAfrica", "BantuSouthAfrica", "BantuSouthAfrica", "BantuSouthAfrica", "Basque", "Basque", "Basque", "Basque", "Basque", "Bedouin", "Bedouin", "BiakaPygmy", "BiakaPygmy", "BiakaPygmy", "BiakaPygmy", "Burusho", "Burusho", "Burusho", "Burusho", "Burusho", "Cambodian", "Cambodian", "Cambodian", "Cambodian", "Colombian", "Colombian", "Colombian", "Colombian", "Daur", "Daur", "Daur", "Daur", "Daur", "Daur", "Druze", "Druze", "Druze", "Kalash", "Kalash", "Kalash", "Lahu", "Lahu", "Lahu", "Maya", "MbutiPygmy", "MbutiPygmy", "Melanesian", "Melanesian", "Mongola", "Mozabite", "Mozabite", "Papuan", "Pima", "Russian", "San", "Uygur"],
  "targets": ["Balochi", "Basque", "Burusho", "Colombian", "Druze", "Palestinian", "Yakut", "Bedouin", "BiakaPygmy", "Colombian", "Druze", "Mandenka", "Pima", "Yakut", "Yoruba", "BantuSouthAfrica", "BiakaPygmy", "Mandenka", "MbutiPygmy", "Mozabite", "San", "Yoruba", "BiakaPygmy", "Mandenka", "San", "Yoruba", "Burusho", "Kalash", "Mozabite", "Palestinian", "Russian", "Druze", "Palestinian", "Mandenka", "MbutiPygmy", "Mozabite", "Yoruba", "Kalash", "Melanesian", "Palestinian", "Uygur", "Yakut", "Kalash", "Lahu", "Yakut", "Yi", "Maya", "Mongola", "Palestinian", "Pima", "Kalash", "Lahu", "Melanesian", "Mongola", "Yakut", "Yi", "Mozabite", "Palestinian", "Uygur", "Maya", "Palestinian", "Uygur", "Maya", "Pima", "Yakut", "Pima", "Mongola", "San", "Mongola", "Papuan", "Yi", "Palestinian", "Uygur", "Pima", "Yi", "Uygur", "Yoruba", "Yi"],
  "weights": [2.2411, 2.6188, 3.0498, 3.4537, 2.0755, 2.4038, 2.7688, 2.3248, 4.9123, 3.3678, 2.1012, 3.0656, 2.7175, 2.6274, 4.1849, 3.6293, 3.9762, 3.1192, 3.6264, 3.7294, 7.8827, 3.3557, 3.339, 2.7898, 8.4784, 3.9136, 3.82, 3.1739, 2.4847, 1.9248, 2.7208, 1.569, 2.1053, 3.606, 4.5684, 4.0248, 4.4909, 2.8718, 3.6118, 3.3155, 2.5521, 2.7105, 3.7851, 2.9568, 3.4187, 3.374, 2.8277, 3.4222, 4.4007, 2.9846, 3.0527, 2.6889, 3.2183, 2.522, 2.4241, 2.588, 2.0389, 1.7432, 2.6746, 2.9504, 2.968, 2.819, 3.4685, 3.2427, 3.5485, 2.3609, 4.3873, 8.1896, 3.7506, 1.8366, 2.9257, 2.3226, 3.2389, 3.0346, 2.7627, 3.209, 7.6829, 3.6609],
  "loci": ["rs17495118", "rs7589592", "rs12624070", "rs17495097", "rs17040276", "rs6548077", "rs10168424", "rs2385311", "rs2385313", "rs10206131", "rs11127339", "rs11127338", "rs896232", "rs1451196", "rs1451197", "rs10174217", "rs11682663", "rs12466602", "rs2122729", "rs11686291", "rs2053906", "rs17038881", "rs11675796", "rs13025008", "rs12714352", "rs2043544", "rs13431590", "rs12620694", "rs10203375", "rs1031348", "rs744321", "rs730344", "rs12619156", "rs13006069", "rs11686290", "rs2082832", "rs875601", "rs2385315", "rs10495490", "rs1469814"]
}
