{
  "id": "EdgeSet026",
  "sources": ["Adygei", "Adygei", "Adygei", "Adygei", "Adygei", "Adygei", "Adygei", "Adygei", "Balochi", "Balochi", "Balochi", "BantuKenya", "BantuKenya", "BantuKenya", "BantuKenya", "BantuKenya", "BantuSouthAfrica", "BantuSouthAfrica", "BantuSouthAfrica", "BantuSouthAfrica", "Basque", "Basque", "Basque", "Basque", "Bedouin", "Bedouin", "Bedouin", "Bedouin", "BiakaPygmy", "BiakaPygmy", "BiakaPygmy", "Burusho", "Burusho", "Cambodian", "Cambodian", "Cambodian", "Cambodian", "Cambodian", "Cambodian", "Colombian", "Colombian", "Colombian", "Colombian", "Daur", "Daur", "Daur", "Druze", "Druze", "Druze", "Kalash", "Kalash", "Kalash", "Lahu", "Lahu", "Lahu", "Mandenka", "Mandenka", "Mandenka", "Maya", "Maya", "MbutiPygmy", "MbutiPygmy", "Melanesian", "Melanesian", "Melanesian", "Mongola", "Mongola", "Mozabite", "Mozabite", "Mozabite", "Palestinian", "Papuan", "Papuan", "Russian"],
  "targets": ["Balochi", "Druze", "Kalash", "Mongola", "Palestinian", "Russian", "Uygur", "Yakut", "Cambodian", "Russian", "Uygur", "BantuSouthAfrica", "Mandenka", "MbutiPygmy", "Papuan", "Yoruba", "BiakaPygmy", "Mandenka", "San", "Yoruba", "Mozabite", "Russian", "Uygur", "Yakut", "Druze", "Mozabite", "Palestinian", "Russian", "MbutiPygmy", "San", "Yoruba", "Russian", "Yi", "Daur", "Lahu", "Palestinian", "Pima", "Yakut", "Yi", "Maya", "Melanesian", "Mongola", "Yi", "Lahu", "Mongola", "Yi", "Mozabite", "Palestinian", "Pima", "Lahu", "Mandenka", "Russian", "Maya", "San", "Yakut", "Mozabite", "San", "Yoruba", "Yakut", "Yi", "Papuan", "San", "Mongola", "Papuan", "Yi", "Mozabite", "Yakut", "Palestinian", "Pima", "Yoruba", "Uygur", "Pima", "San", "Uygur"],
  "weights": [2.1082, 1.7659, 2.8964, 3.4136, 2.127, 2.1677, 2.7117, 3.2194, 2.8066, 2.1167, 2.0662, 4.1332, 3.1814, 7.6025, 6.4798, 3.6967, 4.8524, 3.8656, 6.5732, 3.7243, 2.0455, 1.5526, 1.8929, 2.7477, 1.3742, 1.8262, 1.5461, 1.8104, 5.8064, 6.6979, 4.0163, 2.2518, 3.5083, 1.6457, 3.7425, 3.1529, 3.1764, 3.1378, 2.1436, 1.8786, 4.4359, 2.4282, 2.7283, 3.5081, 1.5906, 2.1367, 1.8404, 1.3715, 3.4076, 3.9248, 3.8926, 3.0275, 4.0714, 6.9357, 3.4013, 3.4725, 5.9643, 3.5585, 2.7493, 2.3548, 7.9659, 8.0147, 3.0346, 4.3037, 4.435, 2.6906, 2.0264, 1.9116, 3.1254, 3.6441, 1.898, 5.3877, 7.6543, 1.9236],
  "loci": ["rs6548092", "rs867535", "rs6742158", "rs4853793", "rs6746066", "rs6548091", "rs6746911", "rs2598593", "rs2598595", "rs11683002", "rs12995456", "rs4853912", "rs4853911", "rs6761628", "rs1451198", "rs7586549", "rs11690425", "rs7556672", "rs12714359", "rs4853787", "rs4853896", "rs1031352", "rs7566479", "rs12475114", "rs7586516", "rs1020530", "rs2385306", "rs1376427", "rs1451199", "rs11685339", "rs13031108", "rs6548079", "rs7576292", "rs3814051", "rs1868849", "rs4853888", "rs4853887", "rs719875", "rs7575082", "rs1466155"]
}
