{
  "id": "EdgeSet022",
  "sources": ["Adygei", "Adygei", "Adygei", "Adygei", "Adygei", "Adygei", "Adygei", "Balochi", "Balochi", "Balochi", "Balochi", "Balochi", "BantuKenya", "BantuKenya", "BantuKenya", "BantuKenya", "BantuKenya", "BantuSouthAfrica", "BantuSouthAfrica", "BantuSouthAfrica", "BantuSouthAfrica", "Basque", "Basque", "Basque", "Basque", "Bedouin", "Bedouin", "Bedouin", "BiakaPygmy", "BiakaPygmy", "BiakaPygmy", "BiakaPygmy", "BiakaPygmy", "Burusho", "Burusho", "Burusho", "Burusho", "Burusho", "Cambodian", "Cambodian", "Cambodian", "Cambodian", "Colombian", "Colombian", "Daur", "Daur", "Daur", "Druze", "Druze", "Druze", "Kalash", "Kalash", "Kalash", "Lahu", "Lahu", "Mandenka", "Maya", "MbutiPygmy", "MbutiPygmy", "Melanesian", "Melanesian", "Mongola", "Mongola", "Mongola", "Palestinian", "Palestinian", "Papuan", "Russian", "Russian", "Uygur", "Uygur"],
  "targets": ["Balochi", "Basque", "Bedouin", "Burusho", "Druze", "Palestinian", "Russian", "Bedouin", "Cambodian", "Druze", "Papuan", "Yakut", "BantuSouthAfrica", "BiakaPygmy", "Mandenka", "MbutiPygmy", "Yoruba", "BiakaPygmy", "Mandenka", "Mozabite", "Yoruba", "Druze", "Kalash", "Palestinian", "Uygur", "Druze", "Mozabite", "Palestinian", "Mandenka", "MbutiPygmy", "Papuan", "San", "Yoruba", "Daur", "Druze", "Kalash", "Palestinian", "Russian", "Lahu", "Melanesian", "Mozabite", "Yakut", "Maya", "Pima", "San", "Yakut", "Yi", "Mozabite", "Russian", "Uygur", "Melanesian", "Palestinian", "Russian", "Mongola", "Yi", "Yoruba", "Pima", "San", "Yoruba", "Papuan", "San", "Papuan", "Yakut", "Yi", "Russian", "Uygur", "San", "Uygur", "Yakut", "Yakut", "Yi"],
  "weights": [1.7675, 2.528, 2.092, 2.8462, 2.2697, 2.3411, 2.1565, 1.9371, 2.845, 2.1285, 4.435, 2.7576, 3.408, 3.9673, 3.9701, 5.5245, 2.8827, 4.0011, 3.3345, 4.3285, 2.9231, 2.4185, 3.0249, 2.4923, 2.1171, 1.8345, 1.811, 2.1976, 4.3795, 4.2274, 5.5607, 6.2075, 3.5214, 3.4173, 3.9039, 3.4711, 2.8114, 2.5674, 2.6173, 4.8843, 4.0841, 3.133, 1.6595, 2.8659, 7.3939, 3.1768, 3.4442, 2.0084, 2.3059, 2.2799, 5.5018, 2.8361, 2.7815, 3.0714, 2.9066, 3.3247, 2.3037, 6.8643, 5.1766, 6.3227, 8.8742, 4.7669, 2.1085, 2.5918, 2.0133, 2.2116, 7.8865, 1.9304, 3.4955, 2.6518, 2.9493],
  "loci": ["rs12479155", "rs2551214", "rs17039614", "rs1464033", "rs4853945", "rs3942245", "rs6759198", "rs11884676", "rs2203163", "rs10084179", "rs749285", "rs713347", "rs6729986", "rs11901302", "rs17039644", "rs10199854", "rs13411814", "rs2668827", "rs1567675", "rs11679592", "rs2551212", "rs6741513", "rs2102592", "rs1606310", "rs7577250", "rs12616839", "rs12472646", "rs4853939", "rs1858409", "rs844011", "rs823545", "rs823546", "rs823552", "rs4853934", "rs11127354", "rs1706871", "rs1706870", "rs12617042", "rs13013201", "rs6706645"]
}
