{
  "id": "EdgeSet002",
  "sources": ["Adygei", "Adygei", "Adygei", "Adygei", "Adygei", "Adygei", "Adygei", "Balochi", "Balochi", "Balochi", "Balochi", "BantuKenya", "BantuKenya", "BantuKenya", "BantuKenya", "BantuSouthAfrica", "BantuSouthAfrica", "BantuSouthAfrica", "BantuSouthAfrica", "Basque", "Basque", "Basque", "Basque", "Bedouin", "Bedouin", "Bedouin", "Bedouin", "BiakaPygmy", "BiakaPygmy", "BiakaPygmy", "BiakaPygmy", "BiakaPygmy", "Burusho", "Burusho", "Burusho", "Burusho", "Burusho", "Burusho", "Cambodian", "Cambodian", "Cambodian", "Cambodian", "Cambodian", "Colombian", "Colombian", "Daur", "Daur", "Daur", "Daur", "Daur", "Druze", "Druze", "Druze", "Druze", "Kalash", "Kalash", "Kalash", "Lahu", "Lahu", "Lahu", "Mandenka", "Mandenka", "Maya", "Maya", "MbutiPygmy", "Melanesian", "Melanesian", "Mongola", "Mongola", "Mongola", "Mozabite", "Mozabite", "Palestinian", "Papuan", "Pima", "Russian", "Russian", "Uygur", "Uygur", "Yakut"],
  "targets": ["Basque", "Burusho", "Druze", "Kalash", "Mongola", "Palestinian", "Russian", "Daur", "Druze", "Kalash", "Russian", "BantuSouthAfrica", "BiakaPygmy", "Mandenka", "Yoruba", "Mandenka", "MbutiPygmy", "San", "Yoruba", "Maya", "Russian", "Yakut", "Yi", "Druze", "Mozabite", "Palestinian", "Russian", "Mandenka", "Maya", "MbutiPygmy", "Mozabite", "Yoruba", "Maya", "Melanesian", "Pima", "Russian", "Uygur", "Yakut", "Colombian", "Daur", "Lahu", "Mongola", "Yi", "Maya", "Yakut", "Lahu", "Pima", "Russian", "Uygur", "Yakut", "Mozabite", "Palestinian", "Russian", "Uygur", "Mongola", "Pima", "Yakut", "Papuan", "Pima", "Uygur", "San", "Yoruba", "Pima", "Russian", "San", "Papuan", "Yakut", "Mozabite", "Papuan", "Russian", "Palestinian", "Yoruba", "Uygur", "Yakut", "Uygur", "Uygur", "Yakut", "Yakut", "Yi", "Yi"],
  "weights": [2.3072, 3.2812, 1.9759, 3.3354, 4.3079, 2.1815, 2.3686, 2.7391, 2.204, 2.9643, 2.496, 3.8654, 4.5249, 3.6002, 2.9247, 3.7092, 6.8158, 7.0138, 3.0192, 3.9586, 2.512, 2.8602, 2.5588, 1.7993, 2.552, 1.9256, 2.2966, 4.2399, 6.8634, 6.539, 4.6352, 3.8048, 4.1364, 4.6395, 3.9519, 3.176, 3.2635, 3.6674, 5.3986, 2.4463, 2.8747, 2.7743, 2.3656, 4.7222, 4.2415, 2.6239, 3.8332, 3.7325, 2.509, 2.5144, 2.5083, 2.0168, 2.2267, 2.018, 3.7593, 4.1349, 3.299, 5.5549, 4.6509, 3.2933, 6.5453, 2.572, 3.327, 4.0239, 6.0509, 3.8889, 4.5346, 4.6852, 3.4192, 4, 2.6573, 3.7179, 2.2731, 4.0324, 3.421, 2.4025, 3.9782, 3.2827, 2.4023, 2.6255],
  "loci": ["rs434818", "rs385272", "rs2952790", "rs2290911", "rs3791221", "rs6742278", "rs10205435", "rs1461028", "rs10181051", "rs4455191", "rs7596678", "rs12714402", "rs6548221", "rs6742672", "rs6717613", "rs4643574", "rs6719944", "rs6548226", "rs6548227", "rs12472764", "rs1858308", "rs7582158", "rs1511323", "rs958877", "rs4374407", "rs12475610", "rs4630798", "rs10460598", "rs4854306", "rs2685230", "rs6716246", "rs2667204", "rs2724856", "rs17041255", "rs1511324", "rs12479270", "rs867926", "rs2724860", "rs12469725", "rs7601245"]
}
