{
  "id": "EdgeSet078",
  "sources": ["Adygei", "Adygei", "Adygei", "Adygei", "Adygei", "Adygei", "Balochi", "Balochi", "Balochi", "Balochi", "Balochi", "Balochi", "Balochi", "BantuKenya", "BantuKenya", "BantuKenya", "BantuKenya", "BantuSouthAfrica", "BantuSouthAfrica", "BantuSouthAfrica", "BantuSouthAfrica", "Basque", "Basque", "Basque", "Bedouin", "Bedouin", "Bedouin", "Bedouin", "BiakaPygmy", "BiakaPygmy", "BiakaPygmy", "BiakaPygmy", "Burusho", "Burusho", "Burusho", "Burusho", "Burusho", "Cambodian", "Cambodian", "Cambodian", "Cambodian", "Cambodian", "Cambodian", "Colombian", "Colombian", "Colombian", "Colombian", "Daur", "Daur", "Daur", "Daur", "Druze", "Druze", "Druze", "Kalash", "Kalash", "Lahu", "Lahu", "Lahu", "Lahu", "Mandenka", "Maya", "Maya", "MbutiPygmy", "Melanesian", "Mongola", "Mongola", "Mozabite", "Papuan", "San", "Uygur"],
  "targets": ["Basque", "Burusho", "Druze", "Kalash", "Palestinian", "Russian", "Bedouin", "Kalash", "Lahu", "Mozabite", "Palestinian", "Russian", "Uygur", "BiakaPygmy", "Mandenka", "MbutiPygmy", "Yoruba", "BiakaPygmy", "Mandenka", "San", "Yoruba", "Druze", "Kalash", "Mozabite", "Burusho", "Druze", "Palestinian", "Russian", "Mandenka", "MbutiPygmy", "San", "Yoruba", "Druze", "Kalash", "Palestinian", "Papuan", "Russian", "Daur", "Lahu", "Mongola", "Russian", "Uygur", "Yi", "Lahu", "Maya", "Mongola", "Yakut", "Mongola", "Pima", "Yakut", "Yi", "Mozabite", "Palestinian", "Yakut", "Mozabite", "Russian", "Melanesian", "Mongola", "Papuan", "San", "Yoruba", "Pima", "Yi", "San", "Papuan", "Yakut", "Yi", "Palestinian", "Yi", "Yoruba", "Yakut"],
  "weights": [3.2303, 2.2872, 2.4598, 3.1581, 2.1652, 2.4348, 2.069, 3.1965, 6.7644, 2.4811, 2.323, 2.5057, 3.7305, 4.3697, 3.511, 7.1463, 3.5556, 4.3287, 4.2994, 5.7366, 4.0188, 2.6956, 3.692, 3.0741, 2.2127, 1.9954, 1.8318, 2.0603, 3.5008, 6.593, 4.9962, 3.2764, 2.4205, 3.1032, 2.2389, 5.6592, 2.081, 3, 3.9863, 3.1551, 3.7064, 2.7602, 2.6913, 5.7591, 3.651, 5.192, 5.441, 3.0565, 4.1087, 2.5744, 2.5344, 2.4248, 2.0037, 4.54, 3.0048, 2.8901, 5.1457, 4.1118, 4.9838, 9.0116, 2.5848, 2.8893, 4.8499, 6.7038, 3.5987, 2.4501, 3.4233, 2.1913, 5.464, 4.644, 2.6882],
  "loci": ["rs308003", "rs307973", "rs1505696", "rs307992", "rs6725067", "rs13413734", "rs1505687", "rs11687816", "rs308022", "rs308025", "rs308027", "rs954845", "rs1027768", "rs1566987", "rs950370", "rs905965", "rs1006422", "rs6760979", "rs1566982", "rs4669100", "rs17651078", "rs10495543", "rs905968", "rs4668507", "rs12466123", "rs10200467", "rs6742876", "rs7566556", "rs6431831", "rs1876105", "rs771177", "rs1077583", "rs9789516", "rs10208601", "rs771164", "rs10495544", "rs17657434", "rs6431834", "rs771165", "rs6734387"]
}
