{
  "id": "EdgeSet087",
  "sources": ["Adygei", "Adygei", "Adygei", "Adygei", "Balochi", "Balochi", "Balochi", "Balochi", "Balochi", "Balochi", "BantuKenya", "BantuKenya", "BantuKenya", "BantuKenya", "BantuKenya", "BantuKenya", "BantuSouthAfrica", "BantuSouthAfrica", "BantuSouthAfrica", "BantuSouthAfrica", "BantuSouthAfrica", "Basque", "Basque", "Bedouin", "Bedouin", "Bedouin", "Bedouin", "Bedouin", "BiakaPygmy", "Burusho", "Burusho", "Burusho", "Cambodian", "Cambodian", "Cambodian", "Cambodian", "Cambodian", "Cambodian", "Colombian", "Colombian", "Colombian", "Colombian", "Colombian", "Daur", "Daur", "Daur", "Daur", "Daur", "Daur", "Druze", "Druze", "Druze", "Kalash", "Kalash", "Lahu", "Lahu", "Lahu", "Lahu", "Mandenka", "Maya", "MbutiPygmy", "MbutiPygmy", "Melanesian", "Melanesian", "Melanesian", "Mongola", "Mongola", "Mongola", "Mozabite", "Mozabite", "Palestinian", "Papuan", "Papuan", "Pima"],
  "targets": ["Basque", "Druze", "Melanesian", "Palestinian", "Basque", "Burusho", "Druze", "Melanesian", "Russian", "Yakut", "BantuSouthAfrica", "BiakaPygmy", "Mandenka", "MbutiPygmy", "San", "Yoruba", "BiakaPygmy", "Mandenka", "MbutiPygmy", "San", "Yoruba", "Kalash", "Russian", "Druze", "MbutiPygmy", "Melanesian", "Mozabite", "Palestinian", "Yoruba", "Kalash", "Melanesian", "Russian", "Daur", "Druze", "Lahu", "Maya", "Mozabite", "Yi", "Lahu", "Maya", "Papuan", "Pima", "Yakut", "Lahu", "Melanesian", "Papuan", "Uygur", "Yakut", "Yi", "Palestinian", "Pima", "Russian", "Melanesian", "Uygur", "MbutiPygmy", "Mongola", "Pima", "Yi", "Yoruba", "Mongola", "San", "Yakut", "Papuan", "Russian", "Yakut", "Papuan", "Yakut", "Yi", "Palestinian", "Uygur", "Russian", "San", "Yi", "Yakut"],
  "weights": [2.5896, 2.5213, 4.1709, 2.1355, 2.8532, 3.0833, 2.4088, 5.081, 2.3215, 3.0687, 3.8996, 4.0302, 3.3738, 4.3634, 5.6201, 3.3259, 4.3885, 3.6558, 4.038, 4.786, 2.7084, 2.8089, 2.2542, 2.473, 4.6608, 4.3097, 2.1077, 1.6899, 3.8151, 3.4831, 4.4177, 2.8806, 1.9981, 5.019, 2.6122, 3.3852, 3.9437, 2.5301, 5.1889, 4.3045, 6.5703, 3.8077, 4.6753, 2.4023, 4.02, 4.014, 2.858, 3.0518, 1.9833, 2.2486, 4.2716, 2.5691, 4.1469, 3.2225, 6.0495, 3.3932, 4.1781, 2.7666, 2.3997, 3.5602, 5.2535, 6.4228, 5.1141, 4.3201, 4.2103, 4.3841, 3.1674, 2.8091, 2.0292, 2.5363, 2.166, 7.7202, 4.0234, 3.051],
  "loci": ["rs10495554", "rs10495555", "rs4146898", "rs1346808", "rs11682970", "rs734271", "rs746965", "rs6730910", "rs13005109", "rs13429103", "rs13030633", "rs2028381", "rs2028380", "rs4146108", "rs7582300", "rs16866181", "rs2163256", "rs11897984", "rs13389950", "rs3910068", "rs3910069", "rs7597206", "rs1367272", "rs6732885", "rs1367273", "rs3811606", "rs4668543", "rs732078", "rs2043075", "rs7608732", "rs6728724", "rs12692335", "rs13409750", "rs7567384", "rs12105729", "rs16866293", "rs10495556", "rs6752396", "rs1561574", "rs6431883"]
}
