{
  "id": "EdgeSet097",
  "sources": ["Adygei", "Adygei", "Adygei", "Adygei", "Adygei", "Adygei", "Adygei", "Balochi", "Balochi", "Balochi", "Balochi", "Balochi", "BantuKenya", "BantuKenya", "BantuKenya", "BantuKenya", "BantuKenya", "BantuKenya", "BantuSouthAfrica", "BantuSouthAfrica", "BantuSouthAfrica", "BantuSouthAfrica", "BantuSouthAfrica", "Basque", "Basque", "Basque", "Basque", "Bedouin", "Bedouin", "Bedouin", "BiakaPygmy", "BiakaPygmy", "BiakaPygmy", "BiakaPygmy", "BiakaPygmy", "Burusho", "Burusho", "Burusho", "Cambodian", "Cambodian", "Cambodian", "Cambodian", "Cambodian", "Colombian", "Colombian", "Colombian", "Colombian", "Colombian", "Daur", "Daur", "Daur", "Druze", "Lahu", "Lahu", "Lahu", "Lahu", "Lahu", "Mandenka", "Maya", "Maya", "Maya", "MbutiPygmy", "Melanesian", "Melanesian", "Melanesian", "Mongola", "Mongola", "Mozabite", "Palestinian", "Palestinian", "Papuan", "Papuan", "Pima", "Pima", "Yakut"],
  "targets": ["Balochi", "Bedouin", "Druze", "Kalash", "Mozabite", "Pima", "Russian", "Burusho", "Kalash", "Palestinian", "Pima", "Uygur", "BantuSouthAfrica", "Colombian", "Mandenka", "Mozabite", "San", "Yoruba", "BiakaPygmy", "Mandenka", "MbutiPygmy", "Mozabite", "Yoruba", "Bedouin", "Druze", "Russian", "Uygur", "Druze", "Palestinian", "Uygur", "Mandenka", "MbutiPygmy", "Mozabite", "San", "Yoruba", "Kalash", "Mozabite", "Uygur", "Lahu", "Mongola", "Pima", "Yakut", "Yi", "Maya", "Palestinian", "Papuan", "Pima", "Uygur", "Mongola", "Yakut", "Yi", "Palestinian", "Maya", "Mongola", "Papuan", "Russian", "Yi", "Yoruba", "Pima", "San", "Yakut", "San", "Papuan", "Yakut", "Yi", "Russian", "Yi", "Palestinian", "Pima", "Uygur", "Russian", "Yi", "Russian", "Yi", "Yi"],
  "weights": [2.0562, 2.1512, 1.8682, 2.7745, 2.8318, 3.3815, 2.8471, 2.5414, 3.0946, 2.2917, 3.5499, 2.4419, 4.3952, 6.5531, 4.1286, 4.0086, 5.5984, 3.9434, 4.2102, 3.0838, 5.4009, 5.3888, 3.5428, 2.452, 2.3325, 2.7379, 2.1751, 1.6945, 1.9779, 2.5174, 3.7254, 4.6419, 4.6179, 6.0351, 3.4124, 3.4171, 3.3887, 2.6456, 3.6964, 3.0956, 4.4082, 3.3645, 3.0748, 3.0139, 4.087, 5.1057, 4.4763, 3.6215, 2.6572, 2.471, 2.4166, 1.666, 4.947, 4.0708, 5.074, 4.9237, 4.277, 2.6697, 3.6995, 7.5947, 3.7522, 5.8008, 3.5204, 4.1281, 3.5696, 4.1918, 2.6131, 2.6509, 4.6988, 2.6222, 4.6811, 3.6371, 3.484, 5.8094, 2.8604],
  "loci": ["rs4076706", "rs12476361", "rs4669265", "rs7587352", "rs6736762", "rs901350", "rs409169", "rs1017920", "rs1872603", "rs2630720", "rs379131", "rs2630718", "rs2002685", "rs2655455", "rs2931131", "rs1504240", "rs6735600", "rs6431940", "rs11693395", "rs4668573", "rs10929527", "rs10495559", "rs6735529", "rs11899670", "rs7581641", "rs12328987", "rs10192647", "rs4669281", "rs6712259", "rs1532791", "rs345903", "rs2883914", "rs10929535", "rs345898", "rs11904418", "rs6744749", "rs168293", "rs6755480", "rs4668578", "rs13386141"]
}
