{
  "id": "EdgeSet042",
  "sources": ["Adygei", "Adygei", "Adygei", "Adygei", "Balochi", "Balochi", "Balochi", "Balochi", "Balochi", "Balochi", "BantuKenya", "BantuKenya", "BantuKenya", "BantuKenya", "BantuKenya", "BantuKenya", "BantuSouthAfrica", "BantuSouthAfrica", "BantuSouthAfrica", "BantuSouthAfrica", "Basque", "Basque", "Basque", "Bedouin", "Bedouin", "Bedouin", "Bedouin", "Bedouin", "BiakaPygmy", "BiakaPygmy", "BiakaPygmy", "BiakaPygmy", "BiakaPygmy", "Burusho", "Burusho", "Burusho", "Burusho", "Burusho", "Cambodian", "Cambodian", "Cambodian", "Cambodian", "Cambodian", "Colombian", "Colombian", "Colombian", "Colombian", "Colombian", "Colombian", "Daur", "Daur", "Daur", "Daur", "Daur", "Daur", "Druze", "Druze", "Druze", "Kalash", "Lahu", "Lahu", "Lahu", "Mandenka", "Maya", "Maya", "MbutiPygmy", "MbutiPygmy", "Melanesian", "Melanesian", "Melanesian", "Mongola", "Mongola", "Mongola", "Mongola", "Mozabite", "Palestinian", "Palestinian", "Palestinian", "Papuan", "Russian", "Russian", "San"],
  "targets": ["Basque", "Kalash", "Melanesian", "Russian", "Burusho", "Druze", "Maya", "Mongola", "Palestinian", "Uygur", "BantuSouthAfrica", "BiakaPygmy", "MbutiPygmy", "San", "Uygur", "Yoruba", "BiakaPygmy", "Mandenka", "MbutiPygmy", "San", "Burusho", "Druze", "Pima", "Burusho", "Druze", "Kalash", "Mozabite", "Palestinian", "Mandenka", "MbutiPygmy", "Mozabite", "San", "Yoruba", "Colombian", "Kalash", "Lahu", "Palestinian", "Uygur", "Daur", "Lahu", "Mongola", "Yakut", "Yi", "Kalash", "Maya", "Melanesian", "Mongola", "Pima", "Yakut", "Lahu", "Maya", "Mongola", "Papuan", "Uygur", "Yakut", "Kalash", "Mozabite", "Palestinian", "Yakut", "Mongola", "Papuan", "Yi", "Yoruba", "Mongola", "Pima", "San", "Yoruba", "Papuan", "Russian", "Yi", "Palestinian", "Russian", "Uygur", "Yi", "Yoruba", "Papuan", "Russian", "Uygur", "Yi", "Uygur", "Yi", "Yoruba"],
  "weights": [3.0461, 2.263, 3.4346, 2.3274, 1.9745, 2.0029, 2.8131, 2.3282, 1.738, 2.2164, 5.0663, 3.6163, 4.6305, 4.6329, 5.8545, 3.6274, 5.221, 4.6756, 5.8115, 5.1901, 3.1135, 2.7729, 3.7603, 2.3858, 1.9621, 2.1733, 2.5752, 1.858, 4.5492, 4.8396, 4.6775, 5.2574, 3.9757, 3.0231, 2.334, 3.3636, 2.2001, 2.9995, 2.4706, 2.1056, 2.4173, 2.5358, 2.0414, 2.7507, 1.8593, 3.6424, 3.5283, 1.8892, 3.2065, 3.2156, 2.6878, 2.1261, 5.0641, 2.3685, 2.5158, 2.2478, 2.296, 1.8924, 2.6495, 2.9545, 3.8501, 2.3673, 3.7087, 2.9496, 1.6351, 5.2232, 4.7399, 3.8206, 3.976, 2.5742, 2.8747, 2.5574, 2.3164, 2.4101, 4.3169, 4.4176, 1.7706, 2.5295, 3.6504, 2.6093, 3.067, 5.1197],
  "loci": ["rs6755355", "rs1546130", "rs4850051", "rs1545136", "rs17018595", "rs6753345", "rs17388778", "rs6707149", "rs1347684", "rs1437700", "rs1437701", "rs11692873", "rs6714273", "rs7556893", "rs6722795", "rs1983365", "rs1175861", "rs17018722", "rs2577190", "rs2577193", "rs2577195", "rs1829396", "rs2118380", "rs10495496", "rs10519620", "rs11900881", "rs17018834", "rs10168734", "rs6542691", "rs7574256", "rs17018886", "rs6754487", "rs7601152", "rs7419807", "rs7572261", "rs1105749", "rs1105750", "rs1518852", "rs7575423", "rs6743559"]
}
