{
  "id": "EdgeSet034",
  "sources": ["Adygei", "Adygei", "Adygei", "Adygei", "Adygei", "Adygei", "Balochi", "Balochi", "Balochi", "Balochi", "BantuKenya", "BantuKenya", "BantuKenya", "BantuKenya", "BantuKenya", "BantuKenya", "BantuSouthAfrica", "BantuSouthAfrica", "BantuSouthAfrica", "Basque", "Basque", "Basque", "Basque", "Basque", "Bedouin", "Bedouin", "Bedouin", "Bedouin", "BiakaPygmy", "BiakaPygmy", "BiakaPygmy", "BiakaPygmy", "Burusho", "Burusho", "Burusho", "Burusho", "Cambodian", "Cambodian", "Cambodian", "Cambodian", "Cambodian", "Cambodian", "Colombian", "Colombian", "Colombian", "Colombian", "Daur", "Daur", "Daur", "Druze", "Druze", "Druze", "Kalash", "Kalash", "Kalash", "Lahu", "Lahu", "Lahu", "Lahu", "Mandenka", "Mandenka", "Maya", "Maya", "MbutiPygmy", "MbutiPygmy", "Melanesian", "Melanesian", "Melanesian", "Melanesian", "Mongola", "Mongola", "Mongola", "Mongola", "Mozabite", "Mozabite", "Mozabite", "Palestinian", "Palestinian", "Pima", "Pima", "Yakut"],
  "targets": ["Balochi", "Basque", "Bedouin", "Druze", "Palestinian", "Pima", "Burusho", "Kalash", "Lahu", "Russian", "BantuSouthAfrica", "Lahu", "Mandenka", "Mozabite", "Uygur", "Yoruba", "BiakaPygmy", "San", "Yoruba", "Bedouin", "Druze", "Lahu", "Papuan", "Russian", "Druze", "Mozabite", "Palestinian", "Yakut", "Mandenka", "MbutiPygmy", "San", "Yoruba", "Cambodian", "Kalash", "Yakut", "Yi", "Druze", "Lahu", "Maya", "Pima", "Uygur", "Yi", "Daur", "Maya", "Papuan", "Yakut", "Mongola", "Yakut", "Yi", "Palestinian", "Russian", "Uygur", "Mongola", "Palestinian", "Yi", "Maya", "Mongola", "Papuan", "Yi", "MbutiPygmy", "Yoruba", "Papuan", "Pima", "Pima", "Yoruba", "Mongola", "Papuan", "Yakut", "Yi", "Russian", "San", "Uygur", "Yi", "Palestinian", "Uygur", "Yoruba", "Russian", "Uygur", "San", "Yoruba", "Yi"],
  "weights": [2.6905, 3.2147, 2.0893, 2.3735, 2.1658, 3.9841, 2.5847, 2.3005, 3.3693, 2.7244, 3.9871, 4.5318, 3.0755, 3.3544, 4.5431, 3.0008, 4.7403, 5.1083, 3.6873, 3.3051, 3.3095, 4.4472, 5.151, 3.6304, 2.0083, 2.319, 1.9048, 3.0595, 3.804, 3.3638, 4.8711, 3.8049, 3.8713, 3.0399, 3.3672, 4.7136, 3.4311, 3.7704, 3.5695, 4.0822, 3.2095, 3.7574, 3.4148, 2.3598, 3.6013, 3.2071, 2.9593, 2.1708, 2.678, 1.9705, 2.679, 2.3087, 2.984, 2.4187, 3.4982, 3.6311, 3.6341, 4.0421, 3.211, 3.6037, 2.6381, 3.2747, 3.1917, 5.8417, 3.458, 3.5397, 2.8294, 3.1183, 3.4104, 3.66, 6.1564, 3.0563, 3.0452, 2.1397, 2.5613, 3.6482, 2.4384, 1.9029, 6.3563, 6.0268, 2.7551],
  "loci": ["rs4853948", "rs1667059", "rs1729928", "rs1667029", "rs1667032", "rs1667034", "rs1622354", "rs1729901", "rs1729903", "rs1375223", "rs1630418", "rs1667043", "rs17437842", "rs1448625", "rs7591035", "rs10210870", "rs17437576", "rs7592135", "rs1881659", "rs2031028", "rs12479004", "rs17040728", "rs17040731", "rs1129241", "rs10197283", "rs4072374", "rs4072375", "rs7563960", "rs4583476", "rs6542658", "rs2071639", "rs4850031", "rs3820897", "rs13017757", "rs11902670", "rs13004318", "rs4850068", "rs13022258", "rs17017737", "rs7567724"]
}
