{
  "id": "EdgeSet100",
  "sources": ["Adygei", "Adygei", "Adygei", "Adygei", "Adygei", "Balochi", "Balochi", "Balochi", "Balochi", "Balochi", "Balochi", "BantuKenya", "BantuKenya", "BantuKenya", "BantuKenya", "BantuKenya", "BantuSouthAfrica", "BantuSouthAfrica", "BantuSouthAfrica", "Basque", "Basque", "Basque", "Basque", "Bedouin", "Bedouin", "Bedouin", "Bedouin", "Bedouin", "BiakaPygmy", "BiakaPygmy", "BiakaPygmy", "Burusho", "Burusho", "Burusho", "Burusho", "Burusho", "Cambodian", "Cambodian", "Cambodian", "Cambodian", "Colombian", "Colombian", "Colombian", "Colombian", "Daur", "Daur", "Daur", "Daur", "Daur", "Druze", "Druze", "Druze", "Kalash", "Kalash", "Kalash", "Lahu", "Lahu", "Lahu", "Lahu", "Lahu", "Mandenka", "Mandenka", "Mandenka", "Maya", "Maya", "MbutiPygmy", "Melanesian", "Melanesian", "Mongola", "Mongola", "Mongola", "Mongola", "Mozabite", "Papuan", "Papuan", "Pima", "Pima", "Pima", "Russian", "Uygur", "Yakut"],
  "targets": ["Basque", "Druze", "Palestinian", "Russian", "Yakut", "Basque", "Burusho", "Cambodian", "Druze", "Melanesian", "Yakut", "BantuSouthAfrica", "Mandenka", "MbutiPygmy", "San", "Yoruba", "BiakaPygmy", "San", "Yoruba", "Bedouin", "Colombian", "Kalash", "Russian", "Druze", "Mozabite", "Palestinian", "Pima", "Russian", "MbutiPygmy", "Melanesian", "Yoruba", "Colombian", "Druze", "Mozabite", "Papuan", "Uygur", "Lahu", "Pima", "Yakut", "Yi", "Daur", "Maya", "Papuan", "Yi", "Maya", "Mongola", "Papuan", "Russian", "Yakut", "Kalash", "Mozabite", "Palestinian", "Palestinian", "Uygur", "Yi", "Maya", "Mongola", "Papuan", "Pima", "San", "Mozabite", "San", "Yoruba", "Mongola", "Papuan", "San", "Papuan", "Yakut", "Papuan", "Russian", "Uygur", "Yi", "Uygur", "Pima", "San", "Russian", "Uygur", "Yakut", "Uygur", "Yakut", "Yi"],
  "weights": [2.1443, 2.5836, 2.2542, 1.9091, 2.8246, 3.1874, 2.7719, 3.0956, 2.9661, 5.1528, 4.0894, 3.7002, 3.2689, 4.8169, 7.3262, 3.2845, 5.1914, 8.3563, 4.1891, 2.7, 3.9643, 3.4274, 2.4171, 2.2825, 2.8436, 1.4811, 3.2404, 2.5634, 4.8812, 9.1907, 5.1282, 3.7544, 3.0121, 3.3967, 3.9788, 2.6438, 2.8947, 1.7461, 1.7202, 1.4149, 2.0324, 2.1538, 3.5332, 2.7759, 2.0313, 2.4538, 4.0618, 2.8893, 2.2727, 3.5477, 2.9904, 2.1404, 3.1883, 3.6759, 3.9281, 3.0433, 2.7945, 3.4468, 3.0598, 9.3099, 4.7918, 7.954, 2.6725, 2.6039, 3.278, 6.3612, 5.4701, 4.4074, 4.5148, 3.0585, 2.7955, 2.6782, 3.9861, 3.4175, 9.3583, 2.4992, 2.2833, 1.5823, 2.3903, 2.3375, 1.9213],
  "loci": ["rs1044280", "rs3351", "rs718763", "rs1550250", "rs1370644", "rs17722392", "rs10211274", "rs8179714", "rs7587928", "rs13390283", "rs4669342", "rs11886279", "rs16866811", "rs10173234", "rs6757496", "rs13427229", "rs13008591", "rs13008971", "rs11894892", "rs6716851", "rs6746864", "rs10495560", "rs7597338", "rs6759797", "rs3811602", "rs16866824", "rs1550253", "rs16866828", "rs16866831", "rs10210755", "rs11894531", "rs998967", "rs16866847", "rs13415968", "rs11891278", "rs16866862", "rs6715965", "rs9973936", "rs7588972", "rs867457"]
}
