{
  "id": "EdgeSet061",
  "sources": ["Adygei", "Adygei", "Adygei", "Adygei", "Adygei", "Adygei", "Balochi", "Balochi", "Balochi", "Balochi", "Balochi", "BantuKenya", "BantuKenya", "BantuKenya", "BantuKenya", "BantuKenya", "BantuSouthAfrica", "BantuSouthAfrica", "BantuSouthAfrica", "BantuSouthAfrica", "BantuSouthAfrica", "BantuSouthAfrica", "BantuSouthAfrica", "Basque", "Basque", "Basque", "Basque", "Basque", "Bedouin", "Bedouin", "Bedouin", "Bedouin", "BiakaPygmy", "BiakaPygmy", "BiakaPygmy", "Burusho", "Burusho", "Burusho", "Cambodian", "Cambodian", "Cambodian", "Cambodian", "Cambodian", "Colombian", "Colombian", "Colombian", "Daur", "Daur", "Daur", "Daur", "Daur", "Druze", "Druze", "Druze", "Druze", "Kalash", "Kalash", "Kalash", "Lahu", "Lahu", "Lahu", "Mandenka", "Mandenka", "Maya", "Maya", "Maya", "MbutiPygmy", "MbutiPygmy", "Melanesian", "Melanesian", "Melanesian", "Mongola", "Palestinian", "Palestinian", "Pima", "Pima", "Russian", "Uygur", "Yakut"],
  "targets": ["Burusho", "Druze", "Kalash", "Palestinian", "Russian", "Uygur", "Cambodian", "Druze", "Kalash", "Mongola", "Russian", "BiakaPygmy", "Mandenka", "MbutiPygmy", "Mozabite", "Yoruba", "BiakaPygmy", "Mandenka", "MbutiPygmy", "Pima", "San", "Uygur", "Yoruba", "Burusho", "Cambodian", "Colombian", "Melanesian", "Russian", "Druze", "Mozabite", "Palestinian", "Papuan", "MbutiPygmy", "San", "Yoruba", "Melanesian", "Russian", "Uygur", "Colombian", "Lahu", "Maya", "Mongola", "Yi", "Maya", "Pima", "Russian", "Maya", "Mongola", "Pima", "Russian", "Yi", "Lahu", "Palestinian", "Russian", "Yakut", "Mozabite", "Palestinian", "Russian", "Maya", "Melanesian", "Mongola", "MbutiPygmy", "Yoruba", "Pima", "Russian", "Yakut", "San", "Yoruba", "Mozabite", "Papuan", "Yakut", "Yakut", "Pima", "Uygur", "Uygur", "Yi", "Uygur", "Yakut", "Yi"],
  "weights": [2.6036, 2.6354, 2.4447, 2.2219, 3.257, 2.5309, 2.9228, 2.1449, 2.7974, 3.0387, 3.3134, 4.0332, 3.0386, 5.1258, 4.4234, 3.0873, 5.1167, 4.0955, 6.1858, 7.8351, 6.3233, 7.5163, 4.5789, 5.2084, 3.97, 5.1037, 4.4436, 4.1826, 2.2579, 2.0869, 2.3643, 2.5907, 5.7845, 5.5347, 4.3379, 3.9582, 3.4774, 2.4416, 4.6095, 2.6025, 2.8334, 2.6483, 2.9555, 3.6303, 3.963, 4.8615, 3.1897, 2.5023, 4.0294, 3.9264, 2.7741, 3.1283, 2.4529, 3.0046, 3.3601, 2.9001, 2.399, 4.3829, 3.0474, 3.821, 2.5324, 5.1585, 2.7756, 3.36, 4.1818, 2.6445, 6.1367, 5.3291, 3.3358, 3.4873, 4.2848, 2.4172, 4.7067, 2.3882, 4.0228, 3.8063, 3.0612, 2.2941, 1.9987],
  "loci": ["rs792102", "rs792111", "rs6431957", "rs1722373", "rs1524483", "rs17291890", "rs10495519", "rs13006685", "rs792084", "rs16863770", "rs10495520", "rs4644991", "rs813779", "rs969768", "rs4668614", "rs792071", "rs792068", "rs10929583", "rs792041", "rs10194520", "rs10929584", "rs17360019", "rs17360123", "rs6734526", "rs6432010", "rs4669392", "rs4558567", "rs4669393", "rs1370937", "rs7561204", "rs13417931", "rs1438628", "rs4613246", "rs1866364", "rs2118186", "rs16863881", "rs7566447", "rs920185", "rs7575439", "rs2882274"]
}
