{
  "id": "EdgeSet049",
  "sources": ["Adygei", "Adygei", "Adygei", "Balochi", "Balochi", "Balochi", "Balochi", "BantuKenya", "BantuKenya", "BantuKenya", "BantuKenya", "BantuKenya", "BantuSouthAfrica", "BantuSouthAfrica", "BantuSouthAfrica", "BantuSouthAfrica", "BantuSouthAfrica", "Basque", "Basque", "Basque", "Basque", "Basque", "Basque", "Basque", "Bedouin", "Bedouin", "Bedouin", "BiakaPygmy", "BiakaPygmy", "BiakaPygmy", "BiakaPygmy", "Burusho", "Burusho", "Burusho", "Cambodian", "Cambodian", "Cambodian", "Cambodian", "Colombian", "Colombian", "Colombian", "Colombian", "Colombian", "Daur", "Daur", "Daur", "Druze", "Druze", "Druze", "Kalash", "Kalash", "Kalash", "Lahu", "Lahu", "Mandenka", "Mandenka", "Maya", "Maya", "MbutiPygmy", "MbutiPygmy", "Melanesian", "Melanesian", "Melanesian", "Mongola", "Mongola", "Mozabite", "Papuan", "Russian", "Uygur"],
  "targets": ["Balochi", "Burusho", "Palestinian", "Burusho", "Druze", "Uygur", "Yi", "BantuSouthAfrica", "Bedouin", "BiakaPygmy", "Pima", "Yoruba", "Mandenka", "MbutiPygmy", "Melanesian", "San", "Yoruba", "Druze", "MbutiPygmy", "Melanesian", "Mozabite", "Pima", "Russian", "Yi", "Mozabite", "Palestinian", "Russian", "Mandenka", "MbutiPygmy", "San", "Yoruba", "Mozabite", "Palestinian", "Russian", "Daur", "Lahu", "Mandenka", "Yi", "Lahu", "Maya", "Papuan", "Pima", "San", "Lahu", "Mongola", "Yakut", "Mozabite", "Russian", "Uygur", "Lahu", "Papuan", "Russian", "Pima", "Yi", "Mozabite", "Yoruba", "Pima", "Yi", "San", "Yoruba", "Papuan", "Uygur", "Yakut", "Yakut", "Yi", "Palestinian", "San", "Yi", "Yakut"],
  "weights": [2.4355, 3.1759, 1.964, 2.5206, 2.115, 2.3598, 3.5495, 3.5656, 3.7653, 4.1534, 4.9013, 2.9284, 3.7185, 5.3965, 5.6255, 6.7631, 3.1801, 2.2842, 7.179, 3.0649, 2.864, 3.8908, 2.6733, 4.6824, 2.0313, 1.7038, 2.4025, 4.653, 4.8587, 6.6517, 3.7082, 4.0147, 3.0749, 3.2383, 3.1378, 3.3959, 4.631, 2.7503, 3.7309, 3.3447, 4.7448, 3.2337, 9.6959, 3.3585, 2.277, 1.7967, 2.1673, 2.0912, 1.9455, 4.5779, 3.4262, 2.1756, 3.615, 3.2197, 4.2285, 3.1222, 3.2395, 4.2564, 7.7273, 4.4595, 2.9801, 2.7177, 3.1852, 2.2509, 2.6987, 2.2361, 9.5358, 4.1283, 2.5936],
  "loci": ["rs1439820", "rs735671", "rs1866608", "rs7569982", "rs13427718", "rs10495510", "rs6750212", "rs6753305", "rs1371473", "rs1821990", "rs13427627", "rs1595752", "rs934993", "rs13002818", "rs6747617", "rs12621974", "rs4606942", "rs1371477", "rs1439826", "rs10495513", "rs1439829", "rs6760035", "rs6542644", "rs2580871", "rs1344999", "rs4355130", "rs4144195", "rs6712088", "rs9989821", "rs12615696", "rs7602355", "rs722148", "rs721087", "rs2966429", "rs13016249", "rs12463956", "rs12464103", "rs6422705", "rs7371437", "rs12619603"]
}
