{
  "id": "EdgeSet094",
  "sources": ["Adygei", "Adygei", "Adygei", "Adygei", "Adygei", "Adygei", "Balochi", "Balochi", "Balochi", "Balochi", "BantuKenya", "BantuKenya", "BantuKenya", "BantuKenya", "BantuKenya", "BantuSouthAfrica", "BantuSouthAfrica", "BantuSouthAfrica", "BantuSouthAfrica", "Basque", "Basque", "Basque", "Basque", "Bedouin", "Bedouin", "Bedouin", "BiakaPygmy", "BiakaPygmy", "BiakaPygmy", "BiakaPygmy", "Burusho", "Burusho", "Burusho", "Burusho", "Burusho", "Burusho", "Cambodian", "Cambodian", "Cambodian", "Cambodian", "Cambodian", "Cambodian", "Colombian", "Colombian", "Colombian", "Colombian", "Daur", "Daur", "Daur", "Druze", "Druze", "Kalash", "Lahu", "Lahu", "Mandenka", "Maya", "MbutiPygmy", "MbutiPygmy", "MbutiPygmy", "MbutiPygmy", "Melanesian", "Melanesian", "Melanesian", "Mongola", "Mongola", "Mozabite", "Mozabite", "Mozabite", "Papuan", "Papuan", "Pima", "San", "Yakut"],
  "targets": ["Balochi", "Basque", "Bedouin", "Burusho", "Cambodian", "Druze", "Daur", "Kalash", "Russian", "Uygur", "BantuSouthAfrica", "Mandenka", "MbutiPygmy", "Mozabite", "San", "BiakaPygmy", "Lahu", "Mandenka", "Yoruba", "Colombian", "Druze", "Russian", "Uygur", "Cambodian", "Druze", "Russian", "Mandenka", "MbutiPygmy", "San", "Yoruba", "Kalash", "Lahu", "Melanesian", "Pima", "Russian", "Yi", "Daur", "Lahu", "Melanesian", "Mongola", "Yakut", "Yi", "Daur", "Maya", "Papuan", "Pima", "MbutiPygmy", "Mongola", "Yakut", "Palestinian", "Uygur", "Lahu", "Uygur", "Yakut", "Yoruba", "Pima", "Pima", "San", "Yi", "Yoruba", "Papuan", "Pima", "Yi", "Uygur", "Yi", "Palestinian", "Papuan", "Yakut", "Russian", "Yi", "Yakut", "Yoruba", "Yi"],
  "weights": [2.0641, 2.3554, 1.7593, 3.1739, 3.4158, 2.0051, 4.4978, 2.6614, 2.048, 2.7462, 4.3347, 3.5889, 6.144, 4.2201, 6.9652, 3.7544, 6.9169, 2.7976, 3.3694, 5.71, 2.271, 2.0239, 2.7696, 3.1431, 1.7665, 2.2173, 3.4041, 5.5062, 5.7118, 3.3225, 2.9973, 4.2995, 3.8228, 3.9822, 2.9336, 3.2291, 3.3865, 3.7366, 3.8988, 2.9879, 3.0444, 2.6085, 6.2581, 3.252, 5.6378, 3.6089, 7.4379, 3.3701, 3.8467, 1.5096, 2.5162, 4.7628, 4.5305, 4.105, 2.9922, 2.188, 7.6028, 7.6239, 7.6636, 5.8751, 4.1308, 4.7114, 3.506, 3.2778, 2.7796, 2.2263, 4.0246, 4.6699, 3.9999, 3.4976, 4.4466, 6.1499, 3.1185],
  "loci": ["rs6751711", "rs963825", "rs2041876", "rs6751058", "rs4668562", "rs6712604", "rs13010611", "rs11685783", "rs17317684", "rs7586160", "rs12479058", "rs6731234", "rs181133", "rs181134", "rs7591430", "rs11695288", "rs181136", "rs6431929", "rs4669244", "rs13417226", "rs6724050", "rs6725841", "rs17389911", "rs6719485", "rs1034380", "rs427375", "rs238625", "rs238618", "rs238617", "rs238630", "rs11674752", "rs7595804", "rs10519894", "rs346831", "rs2931130", "rs16866666", "rs10207297", "rs3097288", "rs346833", "rs10174949"]
}
