{
  "id": "EdgeSet027",
  "sources": ["Adygei", "Adygei", "Adygei", "Adygei", "Adygei", "Balochi", "Balochi", "Balochi", "Balochi", "Balochi", "BantuKenya", "BantuKenya", "BantuKenya", "BantuKenya", "BantuKenya", "BantuKenya", "BantuSouthAfrica", "BantuSouthAfrica", "BantuSouthAfrica", "BantuSouthAfrica", "BantuSouthAfrica", "Basque", "Basque", "Basque", "Basque", "Basque", "Basque", "Bedouin", "Bedouin", "Bedouin", "BiakaPygmy", "BiakaPygmy", "BiakaPygmy", "BiakaPygmy", "BiakaPygmy", "Burusho", "Burusho", "Burusho", "Burusho", "Burusho", "Burusho", "Cambodian", "Cambodian", "Cambodian", "Cambodian", "Cambodian", "Colombian", "Colombian", "Colombian", "Colombian", "Colombian", "Daur", "Daur", "Daur", "Daur", "Druze", "Druze", "Druze", "Kalash", "Kalash", "Kalash", "Lahu", "Lahu", "Lahu", "Mandenka", "Mandenka", "Mandenka", "Mandenka", "Maya", "Maya", "Maya", "MbutiPygmy", "MbutiPygmy", "MbutiPygmy", "Melanesian", "Melanesian", "Melanesian", "Mongola", "Mongola", "Mongola", "Mozabite", "Palestinian", "Palestinian", "Pima", "Russian", "San", "Yakut"],
  "targets": ["Balochi", "Basque", "Druze", "Russian", "Uygur", "Burusho", "Druze", "Mongola", "Russian", "Uygur", "BiakaPygmy", "Mandenka", "MbutiPygmy", "Papuan", "San", "Yoruba", "BiakaPygmy", "Mandenka", "MbutiPygmy", "San", "Yoruba", "Bedouin", "Druze", "Kalash", "Mozabite", "Russian", "Yakut", "Druze", "Palestinian", "Uygur", "Cambodian", "Kalash", "MbutiPygmy", "San", "Yoruba", "Druze", "Mandenka", "Melanesian", "Mozabite", "Russian", "Uygur", "Lahu", "Maya", "Melanesian", "Yi", "Yoruba", "Maya", "Melanesian", "Mongola", "Pima", "San", "Maya", "Mongola", "Yakut", "Yi", "Mozabite", "Palestinian", "Pima", "Lahu", "Russian", "Yi", "Mongola", "Papuan", "San", "Maya", "Mozabite", "Pima", "Yi", "Pima", "Yakut", "Yi", "Papuan", "San", "Yoruba", "Papuan", "Yakut", "Yi", "Pima", "Uygur", "Yakut", "Yoruba", "Russian", "Uygur", "Uygur", "Yakut", "Yoruba", "Yoruba"],
  "weights": [2.0645, 2.3256, 2.2562, 2.097, 3.4049, 3.1393, 2.3709, 3.8143, 2.1523, 2.7706, 3.6814, 2.346, 4.5457, 4.9123, 5.6601, 2.6921, 4.5204, 4.0647, 4.5014, 6.6857, 3.9163, 1.7611, 2.0642, 3.7323, 2.2947, 1.969, 2.9607, 1.4554, 1.5834, 2.0681, 4.4044, 4.7662, 4.6074, 6.3092, 3.3958, 2.5875, 3.6405, 4.0263, 2.8221, 2.8606, 2.8496, 4.012, 3.2151, 4.2244, 2.7924, 3.6723, 3.0921, 4.9482, 2.9693, 3.3592, 7.3468, 2.0086, 1.5038, 1.7514, 1.9465, 1.9918, 2.012, 3.9087, 4.3861, 3.2437, 3.4329, 4.1039, 5.7865, 6.8986, 4.3901, 2.9523, 3.5874, 3.7768, 2.7368, 2.1969, 2.3489, 6.7517, 6.7445, 4.4838, 3.531, 3.859, 4.9823, 2.8588, 2.8641, 2.0689, 2.8827, 1.9733, 2.1737, 3.2187, 3.6031, 5.5948, 4.1665],
  "loci": ["rs4853896", "rs1031352", "rs7566479", "rs12475114", "rs7586516", "rs1020530", "rs2385306", "rs1376427", "rs1451199", "rs11685339", "rs13031108", "rs6548079", "rs7576292", "rs3814051", "rs1868849", "rs4853888", "rs4853887", "rs719875", "rs7575082", "rs1466155", "rs7581110", "rs7575112", "rs11127340", "rs896227", "rs10202240", "rs6713893", "rs10184017", "rs4853778", "rs1470738", "rs4853777", "rs4853776", "rs6737079", "rs6725217", "rs13428254", "rs896221", "rs1993081", "rs1993082", "rs896222", "rs734614", "rs732734"]
}
