{
  "id": "EdgeSet035",
  "sources": ["Adygei", "Adygei", "Adygei", "Adygei", "Adygei", "Adygei", "Adygei", "Balochi", "Balochi", "Balochi", "Balochi", "Balochi", "Balochi", "BantuKenya", "BantuKenya", "BantuKenya", "BantuKenya", "BantuSouthAfrica", "BantuSouthAfrica", "BantuSouthAfrica", "BantuSouthAfrica", "Basque", "Basque", "Bedouin", "Bedouin", "Bedouin", "Bedouin", "BiakaPygmy", "BiakaPygmy", "BiakaPygmy", "BiakaPygmy", "Burusho", "Burusho", "Burusho", "Burusho", "Cambodian", "Cambodian", "Cambodian", "Cambodian", "Cambodian", "Colombian", "Colombian", "Colombian", "Colombian", "Colombian", "Colombian", "Daur", "Daur", "Daur", "Druze", "Druze", "Druze", "Kalash", "Kalash", "Lahu", "Mandenka", "Maya", "Maya", "Maya", "Maya", "MbutiPygmy", "MbutiPygmy", "MbutiPygmy", "Melanesian", "Melanesian", "Mongola", "Mongola", "Mongola", "Mozabite", "Mozabite", "Palestinian", "Uygur"],
  "targets": ["Basque", "Bedouin", "Cambodian", "Druze", "Pima", "Russian", "Yi", "Burusho", "Kalash", "Melanesian", "Pima", "Russian", "Uygur", "BantuSouthAfrica", "Mandenka", "Mozabite", "San", "BiakaPygmy", "Mandenka", "San", "Yoruba", "Druze", "Palestinian", "Druze", "Kalash", "Mozabite", "Palestinian", "Mandenka", "MbutiPygmy", "San", "Yoruba", "Cambodian", "Daur", "Kalash", "Mozabite", "Kalash", "Lahu", "Maya", "Russian", "Yi", "Daur", "Maya", "Melanesian", "Mozabite", "Palestinian", "Pima", "Mongola", "Yakut", "Yi", "Palestinian", "Russian", "Uygur", "Palestinian", "Russian", "Papuan", "Yoruba", "Melanesian", "Papuan", "Pima", "Uygur", "Papuan", "San", "Yoruba", "Papuan", "Yakut", "Pima", "Yakut", "Yi", "Palestinian", "Yi", "Uygur", "Yakut"],
  "weights": [3.2875, 2.582, 4.213, 2.7353, 4.1159, 3.2348, 4.1702, 3.2388, 2.6807, 3.6551, 3.1938, 2.869, 2.4463, 3.4146, 2.7269, 4.2133, 4.5652, 4.3615, 3.3489, 4.5216, 3.6177, 2.9484, 2.9086, 1.9028, 2.7368, 2.2871, 2.0816, 3.4613, 5.1783, 4.5074, 3.985, 4.3039, 3.9989, 3.4262, 3.8977, 3.731, 3.553, 4.4876, 3.9784, 4.2992, 4.1509, 3.1593, 3.7292, 5.0328, 3.6827, 3.5364, 2.5039, 2.8396, 2.6455, 2.158, 2.9249, 2.1869, 2.6074, 2.8968, 4.1867, 2.7345, 3.43, 3.8121, 3.4888, 3.7007, 9.3862, 6.4261, 5.9761, 2.3455, 3.2183, 4.5453, 2.6169, 3.2665, 2.3677, 3.595, 2.2264, 2.6426],
  "loci": ["rs12479004", "rs17040728", "rs17040731", "rs1129241", "rs10197283", "rs4072374", "rs4072375", "rs7563960", "rs4583476", "rs6542658", "rs2071639", "rs4850031", "rs3820897", "rs13017757", "rs11902670", "rs13004318", "rs4850068", "rs13022258", "rs17017737", "rs7567724", "rs2312925", "rs2872168", "rs7583724", "rs731034", "rs3811527", "rs7567833", "rs13031619", "rs4849975", "rs2115901", "rs17445240", "rs13418767", "rs6754459", "rs10208384", "rs1965732", "rs6705562", "rs13395090", "rs7576701", "rs13409287", "rs11123610", "rs2043080"]
}
