{
  "id": "EdgeSet086",
  "sources": ["Adygei", "Adygei", "Adygei", "Balochi", "Balochi", "Balochi", "Balochi", "Balochi", "Balochi", "Balochi", "Balochi", "Balochi", "Balochi", "Balochi", "BantuKenya", "BantuKenya", "BantuKenya", "BantuKenya", "BantuKenya", "BantuKenya", "BantuSouthAfrica", "BantuSouthAfrica", "BantuSouthAfrica", "BantuSouthAfrica", "BantuSouthAfrica", "Basque", "Basque", "Basque", "Bedouin", "Bedouin", "Bedouin", "BiakaPygmy", "BiakaPygmy", "BiakaPygmy", "BiakaPygmy", "Burusho", "Burusho", "Burusho", "Cambodian", "Cambodian", "Cambodian", "Cambodian", "Cambodian", "Cambodian", "Colombian", "Colombian", "Colombian", "Colombian", "Colombian", "Daur", "Daur", "Daur", "Daur", "Druze", "Druze", "Druze", "Druze", "Kalash", "Kalash", "Lahu", "Lahu", "Lahu", "Mandenka", "Maya", "Maya", "MbutiPygmy", "MbutiPygmy", "MbutiPygmy", "Melanesian", "Mongola", "Mongola", "Mongola", "Mozabite", "Mozabite", "Palestinian", "Palestinian", "Papuan", "Pima", "Russian", "Russian", "San"],
  "targets": ["Basque", "Druze", "Palestinian", "Basque", "Bedouin", "Burusho", "Druze", "Kalash", "Mandenka", "Melanesian", "Mozabite", "Palestinian", "Pima", "Russian", "BiakaPygmy", "Colombian", "Mandenka", "MbutiPygmy", "Mozabite", "Yoruba", "BiakaPygmy", "Lahu", "Mandenka", "San", "Yoruba", "Druze", "Kalash", "Russian", "Melanesian", "Palestinian", "Pima", "MbutiPygmy", "Mozabite", "San", "Yoruba", "Daur", "Kalash", "San", "Daur", "Lahu", "Maya", "Papuan", "Pima", "Yi", "Lahu", "Maya", "Melanesian", "Pima", "Yakut", "Lahu", "Papuan", "Yakut", "Yi", "Kalash", "Palestinian", "Russian", "Uygur", "Melanesian", "Pima", "Mongola", "Pima", "Yi", "Yoruba", "Mongola", "Palestinian", "Melanesian", "San", "Yoruba", "Mongola", "Uygur", "Yakut", "Yi", "Palestinian", "Uygur", "Russian", "Yakut", "Uygur", "Yakut", "Uygur", "Yakut", "Yoruba"],
  "weights": [2.5545, 2.0904, 2.0651, 2.3584, 2.2264, 3.4522, 2.0832, 3.0103, 4.6661, 4.5485, 2.5295, 1.995, 3.542, 2.0141, 4.0418, 7.6764, 3.9115, 4.5154, 4.5303, 3.1711, 4.1787, 6.7943, 4.0331, 4.6831, 4.1075, 2.2401, 2.8542, 2.2227, 3.7417, 1.6936, 4.2176, 4.2167, 4.9615, 4.9445, 3.5718, 4.0058, 4.2244, 6.8409, 3.2878, 4.1591, 3.7686, 4.0556, 4.0815, 2.9336, 5.3295, 3.2039, 5.2922, 4.065, 4.4914, 3.9414, 3.9169, 3.7956, 2.4685, 2.7496, 1.919, 1.9453, 2.5152, 4.3213, 4.0997, 3.8023, 4.7963, 3.5149, 3.3213, 3.1739, 3.7702, 6.4928, 5.3957, 3.8513, 3.8006, 3.0001, 2.9285, 2.3662, 2.2519, 2.7127, 2.0297, 2.7572, 3.1282, 2.8615, 2.4796, 2.9518, 5.0103],
  "loci": ["rs2056635", "rs2056634", "rs2140855", "rs7591725", "rs7599262", "rs6431869", "rs10495553", "rs959724", "rs768447", "rs2013746", "rs4669173", "rs10205823", "rs13007576", "rs11898847", "rs4668535", "rs17630005", "rs17681533", "rs1430289", "rs6750297", "rs10179297", "rs10495554", "rs10495555", "rs4146898", "rs1346808", "rs11682970", "rs734271", "rs746965", "rs6730910", "rs13005109", "rs13429103", "rs13030633", "rs2028381", "rs2028380", "rs4146108", "rs7582300", "rs16866181", "rs2163256", "rs11897984", "rs13389950", "rs3910068"]
}
