{
  "id": "EdgeSet048",
  "sources": ["Adygei", "Adygei", "Adygei", "Adygei", "Adygei", "Adygei", "Adygei", "Adygei", "Balochi", "Balochi", "Balochi", "Balochi", "Balochi", "Balochi", "BantuKenya", "BantuKenya", "BantuKenya", "BantuKenya", "BantuKenya", "BantuSouthAfrica", "BantuSouthAfrica", "BantuSouthAfrica", "BantuSouthAfrica", "Basque", "Basque", "Basque", "Basque", "Basque", "Basque", "Bedouin", "Bedouin", "Bedouin", "Bedouin", "Bedouin", "BiakaPygmy", "BiakaPygmy", "BiakaPygmy", "Burusho", "Cambodian", "Cambodian", "Cambodian", "Cambodian", "Colombian", "Colombian", "Colombian", "Colombian", "Colombian", "Daur", "Daur", "Daur", "Daur", "Daur", "Druze", "Druze", "Kalash", "Kalash", "Lahu", "Lahu", "Mandenka", "Maya", "Maya", "Maya", "MbutiPygmy", "MbutiPygmy", "Melanesian", "Melanesian", "Melanesian", "Mongola", "Mongola", "Mongola", "Mozabite", "Papuan", "Papuan", "Papuan", "Pima", "Russian", "San"],
  "targets": ["Basque", "Bedouin", "Burusho", "Druze", "Mandenka", "Mozabite", "Palestinian", "Pima", "Basque", "Burusho", "Druze", "Kalash", "Russian", "Uygur", "BantuSouthAfrica", "BiakaPygmy", "Mozabite", "San", "Yoruba", "Mandenka", "MbutiPygmy", "San", "Yoruba", "Bedouin", "Daur", "Druze", "Melanesian", "Mongola", "Mozabite", "Burusho", "Druze", "Mozabite", "Palestinian", "Russian", "Mandenka", "MbutiPygmy", "Yoruba", "Kalash", "Daur", "Lahu", "Mandenka", "Yi", "Lahu", "Maya", "Papuan", "Pima", "Russian", "Lahu", "Maya", "Mongola", "Papuan", "Yakut", "Kalash", "Mozabite", "Mongola", "Papuan", "Melanesian", "Yakut", "Yoruba", "Melanesian", "Pima", "Yi", "San", "Yoruba", "Papuan", "Uygur", "Yakut", "Uygur", "Yakut", "Yi", "Palestinian", "Uygur", "Yakut", "Yi", "Russian", "Uygur", "Yoruba"],
  "weights": [3.2601, 2.2691, 3.1888, 2.5226, 5.2632, 3.41, 2.2334, 3.7447, 3.4761, 2.7374, 2.5757, 2.9252, 2.7393, 2.8554, 3.9105, 4.5217, 3.6771, 6.7448, 2.9167, 3.0643, 5.351, 6.6072, 3.8197, 3.1472, 4.9662, 2.8782, 4.067, 3.7905, 3.4183, 3.0057, 2.1841, 2.3025, 1.7655, 2.6623, 4.3408, 3.6873, 4.1328, 2.9912, 2.7286, 2.1537, 4.3752, 2.9075, 2.9623, 3.4217, 3.8238, 2.8281, 3.4699, 2.2265, 4.007, 2.7226, 2.9397, 1.9209, 2.6679, 2.2799, 2.8474, 2.8674, 2.9635, 1.8166, 3.2834, 4.272, 3.2292, 4.0083, 6.6842, 5.1285, 2.8602, 2.8636, 2.6665, 3.0367, 2.4243, 2.2189, 2.5588, 3.3961, 2.9661, 3.6889, 2.9695, 2.3067, 6.4981],
  "loci": ["rs996403", "rs1374127", "rs10165056", "rs1446131", "rs4561675", "rs957504", "rs2592086", "rs825939", "rs17019820", "rs10495508", "rs1446137", "rs12616546", "rs17581422", "rs2165183", "rs1446147", "rs13425189", "rs7570834", "rs1898972", "rs11691587", "rs2315293", "rs1439820", "rs735671", "rs1866608", "rs7569982", "rs13427718", "rs10495510", "rs6750212", "rs6753305", "rs1371473", "rs1821990", "rs13427627", "rs1595752", "rs934993", "rs13002818", "rs6747617", "rs12621974", "rs4606942", "rs1371477", "rs1439826", "rs10495513"]
}
