{
  "id": "EdgeSet081",
  "sources": ["Adygei", "Adygei", "Adygei", "Adygei", "Adygei", "Balochi", "Balochi", "Balochi", "Balochi", "Balochi", "BantuKenya", "BantuKenya", "BantuKenya", "BantuKenya", "BantuSouthAfrica", "BantuSouthAfrica", "BantuSouthAfrica", "BantuSouthAfrica", "BantuSouthAfrica", "Basque", "Basque", "Basque", "Bedouin", "Bedouin", "Bedouin", "Bedouin", "Bedouin", "BiakaPygmy", "BiakaPygmy", "BiakaPygmy", "Burusho", "Burusho", "Burusho", "Burusho", "Burusho", "Cambodian", "Cambodian", "Cambodian", "Cambodian", "Colombian", "Colombian", "Colombian", "Colombian", "Daur", "Daur", "Daur", "Daur", "Daur", "Druze", "Kalash", "Kalash", "Kalash", "Lahu", "Lahu", "Mandenka", "Mandenka", "Mandenka", "Maya", "Maya", "MbutiPygmy", "Melanesian", "Mongola", "Mongola", "Mongola", "Mongola", "Mozabite", "Mozabite", "Mozabite", "Palestinian", "Papuan", "Russian", "San"],
  "targets": ["Balochi", "Basque", "Bedouin", "Druze", "Kalash", "Basque", "Druze", "Lahu", "Mozabite", "Russian", "BantuSouthAfrica", "BiakaPygmy", "Mandenka", "Yoruba", "Mandenka", "MbutiPygmy", "San", "Yi", "Yoruba", "Bedouin", "Maya", "Russian", "Druze", "Mozabite", "Palestinian", "Russian", "Yakut", "MbutiPygmy", "San", "Yoruba", "Lahu", "MbutiPygmy", "Mozabite", "Uygur", "Yakut", "Daur", "Lahu", "Uygur", "Yakut", "Maya", "Mongola", "Pima", "Yakut", "Melanesian", "Mongola", "Mozabite", "Papuan", "Yakut", "Russian", "MbutiPygmy", "Melanesian", "Palestinian", "Mongola", "Yi", "Mozabite", "Palestinian", "Yoruba", "Melanesian", "Pima", "San", "Papuan", "Papuan", "Uygur", "Yakut", "Yi", "Palestinian", "Russian", "Yoruba", "Russian", "Yi", "Uygur", "Yoruba"],
  "weights": [2.1497, 2.6984, 1.7478, 2.075, 3.4398, 2.6749, 2.4282, 5.1593, 2.704, 2.1771, 4.6828, 5.144, 4.0575, 3.687, 4.7056, 6.2356, 5.5628, 6.6081, 4.2867, 2.5819, 4.8122, 2.582, 1.9723, 2.1412, 1.8635, 1.6416, 2.4894, 6.0546, 5.9882, 4.5633, 3.2322, 7.1401, 2.7272, 2.3423, 3.0754, 2.5198, 2.9658, 2.2345, 1.9844, 3.8825, 4.8419, 3.3262, 4.1389, 4.3444, 2.7199, 3.1762, 4.0364, 2.5935, 1.882, 7.2183, 4.7708, 4.1599, 2.93, 3.589, 2.7591, 3.2715, 2.3578, 5.9685, 2.3301, 6.1078, 3.4254, 3.813, 2.0523, 2.4277, 3.1695, 2.1299, 2.1902, 3.1582, 1.8564, 4.7745, 2.9846, 5.1573],
  "loci": ["rs771274", "rs771283", "rs11694597", "rs720388", "rs771296", "rs12692328", "rs771300", "rs771302", "rs11679160", "rs771306", "rs732170", "rs771311", "rs3772022", "rs716896", "rs10192053", "rs771313", "rs3772019", "rs771320", "rs3821336", "rs771323", "rs13392406", "rs4669122", "rs3772003", "rs771253", "rs771256", "rs771261", "rs700943", "rs771268", "rs364891", "rs10495548", "rs2292931", "rs10495549", "rs447721", "rs6720046", "rs1964092", "rs309311", "rs420013", "rs454999", "rs451763", "rs377617"]
}
