{
  "id": "EdgeSet018",
  "sources": ["Adygei", "Adygei", "Adygei", "Adygei", "Adygei", "Adygei", "Adygei", "Balochi", "Balochi", "Balochi", "Balochi", "Balochi", "Balochi", "BantuKenya", "BantuKenya", "BantuKenya", "BantuKenya", "BantuKenya", "BantuKenya", "BantuKenya", "BantuSouthAfrica", "BantuSouthAfrica", "BantuSouthAfrica", "BantuSouthAfrica", "BantuSouthAfrica", "Basque", "Basque", "Basque", "Basque", "Basque", "Bedouin", "Bedouin", "Bedouin", "Bedouin", "BiakaPygmy", "BiakaPygmy", "BiakaPygmy", "BiakaPygmy", "BiakaPygmy", "Burusho", "Burusho", "Burusho", "Burusho", "Burusho", "Cambodian", "Cambodian", "Cambodian", "Cambodian", "Cambodian", "Cambodian", "Cambodian", "Colombian", "Colombian", "Colombian", "Colombian", "Daur", "Daur", "Daur", "Daur", "Daur", "Druze", "Druze", "Druze", "Druze", "Kalash", "Kalash", "Kalash", "Kalash", "Lahu", "Lahu", "Lahu", "Lahu", "Mandenka", "Mandenka", "Maya", "MbutiPygmy", "Melanesian", "Melanesian", "Mongola", "Mozabite", "Mozabite", "Mozabite", "Palestinian", "Palestinian", "Palestinian", "Papuan", "Pima", "Pima", "San", "San", "Yakut"],
  "targets": ["Basque", "Bedouin", "Colombian", "Kalash", "Lahu", "Mongola", "Russian", "Bedouin", "Kalash", "Pima", "Russian", "Uygur", "Yi", "BantuSouthAfrica", "Basque", "BiakaPygmy", "Mandenka", "MbutiPygmy", "Mozabite", "Yoruba", "BiakaPygmy", "Burusho", "Mandenka", "San", "Yoruba", "MbutiPygmy", "Mozabite", "Palestinian", "Papuan", "Russian", "Druze", "Mozabite", "Palestinian", "Papuan", "Mandenka", "MbutiPygmy", "Pima", "San", "Yoruba", "Kalash", "Maya", "Melanesian", "Mongola", "Russian", "Colombian", "Daur", "Druze", "Mongola", "Pima", "Yi", "Yoruba", "Daur", "Druze", "Maya", "Pima", "Lahu", "Pima", "Russian", "Yakut", "Yi", "Kalash", "Mozabite", "Palestinian", "Uygur", "Lahu", "MbutiPygmy", "Russian", "Uygur", "Maya", "Melanesian", "San", "Uygur", "MbutiPygmy", "Yoruba", "Yi", "San", "Papuan", "San", "Yakut", "Palestinian", "Uygur", "Yoruba", "Pima", "Russian", "Uygur", "San", "Yakut", "Yi", "Uygur", "Yi", "Yi"],
  "weights": [1.8445, 1.6939, 1.7804, 3.3413, 4.3719, 2.3829, 2.0783, 1.8564, 2.5214, 2.4272, 2.3826, 2.4934, 3.2261, 4.5184, 3.8312, 4.0095, 3.8253, 5.2535, 3.4212, 3.4639, 3.789, 5.6491, 4.5979, 9.6485, 4.4342, 5.5307, 2.3813, 2.1207, 3.146, 2.5302, 1.6542, 1.5907, 1.5071, 3.0597, 4.3109, 5.3262, 4.7756, 9.9595, 3.86, 3.5107, 3.8403, 4.4251, 3.5523, 3.2012, 2.92, 2.9693, 2.8395, 3.4039, 3.0646, 3.3961, 4.1162, 2.3715, 1.4204, 2.4924, 1.9416, 4.6439, 3.0376, 2.824, 2.7566, 3.058, 2.7014, 1.7899, 1.6316, 2.7258, 6.3304, 5.4901, 3.1236, 3.2252, 5.2074, 5.8096, 11.8624, 5.3231, 5.8717, 3.6585, 3.5511, 10.1928, 2.8054, 10.8507, 2.6446, 1.7159, 2.9866, 3.0895, 2.2034, 2.4071, 3.2998, 10.2027, 3.086, 3.3718, 10.3981, 10.9213, 3.045],
  "loci": ["rs11674865", "rs7592630", "rs11904794", "rs6748757", "rs4853754", "rs7560247", "rs7581359", "rs4853824", "rs4853822", "rs13387432", "rs1368233", "rs13031530", "rs13404264", "rs2241685", "rs7588882", "rs1864881", "rs12986730", "rs10181068", "rs6733654", "rs10185662", "rs11127298", "rs7578545", "rs13024398", "rs11888121", "rs6727410", "rs2304007", "rs6548049", "rs1560624", "rs891878", "rs13389846", "rs6719219", "rs1897477", "rs4853811", "rs1978703", "rs11127292", "rs11127381", "rs891877", "rs4853952", "rs756282", "rs1421613"]
}
