{
  "id": "EdgeSet073",
  "sources": ["Adygei", "Adygei", "Adygei", "Adygei", "Adygei", "Adygei", "Adygei", "Balochi", "Balochi", "Balochi", "Balochi", "Balochi", "BantuKenya", "BantuKenya", "BantuKenya", "BantuKenya", "BantuSouthAfrica", "BantuSouthAfrica", "BantuSouthAfrica", "BantuSouthAfrica", "Basque", "Basque", "Basque", "Basque", "Bedouin", "Bedouin", "Bedouin", "Bedouin", "BiakaPygmy", "BiakaPygmy", "BiakaPygmy", "Burusho", "Burusho", "Burusho", "Cambodian", "Cambodian", "Cambodian", "Colombian", "Colombian", "Colombian", "Daur", "Daur", "Daur", "Daur", "Druze", "Kalash", "Kalash", "Kalash", "Kalash", "Lahu", "Lahu", "Lahu", "Mandenka", "Mandenka", "Mandenka", "Maya", "Maya", "Maya", "Maya", "Maya", "MbutiPygmy", "Melanesian", "Melanesian", "Mongola", "Mongola", "Mozabite", "Papuan", "Pima", "Russian", "Uygur"],
  "targets": ["Balochi", "Druze", "Kalash", "Melanesian", "Mongola", "Palestinian", "Russian", "Bedouin", "Cambodian", "Druze", "Mozabite", "Uygur", "Mandenka", "MbutiPygmy", "San", "Yoruba", "Mandenka", "MbutiPygmy", "Mozabite", "San", "Druze", "Kalash", "Mozabite", "San", "Kalash", "Mozabite", "Palestinian", "Russian", "MbutiPygmy", "San", "Yoruba", "Kalash", "Mozabite", "Papuan", "Daur", "Lahu", "Melanesian", "Mongola", "Pima", "Yakut", "Lahu", "Maya", "Yakut", "Yi", "Russian", "Lahu", "Melanesian", "Mongola", "Yakut", "Melanesian", "San", "Yi", "MbutiPygmy", "Mozabite", "Yoruba", "Mongola", "Papuan", "Pima", "Uygur", "Yi", "San", "Papuan", "Russian", "Russian", "Yakut", "Palestinian", "Pima", "Yi", "Yakut", "Yi"],
  "weights": [2.2528, 1.7584, 2.3943, 3.2321, 3.0734, 1.9593, 1.97, 2.3958, 2.7788, 2.1736, 2.6746, 2.5465, 4.3118, 4.7858, 6.4619, 4.0952, 4.2983, 5.1258, 5.4969, 6.5674, 3.0228, 3.6149, 3.2513, 7.7757, 2.7532, 1.6326, 1.6171, 2.2435, 5.5724, 5.4451, 4.8247, 2.8571, 2.9204, 2.9255, 2.4184, 2.427, 2.5466, 2.3171, 3.1512, 2.2467, 2.8214, 2.2913, 2.6142, 2.0485, 1.4446, 5.0019, 3.6486, 2.7606, 2.3582, 3.362, 7.7118, 3.4798, 4.215, 4.4554, 2.9635, 2.7294, 2.8497, 2.0829, 2.1399, 2.0511, 6.3847, 2.8109, 2.9817, 2.7799, 2.1595, 1.7801, 2.6409, 2.6491, 2.2053, 1.7469],
  "loci": ["rs7591996", "rs6751561", "rs4669060", "rs13403411", "rs16865056", "rs726342", "rs6712182", "rs9287675", "rs16865072", "rs716604", "rs1037943", "rs6739653", "rs10208273", "rs6431800", "rs1564032", "rs16865111", "rs6713599", "rs7577880", "rs1462060", "rs6723180", "rs6726264", "rs6740562", "rs4594412", "rs17380176", "rs13027881", "rs6734894", "rs7577180", "rs384180", "rs4669069", "rs12328412", "rs10190662", "rs306158", "rs3101047", "rs10495536", "rs306188", "rs16865170", "rs306138", "rs931007", "rs306169", "rs306136"]
}
