{
  "id": "EdgeSet059",
  "sources": ["Adygei", "Adygei", "Adygei", "Adygei", "Adygei", "Adygei", "Balochi", "Balochi", "Balochi", "Balochi", "BantuKenya", "BantuKenya", "BantuKenya", "BantuKenya", "BantuKenya", "BantuSouthAfrica", "BantuSouthAfrica", "BantuSouthAfrica", "Basque", "Basque", "Basque", "Basque", "Basque", "Basque", "Bedouin", "Bedouin", "Bedouin", "Bedouin", "BiakaPygmy", "BiakaPygmy", "BiakaPygmy", "BiakaPygmy", "Burusho", "Burusho", "Burusho", "Cambodian", "Cambodian", "Cambodian", "Cambodian", "Colombian", "Colombian", "Colombian", "Daur", "Daur", "Daur", "Daur", "Daur", "Druze", "Druze", "Druze", "Druze", "Druze", "Druze", "Kalash", "Kalash", "Kalash", "Kalash", "Lahu", "Lahu", "Lahu", "Lahu", "Mandenka", "Mandenka", "Mandenka", "Maya", "Maya", "Maya", "Maya", "MbutiPygmy", "MbutiPygmy", "Melanesian", "Melanesian", "Melanesian", "Mongola", "Papuan", "Uygur", "Uygur", "Uygur"],
  "targets": ["Balochi", "Bedouin", "Burusho", "Kalash", "Palestinian", "Pima", "Burusho", "Cambodian", "Kalash", "Mongola", "BantuSouthAfrica", "BiakaPygmy", "Mandenka", "MbutiPygmy", "Yoruba", "Mandenka", "MbutiPygmy", "San", "Burusho", "Colombian", "Kalash", "Melanesian", "Palestinian", "Uygur", "Burusho", "Druze", "Mozabite", "Palestinian", "Mandenka", "MbutiPygmy", "Melanesian", "Yoruba", "Druze", "Kalash", "Pima", "Druze", "Lahu", "Mongola", "Yi", "Maya", "Pima", "Russian", "Maya", "Mongola", "Yakut", "Yi", "Yoruba", "Kalash", "Lahu", "Mozabite", "Palestinian", "Russian", "Uygur", "Palestinian", "Pima", "Russian", "Uygur", "Melanesian", "Pima", "Yakut", "Yi", "Mozabite", "San", "Yoruba", "Mongola", "Pima", "Russian", "Yakut", "San", "Yoruba", "Mongola", "Papuan", "Russian", "Yakut", "San", "Yakut", "Yi", "Yoruba"],
  "weights": [1.7226, 1.517, 1.7488, 2.6346, 1.6234, 2.7309, 1.9115, 3.1239, 2.9366, 2.7392, 4.8162, 3.6159, 3.0735, 4.1379, 3.6049, 4.1215, 6.1576, 6.4712, 2.335, 4.3421, 3.1333, 4.9422, 2.2733, 2.5263, 1.8441, 1.9597, 1.9335, 1.6093, 4.1669, 4.0891, 7.2159, 4.3367, 2.2225, 3.3972, 3.1097, 3.7978, 2.7182, 2.7143, 1.579, 4.1012, 3.4287, 4.018, 2.8004, 2.4609, 2.1929, 2.4531, 5.3898, 3.7008, 4.2568, 2.7621, 2.1369, 3.1882, 2.4034, 2.763, 3.2992, 3.4446, 2.8184, 6.2003, 4.2796, 2.9263, 2.9876, 3.5585, 5.0364, 2.4349, 3.0374, 2.8918, 3.4573, 2.0834, 6.0515, 5.1662, 5.2798, 4.1596, 5.7622, 2.6404, 6.2413, 2.2452, 2.7284, 5.2531],
  "loci": ["rs4462764", "rs7425501", "rs896918", "rs1453791", "rs12616745", "rs2123733", "rs17274192", "rs1453766", "rs4669167", "rs6431870", "rs10432395", "rs9287689", "rs4669198", "rs10185291", "rs1453787", "rs10929490", "rs12479127", "rs13388472", "rs12185660", "rs13010129", "rs6431894", "rs2349683", "rs6431908", "rs1524479", "rs10190732", "rs16863630", "rs6734151", "rs6431917", "rs4668565", "rs2349682", "rs11677035", "rs10929518", "rs10929519", "rs1404257", "rs1524490", "rs700952", "rs10170790", "rs6720039", "rs792065", "rs10210998"]
}
