{
  "id": "EdgeSet045",
  "sources": ["Adygei", "Adygei", "Adygei", "Adygei", "Balochi", "Balochi", "Balochi", "Balochi", "BantuKenya", "BantuKenya", "BantuKenya", "BantuKenya", "BantuKenya", "BantuKenya", "BantuSouthAfrica", "BantuSouthAfrica", "BantuSouthAfrica", "BantuSouthAfrica", "Basque", "Basque", "Basque", "Basque", "Basque", "Bedouin", "Bedouin", "Bedouin", "Bedouin", "BiakaPygmy", "BiakaPygmy", "BiakaPygmy", "BiakaPygmy", "Burusho", "Burusho", "Burusho", "Burusho", "Cambodian", "Cambodian", "Cambodian", "Colombian", "Colombian", "Colombian", "Daur", "Daur", "Daur", "Daur", "Daur", "Druze", "Druze", "Kalash", "Kalash", "Kalash", "Kalash", "Lahu", "Lahu", "Lahu", "Mandenka", "Mandenka", "Mandenka", "Maya", "MbutiPygmy", "MbutiPygmy", "Melanesian", "Melanesian", "Melanesian", "Melanesian", "Mongola", "Mongola", "Mongola", "Mozabite", "Papuan", "Russian", "Uygur", "Uygur"],
  "targets": ["Basque", "Druze", "Kalash", "Palestinian", "Burusho", "Kalash", "Mozabite", "Palestinian", "BantuSouthAfrica", "Basque", "BiakaPygmy", "Mandenka", "MbutiPygmy", "San", "Cambodian", "Mandenka", "San", "Yoruba", "BiakaPygmy", "Burusho", "Palestinian", "Pima", "Russian", "Druze", "Mozabite", "Palestinian", "Russian", "Mandenka", "MbutiPygmy", "San", "Yoruba", "Mozabite", "Papuan", "Pima", "Russian", "Lahu", "Mongola", "Yi", "Maya", "Papuan", "Pima", "Kalash", "Lahu", "Mongola", "Papuan", "Yi", "Maya", "Mozabite", "Maya", "Mongola", "Pima", "Yakut", "Uygur", "Yakut", "Yi", "MbutiPygmy", "Mozabite", "Yoruba", "Pima", "Melanesian", "San", "Mongola", "Papuan", "Russian", "Yi", "Papuan", "Yakut", "Yi", "Uygur", "Yakut", "Uygur", "Yakut", "Yi"],
  "weights": [2.086, 2.099, 3.3069, 1.7736, 2.7804, 2.8074, 2.9367, 2.2254, 4.2341, 5.0565, 3.7271, 3.3988, 6.1239, 5.3329, 6.1173, 4.4321, 5.4337, 3.616, 5.0355, 3.3538, 2.1497, 3.3745, 2.7493, 2.0374, 2.4401, 1.6605, 2.298, 3.585, 5.4743, 4.4834, 2.9591, 4.3577, 4.8508, 3.7987, 3.4551, 2.4012, 2.8229, 2.0443, 2.5406, 4.3628, 3.2181, 4.5341, 2.4103, 2.07, 3.7563, 2.3462, 3.8935, 2.484, 3.5458, 3.8922, 2.965, 3.7926, 4.3058, 3.4262, 2.5632, 5.6665, 3.7285, 3.0894, 3.0928, 7.8892, 6.9626, 3.214, 3.5613, 3.261, 3.1581, 3.5381, 2.7935, 2.4103, 2.5202, 3.7361, 2.7681, 3.135, 3.1651],
  "loci": ["rs1377583", "rs637295", "rs619773", "rs10165034", "rs2602629", "rs2677912", "rs587913", "rs1453593", "rs631806", "rs998331", "rs17019119", "rs607240", "rs11895724", "rs651418", "rs598765", "rs606243", "rs589804", "rs648196", "rs1563121", "rs616251", "rs642267", "rs17555205", "rs11682901", "rs12474326", "rs12712004", "rs1564331", "rs6724821", "rs4849963", "rs7607534", "rs10495502", "rs1479234", "rs17621354", "rs17563363", "rs10495504", "rs10495505", "rs1904321", "rs1382743", "rs1564333", "rs11892756", "rs12711951"]
}
