{
  "id": "EdgeSet054",
  "sources": ["Adygei", "Adygei", "Adygei", "Adygei", "Adygei", "Adygei", "Balochi", "Balochi", "Balochi", "Balochi", "BantuKenya", "BantuKenya", "BantuKenya", "BantuKenya", "BantuKenya", "BantuSouthAfrica", "BantuSouthAfrica", "BantuSouthAfrica", "Basque", "Basque", "Basque", "Basque", "Basque", "Basque", "Bedouin", "Bedouin", "BiakaPygmy", "BiakaPygmy", "BiakaPygmy", "BiakaPygmy", "Burusho", "Burusho", "Burusho", "Burusho", "Cambodian", "Cambodian", "Cambodian", "Cambodian", "Cambodian", "Cambodian", "Cambodian", "Colombian", "Colombian", "Colombian", "Daur", "Daur", "Daur", "Druze", "Kalash", "Kalash", "Kalash", "Lahu", "Mandenka", "Mandenka", "Mandenka", "Mandenka", "Maya", "MbutiPygmy", "MbutiPygmy", "Melanesian", "Melanesian", "Mongola", "Mongola", "Mongola", "Mozabite", "Palestinian", "Papuan", "Papuan", "Pima", "Pima", "Yakut"],
  "targets": ["Balochi", "Basque", "Bedouin", "Druze", "Palestinian", "Russian", "Burusho", "Druze", "Lahu", "Mozabite", "BantuSouthAfrica", "BiakaPygmy", "Mandenka", "San", "Yoruba", "BiakaPygmy", "Mandenka", "Yoruba", "Druze", "Kalash", "Maya", "Mozabite", "Russian", "Uygur", "Druze", "Palestinian", "Mandenka", "MbutiPygmy", "San", "Yoruba", "Colombian", "Druze", "Kalash", "Palestinian", "Lahu", "Mandenka", "Melanesian", "Mongola", "Russian", "Yakut", "Yi", "Maya", "Pima", "Yi", "Mongola", "Yakut", "Yi", "Mongola", "Melanesian", "Mozabite", "Russian", "Yi", "MbutiPygmy", "Mozabite", "Pima", "Yoruba", "Pima", "San", "Yoruba", "Papuan", "Uygur", "Uygur", "Yakut", "Yi", "Palestinian", "Russian", "San", "Yakut", "Russian", "Uygur", "Yi"],
  "weights": [2.0482, 2.979, 1.9691, 2.0373, 1.8515, 2.7327, 1.9257, 1.5692, 4.1356, 2.4742, 4.1158, 3.698, 3.6515, 6.5066, 3.2157, 3.7272, 4.1676, 3.3684, 1.7963, 2.4006, 3.2887, 2.5827, 2.0714, 2.9068, 1.5521, 1.4405, 3.5536, 5.2522, 6.5886, 3.0262, 3.7577, 2.0387, 3.2839, 2.279, 2.7064, 5.3423, 4.1893, 3.0674, 3.9626, 2.6221, 2.4443, 3.0834, 3.5739, 3.7377, 3.3289, 3.2528, 3.4345, 4.2421, 3.5991, 2.9818, 2.3341, 2.2222, 5.9644, 4.3158, 5.7456, 2.9255, 2.9931, 8.0451, 5.3433, 2.5775, 3.3049, 3.0391, 2.5121, 2.9498, 2.3608, 2.2269, 9.1059, 4.6856, 3.8182, 4.5265, 2.3916],
  "loci": ["rs2694089", "rs1869417", "rs2694093", "rs13393791", "rs1869415", "rs2694084", "rs2255728", "rs17263568", "rs17329506", "rs4854164", "rs12618667", "rs4546035", "rs7606684", "rs12621987", "rs4854135", "rs4854150", "rs6548153", "rs11902010", "rs7570426", "rs7573861", "rs1111657", "rs11885038", "rs11688647", "rs13421307", "rs7570358", "rs2324584", "rs4854179", "rs4854182", "rs12464175", "rs13022433", "rs6548154", "rs7601188", "rs4971504", "rs6738313", "rs4627605", "rs6739163", "rs10165836", "rs12989971", "rs7575853", "rs7595325"]
}
