{
  "id": "EdgeSet075",
  "sources": ["Adygei", "Adygei", "Adygei", "Adygei", "Balochi", "Balochi", "Balochi", "Balochi", "BantuKenya", "BantuKenya", "BantuKenya", "BantuKenya", "BantuKenya", "BantuSouthAfrica", "BantuSouthAfrica", "BantuSouthAfrica", "BantuSouthAfrica", "BantuSouthAfrica", "Basque", "Basque", "Basque", "Basque", "Bedouin", "Bedouin", "Bedouin", "Bedouin", "Bedouin", "BiakaPygmy", "BiakaPygmy", "BiakaPygmy", "Burusho", "Burusho", "Burusho", "Burusho", "Cambodian", "Cambodian", "Cambodian", "Cambodian", "Cambodian", "Colombian", "Colombian", "Colombian", "Colombian", "Colombian", "Colombian", "Colombian", "Colombian", "Daur", "Daur", "Daur", "Daur", "Daur", "Daur", "Druze", "Druze", "Druze", "Kalash", "Kalash", "Kalash", "Kalash", "Lahu", "Mandenka", "Maya", "Maya", "Maya", "Maya", "MbutiPygmy", "MbutiPygmy", "Melanesian", "Melanesian", "Melanesian", "Melanesian", "Mongola", "Mongola", "Mongola", "Mozabite", "Papuan", "Papuan", "Papuan", "Papuan", "Pima", "Pima", "Russian", "San"],
  "targets": ["Burusho", "Druze", "Kalash", "Palestinian", "Basque", "Bedouin", "Mozabite", "Uygur", "BantuSouthAfrica", "BiakaPygmy", "Mandenka", "MbutiPygmy", "San", "BiakaPygmy", "Mandenka", "MbutiPygmy", "San", "Yoruba", "Burusho", "Maya", "Palestinian", "Russian", "Burusho", "Druze", "Kalash", "Mozabite", "Palestinian", "Mandenka", "San", "Yoruba", "Pima", "Russian", "Uygur", "Yakut", "Daur", "Lahu", "Maya", "Melanesian", "Papuan", "Daur", "Kalash", "Lahu", "Maya", "Papuan", "Pima", "Russian", "Uygur", "Lahu", "Maya", "Melanesian", "Mongola", "Yakut", "Yi", "Kalash", "Mongola", "Palestinian", "Melanesian", "Mongola", "Russian", "Yakut", "Papuan", "Yoruba", "Mongola", "Papuan", "Pima", "Uygur", "San", "Yoruba", "Mongola", "Pima", "Uygur", "Yakut", "Pima", "Yakut", "Yi", "Palestinian", "Pima", "Russian", "Yakut", "Yi", "Yakut", "Yi", "Uygur", "Yoruba"],
  "weights": [2.3282, 2.3585, 2.2752, 2.2995, 2.2166, 2.232, 2.0582, 2.702, 4.8935, 3.9682, 3.1145, 3.7954, 5.8473, 5.3343, 4.8079, 5.6987, 6.4848, 4.7629, 2.1698, 3.7453, 1.7462, 2.0865, 2.0626, 1.7342, 2.6186, 1.7034, 1.7622, 3.6694, 5.3195, 3.3494, 4.9482, 2.276, 2.962, 3.2339, 2.4288, 2.735, 4.0895, 3.9787, 3.2665, 4.779, 4.9159, 5.7396, 4.4023, 4.5527, 4.2384, 5.9413, 4.92, 3.3587, 4.7878, 3.8001, 2.9901, 2.3789, 3.6197, 2.8257, 5.0317, 1.6537, 5.7346, 3.5907, 2.6385, 3.3209, 4.1159, 2.6165, 3.8657, 3.8402, 3.448, 4.5716, 5.8382, 3.4804, 4.2815, 4.58, 4.2943, 3.9714, 3.4432, 2.5713, 3.4242, 1.8779, 3.4052, 4.6751, 3.2304, 3.9947, 3.3543, 3.8901, 3.6107, 5.241],
  "loci": ["rs306196", "rs6717788", "rs306194", "rs10188894", "rs306182", "rs306181", "rs1462063", "rs16865276", "rs7576423", "rs6431805", "rs16865292", "rs12692317", "rs17381941", "rs13392122", "rs12465667", "rs3919811", "rs13018243", "rs17745881", "rs12612753", "rs10202324", "rs4669075", "rs10495537", "rs1870131", "rs6748722", "rs1350342", "rs4669076", "rs1159673", "rs16865345", "rs4669077", "rs6746495", "rs11891157", "rs16865372", "rs17803843", "rs1125302", "rs4669081", "rs13383761", "rs11675022", "rs12993501", "rs6750888", "rs10495541"]
}
