{
  "id": "EdgeSet067",
  "sources": ["Adygei", "Adygei", "Adygei", "Adygei", "Balochi", "Balochi", "Balochi", "Balochi", "Balochi", "Balochi", "BantuKenya", "BantuKenya", "BantuKenya", "BantuKenya", "BantuKenya", "BantuKenya", "BantuKenya", "BantuSouthAfrica", "BantuSouthAfrica", "BantuSouthAfrica", "BantuSouthAfrica", "BantuSouthAfrica", "Basque", "Basque", "Basque", "Basque", "Basque", "Basque", "Bedouin", "Bedouin", "Bedouin", "Bedouin", "BiakaPygmy", "BiakaPygmy", "BiakaPygmy", "Burusho", "Burusho", "Burusho", "Cambodian", "Cambodian", "Cambodian", "Cambodian", "Cambodian", "Cambodian", "Colombian", "Colombian", "Colombian", "Colombian", "Colombian", "Colombian", "Daur", "Daur", "Daur", "Daur", "Daur", "Druze", "Druze", "Kalash", "Kalash", "Kalash", "Kalash", "Kalash", "Lahu", "Lahu", "Lahu", "Lahu", "Mandenka", "Mandenka", "Maya", "MbutiPygmy", "MbutiPygmy", "Melanesian", "Melanesian", "Melanesian", "Melanesian", "Mongola", "Mongola", "Mongola", "Mongola", "Mozabite", "Palestinian", "Papuan", "Papuan", "Papuan", "Uygur"],
  "targets": ["Balochi", "Bedouin", "Kalash", "Palestinian", "Bedouin", "Burusho", "Druze", "Mozabite", "Russian", "Uygur", "BantuSouthAfrica", "BiakaPygmy", "Burusho", "Mandenka", "Mozabite", "San", "Yoruba", "BiakaPygmy", "Colombian", "Mandenka", "San", "Yoruba", "Bedouin", "Burusho", "Druze", "Kalash", "Mongola", "Russian", "Burusho", "Druze", "Mozabite", "Palestinian", "Lahu", "San", "Yoruba", "Colombian", "Maya", "Yi", "Daur", "Lahu", "Melanesian", "Mongola", "Yakut", "Yi", "Lahu", "Maya", "MbutiPygmy", "Melanesian", "Pima", "San", "Maya", "Mongola", "Uygur", "Yakut", "Yi", "Mozabite", "Palestinian", "Lahu", "Mozabite", "Papuan", "Yakut", "Yi", "MbutiPygmy", "Papuan", "Yakut", "Yi", "MbutiPygmy", "Yoruba", "Pima", "San", "Yoruba", "Mozabite", "Papuan", "Pima", "Yakut", "Papuan", "Russian", "Yakut", "Yi", "Palestinian", "Russian", "Pima", "Russian", "Uygur", "Yakut"],
  "weights": [2.482, 2.1598, 3.3552, 1.6548, 2.2056, 3.0957, 2.2646, 2.4393, 2.5573, 3.0208, 4.3794, 4.1009, 5.7571, 3.308, 3.9419, 6.1446, 3.3155, 4.4013, 7.1278, 3.7541, 6.0069, 3.3135, 2.3305, 2.7787, 2.2139, 3.2868, 3.0746, 2.131, 2.6517, 1.8528, 2.1866, 1.8772, 5.1459, 5.0423, 3.8328, 5.2042, 3.4388, 3.8644, 2.3894, 3.9685, 3.6299, 2.2709, 2.5983, 2.9024, 6.9772, 4.4901, 7.3591, 5.3044, 4.8894, 7.9674, 4.0361, 2.3421, 2.9601, 2.2917, 2.8597, 2.2961, 1.9168, 4.6722, 3.1088, 5.0016, 3.831, 4.1703, 5.0703, 4.4644, 4.1634, 5.6765, 3.4456, 2.6365, 3.3082, 6.1981, 3.2933, 4.3241, 3.3311, 2.9409, 3.5784, 3.2981, 2.8716, 2.495, 2.6694, 2.163, 2.2635, 3.8335, 3.0258, 3.0234, 2.9169],
  "loci": ["rs1366736", "rs891251", "rs2059912", "rs2709443", "rs1429225", "rs2564035", "rs720118", "rs2464989", "rs17373058", "rs12475371", "rs7559948", "rs7586479", "rs4668815", "rs2350571", "rs4257373", "rs7586540", "rs4433978", "rs10495528", "rs4293540", "rs6714022", "rs12469824", "rs4485544", "rs4312456", "rs4669966", "rs4349325", "rs7564203", "rs10495530", "rs10495532", "rs13432692", "rs10445719", "rs11674680", "rs11893368", "rs11691189", "rs12053485", "rs1880800", "rs2709437", "rs2609086", "rs941009", "rs4670020", "rs2693833"]
}
