{
  "id": "EdgeSet030",
  "sources": ["Adygei", "Adygei", "Adygei", "Adygei", "Balochi", "Balochi", "Balochi", "Balochi", "BantuKenya", "BantuKenya", "BantuKenya", "BantuKenya", "BantuSouthAfrica", "BantuSouthAfrica", "BantuSouthAfrica", "BantuSouthAfrica", "Basque", "Basque", "Basque", "Basque", "Bedouin", "Bedouin", "Bedouin", "BiakaPygmy", "BiakaPygmy", "BiakaPygmy", "Burusho", "Burusho", "Burusho", "Burusho", "Burusho", "Burusho", "Burusho", "Cambodian", "Cambodian", "Cambodian", "Colombian", "Colombian", "Colombian", "Colombian", "Colombian", "Daur", "Daur", "Daur", "Daur", "Daur", "Daur", "Daur", "Druze", "Druze", "Kalash", "Kalash", "Kalash", "Lahu", "Lahu", "Lahu", "Lahu", "Mandenka", "Maya", "Maya", "MbutiPygmy", "Melanesian", "Melanesian", "Melanesian", "Mongola", "Mozabite", "Palestinian", "Papuan", "Papuan", "Pima", "Pima", "Pima", "San"],
  "targets": ["Balochi", "Colombian", "Druze", "Palestinian", "Bedouin", "Burusho", "Daur", "Russian", "BantuSouthAfrica", "Mandenka", "Mozabite", "Yoruba", "BiakaPygmy", "Mandenka", "San", "Yoruba", "Druze", "Kalash", "Mozabite", "Papuan", "Druze", "Mozabite", "Palestinian", "Burusho", "MbutiPygmy", "Yoruba", "Cambodian", "Kalash", "Mongola", "Uygur", "Yakut", "Yi", "Yoruba", "Kalash", "Lahu", "Uygur", "Mandenka", "Maya", "Mongola", "Pima", "Yi", "Kalash", "Lahu", "Maya", "Melanesian", "Mongola", "Yakut", "Yi", "Mandenka", "Palestinian", "Maya", "Uygur", "Yakut", "Melanesian", "Uygur", "Yakut", "Yi", "Yoruba", "Mongola", "Yakut", "San", "Mongola", "Papuan", "Pima", "Yakut", "Palestinian", "Russian", "Pima", "San", "Russian", "Yakut", "Yi", "Yoruba"],
  "weights": [2.4878, 3.7822, 1.648, 2.0809, 2.5968, 3.6097, 4.3137, 2.534, 3.5439, 2.7969, 3.5619, 3.0207, 4.1514, 3.4591, 9.6082, 3.6819, 2.6371, 3.7091, 3.3579, 4.9716, 1.5788, 2.3197, 1.9334, 4.9051, 5.8666, 4.4359, 3.0184, 2.7791, 3.913, 2.1092, 2.7105, 3.2351, 6.3857, 3.2864, 2.3193, 2.5773, 4.4723, 2.9297, 3.2928, 3.011, 2.7667, 3.1514, 2.1216, 3.8861, 3.1607, 2.6504, 2.4381, 2.6888, 3.5204, 1.7919, 3.4633, 2.5738, 2.7646, 3.1814, 2.5202, 2.5578, 2.793, 3.4972, 3.1059, 2.9613, 7.1949, 3.4337, 2.5016, 2.9984, 2.6915, 1.9438, 1.8612, 3.5321, 11.0954, 2.3734, 2.1005, 2.6901, 9.6511],
  "loci": ["rs2053906", "rs17038881", "rs11675796", "rs13025008", "rs12714352", "rs2043544", "rs13431590", "rs12620694", "rs10203375", "rs1031348", "rs744321", "rs730344", "rs12619156", "rs13006069", "rs11686290", "rs2082832", "rs875601", "rs2385315", "rs10495490", "rs1469814", "rs1469813", "rs4146909", "rs1865581", "rs17441173", "rs12992080", "rs13017799", "rs2385324", "rs7569763", "rs1369504", "rs6758587", "rs13408319", "rs4853862", "rs2385327", "rs1435549", "rs934556", "rs823221", "rs823231", "rs709276", "rs6755122", "rs823234"]
}
