{
  "id": "EdgeSet051",
  "sources": ["Adygei", "Adygei", "Adygei", "Adygei", "Adygei", "Adygei", "Adygei", "Adygei", "Balochi", "Balochi", "Balochi", "Balochi", "BantuKenya", "BantuKenya", "BantuKenya", "BantuKenya", "BantuKenya", "BantuSouthAfrica", "BantuSouthAfrica", "BantuSouthAfrica", "BantuSouthAfrica", "Basque", "Basque", "Basque", "Basque", "Basque", "Bedouin", "Bedouin", "Bedouin", "Bedouin", "Bedouin", "BiakaPygmy", "BiakaPygmy", "BiakaPygmy", "BiakaPygmy", "Burusho", "Burusho", "Burusho", "Burusho", "Burusho", "Burusho", "Burusho", "Cambodian", "Cambodian", "Cambodian", "Cambodian", "Cambodian", "Colombian", "Colombian", "Colombian", "Daur", "Daur", "Daur", "Daur", "Druze", "Druze", "Druze", "Druze", "Druze", "Kalash", "Kalash", "Kalash", "Lahu", "Lahu", "Lahu", "Mandenka", "Maya", "MbutiPygmy", "MbutiPygmy", "MbutiPygmy", "MbutiPygmy", "Melanesian", "Mongola", "Palestinian", "Uygur", "Yakut"],
  "targets": ["Balochi", "Basque", "Bedouin", "Colombian", "Druze", "Melanesian", "Palestinian", "Russian", "Kalash", "Palestinian", "Russian", "Uygur", "BantuSouthAfrica", "Mandenka", "Mozabite", "San", "Yoruba", "BiakaPygmy", "MbutiPygmy", "Mozabite", "Yoruba", "Bedouin", "Mongola", "Mozabite", "Papuan", "Russian", "Burusho", "Mozabite", "Palestinian", "Uygur", "Yi", "Mandenka", "MbutiPygmy", "San", "Yoruba", "Mongola", "Mozabite", "Palestinian", "Papuan", "Pima", "Uygur", "Yakut", "Daur", "MbutiPygmy", "Mongola", "San", "Uygur", "Maya", "MbutiPygmy", "Pima", "Kalash", "Maya", "Mongola", "Yi", "Lahu", "Mozabite", "Pima", "Russian", "Yakut", "Melanesian", "Mongola", "Uygur", "Melanesian", "San", "Yi", "Yoruba", "Pima", "Melanesian", "Mozabite", "San", "Yoruba", "Papuan", "Yakut", "Russian", "Yakut", "Yi"],
  "weights": [2.6119, 2.8532, 2.2777, 5.5043, 2.6872, 5.2248, 2.3355, 3.0414, 2.7799, 2.2083, 2.8507, 2.2604, 2.6466, 2.5528, 3.3998, 6.312, 2.6894, 4.0078, 5.3245, 3.2768, 3.262, 2.6874, 5.1209, 3.0718, 5.737, 2.813, 3.044, 2.2573, 1.687, 3.5374, 2.7499, 3.6187, 5.2979, 5.286, 3.5219, 3.5672, 3.9558, 3.0609, 5.2529, 3.8309, 3.3494, 3.2853, 3.134, 6.475, 3.0249, 6.7629, 3.4953, 2.8572, 7.4326, 3.7944, 3.9855, 3.2381, 2.5336, 2.4724, 4.1526, 2.7924, 3.4315, 2.8639, 3.4694, 3.7865, 3.6599, 2.8031, 5.0008, 6.9328, 2.4219, 2.2118, 2.4364, 6.6986, 6.1301, 7.7057, 5.3672, 3.3326, 2.7276, 2.7307, 3.1513, 2.8629],
  "loci": ["rs11123605", "rs6422704", "rs17020354", "rs6749621", "rs2872977", "rs7566069", "rs7578277", "rs11687286", "rs13022539", "rs12714369", "rs13004913", "rs7371570", "rs11902160", "rs7420489", "rs7583267", "rs6705890", "rs11127398", "rs12614860", "rs11127401", "rs992907", "rs992905", "rs4438515", "rs1551296", "rs1973049", "rs7585606", "rs10206572", "rs7592329", "rs13023918", "rs6761955", "rs4854192", "rs6754432", "rs6747687", "rs11687107", "rs7565101", "rs7559077", "rs1078821", "rs1078819", "rs6548160", "rs4854194", "rs12714386"]
}
