{
  "id": "EdgeSet085",
  "sources": ["Adygei", "Adygei", "Adygei", "Balochi", "Balochi", "Balochi", "Balochi", "Balochi", "Balochi", "BantuKenya", "BantuKenya", "BantuKenya", "BantuKenya", "BantuKenya", "BantuKenya", "BantuSouthAfrica", "BantuSouthAfrica", "BantuSouthAfrica", "BantuSouthAfrica", "Basque", "Basque", "Basque", "Basque", "Bedouin", "Bedouin", "Bedouin", "Bedouin", "Bedouin", "Bedouin", "Bedouin", "BiakaPygmy", "BiakaPygmy", "BiakaPygmy", "BiakaPygmy", "Burusho", "Burusho", "Burusho", "Cambodian", "Cambodian", "Cambodian", "Colombian", "Colombian", "Colombian", "Colombian", "Daur", "Daur", "Daur", "Daur", "Druze", "Druze", "Druze", "Druze", "Kalash", "Kalash", "Lahu", "Lahu", "Lahu", "Lahu", "Lahu", "Mandenka", "Maya", "Maya", "Maya", "MbutiPygmy", "MbutiPygmy", "Melanesian", "Mongola", "Mozabite", "Papuan", "Papuan", "Papuan", "Pima", "Pima", "Russian", "San", "Uygur", "Uygur"],
  "targets": ["Basque", "Palestinian", "Russian", "Basque", "Bedouin", "Druze", "Kalash", "Mandenka", "Papuan", "BantuSouthAfrica", "BiakaPygmy", "Cambodian", "Mandenka", "Mozabite", "Yoruba", "BiakaPygmy", "Lahu", "San", "Yoruba", "Burusho", "Kalash", "Pima", "Russian", "Druze", "Kalash", "Mozabite", "Palestinian", "Pima", "Russian", "Uygur", "Mandenka", "MbutiPygmy", "San", "Yoruba", "Daur", "MbutiPygmy", "Mozabite", "Mongola", "Uygur", "Yakut", "Maya", "Mongola", "Papuan", "Uygur", "Lahu", "Papuan", "Uygur", "Yi", "Kalash", "Palestinian", "Pima", "Uygur", "Maya", "Papuan", "MbutiPygmy", "Melanesian", "Mongola", "Yi", "Yoruba", "Yoruba", "Palestinian", "Pima", "Yi", "San", "Yoruba", "San", "Yakut", "Palestinian", "Pima", "Russian", "Uygur", "Yakut", "Yi", "Yakut", "Yoruba", "Yakut", "Yi"],
  "weights": [2.1295, 1.9686, 2.0759, 2.4022, 2.082, 1.8302, 2.1349, 3.4922, 3.3767, 4.3593, 4.1457, 5.0234, 3.6669, 3.9342, 3.3506, 4.5725, 4.9987, 5.2312, 3.9908, 4.5417, 2.2898, 2.7977, 2.0627, 1.837, 2.1575, 2.4582, 1.5492, 3.1821, 2.1938, 2.8429, 4.2818, 5.7125, 6.5718, 3.47, 4.2536, 7.6434, 4.3909, 2.6147, 2.6604, 2.6017, 3.1092, 3.7524, 4.8327, 4.8319, 3.5602, 3.4344, 2.6982, 2.3804, 1.976, 1.4779, 2.0123, 1.9903, 3.404, 3.9336, 6.8515, 5.0155, 3.6724, 2.9767, 5.5689, 3.4055, 3.1432, 3.0626, 3.1956, 7.0284, 5.4168, 8.2531, 2.1602, 2.3517, 3.8667, 3.1572, 2.4442, 2.0982, 2.3264, 2.2374, 5.9634, 2.0188, 1.6521],
  "loci": ["rs7596634", "rs873213", "rs6755106", "rs1474402", "rs7557233", "rs7607300", "rs7598142", "rs17672973", "rs17672986", "rs6431861", "rs7562418", "rs7559257", "rs4669155", "rs4669156", "rs4669157", "rs1980339", "rs13396157", "rs11682769", "rs870863", "rs952810", "rs2056635", "rs2056634", "rs2140855", "rs7591725", "rs7599262", "rs6431869", "rs10495553", "rs959724", "rs768447", "rs2013746", "rs4669173", "rs10205823", "rs13007576", "rs11898847", "rs4668535", "rs17630005", "rs17681533", "rs1430289", "rs6750297", "rs10179297"]
}
