{
  "id": "EdgeSet091",
  "sources": ["Adygei", "Adygei", "Adygei", "Adygei", "Adygei", "Adygei", "Balochi", "Balochi", "Balochi", "Balochi", "Balochi", "Balochi", "BantuKenya", "BantuKenya", "BantuKenya", "BantuKenya", "BantuKenya", "BantuSouthAfrica", "BantuSouthAfrica", "BantuSouthAfrica", "Basque", "Basque", "Basque", "Basque", "Basque", "Basque", "Bedouin", "Bedouin", "Bedouin", "Bedouin", "BiakaPygmy", "BiakaPygmy", "BiakaPygmy", "Burusho", "Burusho", "Burusho", "Cambodian", "Cambodian", "Cambodian", "Cambodian", "Colombian", "Colombian", "Colombian", "Daur", "Daur", "Daur", "Daur", "Druze", "Druze", "Druze", "Druze", "Kalash", "Kalash", "Lahu", "Lahu", "Lahu", "Lahu", "Lahu", "Lahu", "Lahu", "Mandenka", "Mandenka", "Maya", "Maya", "MbutiPygmy", "Melanesian", "Melanesian", "Melanesian", "Melanesian", "Mongola", "Mongola", "Mozabite", "Papuan", "Papuan", "Pima", "Yakut"],
  "targets": ["Balochi", "Bedouin", "Druze", "Kalash", "Mozabite", "Russian", "Burusho", "Colombian", "Druze", "Kalash", "Mongola", "Uygur", "BantuSouthAfrica", "Mandenka", "MbutiPygmy", "San", "Yoruba", "Mandenka", "MbutiPygmy", "San", "Burusho", "Mongola", "Mozabite", "Palestinian", "Russian", "Uygur", "Burusho", "Druze", "Palestinian", "Russian", "MbutiPygmy", "San", "Yoruba", "Kalash", "Pima", "Yi", "Lahu", "Mongola", "Pima", "Russian", "Maya", "Mongola", "Pima", "Lahu", "Mozabite", "Yakut", "Yi", "Maya", "Mongola", "Mozabite", "Russian", "Papuan", "Uygur", "Mandenka", "Melanesian", "Mongola", "Papuan", "Uygur", "Yakut", "Yi", "Palestinian", "Yoruba", "Pima", "Russian", "San", "Papuan", "Pima", "Russian", "Yi", "Yakut", "Yi", "Palestinian", "San", "Uygur", "Yakut", "Yi"],
  "weights": [1.9143, 1.7103, 1.8474, 3.6395, 2.0851, 2.0204, 2.5233, 4.7941, 1.7301, 2.8621, 2.749, 1.8288, 3.0571, 3.377, 4.7238, 6.8733, 3.4449, 3.2929, 4.6169, 6.667, 2.5438, 4.0857, 2.4472, 2.3852, 2.4793, 2.5194, 2.6537, 1.4105, 1.8829, 1.8165, 4.1447, 7.6843, 4.0544, 3.5301, 3.1633, 4.8603, 3.6553, 3.2293, 2.8363, 3.2347, 3.3414, 4.7868, 3.5068, 3.2214, 2.7785, 1.8542, 2.2937, 2.8511, 2.8639, 1.9735, 1.9449, 3.852, 2.9627, 6.0852, 3.4536, 3.576, 4.099, 3.3921, 4.1916, 3.4362, 4.567, 3.3917, 1.9211, 2.4893, 8.0157, 2.1481, 2.9286, 2.342, 3.2987, 2.6464, 3.0207, 2.2242, 8.4533, 3.1115, 3.0148, 2.7109],
  "loci": ["rs7570944", "rs10803690", "rs12692343", "rs7601867", "rs798443", "rs6750299", "rs798434", "rs798421", "rs798428", "rs10490216", "rs1030051", "rs1030052", "rs12472063", "rs2216174", "rs17430926", "rs878276", "rs10168890", "rs6750540", "rs2041874", "rs992389", "rs10490217", "rs968763", "rs7564066", "rs4668556", "rs11691520", "rs1861506", "rs11900166", "rs4669226", "rs1019325", "rs6431909", "rs10187145", "rs2287135", "rs11894196", "rs6734660", "rs41009", "rs40996", "rs12468105", "rs12468177", "rs13385463", "rs6753101"]
}
