{
  "id": "EdgeSet063",
  "sources": ["Adygei", "Adygei", "Adygei", "Adygei", "Adygei", "Adygei", "Balochi", "Balochi", "Balochi", "BantuKenya", "BantuKenya", "BantuKenya", "BantuKenya", "BantuKenya", "BantuSouthAfrica", "BantuSouthAfrica", "BantuSouthAfrica", "Basque", "Basque", "Basque", "Basque", "Basque", "Basque", "Basque", "Bedouin", "Bedouin", "BiakaPygmy", "BiakaPygmy", "BiakaPygmy", "BiakaPygmy", "Burusho", "Burusho", "Burusho", "Cambodian", "Cambodian", "Cambodian", "Cambodian", "Colombian", "Colombian", "Colombian", "Daur", "Daur", "Daur", "Daur", "Druze", "Kalash", "Kalash", "Kalash", "Lahu", "Lahu", "Mandenka", "Mandenka", "Mandenka", "Mandenka", "Maya", "Maya", "Maya", "MbutiPygmy", "Melanesian", "Melanesian", "Melanesian", "Melanesian", "Melanesian", "Mongola", "Mongola", "Mozabite", "Palestinian", "Papuan", "Papuan", "Pima", "Russian", "Yakut"],
  "targets": ["Bedouin", "Burusho", "Druze", "Lahu", "Mongola", "Palestinian", "Basque", "Druze", "Palestinian", "BantuSouthAfrica", "Bedouin", "Mandenka", "MbutiPygmy", "Yoruba", "Papuan", "Yakut", "Yoruba", "Bedouin", "Burusho", "Druze", "Lahu", "Mozabite", "Palestinian", "Russian", "Mozabite", "Palestinian", "Mandenka", "MbutiPygmy", "Mozabite", "San", "Lahu", "Russian", "Yi", "Lahu", "Maya", "Melanesian", "Uygur", "Maya", "MbutiPygmy", "Pima", "Lahu", "Mongola", "Papuan", "Russian", "Kalash", "Melanesian", "Pima", "Uygur", "Melanesian", "San", "MbutiPygmy", "Mozabite", "San", "Yoruba", "Pima", "Uygur", "Yakut", "San", "Papuan", "Russian", "San", "Yakut", "Yi", "Papuan", "Yakut", "Yoruba", "Pima", "San", "Yi", "Yakut", "Uygur", "Yi"],
  "weights": [2.2657, 2.9021, 1.9592, 5.3853, 2.8341, 2.2533, 2.4934, 1.8676, 1.8353, 4.1614, 3.8472, 3.2832, 4.8867, 2.7009, 4.9345, 5.4434, 3.5294, 2.6874, 3.2242, 2.8774, 4.5794, 2.7965, 2.4653, 2.5645, 2.0733, 1.9222, 4.1067, 5.7663, 4.8001, 6.2771, 4.0206, 2.7893, 2.5363, 3.7, 3.6663, 3.8719, 3.4359, 3.3308, 6.7804, 3.5998, 4.0043, 2.3478, 3.3085, 2.9035, 2.796, 4.5422, 4.4251, 3.2587, 4.6183, 8.5242, 4.6224, 3.4652, 6.7168, 3.3772, 3.056, 3.2896, 2.9893, 7.4945, 2.9246, 5.049, 8.5738, 3.6726, 3.1329, 3.2698, 2.2183, 3.5496, 3.6151, 8.0018, 2.754, 3.2368, 2.8095, 2.5716],
  "loci": ["rs13432623", "rs2882275", "rs10185641", "rs1865931", "rs11690139", "rs17297002", "rs10165036", "rs10168340", "rs13007983", "rs17297570", "rs11895508", "rs13407371", "rs7557343", "rs17363613", "rs11675355", "rs16863992", "rs13428841", "rs6761918", "rs1821797", "rs10171668", "rs4485539", "rs7563508", "rs6735027", "rs4547512", "rs6432221", "rs3922853", "rs4371338", "rs1008001", "rs16855588", "rs7604153", "rs7596062", "rs2722553", "rs16864067", "rs2722557", "rs891256", "rs12478711", "rs2564045", "rs16864085", "rs2252087", "rs2564050"]
}
