{
  "id": "EdgeSet058",
  "sources": ["Adygei", "Adygei", "Adygei", "Adygei", "Adygei", "Balochi", "Balochi", "Balochi", "Balochi", "BantuKenya", "BantuKenya", "BantuKenya", "BantuKenya", "BantuKenya", "BantuKenya", "BantuSouthAfrica", "BantuSouthAfrica", "Basque", "Basque", "Basque", "Basque", "Bedouin", "Bedouin", "Bedouin", "Bedouin", "BiakaPygmy", "BiakaPygmy", "BiakaPygmy", "Burusho", "Burusho", "Burusho", "Burusho", "Burusho", "Burusho", "Cambodian", "Cambodian", "Cambodian", "Cambodian", "Cambodian", "Cambodian", "Cambodian", "Cambodian", "Cambodian", "Colombian", "Colombian", "Daur", "Daur", "Daur", "Daur", "Daur", "Druze", "Druze", "Kalash", "Kalash", "Kalash", "Lahu", "Lahu", "Mandenka", "Mandenka", "Mandenka", "Maya", "Maya", "MbutiPygmy", "MbutiPygmy", "Melanesian", "Melanesian", "Mongola", "Mongola", "Mozabite", "Mozabite", "Palestinian", "Papuan", "Pima", "Uygur", "Yakut"],
  "targets": ["Balochi", "Bedouin", "Colombian", "Druze", "Kalash", "Bedouin", "Kalash", "Palestinian", "Russian", "BantuSouthAfrica", "BiakaPygmy", "Mandenka", "Pima", "San", "Yoruba", "MbutiPygmy", "San", "Druze", "Kalash", "Palestinian", "Uygur", "Druze", "Mozabite", "Palestinian", "Uygur", "Mandenka", "MbutiPygmy", "Yoruba", "Colombian", "Lahu", "Maya", "Pima", "Russian", "Uygur", "Daur", "Kalash", "Lahu", "Maya", "Mongola", "Papuan", "Pima", "Yakut", "Yi", "Pima", "Yakut", "Druze", "Mongola", "Uygur", "Yakut", "Yi", "Lahu", "Mozabite", "Melanesian", "Pima", "Russian", "Maya", "Yi", "Mozabite", "San", "Yoruba", "Pima", "Yakut", "San", "Yoruba", "Papuan", "Pima", "Yakut", "Yi", "Palestinian", "Yoruba", "Russian", "San", "Yi", "Yi", "Yi"],
  "weights": [1.8561, 1.9075, 3.1814, 2.2615, 2.7288, 2.1237, 2.5207, 2.3752, 3.2797, 4.5591, 3.4267, 3.4416, 5.5373, 5.7902, 3.3932, 5.9583, 6.6629, 2.5287, 2.8458, 1.9592, 2.3926, 2.0311, 2.4448, 1.8423, 2.4552, 3.3753, 3.9086, 3.5817, 2.5753, 4.3625, 2.3226, 2.4202, 3.3328, 2.3084, 2.6351, 4.2974, 2.6402, 3.5416, 3.0583, 4.754, 4.5927, 3.7217, 3.0366, 2.7862, 4.3724, 3.9961, 2.1518, 2.671, 2.3564, 2.3716, 4.1649, 2.5869, 4.972, 3.7525, 3.6862, 3.651, 3.0397, 2.6866, 5.6041, 2.3712, 2.4303, 2.3083, 7.2718, 4.8684, 3.2041, 4.8431, 2.6919, 2.7436, 2.7631, 3.1771, 3.0533, 7.5564, 4.3377, 2.7799, 2.0955],
  "loci": ["rs11685553", "rs1869408", "rs1869410", "rs12463884", "rs7572452", "rs9287657", "rs1453798", "rs4670034", "rs7577322", "rs4668488", "rs10175380", "rs17331611", "rs16863430", "rs7593216", "rs16863440", "rs16863442", "rs13421030", "rs9287678", "rs1869407", "rs10210050", "rs4462764", "rs7425501", "rs896918", "rs1453791", "rs12616745", "rs2123733", "rs17274192", "rs1453766", "rs4669167", "rs6431870", "rs10432395", "rs9287689", "rs4669198", "rs10185291", "rs1453787", "rs10929490", "rs12479127", "rs13388472", "rs12185660", "rs13010129"]
}
