{
  "id": "EdgeSet033",
  "sources": ["Adygei", "Adygei", "Adygei", "Adygei", "Adygei", "Adygei", "Balochi", "Balochi", "Balochi", "Balochi", "Balochi", "BantuKenya", "BantuKenya", "BantuKenya", "BantuKenya", "BantuKenya", "BantuSouthAfrica", "BantuSouthAfrica", "Basque", "Basque", "Basque", "Basque", "Bedouin", "Bedouin", "Bedouin", "Bedouin", "Bedouin", "BiakaPygmy", "BiakaPygmy", "BiakaPygmy", "BiakaPygmy", "Burusho", "Burusho", "Burusho", "Cambodian", "Cambodian", "Cambodian", "Cambodian", "Cambodian", "Colombian", "Colombian", "Colombian", "Colombian", "Colombian", "Colombian", "Daur", "Daur", "Daur", "Druze", "Druze", "Druze", "Druze", "Kalash", "Kalash", "Kalash", "Lahu", "Lahu", "Mandenka", "Mandenka", "Maya", "Maya", "Maya", "Melanesian", "Melanesian", "Melanesian", "Mongola", "Mongola", "Mongola", "Mongola", "Mozabite", "Mozabite", "Palestinian", "Papuan", "Pima", "Russian", "San", "Yakut"],
  "targets": ["Balochi", "Basque", "Bedouin", "Palestinian", "Russian", "Uygur", "Basque", "Burusho", "Druze", "Kalash", "Mongola", "BantuSouthAfrica", "BiakaPygmy", "Mandenka", "MbutiPygmy", "Yoruba", "BiakaPygmy", "Yoruba", "Bedouin", "Cambodian", "Lahu", "Russian", "Burusho", "Druze", "Lahu", "Mozabite", "Palestinian", "MbutiPygmy", "Mozabite", "San", "Yoruba", "Kalash", "Uygur", "Yakut", "Daur", "Maya", "Pima", "Yakut", "Yi", "Daur", "Lahu", "Maya", "Papuan", "Yakut", "Yi", "Mongola", "Yakut", "Yi", "Kalash", "Palestinian", "Russian", "Uygur", "Mozabite", "San", "Yi", "Mongola", "Yi", "San", "Yoruba", "Melanesian", "Papuan", "Pima", "Mongola", "Papuan", "Yakut", "Russian", "San", "Uygur", "Yi", "Palestinian", "Uygur", "Uygur", "Yakut", "Yakut", "Uygur", "Yoruba", "Yi"],
  "weights": [2.4226, 2.4145, 2.2548, 2.113, 2.2219, 3.2066, 2.4008, 2.4251, 2.0585, 2.4886, 3.5267, 3.9633, 4.3127, 3.3033, 4.1265, 3.1907, 4.4895, 2.9761, 2.2441, 3.8495, 3.5981, 2.5884, 2.6438, 1.9225, 4.1198, 2.4245, 2.1447, 3.6743, 4.3446, 5.3133, 3.4165, 2.8509, 2.798, 2.7689, 3.2946, 3.6256, 3.4753, 3.6516, 3.2183, 3.0359, 4.0247, 2.7841, 4.5288, 3.1613, 3.3922, 2.7141, 2.641, 2.4437, 2.3873, 1.9098, 2.2479, 2.3825, 2.8079, 5.458, 4.0431, 2.9316, 2.7461, 4.6119, 2.2607, 3.6847, 3.4813, 2.4017, 4.0843, 2.7589, 3.4062, 3.213, 5.8736, 3.1108, 2.6458, 2.0608, 2.5434, 2.0804, 3.709, 2.6704, 2.4999, 4.2088, 2.8364],
  "loci": ["rs1656327", "rs7598986", "rs823190", "rs13014742", "rs10211532", "rs17040523", "rs4853851", "rs17486311", "rs12618922", "rs866613", "rs2385427", "rs1729917", "rs1965200", "rs1667045", "rs6730972", "rs1729888", "rs1667066", "rs4853954", "rs2385432", "rs1667060", "rs4853948", "rs1667059", "rs1729928", "rs1667029", "rs1667032", "rs1667034", "rs1622354", "rs1729901", "rs1729903", "rs1375223", "rs1630418", "rs1667043", "rs17437842", "rs1448625", "rs7591035", "rs10210870", "rs17437576", "rs7592135", "rs1881659", "rs2031028"]
}
