{
  "id": "EdgeSet077",
  "sources": ["Adygei", "Adygei", "Adygei", "Adygei", "Adygei", "Adygei", "Balochi", "Balochi", "Balochi", "Balochi", "Balochi", "Balochi", "BantuKenya", "BantuKenya", "BantuKenya", "BantuKenya", "BantuKenya", "BantuSouthAfrica", "BantuSouthAfrica", "BantuSouthAfrica", "BantuSouthAfrica", "BantuSouthAfrica", "Basque", "Basque", "Basque", "Basque", "Bedouin", "Bedouin", "Bedouin", "Bedouin", "BiakaPygmy", "BiakaPygmy", "BiakaPygmy", "Burusho", "Burusho", "Burusho", "Cambodian", "Cambodian", "Cambodian", "Cambodian", "Cambodian", "Colombian", "Colombian", "Colombian", "Colombian", "Daur", "Daur", "Daur", "Daur", "Daur", "Druze", "Druze", "Kalash", "Kalash", "Kalash", "Lahu", "Lahu", "Lahu", "Lahu", "Mandenka", "Mandenka", "Mandenka", "Maya", "Maya", "MbutiPygmy", "Melanesian", "Melanesian", "Mongola", "Mongola", "Palestinian", "Palestinian", "Papuan", "Papuan", "Papuan", "Pima", "Russian", "Uygur", "Yakut"],
  "targets": ["Basque", "Burusho", "Colombian", "Druze", "Palestinian", "Russian", "Bedouin", "Daur", "Melanesian", "Palestinian", "Pima", "Uygur", "BiakaPygmy", "Colombian", "Mandenka", "MbutiPygmy", "San", "BiakaPygmy", "Mandenka", "MbutiPygmy", "San", "Yoruba", "Druze", "Kalash", "Palestinian", "Russian", "Burusho", "Druze", "Mozabite", "Palestinian", "MbutiPygmy", "San", "Yoruba", "Melanesian", "Russian", "Yakut", "Kalash", "Mongola", "Papuan", "Uygur", "Yi", "Lahu", "Maya", "Pima", "San", "Mongola", "Papuan", "Pima", "Yakut", "Yi", "Palestinian", "Russian", "Maya", "Mozabite", "Uygur", "Maya", "Mongola", "Papuan", "San", "MbutiPygmy", "Mozabite", "Yoruba", "Mongola", "Pima", "Melanesian", "Papuan", "Russian", "Yakut", "Yi", "Russian", "Yakut", "Pima", "Uygur", "Yakut", "Uygur", "Uygur", "Yakut", "Yi"],
  "weights": [2.5161, 2.0717, 5.0897, 2.1792, 1.8394, 2.1008, 1.841, 3.7425, 5.2168, 2.1042, 3.1915, 3.2463, 5.5544, 7.2912, 4.2012, 5.4503, 7.8087, 5.2871, 4.0781, 5.0729, 8.1998, 4.1681, 1.785, 3.1734, 2.2665, 2.5622, 2.127, 1.8843, 2.0158, 1.518, 5.8899, 7.3497, 4.7289, 4.0831, 2.0874, 2.8529, 3.1629, 2.8872, 3.643, 2.8552, 2.6462, 5.7141, 3.6575, 4.2324, 9.8692, 2.8225, 4.1101, 3.6547, 2.2069, 2.305, 1.7716, 2.1803, 5.1163, 2.0357, 3.6131, 5.7182, 3.8929, 4.1735, 9.1787, 4.8938, 4.5342, 2.7295, 4.0181, 2.7205, 6.9153, 4.3004, 4.5094, 2.5991, 2.5923, 1.9739, 2.8874, 4.6539, 4.1639, 4.3932, 3.7188, 4.2129, 2.988, 2.3113],
  "loci": ["rs7584788", "rs1563948", "rs10495540", "rs11694697", "rs2126168", "rs17815605", "rs930978", "rs16865459", "rs10495539", "rs10495538", "rs12616425", "rs4436930", "rs380019", "rs308007", "rs12373800", "rs6431822", "rs307982", "rs1995593", "rs308001", "rs7582948", "rs308003", "rs307973", "rs1505696", "rs307992", "rs6725067", "rs13413734", "rs1505687", "rs11687816", "rs308022", "rs308025", "rs308027", "rs954845", "rs1027768", "rs1566987", "rs950370", "rs905965", "rs1006422", "rs6760979", "rs1566982", "rs4669100"]
}
