{
  "id": "EdgeSet015",
  "sources": ["Adygei", "Adygei", "Adygei", "Adygei", "Balochi", "Balochi", "Balochi", "Balochi", "BantuKenya", "BantuKenya", "BantuKenya", "BantuSouthAfrica", "BantuSouthAfrica", "BantuSouthAfrica", "BantuSouthAfrica", "Basque", "Basque", "Basque", "Basque", "Bedouin", "Bedouin", "Bedouin", "Bedouin", "Bedouin", "BiakaPygmy", "BiakaPygmy", "BiakaPygmy", "BiakaPygmy", "Burusho", "Burusho", "Cambodian", "Cambodian", "Cambodian", "Colombian", "Colombian", "Colombian", "Colombian", "Colombian", "Daur", "Daur", "Daur", "Daur", "Daur", "Daur", "Druze", "Kalash", "Kalash", "Kalash", "Lahu", "Lahu", "Lahu", "Mandenka", "Mandenka", "Maya", "Maya", "Maya", "Maya", "MbutiPygmy", "MbutiPygmy", "Melanesian", "Mongola", "Mozabite", "Mozabite", "Papuan", "Pima", "Pima", "San", "Uygur", "Yakut"],
  "targets": ["Balochi", "Burusho", "Druze", "Russian", "Basque", "Bedouin", "Burusho", "Kalash", "BantuSouthAfrica", "Mandenka", "Yoruba", "BiakaPygmy", "Mandenka", "San", "Yoruba", "Daur", "Druze", "Palestinian", "Russian", "Druze", "Kalash", "Lahu", "Mozabite", "Palestinian", "Mandenka", "MbutiPygmy", "San", "Yoruba", "Druze", "San", "Lahu", "San", "Yi", "Maya", "MbutiPygmy", "Papuan", "Pima", "San", "Druze", "Kalash", "Lahu", "Melanesian", "Russian", "Yakut", "Mozabite", "Maya", "Mongola", "Yi", "Mongola", "San", "Yi", "Papuan", "Yoruba", "Papuan", "Pima", "Uygur", "Yakut", "Pima", "San", "Papuan", "Yakut", "Palestinian", "Yoruba", "San", "Russian", "Uygur", "Yoruba", "Yi", "Yi"],
  "weights": [1.9713, 2.3543, 2.1399, 2.7521, 2.6328, 2.6754, 2.8614, 2.9061, 4.6206, 3.8945, 4.157, 4.5334, 3.8143, 9.4893, 3.3199, 3.1841, 2.4689, 2.2015, 3.2916, 2.2046, 2.9743, 3.7924, 2.2273, 1.8305, 4.2029, 6.1014, 9.4593, 3.5485, 2.4551, 10.1836, 3.974, 9.8559, 2.8092, 4.2222, 9.6987, 6.3239, 5.3575, 11.4848, 3.1637, 3.4953, 3.4735, 4.0142, 4.6468, 2.5676, 2.4742, 3.6172, 3.0141, 4.6006, 3.1661, 10.5846, 3.1698, 6.7199, 3.2115, 4.8758, 3.1497, 2.97, 3.5268, 8.3863, 11.8896, 3.242, 2.1646, 2.2131, 4.1146, 10.9454, 3.4699, 3.2664, 9.3875, 2.5642, 1.9951],
  "loci": ["rs6711545", "rs4927632", "rs6605278", "rs6744743", "rs7583169", "rs6721243", "rs7564265", "rs10183727", "rs11890904", "rs10779972", "rs9752413", "rs11692295", "rs9679266", "rs9752743", "rs9711681", "rs6713543", "rs4240", "rs2241457", "rs12714344", "rs1030308", "rs6759228", "rs1477496", "rs890055", "rs2161971", "rs1544846", "rs7560004", "rs11127327", "rs11892515", "rs2288184", "rs7580177", "rs2288183", "rs2241452", "rs7588729", "rs11127325", "rs9917191", "rs4853843", "rs12714327", "rs1991164", "rs6714537", "rs6737978"]
}
