{
  "id": "EdgeSet0898",
  "sources": ["Adygei", "Adygei", "Adygei", "Adygei", "Adygei", "Balochi", "Balochi", "Balochi", "Balochi", "Balochi", "Balochi", "Balochi", "Balochi", "BantuKenya", "BantuKenya", "BantuKenya", "BantuKenya", "BantuSouthAfrica", "BantuSouthAfrica", "BantuSouthAfrica", "BantuSouthAfrica", "Basque", "Basque", "Bedouin", "Bedouin", "Bedouin", "Bedouin", "BiakaPygmy", "Burusho", "Burusho", "Burusho", "Burusho", "Burusho", "Cambodian", "Cambodian", "Cambodian", "Cambodian", "Cambodian", "Colombian", "Colombian", "Colombian", "Colombian", "Colombian", "Daur", "Daur", "Druze", "Druze", "Druze", "Druze", "Druze", "Lahu", "Lahu", "Lahu", "Lahu", "Mandenka", "Maya", "Maya", "MbutiPygmy", "MbutiPygmy", "Melanesian", "Melanesian", "Mongola", "Mozabite", "Mozabite", "Papuan", "Papuan"],
  "targets": ["Basque", "Bedouin", "Kalash", "Palestinian", "Russian", "Basque", "Bedouin", "Cambodian", "Druze", "Lahu", "Palestinian", "Papuan", "Yakut", "BiakaPygmy", "Mandenka", "MbutiPygmy", "Yoruba", "BiakaPygmy", "Mandenka", "San", "Yoruba", "Palestinian", "Russian", "Burusho", "Druze", "Mozabite", "Uygur", "San", "Cambodian", "Kalash", "Lahu", "Palestinian", "Uygur", "Daur", "Lahu", "Mozabite", "Yakut", "Yi", "Daur", "Maya", "MbutiPygmy", "Melanesian", "Pima", "Mongola", "Yakut", "Kalash", "Melanesian", "Mozabite", "Palestinian", "Uygur", "Papuan", "San", "Yakut", "Yi", "Yoruba", "Mongola", "Pima", "Pima", "San", "Palestinian", "Papuan", "Yi", "Palestinian", "Yoruba", "Yakut", "Yi"],
  "weights": [2.4952, 2.7688, 2.316, 2.7222, 2.6337, 2.514, 2.4868, 2.673, 2.4114, 4.9549, 2.5148, 3.5292, 3.1984, 3.9339, 2.2165, 5.0554, 1.9806, 4.167, 3.5782, 4.0356, 3.1428, 2.6377, 2.8449, 2.788, 2.051, 2.0027, 2.5407, 4.9728, 2.8499, 3.1126, 3.828, 3.5843, 2.7981, 3.9438, 3.696, 4.0606, 2.7487, 2.408, 5.2875, 3.333, 6.325, 4.9696, 3.9192, 3.4179, 3.775, 2.3262, 2.9603, 2.5012, 2.2306, 2.4411, 4.5666, 7.0848, 3.9142, 3.9959, 2.3924, 4.9093, 4.2611, 8.805, 5.0204, 3.3629, 2.7634, 2.1819, 2.3608, 3.3715, 3.6693, 4.4143],
  "loci": ["rs7589426", "rs7563350", "rs6721455", "rs2278067", "rs2113418", "rs2113417", "rs11897976", "rs3821340", "rs2320432", "rs10874471", "rs2320433", "rs1862896", "rs1364394", "rs10176455", "rs11164049", "rs4907274", "rs11688742", "rs2193883", "rs4907276", "rs888610", "rs2005613", "rs11689832", "rs4144055", "rs11687113", "rs1917890", "rs2692954", "rs2579550", "rs2692938", "rs2312955", "rs10205464", "rs749458", "rs749457", "rs1724120", "rs1168968", "rs4907301", "rs997548", "rs997547", "rs2276651", "rs10445975", "rs4907304"]
}
