{
  "id": "EdgeSet0231",
  "sources": ["Adygei", "Adygei", "Adygei", "Adygei", "Adygei", "Adygei", "Adygei", "Adygei", "Balochi", "Balochi", "Balochi", "Balochi", "Balochi", "BantuKenya", "BantuKenya", "BantuKenya", "BantuKenya", "BantuKenya", "BantuKenya", "BantuKenya", "BantuSouthAfrica", "BantuSouthAfrica", "BantuSouthAfrica", "Basque", "Basque", "Basque", "Basque", "Bedouin", "Bedouin", "Bedouin", "Bedouin", "BiakaPygmy", "BiakaPygmy", "BiakaPygmy", "Burusho", "Burusho", "Burusho", "Burusho", "Burusho", "Burusho", "Cambodian", "Cambodian", "Cambodian", "Cambodian", "Colombian", "Colombian", "Colombian", "Colombian", "Colombian", "Colombian", "Daur", "Daur", "Daur", "Daur", "Druze", "Druze", "Druze", "Druze", "Kalash", "Kalash", "Kalash", "Kalash", "Lahu", "Lahu", "Lahu", "Lahu", "Mandenka", "Mandenka", "Maya", "MbutiPygmy", "MbutiPygmy", "Melanesian", "Mongola", "Mongola", "Mozabite", "Mozabite", "Mozabite", "Papuan", "Papuan", "Yakut"],
  "targets": ["Balochi", "BantuSouthAfrica", "Bedouin", "Druze", "Kalash", "Papuan", "Pima", "Russian", "Bedouin", "Druze", "Maya", "Mozabite", "Russian", "BantuSouthAfrica", "BiakaPygmy", "Mandenka", "MbutiPygmy", "Mozabite", "San", "Yoruba", "Mandenka", "MbutiPygmy", "San", "Kalash", "Mozabite", "Palestinian", "Russian", "Druze", "Mozabite", "Palestinian", "Papuan", "Mandenka", "MbutiPygmy", "San", "Daur", "Kalash", "Maya", "Mongola", "Papuan", "Uygur", "Daur", "Lahu", "Melanesian", "Yi", "Druze", "Maya", "Melanesian", "Papuan", "Pima", "Yakut", "Mongola", "Papuan", "Uygur", "Yakut", "Lahu", "Palestinian", "Papuan", "Uygur", "Lahu", "Mozabite", "Russian", "Uygur", "Melanesian", "Mongola", "Pima", "Uygur", "MbutiPygmy", "Yoruba", "Russian", "San", "Yoruba", "Mongola", "Uygur", "Yi", "Pima", "San", "Yi", "Uygur", "Yakut", "Yi"],
  "weights": [2.8285, 6.4777, 2.7624, 2.6451, 3.8263, 3.9233, 4.2175, 3.4389, 2.0649, 1.7852, 2.4023, 3.0327, 2.3569, 4.164, 5.4301, 3.9396, 5.2345, 4.9556, 7.633, 4.0972, 3.81, 5.4553, 7.5327, 3.1066, 3.3889, 2.496, 2.5668, 1.7284, 2.6698, 1.8484, 3.7933, 5.3546, 5.0987, 7.141, 3.424, 3.3638, 2.8458, 2.9287, 3.0675, 2.4119, 2.3823, 2.5706, 1.536, 2.5028, 3.5979, 1.6389, 2.8532, 2.9248, 2.9843, 2.9301, 2.5612, 2.7247, 1.7958, 2.5048, 2.4015, 1.5494, 2.7642, 1.9911, 3.9759, 3.9844, 3.3302, 4.4347, 2.7461, 3.0582, 3.3574, 2.3433, 5.2092, 2.8618, 2.7481, 8.3034, 5.2741, 3.0018, 2.3237, 2.0535, 5.1864, 9.2525, 4.5626, 2.3663, 2.9108, 1.9126],
  "loci": ["rs666126", "rs571468", "rs541041", "rs540156", "rs565202", "rs1429974", "rs11886946", "rs754524", "rs754523", "rs534100", "rs97458", "rs312956", "rs12470778", "rs312966", "rs17399838", "rs312985", "rs506585", "rs1878512", "rs10206521", "rs10169543", "rs436941", "rs411617", "rs949790", "rs925864", "rs436566", "rs10198972", "rs950662", "rs312027", "rs312028", "rs13398007", "rs10197693", "rs10197800", "rs312049", "rs1397400", "rs11897368", "rs6714773", "rs13426161", "rs870223", "rs875919", "rs13396400"]
}
