{
  "id": "EdgeSet0552",
  "sources": ["Adygei", "Adygei", "Adygei", "Adygei", "Adygei", "Adygei", "Balochi", "Balochi", "Balochi", "Balochi", "Balochi", "Balochi", "BantuKenya", "BantuKenya", "BantuKenya", "BantuKenya", "BantuKenya", "BantuSouthAfrica", "BantuSouthAfrica", "BantuSouthAfrica", "BantuSouthAfrica", "Basque", "Basque", "Basque", "Basque", "Basque", "Bedouin", "Bedouin", "Bedouin", "BiakaPygmy", "BiakaPygmy", "BiakaPygmy", "Burusho", "Burusho", "Burusho", "Burusho", "Cambodian", "Cambodian", "Cambodian", "Cambodian", "Colombian", "Colombian", "Colombian", "Colombian", "Colombian", "Colombian", "Colombian", "Daur", "Daur", "Daur", "Daur", "Druze", "Druze", "Druze", "Kalash", "Kalash", "Lahu", "Lahu", "Lahu", "Lahu", "Mandenka", "Mandenka", "Mandenka", "Maya", "Maya", "MbutiPygmy", "Melanesian", "Melanesian", "Mongola", "Mongola", "Mongola", "Mongola", "Mozabite", "Mozabite", "Palestinian", "Papuan", "Papuan", "Papuan", "Pima", "Pima", "Yakut"],
  "targets": ["Basque", "Burusho", "Daur", "Druze", "Palestinian", "Uygur", "Burusho", "Daur", "Maya", "Pima", "Russian", "Uygur", "BantuSouthAfrica", "Mandenka", "MbutiPygmy", "Papuan", "Yoruba", "BiakaPygmy", "Mandenka", "Mozabite", "Yoruba", "Bedouin", "Druze", "Mozabite", "Russian", "Yi", "Druze", "Maya", "Russian", "MbutiPygmy", "San", "Yoruba", "Druze", "Kalash", "Lahu", "Russian", "Daur", "Melanesian", "Mongola", "Yi", "Lahu", "Maya", "Melanesian", "Papuan", "Pima", "San", "Yi", "Kalash", "Mongola", "San", "Yakut", "Russian", "Uygur", "Yi", "Maya", "Melanesian", "Mongola", "Papuan", "Uygur", "Yakut", "MbutiPygmy", "San", "Yoruba", "Pima", "Yakut", "Yakut", "Papuan", "Pima", "Papuan", "Uygur", "Yakut", "Yi", "Palestinian", "San", "Russian", "Uygur", "Yakut", "Yoruba", "San", "Yi", "Yi"],
  "weights": [2.3251, 2.9323, 3.3052, 1.8661, 2.0587, 2.3666, 2.299, 3.6662, 2.5391, 3.0273, 2.1086, 2.0832, 3.5523, 3.1951, 3.7336, 5.5679, 2.6979, 3.1259, 3.2928, 3.3201, 2.917, 2.6963, 2.1833, 3.4454, 2.3662, 3.8759, 1.9302, 3.0831, 2.0143, 4.3744, 6.3752, 3.0738, 2.2782, 3.1235, 3.8757, 2.3467, 3.0024, 3.4665, 2.0444, 2.3284, 4.1574, 4.7368, 6.0815, 7.2887, 5.0328, 9.1663, 5.4368, 4.0147, 2.7287, 6.9417, 2.6444, 1.656, 2.1855, 2.7527, 3.1866, 4.2735, 3.9807, 5.8833, 3.6235, 5.1634, 4.1228, 6.3028, 2.8802, 2.4235, 4.1869, 4.5602, 5.2747, 4.3113, 4.9588, 1.9807, 2.3799, 2.4467, 3.2219, 5.8613, 1.6658, 5.5382, 4.9965, 5.4465, 6.5117, 3.3205, 2.4115],
  "loci": ["rs2216306", "rs2098441", "rs9309208", "rs1115763", "rs6721829", "rs1016387", "rs2353317", "rs10490145", "rs2216133", "rs2192982", "rs723713", "rs10490142", "rs7602908", "rs7568446", "rs2160408", "rs2192983", "rs1548896", "rs1548897", "rs12713138", "rs1548899", "rs17041596", "rs1008618", "rs17589784", "rs6717556", "rs17041624", "rs2110988", "rs11901704", "rs2110989", "rs10490136", "rs1111200", "rs10207678", "rs1919430", "rs13406144", "rs1206401", "rs13420278", "rs17525600", "rs10184263", "rs2540989", "rs6722213", "rs1206397"]
}
