{
  "id": "EdgeSet0708",
  "sources": ["Adygei", "Adygei", "Adygei", "Adygei", "Adygei", "Adygei", "Adygei", "Adygei", "Balochi", "Balochi", "Balochi", "Balochi", "BantuKenya", "BantuKenya", "BantuKenya", "BantuKenya", "BantuKenya", "BantuSouthAfrica", "BantuSouthAfrica", "BantuSouthAfrica", "BantuSouthAfrica", "BantuSouthAfrica", "BantuSouthAfrica", "BantuSouthAfrica", "Basque", "Basque", "Basque", "Basque", "Basque", "Bedouin", "Bedouin", "Bedouin", "Bedouin", "BiakaPygmy", "BiakaPygmy", "BiakaPygmy", "Burusho", "Burusho", "Burusho", "Burusho", "Cambodian", "Cambodian", "Cambodian", "Colombian", "Colombian", "Colombian", "Daur", "Daur", "Druze", "Druze", "Kalash", "Kalash", "Kalash", "Lahu", "Lahu", "Lahu", "Lahu", "Mandenka", "Mandenka", "Maya", "MbutiPygmy", "MbutiPygmy", "Melanesian", "Mongola", "Mozabite", "Palestinian", "Palestinian", "Papuan", "Russian", "Yakut"],
  "targets": ["Burusho", "Cambodian", "Daur", "Druze", "Kalash", "Palestinian", "Uygur", "Yakut", "Druze", "Kalash", "Melanesian", "Pima", "BantuSouthAfrica", "Mongola", "Mozabite", "San", "Yoruba", "BiakaPygmy", "Kalash", "Mandenka", "MbutiPygmy", "Mozabite", "San", "Yoruba", "Bedouin", "Druze", "Kalash", "Russian", "Yakut", "Druze", "Mozabite", "Palestinian", "Uygur", "MbutiPygmy", "San", "Yoruba", "Daur", "Druze", "Mandenka", "Yi", "Daur", "Mongola", "Uygur", "Lahu", "Maya", "Yakut", "Mongola", "Yi", "Mandenka", "Palestinian", "Russian", "Uygur", "Yakut", "Mongola", "Palestinian", "Uygur", "Yi", "Mozabite", "Yoruba", "Pima", "San", "Yoruba", "Papuan", "Yi", "Palestinian", "Russian", "Yakut", "San", "Yakut", "Yi"],
  "weights": [2.5422, 3.6788, 4.2197, 2.2256, 2.3462, 2.411, 2.599, 3.0622, 2.1665, 2.4892, 3.3665, 4.8929, 4.4117, 6.5519, 3.7289, 6.4808, 3.9313, 4.336, 4.6565, 3.9179, 5.7591, 3.8519, 5.6834, 3.8366, 2.0111, 2.1564, 2.6204, 2.094, 2.7675, 1.7058, 2.1322, 1.6162, 2.9108, 4.3224, 5.3133, 3.8524, 3.0708, 3.0063, 4.9177, 3.1353, 2.6774, 2.5097, 2.3496, 4.7893, 3.6551, 4.5296, 2.9834, 2.3098, 3.4738, 1.9718, 3.1552, 2.9503, 4.1402, 2.2561, 4.6501, 2.7883, 2.5627, 3.1749, 2.0349, 1.7722, 6.0127, 5.1419, 3.3689, 2.57, 2.4571, 2.6614, 2.9586, 7.3254, 3.1074, 3.3329],
  "loci": ["rs13385154", "rs11900586", "rs1384745", "rs12713595", "rs1483332", "rs2062206", "rs2128769", "rs17033428", "rs961328", "rs13394751", "rs979043", "rs13020203", "rs962856", "rs6732641", "rs13036061", "rs3770657", "rs3770655", "rs17033537", "rs1486134", "rs13424211", "rs638190", "rs632647", "rs600524", "rs650638", "rs13033289", "rs685211", "rs605980", "rs658602", "rs6725582", "rs1521041", "rs13401833", "rs6760732", "rs6719623", "rs1552357", "rs13032336", "rs1521043", "rs4089733", "rs10496151", "rs7573319", "rs1521045"]
}
