{
  "id": "EdgeSet0954",
  "sources": ["Adygei", "Adygei", "Adygei", "Adygei", "Adygei", "Balochi", "Balochi", "Balochi", "Balochi", "BantuKenya", "BantuKenya", "BantuKenya", "BantuKenya", "BantuKenya", "BantuSouthAfrica", "BantuSouthAfrica", "BantuSouthAfrica", "BantuSouthAfrica", "Basque", "Basque", "Basque", "Basque", "Basque", "Bedouin", "Bedouin", "Bedouin", "Bedouin", "BiakaPygmy", "BiakaPygmy", "BiakaPygmy", "BiakaPygmy", "Burusho", "Burusho", "Burusho", "Burusho", "Burusho", "Burusho", "Cambodian", "Cambodian", "Cambodian", "Cambodian", "Cambodian", "Cambodian", "Colombian", "Colombian", "Colombian", "Colombian", "Colombian", "Daur", "Daur", "Daur", "Daur", "Daur", "Daur", "Druze", "Druze", "Druze", "Druze", "Kalash", "Lahu", "Lahu", "Lahu", "Mandenka", "Mandenka", "Maya", "Maya", "MbutiPygmy", "Melanesian", "Melanesian", "Mongola", "Mozabite", "Mozabite", "Palestinian", "Papuan", "Pima", "Uygur"],
  "targets": ["Basque", "Bedouin", "Druze", "Kalash", "Russian", "Basque", "Bedouin", "Druze", "Russian", "BiakaPygmy", "Colombian", "MbutiPygmy", "San", "Yoruba", "BiakaPygmy", "Mandenka", "Mongola", "Yoruba", "Bedouin", "Kalash", "Mozabite", "Palestinian", "Russian", "Kalash", "Lahu", "Palestinian", "Russian", "Mandenka", "MbutiPygmy", "San", "Yoruba", "Druze", "Kalash", "Maya", "Pima", "San", "Uygur", "Lahu", "Mozabite", "San", "Uygur", "Yakut", "Yi", "Lahu", "Maya", "Papuan", "Pima", "Uygur", "Maya", "Mongola", "Uygur", "Yakut", "Yi", "Yoruba", "Kalash", "Palestinian", "Pima", "Russian", "Mozabite", "Maya", "Mongola", "Russian", "MbutiPygmy", "Yoruba", "Mongola", "Uygur", "San", "Papuan", "Yi", "Yi", "Palestinian", "Yoruba", "Russian", "San", "Yakut", "Yakut"],
  "weights": [2.2093, 2.0084, 2.3025, 2.0468, 2.3419, 1.9449, 1.5057, 1.796, 1.9721, 3.6795, 5.428, 4.0153, 4.9629, 3.7508, 4.8588, 3.7343, 6.402, 3.6872, 1.8856, 2.4354, 2.5279, 2.3587, 2.4164, 2.2742, 5.1094, 1.9225, 1.9867, 4.3808, 3.8978, 5.1878, 4.0842, 3.0264, 3.3332, 4.1826, 4.1199, 6.6042, 3.3552, 3.851, 4.9477, 6.5757, 4.3287, 5.439, 4.1135, 3.5483, 2.7559, 6.2873, 3.1568, 2.6143, 2.7425, 2.4539, 2.8702, 3.4376, 2.5005, 5.2891, 2.5188, 2.4419, 4.075, 2.4092, 2.7725, 3.3403, 3.2521, 5.2784, 4.3754, 3.394, 2.5277, 2.8839, 5.7199, 2.2542, 5.3871, 2.1876, 2.6626, 3.9878, 2.2856, 7.8921, 4.4515, 3.741],
  "loci": ["rs2376064", "rs13432820", "rs1879269", "rs2889276", "rs11896903", "rs12613102", "rs9308872", "rs13404302", "rs6736012", "rs4558603", "rs7369597", "rs4402785", "rs12712184", "rs13409624", "rs11890236", "rs10460481", "rs6714037", "rs7600319", "rs7597477", "rs4555365", "rs4552208", "rs4075171", "rs11123985", "rs6543244", "rs4851675", "rs7590841", "rs7600959", "rs10198487", "rs4851677", "rs7602578", "rs13034048", "rs6758009", "rs13391945", "rs11892570", "rs13418480", "rs4597548", "rs6713996", "rs4851035", "rs7591412", "rs4851686"]
}
