{
  "id": "EdgeSet0827",
  "sources": ["Adygei", "Adygei", "Adygei", "Adygei", "Balochi", "Balochi", "Balochi", "BantuKenya", "BantuKenya", "BantuKenya", "BantuKenya", "BantuSouthAfrica", "BantuSouthAfrica", "BantuSouthAfrica", "BantuSouthAfrica", "BantuSouthAfrica", "Basque", "Basque", "Basque", "Basque", "Basque", "Bedouin", "Bedouin", "Bedouin", "Bedouin", "BiakaPygmy", "BiakaPygmy", "Burusho", "Burusho", "Burusho", "Burusho", "Cambodian", "Cambodian", "Cambodian", "Cambodian", "Cambodian", "Cambodian", "Colombian", "Colombian", "Colombian", "Colombian", "Daur", "Daur", "Daur", "Daur", "Daur", "Druze", "Druze", "Druze", "Druze", "Kalash", "Kalash", "Kalash", "Kalash", "Kalash", "Lahu", "Lahu", "Lahu", "Lahu", "Mandenka", "Mandenka", "Mandenka", "Mandenka", "Maya", "MbutiPygmy", "MbutiPygmy", "MbutiPygmy", "Melanesian", "Melanesian", "Melanesian", "Mongola", "Mongola", "Mozabite", "Papuan", "Pima", "Russian", "San"],
  "targets": ["Balochi", "Druze", "Kalash", "Russian", "Burusho", "Palestinian", "Yi", "BantuSouthAfrica", "BiakaPygmy", "Mozabite", "Yoruba", "BiakaPygmy", "Melanesian", "Mozabite", "Palestinian", "San", "Druze", "Kalash", "Mozabite", "Palestinian", "Russian", "Burusho", "Druze", "Kalash", "Palestinian", "MbutiPygmy", "Yoruba", "Cambodian", "Kalash", "Mongola", "Pima", "Daur", "Kalash", "Mongola", "Papuan", "Russian", "Uygur", "Maya", "Pima", "Yakut", "Yi", "Lahu", "Maya", "Melanesian", "Papuan", "Yakut", "Kalash", "Mozabite", "Russian", "Uygur", "Melanesian", "Mozabite", "Palestinian", "Papuan", "Yakut", "Melanesian", "Mongola", "Yakut", "Yi", "MbutiPygmy", "Mozabite", "San", "Yoruba", "Pima", "Mongola", "San", "Yoruba", "Papuan", "Uygur", "Yakut", "Yakut", "Yi", "Palestinian", "Uygur", "Yakut", "Uygur", "Yakut"],
  "weights": [2.0216, 2.0945, 2.3331, 2.9322, 2.2685, 2.2002, 3.1909, 4.0449, 3.371, 3.587, 2.829, 4.3102, 5.4199, 3.9011, 3.7652, 5.8933, 2.1514, 2.7572, 2.9275, 2.6296, 2.602, 2.292, 1.6236, 2.2175, 1.5904, 4.1144, 3.0205, 2.7186, 2.4767, 2.908, 4.1597, 2.785, 2.9243, 3.0072, 3.9327, 3.6018, 2.946, 1.4967, 2.7702, 3.4349, 2.9467, 2.5771, 2.593, 3.709, 3.8573, 3.4613, 2.1141, 2.4617, 2.8089, 2.4704, 4.1188, 3.5774, 2.5559, 3.2636, 4.5725, 3.8076, 3.2211, 3.6313, 2.9856, 4.3239, 3.3431, 5.6363, 2.6785, 3.1707, 6.1552, 7.1675, 4.4857, 4.2403, 5.2979, 5.0704, 4.0836, 3.373, 2.2706, 3.9513, 4.22, 3.0985, 7.4083],
  "loci": ["rs987318", "rs6709902", "rs6741335", "rs6547234", "rs6751052", "rs6547237", "rs1901335", "rs1451540", "rs2198159", "rs2100290", "rs6729991", "rs6739405", "rs10865443", "rs6714400", "rs10496224", "rs1159598", "rs7564015", "rs10496227", "rs12623907", "rs1430635", "rs17017164", "rs1864548", "rs7598481", "rs386271", "rs17040658", "rs13388538", "rs13429335", "rs10181354", "rs4852150", "rs6719738", "rs10520245", "rs1864551", "rs6716273", "rs880813", "rs17017249", "rs10520246", "rs2566539", "rs2685159", "rs1972755", "rs1971766"]
}
