{
  "id": "EdgeSet0600",
  "sources": ["Adygei", "Adygei", "Adygei", "Adygei", "Adygei", "Adygei", "Balochi", "Balochi", "Balochi", "Balochi", "Balochi", "BantuKenya", "BantuKenya", "BantuKenya", "BantuSouthAfrica", "BantuSouthAfrica", "BantuSouthAfrica", "BantuSouthAfrica", "BantuSouthAfrica", "Basque", "Basque", "Basque", "Basque", "Basque", "Bedouin", "Bedouin", "Bedouin", "Bedouin", "BiakaPygmy", "BiakaPygmy", "BiakaPygmy", "BiakaPygmy", "Burusho", "Burusho", "Burusho", "Burusho", "Cambodian", "Cambodian", "Cambodian", "Cambodian", "Colombian", "Colombian", "Colombian", "Daur", "Daur", "Daur", "Daur", "Daur", "Druze", "Druze", "Druze", "Kalash", "Lahu", "Lahu", "Mandenka", "Mandenka", "Mandenka", "Maya", "Melanesian", "Melanesian", "Melanesian", "Mongola", "Mongola", "Mongola", "Mozabite", "Mozabite", "Palestinian", "Papuan", "Papuan", "Papuan", "Pima", "Russian", "San", "Yakut"],
  "targets": ["Balochi", "Bedouin", "Burusho", "Druze", "Papuan", "Pima", "Basque", "Burusho", "Cambodian", "Druze", "Pima", "BiakaPygmy", "Mandenka", "Yoruba", "Lahu", "Mandenka", "MbutiPygmy", "San", "Yoruba", "Druze", "Melanesian", "Mozabite", "Pima", "Russian", "Burusho", "Druze", "Melanesian", "Palestinian", "Cambodian", "Mandenka", "MbutiPygmy", "San", "Colombian", "Lahu", "San", "Yakut", "Daur", "Kalash", "Lahu", "Yakut", "Maya", "Melanesian", "Pima", "Lahu", "Mongola", "Papuan", "Uygur", "Yi", "Melanesian", "Mozabite", "Palestinian", "Lahu", "Mongola", "Yi", "MbutiPygmy", "Mozabite", "Yoruba", "Pima", "Papuan", "Russian", "Yi", "Uygur", "Yakut", "Yi", "Palestinian", "Pima", "Russian", "Russian", "Yakut", "Yi", "Russian", "Yakut", "Yoruba", "Yi"],
  "weights": [2.0863, 1.8594, 3.199, 1.9909, 2.9339, 2.0377, 2.4739, 3.3836, 3.0259, 2.3627, 3.1904, 3.9184, 2.6791, 2.4801, 7.4721, 4.2648, 5.3861, 7.3724, 5.0388, 1.9705, 3.3697, 2.0357, 1.971, 2.2181, 3.2395, 2.0616, 3.4632, 1.8982, 5.307, 4.2054, 4.8948, 7.4323, 4.8657, 6.2534, 8.2167, 4.5724, 2.4925, 3.6321, 5.6446, 4.0209, 1.5995, 4.0175, 2.5847, 6.2594, 2.5887, 2.7033, 2.2397, 1.8653, 4.2608, 1.9999, 1.8157, 6.2559, 5.9711, 5.5132, 4.5719, 3.5442, 2.3801, 2.0339, 3.1321, 3.7638, 5.4237, 3.0424, 2.3576, 2.6675, 1.6004, 2.5375, 2.6021, 3.087, 3.398, 3.2427, 2.449, 3.6125, 7.3317, 2.3617],
  "loci": ["rs13012766", "rs6747364", "rs2118284", "rs17039586", "rs4435493", "rs10168513", "rs17046771", "rs2589081", "rs17432234", "rs2589096", "rs1056445", "rs6721728", "rs2576696", "rs7579539", "rs6718747", "rs2589061", "rs2966465", "rs6738970", "rs1047948", "rs1545121", "rs2043713", "rs6746287", "rs10189439", "rs2576705", "rs6729144", "rs11894557", "rs6734415", "rs2589077", "rs13422645", "rs2920971", "rs12991861", "rs2864830", "rs3099080", "rs7600669", "rs1349885", "rs1902057", "rs11125567", "rs4672035", "rs4672040", "rs3828235"]
}
