{
  "id": "EdgeSet0987",
  "sources": ["Adygei", "Adygei", "Adygei", "Adygei", "Adygei", "Balochi", "Balochi", "Balochi", "Balochi", "Balochi", "BantuKenya", "BantuKenya", "BantuKenya", "BantuKenya", "BantuSouthAfrica", "BantuSouthAfrica", "BantuSouthAfrica", "BantuSouthAfrica", "Basque", "Basque", "Basque", "Basque", "Basque", "Basque", "Bedouin", "Bedouin", "Bedouin", "BiakaPygmy", "BiakaPygmy", "BiakaPygmy", "Burusho", "Burusho", "Burusho", "Burusho", "Cambodian", "Cambodian", "Cambodian", "Cambodian", "Cambodian", "Colombian", "Colombian", "Colombian", "Daur", "Daur", "Daur", "Druze", "Druze", "Druze", "Druze", "Druze", "Kalash", "Lahu", "Lahu", "Lahu", "Lahu", "Mandenka", "Mandenka", "Maya", "Maya", "Maya", "MbutiPygmy", "Melanesian", "Melanesian", "Melanesian", "Mongola", "Mongola", "Mozabite", "Palestinian", "Palestinian", "Papuan", "Russian", "Yakut"],
  "targets": ["Basque", "Bedouin", "Druze", "Papuan", "Russian", "Bedouin", "Burusho", "Palestinian", "Russian", "Yakut", "BantuSouthAfrica", "Mandenka", "San", "Yoruba", "BiakaPygmy", "MbutiPygmy", "Mozabite", "San", "Druze", "Mozabite", "Papuan", "Russian", "Uygur", "Yakut", "Mozabite", "Palestinian", "Russian", "Mandenka", "MbutiPygmy", "San", "Colombian", "Kalash", "Papuan", "Uygur", "Colombian", "Daur", "Lahu", "Uygur", "Yi", "Maya", "Papuan", "Pima", "Mongola", "Russian", "Yi", "Kalash", "Melanesian", "Mongola", "Mozabite", "Russian", "Uygur", "Melanesian", "Mongola", "Yakut", "Yi", "MbutiPygmy", "Yoruba", "Papuan", "Pima", "Yakut", "San", "Papuan", "Yakut", "Yi", "Yakut", "Yi", "Yoruba", "Russian", "Uygur", "Uygur", "Yakut", "Yi"],
  "weights": [2.3544, 1.7813, 1.7722, 2.5852, 2.1439, 1.8973, 2.1313, 1.6816, 2.3023, 2.3104, 4.1135, 3.758, 8.927, 3.3096, 5.0151, 4.3411, 4.7216, 8.5847, 2.5232, 3.3796, 3.4376, 2.3752, 2.89, 3.7242, 2.3253, 1.6055, 1.9659, 4.5324, 3.8642, 7.3731, 2.9648, 2.425, 3.0125, 2.3444, 4.1263, 2.011, 2.1286, 2.5257, 1.5141, 3.5094, 4.6501, 4.2949, 2.3306, 3.1669, 1.6596, 2.179, 2.8877, 2.3499, 2.7447, 2.0222, 2.3367, 2.3157, 2.4622, 2.0305, 2.1085, 4.5213, 3.0359, 3.854, 2.2837, 2.7727, 7.987, 3.1524, 2.1769, 2.1192, 1.9099, 2.0853, 3.3711, 2.209, 2.1831, 2.7125, 2.7252, 1.8336],
  "loci": ["rs6725836", "rs2191595", "rs11124165", "rs17663111", "rs2191581", "rs758822", "rs6747330", "rs4133137", "rs7597645", "rs6729086", "rs4676118", "rs6755570", "rs6761939", "rs17683291", "rs10514800", "rs11890663", "rs4676120", "rs7557667", "rs6753182", "rs6709735", "rs7582564", "rs6746088", "rs10427352", "rs12471122", "rs972881", "rs166468", "rs2561445", "rs266253", "rs266168", "rs266220", "rs1614315", "rs10496413", "rs266154", "rs166464", "rs266273", "rs876819", "rs6744070", "rs7604787", "rs12468034", "rs11676995"]
}
