{
  "id": "EdgeSet0549",
  "sources": ["Adygei", "Adygei", "Adygei", "Adygei", "Adygei", "Adygei", "Adygei", "Adygei", "Balochi", "Balochi", "Balochi", "Balochi", "Balochi", "BantuKenya", "BantuKenya", "BantuKenya", "BantuKenya", "BantuKenya", "BantuSouthAfrica", "BantuSouthAfrica", "BantuSouthAfrica", "BantuSouthAfrica", "Basque", "Basque", "Basque", "Basque", "Bedouin", "Bedouin", "Bedouin", "Bedouin", "BiakaPygmy", "BiakaPygmy", "BiakaPygmy", "BiakaPygmy", "BiakaPygmy", "Burusho", "Burusho", "Burusho", "Burusho", "Burusho", "Cambodian", "Cambodian", "Cambodian", "Cambodian", "Cambodian", "Cambodian", "Cambodian", "Cambodian", "Colombian", "Colombian", "Colombian", "Colombian", "Daur", "Daur", "Daur", "Druze", "Druze", "Druze", "Kalash", "Kalash", "Kalash", "Lahu", "Lahu", "Lahu", "Lahu", "Mandenka", "Maya", "Maya", "Maya", "MbutiPygmy", "MbutiPygmy", "MbutiPygmy", "MbutiPygmy", "Melanesian", "Mongola", "Mongola", "Mongola", "Mozabite", "Mozabite", "Papuan", "Papuan", "Russian", "Uygur", "Yakut"],
  "targets": ["Balochi", "Basque", "Cambodian", "Druze", "Lahu", "Mozabite", "Russian", "Uygur", "Cambodian", "Druze", "Lahu", "Mozabite", "Palestinian", "BiakaPygmy", "Mandenka", "Melanesian", "Mozabite", "Yoruba", "BiakaPygmy", "Burusho", "San", "Yoruba", "Druze", "Kalash", "Palestinian", "Russian", "Druze", "Kalash", "Mozabite", "Russian", "Mandenka", "MbutiPygmy", "Papuan", "San", "Yoruba", "Cambodian", "Kalash", "Palestinian", "Papuan", "Russian", "Colombian", "Daur", "Lahu", "Mandenka", "MbutiPygmy", "Uygur", "Yakut", "Yi", "Maya", "Mongola", "Pima", "Yi", "Mongola", "Yakut", "Yi", "Palestinian", "Russian", "Uygur", "Papuan", "San", "Yi", "Melanesian", "Mozabite", "Palestinian", "Uygur", "Yoruba", "Papuan", "Pima", "San", "Melanesian", "Mongola", "Papuan", "San", "Papuan", "Russian", "San", "Yakut", "Palestinian", "Yoruba", "Uygur", "Yi", "Uygur", "Yi", "Yoruba"],
  "weights": [2.2992, 1.8973, 3.3129, 1.9458, 3.4406, 1.9885, 2.1067, 2.7114, 3.0657, 2.2973, 2.3922, 1.7851, 2.0916, 3.5574, 2.8736, 3.4673, 2.703, 2.4912, 3.669, 4.1765, 7.235, 2.8403, 2.0207, 2.7829, 1.9924, 2.1717, 2.0977, 2.6318, 2.1544, 2.4877, 3.7937, 5.1152, 4.9749, 7.7059, 3.4958, 3.3613, 2.9681, 2.7739, 3.9095, 2.6707, 4.5403, 4.0952, 3.0758, 4.1942, 5.2794, 3.1579, 4.8076, 2.9362, 3.5315, 5.2961, 1.6679, 3.2788, 4.1345, 2.2315, 3.1384, 1.9708, 2.3053, 3.3564, 3.7436, 8.4427, 2.838, 3.8358, 2.692, 2.863, 3.0936, 1.8808, 4.6024, 3.0818, 9.6137, 4.9602, 5.8699, 5.4195, 8.9639, 3.2837, 3.6654, 9.2715, 4.3535, 1.93, 3.0479, 4.7267, 3.8726, 2.6748, 2.7004, 4.6594],
  "loci": ["rs10490168", "rs2193412", "rs7558540", "rs7423296", "rs2024513", "rs4971709", "rs968972", "rs17572476", "rs2193417", "rs13409387", "rs10197386", "rs17041146", "rs17572798", "rs4971712", "rs13017431", "rs10174398", "rs7567632", "rs7574611", "rs2193410", "rs10195460", "rs12616790", "rs7594170", "rs6749209", "rs10490162", "rs1558852", "rs2287232", "rs1995584", "rs2193411", "rs13032214", "rs988982", "rs17039344", "rs2163018", "rs1995582", "rs11896803", "rs12620632", "rs1013674", "rs2069318", "rs2217351", "rs2195476", "rs735315"]
}
