{
  "id": "EdgeSet0820",
  "sources": ["Adygei", "Adygei", "Adygei", "Adygei", "Adygei", "Balochi", "Balochi", "Balochi", "BantuKenya", "BantuKenya", "BantuKenya", "BantuKenya", "BantuSouthAfrica", "BantuSouthAfrica", "BantuSouthAfrica", "Basque", "Basque", "Basque", "Bedouin", "Bedouin", "Bedouin", "Bedouin", "BiakaPygmy", "BiakaPygmy", "BiakaPygmy", "Burusho", "Burusho", "Burusho", "Burusho", "Cambodian", "Cambodian", "Cambodian", "Cambodian", "Colombian", "Colombian", "Colombian", "Daur", "Daur", "Daur", "Druze", "Druze", "Druze", "Druze", "Druze", "Kalash", "Kalash", "Kalash", "Lahu", "Lahu", "Mandenka", "Mandenka", "Mandenka", "Maya", "Maya", "MbutiPygmy", "Melanesian", "Melanesian", "Melanesian", "Melanesian", "Mongola", "Mongola", "Palestinian", "Papuan", "Papuan", "Pima", "Pima", "Russian", "Uygur"],
  "targets": ["Balochi", "Basque", "Bedouin", "Mozabite", "Palestinian", "BantuKenya", "BantuSouthAfrica", "Yi", "BantuSouthAfrica", "MbutiPygmy", "Mozabite", "Yoruba", "BiakaPygmy", "Mandenka", "Yoruba", "Druze", "Palestinian", "Russian", "Burusho", "Mozabite", "Palestinian", "Yi", "Mandenka", "MbutiPygmy", "Yoruba", "Colombian", "Mozabite", "Uygur", "Yakut", "Kalash", "Lahu", "Maya", "Mongola", "Maya", "Uygur", "Yi", "Mongola", "Papuan", "Yakut", "Kalash", "Mozabite", "Palestinian", "Russian", "Uygur", "Palestinian", "Russian", "Yakut", "Mongola", "Pima", "Mozabite", "San", "Yoruba", "Mongola", "Pima", "San", "Mongola", "Papuan", "San", "Yi", "Uygur", "Yakut", "Yi", "San", "Yi", "Russian", "Yi", "Yi", "Yi"],
  "weights": [2.9417, 2.352, 2.169, 2.6177, 2.4035, 4.2888, 3.8998, 3.2779, 3.1402, 6.1112, 3.6172, 2.8545, 3.3252, 2.9448, 2.8993, 1.8965, 2.226, 2.8147, 2.4153, 2.2705, 1.975, 2.925, 3.5637, 5.1732, 3.2284, 5.3284, 2.3948, 2.6429, 2.8198, 5.0288, 2.3541, 3.4074, 2.9197, 3.3478, 4.0381, 4.0469, 2.1542, 5.2144, 2.4548, 2.4545, 2.2064, 2.0075, 2.7051, 2.4967, 2.7095, 2.8391, 3.33, 3.2503, 3.0335, 3.1904, 13.5588, 3.012, 3.3158, 3.6886, 14.2753, 3.7968, 3.5022, 14.905, 3.4608, 2.9952, 2.8047, 3.7375, 15.8905, 4.5878, 3.7406, 3.0417, 3.0519, 2.5873],
  "loci": ["rs1261234", "rs17693030", "rs13027536", "rs10520219", "rs10520221", "rs1261238", "rs17693274", "rs13384662", "rs11683503", "rs11126690", "rs12618775", "rs17749772", "rs1666768", "rs402221", "rs811526", "rs7565256", "rs283822", "rs10520223", "rs12614588", "rs10520227", "rs283826", "rs10520228", "rs283832", "rs442513", "rs393149", "rs1023825", "rs440752", "rs17016209", "rs283838", "rs283843", "rs17702090", "rs364446", "rs13004360", "rs17702221", "rs1448212", "rs17753263", "rs1522858", "rs6710164", "rs1448214", "rs1608234"]
}
