{
  "id": "EdgeSet0734",
  "sources": ["Adygei", "Adygei", "Adygei", "Adygei", "Adygei", "Adygei", "Adygei", "Balochi", "Balochi", "Balochi", "Balochi", "Balochi", "BantuKenya", "BantuKenya", "BantuKenya", "BantuKenya", "BantuSouthAfrica", "BantuSouthAfrica", "BantuSouthAfrica", "BantuSouthAfrica", "BantuSouthAfrica", "Basque", "Basque", "Basque", "Basque", "Basque", "Basque", "Basque", "Bedouin", "BiakaPygmy", "BiakaPygmy", "BiakaPygmy", "BiakaPygmy", "Burusho", "Burusho", "Burusho", "Burusho", "Burusho", "Cambodian", "Cambodian", "Cambodian", "Cambodian", "Colombian", "Colombian", "Daur", "Daur", "Daur", "Druze", "Druze", "Druze", "Druze", "Kalash", "Kalash", "Lahu", "Lahu", "Lahu", "Lahu", "Mandenka", "Maya", "Maya", "MbutiPygmy", "Melanesian", "Melanesian", "Melanesian", "Melanesian", "Mongola", "Mongola", "Mongola", "Mozabite", "Mozabite", "Mozabite", "Palestinian", "Pima", "Russian", "San", "Uygur", "Uygur", "Yakut"],
  "targets": ["Balochi", "Basque", "Bedouin", "Druze", "Melanesian", "Papuan", "Russian", "Bedouin", "Kalash", "Melanesian", "Mozabite", "Uygur", "BiakaPygmy", "Lahu", "Mandenka", "Yoruba", "BiakaPygmy", "Burusho", "Mandenka", "MbutiPygmy", "Yoruba", "Burusho", "Druze", "Kalash", "Papuan", "Uygur", "Yakut", "Yi", "Palestinian", "Mandenka", "MbutiPygmy", "San", "Yoruba", "Cambodian", "Kalash", "Melanesian", "Russian", "Yi", "Daur", "Mongola", "Yakut", "Yi", "Maya", "Pima", "Mongola", "Uygur", "Yakut", "Kalash", "Palestinian", "Papuan", "Yakut", "Russian", "Uygur", "Melanesian", "Mongola", "San", "Yi", "Yoruba", "Pima", "Yi", "San", "Mongola", "Palestinian", "Russian", "Yi", "Uygur", "Yakut", "Yi", "Palestinian", "Russian", "Uygur", "Papuan", "San", "Yakut", "Yoruba", "Yakut", "Yi", "Yi"],
  "weights": [1.7082, 2.4249, 1.7239, 1.8065, 2.1934, 1.8077, 1.7284, 1.8576, 1.5363, 2.7436, 1.8779, 2.0921, 4.1179, 5.7462, 3.0231, 3.0452, 4.4451, 5.2498, 3.5509, 5.3992, 3.4283, 3.6118, 2.5193, 2.0067, 2.8672, 2.879, 3.5982, 4.7809, 1.5877, 4.3082, 5.0312, 5.0797, 3.9107, 2.8525, 2.3311, 3.2226, 2.3365, 3.4451, 2.1937, 2.1134, 2.3006, 2.7726, 2.3829, 3.8039, 2.2819, 3.4404, 2.6602, 1.5954, 1.7167, 2.0635, 3.7962, 1.8224, 1.9859, 4.5106, 4.0459, 8.0885, 4.4098, 3.0535, 3.6866, 4.8018, 7.0554, 4.5306, 2.8875, 2.6999, 4.249, 2.6604, 2.5648, 2.4912, 2.1176, 2.1082, 2.0387, 1.966, 10.5186, 2.7881, 6.77, 2.5725, 2.8925, 3.028],
  "loci": ["rs2048255", "rs12612409", "rs877123", "rs6546544", "rs1912118", "rs2312548", "rs10177224", "rs7563401", "rs12622388", "rs7567400", "rs7597155", "rs13412112", "rs721566", "rs10210787", "rs6546548", "rs7588022", "rs4853025", "rs3771542", "rs6730981", "rs2168115", "rs2290452", "rs2872075", "rs13391033", "rs12328891", "rs13392221", "rs6546551", "rs6718012", "rs17037194", "rs1015437", "rs12612925", "rs2054046", "rs6720498", "rs10187831", "rs10496175", "rs6741449", "rs4241266", "rs11686934", "rs6731423", "rs10496176", "rs3821276"]
}
