{
  "id": "EdgeSet0548",
  "sources": ["Adygei", "Adygei", "Adygei", "Adygei", "Balochi", "Balochi", "Balochi", "BantuKenya", "BantuKenya", "BantuKenya", "BantuKenya", "BantuKenya", "BantuKenya", "BantuSouthAfrica", "BantuSouthAfrica", "BantuSouthAfrica", "BantuSouthAfrica", "BantuSouthAfrica", "BantuSouthAfrica", "BantuSouthAfrica", "Basque", "Basque", "Basque", "Basque", "Basque", "Bedouin", "Bedouin", "Bedouin", "Bedouin", "BiakaPygmy", "BiakaPygmy", "BiakaPygmy", "BiakaPygmy", "Burusho", "Burusho", "Burusho", "Burusho", "Burusho", "Cambodian", "Cambodian", "Cambodian", "Cambodian", "Cambodian", "Colombian", "Colombian", "Colombian", "Colombian", "Daur", "Daur", "Daur", "Daur", "Daur", "Druze", "Druze", "Druze", "Kalash", "Kalash", "Lahu", "Lahu", "Mandenka", "Maya", "Maya", "Maya", "MbutiPygmy", "MbutiPygmy", "Melanesian", "Mongola", "Mozabite", "Mozabite", "Papuan", "Papuan", "Pima", "Russian"],
  "targets": ["BiakaPygmy", "Druze", "Palestinian", "Russian", "MbutiPygmy", "Mozabite", "Papuan", "BantuSouthAfrica", "Mandenka", "MbutiPygmy", "Melanesian", "Mozabite", "Yoruba", "BiakaPygmy", "Cambodian", "Mandenka", "Mozabite", "San", "Uygur", "Yoruba", "Druze", "Kalash", "Mozabite", "Palestinian", "Russian", "Druze", "Kalash", "Palestinian", "Uygur", "Mandenka", "MbutiPygmy", "San", "Yoruba", "Colombian", "Daur", "Papuan", "Pima", "Russian", "Daur", "Lahu", "Mandenka", "Papuan", "Yi", "Lahu", "Maya", "Pima", "San", "Melanesian", "Mongola", "Uygur", "Yakut", "Yi", "Mozabite", "Palestinian", "Russian", "Papuan", "Yi", "Melanesian", "Mozabite", "Yoruba", "Mongola", "Pima", "Uygur", "Russian", "San", "Papuan", "Yakut", "Palestinian", "Yoruba", "San", "Yi", "Yi", "Uygur"],
  "weights": [5.7077, 1.8473, 1.6696, 2.3921, 4.3328, 2.5137, 3.945, 2.8141, 2.4773, 3.4644, 3.939, 2.4544, 2.105, 3.6108, 3.7906, 2.8071, 3.2125, 6.1683, 3.5646, 2.6182, 2.1195, 2.53, 1.9836, 1.9577, 1.8431, 1.9531, 2.5076, 1.8734, 2.8884, 3.7129, 3.9782, 5.5482, 3.575, 5.393, 3.5776, 4.3123, 3.7519, 2.8386, 3.0804, 2.7049, 3.7339, 5.11, 3.0566, 4.3814, 3.319, 2.9858, 8.4112, 4.2608, 2.5185, 3.098, 2.1409, 3.3088, 1.9593, 1.6205, 2.3595, 3.9733, 3.73, 3.1349, 3.0769, 1.4566, 3.8427, 2.0954, 3.0261, 5.5014, 6.195, 3.2624, 1.7267, 1.7583, 3.0619, 7.8141, 4.3801, 3.7557, 2.8564],
  "loci": ["rs17569963", "rs2193225", "rs10490175", "rs6743452", "rs11884918", "rs1558799", "rs13027232", "rs13027132", "rs983936", "rs10490170", "rs10490169", "rs10432671", "rs17571325", "rs1544690", "rs6545185", "rs17512227", "rs17041095", "rs6741326", "rs2352540", "rs1160595", "rs10490168", "rs2193412", "rs7558540", "rs7423296", "rs2024513", "rs4971709", "rs968972", "rs17572476", "rs2193417", "rs13409387", "rs10197386", "rs17041146", "rs17572798", "rs4971712", "rs13017431", "rs10174398", "rs7567632", "rs7574611", "rs2193410", "rs10195460"]
}
