{
  "id": "EdgeSet0210",
  "sources": ["Adygei", "Adygei", "Adygei", "Adygei", "Balochi", "Balochi", "Balochi", "Balochi", "BantuKenya", "BantuKenya", "BantuKenya", "BantuKenya", "BantuKenya", "BantuKenya", "BantuSouthAfrica", "BantuSouthAfrica", "BantuSouthAfrica", "Basque", "Basque", "Basque", "Bedouin", "Bedouin", "Bedouin", "Bedouin", "BiakaPygmy", "BiakaPygmy", "BiakaPygmy", "Burusho", "Burusho", "Burusho", "Cambodian", "Cambodian", "Cambodian", "Cambodian", "Cambodian", "Cambodian", "Colombian", "Colombian", "Colombian", "Colombian", "Daur", "Daur", "Daur", "Daur", "Daur", "Druze", "Druze", "Druze", "Druze", "Druze", "Kalash", "Lahu", "Lahu", "Lahu", "Mandenka", "Mandenka", "Mandenka", "Maya", "Maya", "MbutiPygmy", "MbutiPygmy", "Melanesian", "Melanesian", "Melanesian", "Melanesian", "Mongola", "Mongola", "Mongola", "Mozabite", "Palestinian", "Papuan", "Papuan", "Papuan", "Pima", "Pima", "Russian", "Uygur", "Yakut"],
  "targets": ["Basque", "Kalash", "Palestinian", "Russian", "Basque", "Mandenka", "Mozabite", "Palestinian", "BantuSouthAfrica", "Mandenka", "MbutiPygmy", "Mozabite", "Uygur", "Yoruba", "Mandenka", "San", "Yoruba", "Druze", "Russian", "Yi", "Burusho", "Druze", "Mozabite", "Palestinian", "MbutiPygmy", "San", "Yoruba", "Mongola", "Papuan", "Russian", "Colombian", "Mongola", "Papuan", "Uygur", "Yakut", "Yi", "Maya", "MbutiPygmy", "Papuan", "Pima", "Lahu", "Mongola", "Uygur", "Yakut", "Yi", "Kalash", "Maya", "Mozabite", "Palestinian", "Russian", "Palestinian", "Melanesian", "Mongola", "Yi", "MbutiPygmy", "Mozabite", "Yoruba", "Pima", "Uygur", "Melanesian", "San", "Papuan", "Pima", "Uygur", "Yakut", "Pima", "Yakut", "Yi", "Palestinian", "Russian", "Pima", "Uygur", "Yi", "Russian", "Yakut", "Uygur", "Yi", "Yi"],
  "weights": [2.2301, 3.9285, 1.8768, 2.0708, 2.0902, 4.2224, 2.2501, 1.8466, 5.1449, 3.4932, 5.3478, 4.2826, 6.169, 3.2115, 5.01, 7.9378, 4.8968, 2.0508, 1.9673, 5.1203, 2.879, 1.4089, 2.1477, 1.8751, 6.4269, 10.1005, 5.0731, 3.5153, 2.6986, 2.4999, 4.6051, 2.2223, 3.0182, 2.9304, 2.92, 2.8584, 2.5335, 7.3437, 4.4854, 3.6268, 3.6012, 2.5669, 2.9374, 2.567, 2.767, 2.9849, 4.5032, 2.2474, 1.8875, 2.1673, 2.8083, 4.6337, 3.6522, 3.1667, 5.4297, 3.8087, 2.8519, 2.5352, 3.1721, 7.0833, 10.0768, 3.6023, 4.8526, 3.9382, 5.132, 4.7581, 2.6313, 2.5025, 2.0716, 1.8002, 3.852, 2.7288, 3.3281, 3.4435, 3.7728, 2.9818, 3.0288, 2.9417],
  "loci": ["rs12620067", "rs2166219", "rs13387360", "rs703297", "rs2021070", "rs703284", "rs17442753", "rs13428764", "rs1946443", "rs7596217", "rs703281", "rs10084260", "rs824475", "rs1829731", "rs824466", "rs824498", "rs11689050", "rs997676", "rs2254544", "rs4666489", "rs824446", "rs2347284", "rs824453", "rs2347283", "rs824454", "rs10495696", "rs6705213", "rs1593746", "rs4666491", "rs1579204", "rs13407212", "rs824506", "rs1344652", "rs9973758", "rs4109456", "rs3914966", "rs1427547", "rs16986617", "rs16986622", "rs7598925"]
}
