{
  "id": "EdgeSet0769",
  "sources": ["Adygei", "Adygei", "Adygei", "Adygei", "Adygei", "Balochi", "Balochi", "Balochi", "Balochi", "Balochi", "BantuKenya", "BantuKenya", "BantuKenya", "BantuKenya", "BantuKenya", "BantuSouthAfrica", "BantuSouthAfrica", "Basque", "Basque", "Basque", "Basque", "Basque", "Bedouin", "Bedouin", "Bedouin", "Bedouin", "Bedouin", "BiakaPygmy", "BiakaPygmy", "BiakaPygmy", "BiakaPygmy", "Burusho", "Burusho", "Burusho", "Cambodian", "Cambodian", "Cambodian", "Cambodian", "Colombian", "Colombian", "Colombian", "Colombian", "Daur", "Daur", "Daur", "Druze", "Druze", "Kalash", "Kalash", "Lahu", "Lahu", "Lahu", "Lahu", "Mandenka", "Maya", "Maya", "Maya", "Maya", "Maya", "MbutiPygmy", "Melanesian", "Melanesian", "Melanesian", "Melanesian", "Mongola", "Mongola", "Mozabite", "Palestinian", "Papuan", "Papuan", "Russian", "Yakut"],
  "targets": ["Balochi", "Bedouin", "Druze", "Mozabite", "Russian", "Druze", "Kalash", "Mozabite", "Palestinian", "Yi", "BantuSouthAfrica", "BiakaPygmy", "Lahu", "MbutiPygmy", "Yoruba", "Mandenka", "Yoruba", "Bedouin", "Druze", "Kalash", "MbutiPygmy", "Palestinian", "Druze", "Mozabite", "Palestinian", "Russian", "Yakut", "Burusho", "MbutiPygmy", "San", "Yoruba", "Cambodian", "Mongola", "Yoruba", "Daur", "Lahu", "Papuan", "Yi", "Maya", "MbutiPygmy", "Pima", "Yi", "Mongola", "Yakut", "Yi", "Kalash", "Russian", "Lahu", "Yakut", "Mongola", "Uygur", "Yakut", "Yi", "Yoruba", "Melanesian", "Mongola", "Pima", "Uygur", "Yakut", "San", "Papuan", "Pima", "Uygur", "Yi", "Papuan", "Yi", "Russian", "Uygur", "Pima", "Yakut", "Uygur", "Yi"],
  "weights": [2.0527, 1.8187, 1.8464, 2.2676, 2.3168, 1.7359, 2.2183, 2.305, 1.9592, 3.4965, 4.0454, 4.6016, 5.3864, 4.4302, 3.7318, 2.629, 3.1951, 2.1452, 2.085, 2.2386, 6.0253, 2.1783, 1.4636, 2.0026, 1.4894, 2.0147, 3.2226, 6.8108, 5.285, 4.0031, 4.3039, 4.2712, 4.7377, 5.9918, 1.8582, 2.9312, 3.0612, 2.2369, 2.061, 6.4846, 3.7499, 3.3772, 2.2458, 1.7882, 1.8593, 1.8488, 1.9353, 3.6985, 2.5565, 3.1642, 3.0374, 2.913, 3.0235, 3.0232, 3.3649, 3.4671, 3.1599, 2.912, 2.7354, 6.4621, 3.0803, 3.7649, 2.8315, 3.0858, 3.9157, 2.7643, 2.4729, 2.2402, 4.1544, 4.5271, 2.6129, 2.3415],
  "loci": ["rs1623605", "rs1653249", "rs13411881", "rs831525", "rs6737156", "rs831550", "rs7564379", "rs4852323", "rs951409", "rs7569066", "rs7608165", "rs4852324", "rs6705628", "rs6546883", "rs13416937", "rs6751551", "rs4270374", "rs13016198", "rs6745236", "rs10164943", "rs828872", "rs7585240", "rs828869", "rs9309479", "rs6738709", "rs828867", "rs6546891", "rs6758220", "rs12465641", "rs7570950", "rs3099824", "rs1667615", "rs828842", "rs2122290", "rs828888", "rs828887", "rs828884", "rs11540640", "rs11126426", "rs4083173"]
}
