{
  "id": "EdgeSet0572",
  "sources": ["Adygei", "Adygei", "Adygei", "Adygei", "Adygei", "Adygei", "Adygei", "Balochi", "Balochi", "Balochi", "Balochi", "BantuKenya", "BantuKenya", "BantuKenya", "BantuKenya", "BantuSouthAfrica", "BantuSouthAfrica", "BantuSouthAfrica", "BantuSouthAfrica", "BantuSouthAfrica", "Basque", "Basque", "Basque", "Bedouin", "Bedouin", "Bedouin", "BiakaPygmy", "BiakaPygmy", "BiakaPygmy", "Burusho", "Burusho", "Cambodian", "Cambodian", "Cambodian", "Cambodian", "Colombian", "Colombian", "Colombian", "Colombian", "Colombian", "Colombian", "Daur", "Daur", "Daur", "Druze", "Druze", "Druze", "Druze", "Druze", "Druze", "Kalash", "Kalash", "Lahu", "Lahu", "Lahu", "Lahu", "Mandenka", "Maya", "Maya", "Maya", "MbutiPygmy", "MbutiPygmy", "Melanesian", "Melanesian", "Melanesian", "Mongola", "Mongola", "Mongola", "Mozabite", "Mozabite", "Mozabite", "Papuan", "Russian", "Yakut"],
  "targets": ["Balochi", "Basque", "Bedouin", "Burusho", "Kalash", "Melanesian", "Palestinian", "Basque", "Colombian", "Palestinian", "Russian", "BiakaPygmy", "Mandenka", "Maya", "Yoruba", "BiakaPygmy", "Mandenka", "MbutiPygmy", "San", "Yoruba", "Burusho", "Palestinian", "Russian", "Burusho", "Druze", "Mozabite", "MbutiPygmy", "San", "Yoruba", "Daur", "Yi", "Lahu", "Mongola", "Pima", "Yi", "Daur", "Lahu", "Maya", "Pima", "Uygur", "Yi", "Druze", "Mongola", "Yakut", "Kalash", "Maya", "MbutiPygmy", "Mozabite", "Palestinian", "Yi", "Uygur", "Yi", "Maya", "Pima", "Yakut", "Yi", "Yoruba", "Pima", "San", "Yakut", "San", "Yoruba", "Papuan", "Pima", "Russian", "Mozabite", "Uygur", "Yi", "Palestinian", "Yakut", "Yoruba", "San", "Uygur", "Yi"],
  "weights": [2.2044, 2.0153, 2.0752, 1.8372, 1.8609, 4.7639, 1.7101, 2.4439, 3.8614, 2.3589, 2.244, 4.6933, 3.4263, 5.9388, 3.293, 4.2367, 3.5886, 4.4199, 8.274, 3.1218, 2.0068, 2.0522, 2.613, 2.2415, 1.7822, 2.0281, 5.1034, 9.3546, 4.0454, 2.223, 3.1415, 2.157, 1.6773, 2.0453, 1.6836, 3.0109, 2.6291, 3.3075, 2.6705, 3.2192, 3.5601, 2.5195, 1.8329, 2.1834, 1.8917, 4.9143, 5.7094, 2.2071, 1.8977, 2.5312, 2.4867, 2.6094, 2.6616, 2.3501, 2.7914, 2.4945, 2.6405, 2.6681, 10.7246, 3.7877, 8.1933, 4.1707, 3.5604, 4.3784, 3.5797, 2.5848, 2.3865, 1.8174, 1.9615, 2.9724, 3.8429, 12.2855, 2.3816, 2.4907],
  "loci": ["rs6742712", "rs17676663", "rs17189091", "rs10490584", "rs1549749", "rs4364055", "rs1868903", "rs1542282", "rs10168840", "rs13002328", "rs1376570", "rs17043603", "rs12618983", "rs3770388", "rs10208858", "rs724860", "rs17043720", "rs1864534", "rs2048309", "rs17043739", "rs1451463", "rs4672065", "rs13404094", "rs17571144", "rs12469781", "rs965441", "rs17043794", "rs2163332", "rs17043834", "rs10490578", "rs7602023", "rs7577197", "rs6756739", "rs1510106", "rs1533076", "rs17043912", "rs10490577", "rs13399527", "rs1446439", "rs6545315"]
}
