{
  "id": "EdgeSet0597",
  "sources": ["Adygei", "Adygei", "Adygei", "Adygei", "Adygei", "Balochi", "Balochi", "BantuKenya", "BantuKenya", "BantuKenya", "BantuKenya", "BantuSouthAfrica", "BantuSouthAfrica", "BantuSouthAfrica", "BantuSouthAfrica", "Basque", "Basque", "Basque", "Basque", "Bedouin", "Bedouin", "Bedouin", "Bedouin", "Bedouin", "Bedouin", "BiakaPygmy", "BiakaPygmy", "BiakaPygmy", "BiakaPygmy", "Burusho", "Burusho", "Burusho", "Burusho", "Cambodian", "Cambodian", "Cambodian", "Colombian", "Colombian", "Colombian", "Colombian", "Colombian", "Colombian", "Colombian", "Daur", "Daur", "Daur", "Druze", "Druze", "Lahu", "Lahu", "Lahu", "Lahu", "Lahu", "Mandenka", "Mandenka", "Maya", "MbutiPygmy", "MbutiPygmy", "Melanesian", "Melanesian", "Mongola", "Mongola", "Mongola", "Mozabite", "Mozabite", "Papuan", "Pima", "Pima", "Yakut"],
  "targets": ["Daur", "Druze", "Papuan", "Russian", "Uygur", "Burusho", "Kalash", "BiakaPygmy", "Mandenka", "MbutiPygmy", "Yoruba", "BiakaPygmy", "MbutiPygmy", "San", "Yoruba", "Druze", "Kalash", "Palestinian", "Russian", "Burusho", "Druze", "Maya", "Mozabite", "Palestinian", "Yakut", "Kalash", "MbutiPygmy", "San", "Yoruba", "Melanesian", "Palestinian", "Uygur", "Yakut", "Lahu", "Mozabite", "Yi", "Daur", "Kalash", "Lahu", "Maya", "Papuan", "Uygur", "Yi", "Mozabite", "Papuan", "Yi", "Melanesian", "Palestinian", "Mongola", "Pima", "Uygur", "Yakut", "Yi", "Mozabite", "Yoruba", "Pima", "Pima", "San", "Papuan", "Russian", "Pima", "Russian", "Yakut", "Palestinian", "Russian", "Yakut", "San", "Yi", "Yi"],
  "weights": [1.5008, 1.8838, 4.1448, 2.3453, 2.206, 3.4304, 2.8499, 3.7872, 2.6236, 3.5195, 2.4664, 4.0468, 4.3296, 4.9834, 4.1179, 2.2739, 2.5867, 2.3133, 2.779, 3.187, 1.5708, 3.6082, 2.3191, 1.8541, 4.0076, 5.564, 3.4305, 5.1884, 3.7535, 4.5301, 3.2669, 3, 3.7683, 3.3074, 3.5038, 3.0261, 3.2764, 3.9579, 4.5892, 2.5379, 4.7943, 3.1382, 4.6725, 2.7652, 3.726, 2.5293, 3.3829, 1.5324, 3.8637, 6.3237, 3.7062, 3.6694, 3.097, 3.7513, 2.2032, 5.2158, 8.3014, 5.4868, 2.6658, 4.2683, 6.3552, 3.4273, 2.8479, 2.2479, 2.9913, 4.1142, 9.3792, 5.6806, 3.153],
  "loci": ["rs11683784", "rs3796008", "rs10746530", "rs11125550", "rs7584992", "rs17046514", "rs6741304", "rs2588512", "rs887", "rs2580765", "rs2588519", "rs2919125", "rs17418675", "rs2580768", "rs2580769", "rs2580772", "rs2588517", "rs2588518", "rs6715980", "rs17046586", "rs6755468", "rs1992615", "rs12475787", "rs7601625", "rs10496037", "rs2920898", "rs13416852", "rs6744637", "rs2920881", "rs10496040", "rs2968821", "rs2968798", "rs10179627", "rs4672016", "rs12464796", "rs12464877", "rs2972087", "rs2968778", "rs2920842", "rs10496038"]
}
