{
  "id": "EdgeSet0277",
  "sources": ["Adygei", "Adygei", "Adygei", "Balochi", "Balochi", "Balochi", "BantuKenya", "BantuKenya", "BantuKenya", "BantuSouthAfrica", "BantuSouthAfrica", "BantuSouthAfrica", "Basque", "Basque", "Basque", "Basque", "Bedouin", "Bedouin", "Bedouin", "Bedouin", "Bedouin", "Bedouin", "BiakaPygmy", "BiakaPygmy", "BiakaPygmy", "BiakaPygmy", "Burusho", "Burusho", "Burusho", "Cambodian", "Cambodian", "Cambodian", "Cambodian", "Cambodian", "Cambodian", "Colombian", "Colombian", "Colombian", "Colombian", "Colombian", "Colombian", "Colombian", "Daur", "Daur", "Daur", "Daur", "Daur", "Daur", "Druze", "Druze", "Druze", "Druze", "Kalash", "Kalash", "Kalash", "Kalash", "Lahu", "Lahu", "Lahu", "Mandenka", "Mandenka", "Mandenka", "Maya", "Maya", "Maya", "MbutiPygmy", "MbutiPygmy", "Melanesian", "Melanesian", "Mongola", "Mongola", "Mozabite", "Mozabite", "Palestinian", "Papuan", "Papuan", "Pima", "Yakut"],
  "targets": ["Balochi", "Basque", "Russian", "Burusho", "Mandenka", "Mozabite", "BantuSouthAfrica", "BiakaPygmy", "Yoruba", "Mandenka", "San", "Yoruba", "Bedouin", "Druze", "Palestinian", "Russian", "Burusho", "Melanesian", "Mongola", "Mozabite", "Palestinian", "Russian", "Mandenka", "MbutiPygmy", "San", "Yoruba", "Kalash", "Melanesian", "Pima", "Colombian", "Daur", "Lahu", "Mozabite", "Uygur", "Yakut", "Daur", "Lahu", "Maya", "Mongola", "Papuan", "Uygur", "Yakut", "Lahu", "Maya", "Melanesian", "Mongola", "Papuan", "Uygur", "Kalash", "Mozabite", "Palestinian", "Pima", "Melanesian", "San", "Uygur", "Yakut", "Mongola", "San", "Yi", "MbutiPygmy", "Palestinian", "Yoruba", "Palestinian", "Pima", "Uygur", "San", "Yoruba", "Papuan", "Pima", "Uygur", "Yi", "Palestinian", "Yoruba", "Pima", "Yakut", "Yi", "Russian", "Yi"],
  "weights": [2.275, 2.4006, 2.1293, 2.6268, 3.9539, 2.8076, 4.0024, 3.7061, 2.9047, 3.4792, 8.0241, 3.5429, 2.6737, 2.6598, 2.6733, 2.4376, 2.3242, 2.6051, 3.006, 1.9035, 2.1126, 2.7667, 4.1229, 3.4665, 8.7204, 3.1736, 3.9751, 2.517, 2.9242, 1.4522, 1.8931, 2.2122, 3.243, 1.7778, 2.18, 2.0983, 2.2219, 2.3265, 2.2205, 2.5437, 1.8877, 2.2545, 2.1932, 2.4825, 3.3184, 2.2282, 3.4715, 2.115, 4.5105, 2.5328, 2.2088, 2.6954, 5.2163, 9.203, 3.6835, 4.3461, 2.4533, 9.7155, 2.1837, 4.7533, 4.0815, 3.3845, 2.75, 2.0663, 1.766, 9.5441, 4.0571, 2.8001, 3.3331, 2.0695, 2.166, 2.3986, 4.1068, 2.2992, 2.7875, 2.2639, 3.3549, 1.5151],
  "loci": ["rs4666014", "rs11127125", "rs4464229", "rs4666020", "rs4666022", "rs4578808", "rs7595986", "rs2305929", "rs10185472", "rs6709355", "rs898031", "rs10175508", "rs13003383", "rs10495761", "rs17006439", "rs10173528", "rs13414801", "rs13409819", "rs17006489", "rs2337700", "rs10173426", "rs6547826", "rs13402525", "rs13016086", "rs7578052", "rs3863", "rs6721310", "rs7572644", "rs7558946", "rs6547829", "rs6705961", "rs1948922", "rs4401177", "rs7601155", "rs7581912", "rs6721349", "rs1387573", "rs1038694", "rs13405885", "rs11685351"]
}
