{
  "id": "EdgeSet0694",
  "sources": ["Adygei", "Adygei", "Adygei", "Adygei", "Adygei", "Adygei", "Balochi", "Balochi", "Balochi", "Balochi", "BantuKenya", "BantuKenya", "BantuKenya", "BantuKenya", "BantuSouthAfrica", "BantuSouthAfrica", "BantuSouthAfrica", "BantuSouthAfrica", "Basque", "Basque", "Basque", "Basque", "Basque", "Basque", "Basque", "Bedouin", "Bedouin", "Bedouin", "Bedouin", "BiakaPygmy", "BiakaPygmy", "BiakaPygmy", "BiakaPygmy", "Burusho", "Burusho", "Burusho", "Burusho", "Burusho", "Cambodian", "Cambodian", "Cambodian", "Cambodian", "Cambodian", "Colombian", "Colombian", "Colombian", "Colombian", "Colombian", "Daur", "Daur", "Daur", "Daur", "Druze", "Kalash", "Kalash", "Lahu", "Lahu", "Lahu", "Lahu", "Mandenka", "Mandenka", "Mandenka", "Maya", "Maya", "Maya", "MbutiPygmy", "Melanesian", "Melanesian", "Melanesian", "Mongola", "Mongola", "Mongola", "Mongola", "Mozabite", "Palestinian", "Palestinian", "Papuan", "Pima", "Russian", "Russian", "Uygur", "Uygur"],
  "targets": ["Balochi", "Bedouin", "Druze", "Palestinian", "Uygur", "Yakut", "Bedouin", "Kalash", "Mozabite", "Uygur", "BiakaPygmy", "Colombian", "Mandenka", "Yoruba", "Mandenka", "MbutiPygmy", "San", "Yoruba", "Bedouin", "Burusho", "Colombian", "Druze", "Lahu", "Russian", "Yakut", "Daur", "Mozabite", "Palestinian", "Russian", "Mandenka", "MbutiPygmy", "San", "Yoruba", "Daur", "Druze", "Maya", "Palestinian", "Yakut", "Daur", "Kalash", "Lahu", "MbutiPygmy", "Yi", "Melanesian", "Papuan", "Pima", "Russian", "Uygur", "Lahu", "Mongola", "Yakut", "Yi", "Mozabite", "Russian", "Uygur", "Mongola", "San", "Uygur", "Yi", "Mozabite", "San", "Yoruba", "Pima", "Russian", "Yi", "San", "Papuan", "Russian", "San", "Pima", "Russian", "Uygur", "Yakut", "Palestinian", "Yi", "Yoruba", "Yakut", "San", "Uygur", "Yi", "Yakut", "Yi"],
  "weights": [2.2164, 1.772, 1.9839, 2.3014, 3.1069, 2.5127, 2.0499, 2.0842, 2.3307, 2.3822, 3.2194, 5.0393, 2.9982, 2.8826, 3.6581, 6.8792, 9.1331, 2.9681, 1.8037, 2.1867, 4.8862, 1.9566, 3.5486, 2.4696, 2.305, 3.5562, 2.0468, 2.0027, 2.3082, 3.1481, 6.1465, 8.1547, 3.0298, 2.9552, 2.4367, 4.1183, 2.3621, 2.1026, 3.6982, 3.3202, 4.2602, 7.8637, 3.3326, 3.7448, 3.5891, 4.2449, 4.1884, 3.7737, 3.4625, 2.9552, 2.6311, 2.7237, 2.5977, 2.5173, 2.2398, 3.211, 9.9676, 3.2456, 2.8613, 4.0648, 8.8448, 2.9665, 2.8353, 3.4143, 3.2168, 11.208, 2.2753, 3.9388, 9.3578, 3.404, 3.8798, 2.5605, 2.529, 2.5821, 2.7915, 3.8647, 2.7092, 9.9871, 2.5474, 2.6935, 1.9549, 2.1381],
  "loci": ["rs1320851", "rs10167906", "rs10198404", "rs6546206", "rs11675929", "rs11684249", "rs2627857", "rs10496131", "rs17031450", "rs6710236", "rs1105244", "rs7597203", "rs984578", "rs1819125", "rs1532118", "rs11126074", "rs7591257", "rs7581689", "rs7599440", "rs4671716", "rs6756848", "rs6728380", "rs17031608", "rs1320854", "rs9309383", "rs7600569", "rs10177124", "rs1320862", "rs1906901", "rs10496132", "rs13383903", "rs17031703", "rs2951282", "rs2971848", "rs10206856", "rs2971816", "rs17031817", "rs10196975", "rs2951289", "rs1358698"]
}
