{
  "id": "EdgeSet0294",
  "sources": ["Adygei", "Adygei", "Adygei", "Adygei", "Adygei", "Adygei", "Adygei", "Balochi", "Balochi", "Balochi", "Balochi", "Balochi", "Balochi", "BantuKenya", "BantuKenya", "BantuKenya", "BantuKenya", "BantuKenya", "BantuKenya", "BantuSouthAfrica", "BantuSouthAfrica", "BantuSouthAfrica", "BantuSouthAfrica", "BantuSouthAfrica", "Basque", "Basque", "Basque", "Basque", "Basque", "Bedouin", "Bedouin", "Bedouin", "Bedouin", "Bedouin", "BiakaPygmy", "BiakaPygmy", "BiakaPygmy", "Burusho", "Burusho", "Burusho", "Burusho", "Burusho", "Cambodian", "Cambodian", "Cambodian", "Cambodian", "Colombian", "Colombian", "Colombian", "Colombian", "Colombian", "Colombian", "Daur", "Daur", "Daur", "Daur", "Druze", "Druze", "Druze", "Kalash", "Kalash", "Kalash", "Lahu", "Lahu", "Mandenka", "Mandenka", "Mandenka", "Mandenka", "Maya", "Maya", "Maya", "Maya", "Maya", "MbutiPygmy", "MbutiPygmy", "Melanesian", "Melanesian", "Mongola", "Mongola", "Mongola", "Mongola", "Mongola", "Mongola", "Mozabite", "Mozabite", "Palestinian", "Pima", "Russian", "Uygur"],
  "targets": ["Balochi", "Basque", "Colombian", "Druze", "Kalash", "Palestinian", "Uygur", "Basque", "Burusho", "Daur", "Kalash", "Mozabite", "Yi", "BantuSouthAfrica", "BiakaPygmy", "Mandenka", "Melanesian", "San", "Yoruba", "BiakaPygmy", "Lahu", "Mandenka", "MbutiPygmy", "Yoruba", "Bedouin", "Cambodian", "Mongola", "Mozabite", "Russian", "Druze", "Kalash", "Mozabite", "Palestinian", "Russian", "MbutiPygmy", "San", "Yoruba", "Colombian", "Pima", "Uygur", "Yi", "Yoruba", "Lahu", "Papuan", "Pima", "Yi", "Maya", "Melanesian", "Papuan", "Pima", "Russian", "Yakut", "Lahu", "Mozabite", "Yakut", "Yi", "Palestinian", "Russian", "Uygur", "Lahu", "Pima", "Uygur", "Mongola", "Yakut", "Mozabite", "Pima", "San", "Yoruba", "Mongola", "Papuan", "Pima", "Russian", "Yakut", "Papuan", "San", "Mongola", "Papuan", "Papuan", "Pima", "Russian", "Uygur", "Yakut", "Yi", "Palestinian", "Russian", "Yi", "Yi", "San", "Yi"],
  "weights": [2.4896, 2.7811, 4.4737, 2.2883, 2.8172, 2.1655, 2.7193, 2.4753, 3.0634, 3.4228, 2.6181, 3.2297, 4.1256, 4.4191, 5.2625, 3.2902, 5.7035, 6.0465, 3.3198, 5.4695, 6.0629, 4.1072, 6.2998, 3.7206, 2.4166, 2.989, 3.5449, 3.1224, 2.5348, 2.1232, 2.7674, 2.2677, 1.9868, 2.6603, 4.0874, 5.9128, 4.8408, 4.3172, 4.7605, 3.0392, 4.0586, 5.6835, 3.0435, 4.2897, 3.485, 3.4563, 4.4105, 5.501, 5.4545, 4.2272, 4.8995, 4.9841, 3.0467, 5.337, 3.3442, 2.8479, 1.7314, 2.7585, 2.6924, 3.2586, 3.6065, 2.62, 2.8971, 4.0235, 4.2387, 5.386, 6.2808, 2.3599, 3.899, 5.0449, 3.1396, 4.5869, 5.0196, 7.5996, 7.0841, 4.1262, 4.2962, 3.8226, 3.2373, 4.8103, 2.8275, 3.9385, 3.2859, 2.7512, 3.4103, 4.5158, 3.6531, 7.3424, 2.8104],
  "loci": ["rs13402797", "rs1534546", "rs6742761", "rs17007904", "rs12465220", "rs17728037", "rs17007920", "rs13413210", "rs13029602", "rs4452100", "rs3927337", "rs17007931", "rs13001260", "rs10495768", "rs4146674", "rs4146673", "rs1406230", "rs10199963", "rs12714272", "rs12714277", "rs11890341", "rs11893367", "rs12988134", "rs17007998", "rs1534544", "rs6751302", "rs12621597", "rs12714279", "rs4633880", "rs10186332", "rs12469277", "rs4666212", "rs13415294", "rs4322800", "rs11127220", "rs7591913", "rs6740617", "rs4372837", "rs7590571", "rs11690456"]
}
