{
  "id": "EdgeSet0626",
  "sources": ["Adygei", "Adygei", "Adygei", "Adygei", "Balochi", "Balochi", "Balochi", "BantuKenya", "BantuKenya", "BantuKenya", "BantuKenya", "BantuSouthAfrica", "BantuSouthAfrica", "BantuSouthAfrica", "BantuSouthAfrica", "BantuSouthAfrica", "Basque", "Basque", "Basque", "Bedouin", "Bedouin", "Bedouin", "Bedouin", "Bedouin", "Bedouin", "BiakaPygmy", "BiakaPygmy", "BiakaPygmy", "Burusho", "Burusho", "Cambodian", "Cambodian", "Cambodian", "Cambodian", "Cambodian", "Cambodian", "Cambodian", "Colombian", "Colombian", "Colombian", "Colombian", "Daur", "Daur", "Daur", "Daur", "Druze", "Druze", "Druze", "Kalash", "Kalash", "Kalash", "Lahu", "Lahu", "Lahu", "Lahu", "Lahu", "Mandenka", "Mandenka", "Maya", "MbutiPygmy", "Melanesian", "Mongola", "Mongola", "Mongola", "Palestinian", "Papuan", "Papuan", "Pima", "Russian", "San", "Uygur", "Yakut"],
  "targets": ["Basque", "Druze", "Russian", "Uygur", "Burusho", "Melanesian", "Russian", "BiakaPygmy", "Mandenka", "MbutiPygmy", "San", "BiakaPygmy", "Mandenka", "MbutiPygmy", "San", "Yoruba", "Mongola", "Palestinian", "Russian", "Druze", "Kalash", "Lahu", "Palestinian", "Pima", "Uygur", "Mandenka", "MbutiPygmy", "Yoruba", "Palestinian", "Russian", "Colombian", "Daur", "Druze", "Kalash", "Melanesian", "Papuan", "Uygur", "Daur", "Maya", "Papuan", "Yakut", "Lahu", "Mongola", "Palestinian", "Yi", "Mozabite", "Palestinian", "Russian", "Lahu", "Maya", "Palestinian", "Melanesian", "Mongola", "Pima", "Yakut", "Yi", "San", "Yoruba", "MbutiPygmy", "San", "Papuan", "Pima", "Uygur", "Yakut", "Pima", "Pima", "Yi", "Yakut", "Yi", "Yoruba", "Yi", "Yi"],
  "weights": [2.4226, 1.9842, 2.6207, 2.5853, 2.4377, 3.4897, 2.6785, 3.6406, 3.6937, 3.0907, 5.1427, 4.2784, 4.2217, 4.1495, 4.9908, 3.7422, 3.9278, 2.1879, 2.2655, 1.9739, 2.1645, 3.1726, 1.3504, 4.1961, 2.8075, 3.9304, 4.045, 3.3176, 2.5907, 2.8627, 3.8044, 2.5133, 2.7045, 2.7321, 2.4999, 2.9954, 4.0747, 3.5454, 4.2607, 5.3742, 4.7515, 2.8875, 3.099, 2.2743, 3.1444, 2.7838, 1.8247, 2.1604, 3.2178, 2.9641, 2.0859, 3.6886, 3.8245, 3.8568, 5.0238, 3.2859, 5.5587, 3.2999, 6.0631, 4.5541, 2.238, 5.0138, 3.9977, 4.8814, 4.8401, 4.8132, 4.4432, 6.2036, 3.4103, 5.059, 2.8126, 4.8629],
  "loci": ["rs10496085", "rs7561688", "rs6719889", "rs10187411", "rs12470851", "rs11898024", "rs2312192", "rs6713551", "rs3771206", "rs2196806", "rs1439269", "rs12620940", "rs11883874", "rs13424099", "rs10198382", "rs17049343", "rs1025754", "rs7558007", "rs3771211", "rs17049370", "rs6714952", "rs848293", "rs17049378", "rs17614198", "rs848291", "rs10445895", "rs11903456", "rs7558066", "rs848282", "rs848279", "rs17049403", "rs1404460", "rs3771220", "rs2192689", "rs13411119", "rs6753170", "rs10170257", "rs11894186", "rs7593369", "rs9973912"]
}
