{
  "id": "EdgeSet0870",
  "sources": ["Adygei", "Adygei", "Adygei", "Adygei", "Adygei", "Adygei", "Balochi", "Balochi", "Balochi", "Balochi", "Balochi", "Balochi", "BantuKenya", "BantuKenya", "BantuKenya", "BantuKenya", "BantuKenya", "BantuKenya", "BantuSouthAfrica", "BantuSouthAfrica", "BantuSouthAfrica", "BantuSouthAfrica", "BantuSouthAfrica", "Basque", "Basque", "Basque", "Basque", "Bedouin", "BiakaPygmy", "BiakaPygmy", "Burusho", "Burusho", "Burusho", "Burusho", "Cambodian", "Cambodian", "Cambodian", "Cambodian", "Cambodian", "Colombian", "Colombian", "Colombian", "Colombian", "Colombian", "Daur", "Daur", "Daur", "Daur", "Daur", "Druze", "Druze", "Kalash", "Kalash", "Kalash", "Lahu", "Lahu", "Lahu", "Lahu", "Mandenka", "Mandenka", "Maya", "Maya", "Maya", "MbutiPygmy", "Melanesian", "Melanesian", "Mongola", "Mongola", "Mongola", "Mozabite", "Mozabite", "Mozabite", "Papuan", "Papuan", "Pima", "Uygur"],
  "targets": ["Basque", "Bedouin", "Burusho", "Cambodian", "Druze", "Yakut", "Burusho", "Daur", "Palestinian", "Papuan", "Russian", "Uygur", "BantuSouthAfrica", "Cambodian", "Mandenka", "Mozabite", "San", "Yoruba", "BiakaPygmy", "MbutiPygmy", "Mozabite", "San", "Yoruba", "Druze", "Palestinian", "Russian", "Uygur", "Palestinian", "Mandenka", "MbutiPygmy", "Cambodian", "Kalash", "Mozabite", "San", "Lahu", "Mongola", "Papuan", "Pima", "Yi", "Daur", "Maya", "Mongola", "Yakut", "Yi", "Melanesian", "Mongola", "Pima", "Yakut", "Yi", "Kalash", "Palestinian", "Maya", "Mozabite", "Russian", "Mongola", "Pima", "Russian", "Yi", "San", "Yoruba", "Mongola", "Russian", "Uygur", "San", "Papuan", "Uygur", "Papuan", "Yakut", "Yi", "Palestinian", "Papuan", "Yoruba", "Yakut", "Yi", "Russian", "Yi"],
  "weights": [2.108, 1.7739, 3.3556, 2.8344, 2.2401, 2.6329, 2.9101, 2.914, 2.0034, 2.6005, 2.1202, 2.1888, 4.6095, 4.7574, 3.1723, 3.5741, 7.893, 3.2043, 4.8309, 6.3277, 4.6952, 7.7851, 4.3903, 2.2766, 2.0319, 2.3325, 2.2298, 1.7124, 4.4998, 6.329, 4.0799, 3.4102, 3.311, 10.2408, 2.3853, 2.2035, 2.8992, 3.0058, 1.9939, 1.2448, 1.4165, 1.0286, 1.3491, 1.6884, 2.2099, 1.1874, 1.2284, 0.9185, 1.7783, 2.7505, 2.5692, 2.6396, 2.6623, 1.7716, 1.6611, 1.2468, 2.0962, 1.6362, 7.6738, 2.6966, 1.4651, 2.353, 2.1305, 9.7347, 2.7023, 2.7354, 1.8064, 1.1931, 1.3934, 2.6909, 3.0431, 3.1314, 1.909, 2.8267, 1.9511, 2.1651],
  "loci": ["rs10496309", "rs11904045", "rs7589648", "rs13411973", "rs6753640", "rs4146945", "rs10210248", "rs2364906", "rs7575751", "rs1467998", "rs4832088", "rs4240193", "rs17758259", "rs1460700", "rs1460698", "rs13034783", "rs13002679", "rs4832094", "rs6705459", "rs12466574", "rs13013322", "rs7590343", "rs4513310", "rs7590097", "rs6547574", "rs12992282", "rs17708884", "rs17759986", "rs1918694", "rs11126974", "rs2178103", "rs1918690", "rs6729553", "rs1192305", "rs1192295", "rs1192269", "rs1192266", "rs1192332", "rs1192323", "rs13407438"]
}
