{
  "id": "EdgeSet0725",
  "sources": ["Adygei", "Adygei", "Adygei", "Adygei", "Adygei", "Adygei", "Balochi", "Balochi", "Balochi", "Balochi", "Balochi", "Balochi", "BantuKenya", "BantuKenya", "BantuKenya", "BantuSouthAfrica", "BantuSouthAfrica", "BantuSouthAfrica", "BantuSouthAfrica", "BantuSouthAfrica", "BantuSouthAfrica", "Basque", "Basque", "Basque", "Basque", "Bedouin", "Bedouin", "Bedouin", "BiakaPygmy", "BiakaPygmy", "BiakaPygmy", "BiakaPygmy", "Burusho", "Burusho", "Burusho", "Burusho", "Burusho", "Cambodian", "Cambodian", "Cambodian", "Cambodian", "Cambodian", "Cambodian", "Colombian", "Colombian", "Colombian", "Colombian", "Daur", "Daur", "Daur", "Druze", "Druze", "Druze", "Kalash", "Kalash", "Lahu", "Lahu", "Lahu", "Lahu", "Lahu", "Mandenka", "Mandenka", "Maya", "MbutiPygmy", "Melanesian", "Melanesian", "Melanesian", "Melanesian", "Mongola", "Mongola", "Palestinian", "Papuan", "Papuan", "Pima", "Russian", "Uygur", "Yakut"],
  "targets": ["Basque", "Kalash", "Melanesian", "Palestinian", "Yakut", "Yi", "Bedouin", "Burusho", "Kalash", "Melanesian", "Mozabite", "Yoruba", "Mandenka", "San", "Yoruba", "BiakaPygmy", "Mandenka", "MbutiPygmy", "Papuan", "San", "Yoruba", "Bedouin", "Lahu", "Palestinian", "Russian", "Druze", "Palestinian", "Uygur", "Mandenka", "MbutiPygmy", "San", "Yoruba", "Cambodian", "Kalash", "Mongola", "Papuan", "Russian", "Lahu", "Mongola", "Mozabite", "Palestinian", "Yakut", "Yi", "Druze", "Maya", "Pima", "Russian", "Uygur", "Yakut", "Yi", "Kalash", "Russian", "Yi", "Melanesian", "Palestinian", "Maya", "Mongola", "Mozabite", "Palestinian", "Papuan", "San", "Yoruba", "Pima", "San", "Mozabite", "Papuan", "Yakut", "Yi", "Uygur", "Yi", "Uygur", "Russian", "Yakut", "Uygur", "Yakut", "Yakut", "Yi"],
  "weights": [2.0555, 2.0323, 3.3088, 1.7709, 2.4218, 3.1124, 2.0119, 1.9004, 2.1845, 3.2832, 2.3584, 5.06, 3.9115, 8.5251, 4.0075, 5.6855, 4.874, 6.1572, 7.9342, 9.3216, 4.9798, 2.068, 3.0493, 1.7529, 2.1432, 1.6246, 1.6446, 2.6568, 5.0995, 5.249, 8.0693, 5.4104, 2.1648, 2.6436, 2.621, 3.5342, 2.7518, 2.6198, 2.0462, 2.535, 2.5139, 2.5812, 2.3071, 3.7994, 1.9274, 2.6027, 3.9218, 2.7006, 2.7904, 2.341, 1.9669, 1.6619, 2.5943, 3.4153, 1.9158, 4.1013, 2.6813, 2.6848, 3.5516, 3.9389, 8.4115, 3.7824, 2.2764, 8.7591, 4.423, 3.1006, 3.8015, 4.6902, 2.5574, 1.8938, 2.4247, 3.824, 4.4886, 3.4847, 2.2659, 2.4377, 2.5088],
  "loci": ["rs4854514", "rs4854515", "rs2292903", "rs4854518", "rs7558602", "rs12713665", "rs7573507", "rs4854457", "rs6727322", "rs11893484", "rs10519168", "rs10496167", "rs17543981", "rs12992898", "rs3749128", "rs6743599", "rs13415752", "rs11897748", "rs6546439", "rs11126200", "rs1317087", "rs6742689", "rs2311419", "rs7557267", "rs4854459", "rs7605681", "rs9902", "rs3892168", "rs10193109", "rs10496166", "rs8179547", "rs10182268", "rs12052847", "rs4854464", "rs7591722", "rs4422194", "rs2311424", "rs10496169", "rs2871760", "rs6546442"]
}
