{
  "id": "EdgeSet0667",
  "sources": ["Adygei", "Adygei", "Adygei", "Adygei", "Adygei", "Balochi", "Balochi", "Balochi", "Balochi", "Balochi", "BantuKenya", "BantuKenya", "BantuKenya", "BantuKenya", "BantuSouthAfrica", "BantuSouthAfrica", "BantuSouthAfrica", "BantuSouthAfrica", "BantuSouthAfrica", "Basque", "Basque", "Basque", "Basque", "Basque", "Bedouin", "Bedouin", "Bedouin", "Bedouin", "BiakaPygmy", "BiakaPygmy", "Burusho", "Burusho", "Burusho", "Burusho", "Cambodian", "Cambodian", "Cambodian", "Cambodian", "Colombian", "Colombian", "Colombian", "Daur", "Daur", "Daur", "Daur", "Daur", "Daur", "Druze", "Kalash", "Lahu", "Mandenka", "Mandenka", "Mandenka", "Mandenka", "Maya", "Maya", "Maya", "Maya", "MbutiPygmy", "MbutiPygmy", "Melanesian", "Melanesian", "Melanesian", "Mongola", "Mongola", "Mongola", "Mongola", "Palestinian", "Papuan", "Uygur", "Uygur", "Yakut"],
  "targets": ["Basque", "Druze", "Kalash", "Palestinian", "Yoruba", "Bedouin", "Kalash", "Mandenka", "Mozabite", "Palestinian", "BiakaPygmy", "MbutiPygmy", "Mozabite", "Yoruba", "BiakaPygmy", "MbutiPygmy", "Mozabite", "San", "Yoruba", "Bedouin", "Burusho", "Lahu", "Russian", "San", "Druze", "Mozabite", "Palestinian", "Russian", "MbutiPygmy", "San", "Druze", "Kalash", "Lahu", "Russian", "Lahu", "Papuan", "Yakut", "Yi", "Maya", "Mongola", "Pima", "Kalash", "Lahu", "Mongola", "San", "Uygur", "Yakut", "Palestinian", "Russian", "Pima", "MbutiPygmy", "Mozabite", "San", "Yoruba", "Pima", "Russian", "Uygur", "Yi", "San", "Yoruba", "Palestinian", "Papuan", "Pima", "Papuan", "Uygur", "Yakut", "Yi", "Russian", "Yakut", "Yakut", "Yi", "Yi"],
  "weights": [3.7425, 3.0703, 2.8291, 2.5065, 4.406, 2.3033, 2.38, 3.8337, 2.6919, 2.0981, 4.0557, 5.0284, 3.8303, 3.2992, 2.9881, 4.0834, 3.3621, 6.9946, 3.5277, 3.2054, 3.3579, 5.6377, 3.045, 9.4818, 1.9017, 2.3652, 1.6619, 2.2644, 4.03, 7.8901, 2.9102, 2.6657, 5.408, 2.6359, 4.1176, 2.6456, 2.2966, 2.1139, 2.169, 3.4001, 3.0903, 4.5562, 5.3529, 4.0157, 10.2164, 3.9917, 4.0699, 2.4487, 2.4675, 4.8914, 4.8512, 3.222, 8.5428, 3.068, 2.1619, 3.3951, 2.4818, 2.0349, 8.9306, 4.5268, 3.6712, 3.2971, 2.7952, 3.1123, 1.8388, 2.0189, 1.8899, 2.1766, 2.3661, 1.8865, 1.5972, 1.8104],
  "loci": ["rs17027650", "rs17408841", "rs13009169", "rs13431765", "rs10206947", "rs4671465", "rs6758966", "rs2421916", "rs2421917", "rs11125954", "rs2421919", "rs11899838", "rs12471038", "rs7585088", "rs2699396", "rs13431584", "rs1517405", "rs6545986", "rs7585664", "rs7566860", "rs1949411", "rs1878507", "rs2421885", "rs13386979", "rs11683229", "rs13028443", "rs17616913", "rs12470121", "rs4671506", "rs10164844", "rs13013890", "rs12464471", "rs11689644", "rs11893294", "rs2421954", "rs12470478", "rs2422008", "rs959195", "rs262494", "rs262498"]
}
