{
  "id": "EdgeSet0342",
  "sources": ["Adygei", "Adygei", "Adygei", "Adygei", "Adygei", "Balochi", "Balochi", "Balochi", "Balochi", "Balochi", "BantuKenya", "BantuKenya", "BantuKenya", "BantuKenya", "BantuKenya", "BantuKenya", "BantuSouthAfrica", "BantuSouthAfrica", "Basque", "Basque", "Basque", "Bedouin", "Bedouin", "Bedouin", "Bedouin", "Bedouin", "BiakaPygmy", "BiakaPygmy", "BiakaPygmy", "BiakaPygmy", "BiakaPygmy", "Burusho", "Burusho", "Burusho", "Burusho", "Cambodian", "Cambodian", "Cambodian", "Cambodian", "Cambodian", "Colombian", "Colombian", "Colombian", "Colombian", "Colombian", "Colombian", "Daur", "Daur", "Daur", "Daur", "Druze", "Druze", "Kalash", "Kalash", "Kalash", "Kalash", "Kalash", "Lahu", "Lahu", "Lahu", "Lahu", "Lahu", "Mandenka", "Maya", "Maya", "Maya", "MbutiPygmy", "Melanesian", "Melanesian", "Melanesian", "Melanesian", "Mongola", "Mongola", "Mongola", "Palestinian", "Papuan", "Papuan", "Russian", "San", "Uygur", "Uygur", "Yakut"],
  "targets": ["Balochi", "Bedouin", "Lahu", "Mongola", "Palestinian", "BiakaPygmy", "Burusho", "Cambodian", "Kalash", "Yakut", "BantuSouthAfrica", "Basque", "BiakaPygmy", "Mandenka", "MbutiPygmy", "Yoruba", "Mandenka", "Yoruba", "Daur", "Druze", "Russian", "Druze", "Maya", "Mozabite", "Palestinian", "Russian", "Druze", "Mandenka", "MbutiPygmy", "San", "Yoruba", "Cambodian", "MbutiPygmy", "Pima", "Uygur", "Colombian", "MbutiPygmy", "Mongola", "Palestinian", "Yi", "Daur", "Maya", "Melanesian", "Pima", "Yakut", "Yi", "Mongola", "Russian", "Uygur", "Yakut", "Mozabite", "Palestinian", "Lahu", "Papuan", "Russian", "Uygur", "Yi", "Mongola", "Mozabite", "Papuan", "Uygur", "Yi", "Yoruba", "Melanesian", "Pima", "San", "San", "Papuan", "Pima", "San", "Uygur", "Mozabite", "Uygur", "Yi", "Russian", "Pima", "Yi", "Yakut", "Yoruba", "Yakut", "Yi", "Yi"],
  "weights": [2.3735, 2.0776, 2.5367, 2.7307, 2.1823, 5.4185, 3.3796, 3.3004, 3.3084, 2.9197, 4.3641, 4.6712, 4.3776, 3.8563, 5.1636, 3.5423, 5.371, 4.6033, 3.6206, 2.9829, 2.7704, 2.0691, 3.7535, 1.9816, 1.9382, 2.3438, 5.4192, 4.8302, 4.79, 7.9704, 4.4587, 4.1672, 5.961, 4.3328, 4.1199, 4.0366, 5.4953, 3.2741, 3.2232, 3.5998, 3.0249, 2.4678, 5.5957, 3.3773, 2.8421, 3.4618, 2.231, 3.6141, 2.4298, 2.3695, 2.8387, 2.3689, 3.4221, 3.9334, 3.18, 3.3237, 4.5325, 2.7164, 3.3897, 3.1223, 2.6537, 2.8513, 3.2269, 5.5572, 3.591, 8.8701, 8.3228, 3.9452, 5.5164, 8.6123, 4.6923, 4.1074, 2.5144, 2.3703, 2.2654, 4.2156, 3.3969, 2.8319, 7.9539, 2.4689, 2.6113, 2.5474],
  "loci": ["rs13408063", "rs10495789", "rs10495790", "rs10166200", "rs6543719", "rs6705101", "rs6743600", "rs10495792", "rs10200743", "rs3754826", "rs3754823", "rs2168395", "rs3845781", "rs7597095", "rs2305576", "rs1551486", "rs11687036", "rs17650408", "rs11685011", "rs11685205", "rs7592762", "rs17013272", "rs4258776", "rs10182608", "rs7574183", "rs12478596", "rs2278956", "rs897506", "rs10514775", "rs17013391", "rs13418410", "rs13388224", "rs4670209", "rs11066", "rs6708570", "rs6543722", "rs7559158", "rs6543726", "rs6717058", "rs6713874"]
}
