{
  "id": "EdgeSet0060",
  "sources": ["Adygei", "Adygei", "Adygei", "Adygei", "Adygei", "Adygei", "Adygei", "Balochi", "Balochi", "Balochi", "Balochi", "BantuKenya", "BantuKenya", "BantuKenya", "BantuKenya", "BantuKenya", "BantuKenya", "BantuSouthAfrica", "BantuSouthAfrica", "BantuSouthAfrica", "BantuSouthAfrica", "Basque", "Basque", "Basque", "Basque", "Basque", "Basque", "Bedouin", "Bedouin", "Bedouin", "Bedouin", "BiakaPygmy", "BiakaPygmy", "BiakaPygmy", "Burusho", "Burusho", "Burusho", "Cambodian", "Cambodian", "Cambodian", "Cambodian", "Colombian", "Colombian", "Colombian", "Colombian", "Colombian", "Daur", "Daur", "Daur", "Daur", "Druze", "Druze", "Druze", "Druze", "Druze", "Kalash", "Kalash", "Kalash", "Lahu", "Lahu", "Lahu", "Lahu", "Mandenka", "Mandenka", "Maya", "Maya", "MbutiPygmy", "Melanesian", "Melanesian", "Mongola", "Mozabite", "Palestinian", "Papuan", "Papuan", "Pima", "Uygur", "Yakut"],
  "targets": ["Balochi", "Bedouin", "Burusho", "Kalash", "Palestinian", "Russian", "Yi", "Bedouin", "Druze", "Kalash", "Mongola", "BiakaPygmy", "Mandenka", "MbutiPygmy", "Mozabite", "San", "Yoruba", "Mandenka", "MbutiPygmy", "Melanesian", "Yoruba", "Burusho", "Colombian", "Melanesian", "Mozabite", "Russian", "Uygur", "Druze", "Mozabite", "Palestinian", "Papuan", "MbutiPygmy", "San", "Yoruba", "Melanesian", "Uygur", "Yi", "Daur", "Lahu", "Mongola", "Yi", "Maya", "Mongola", "Papuan", "Pima", "Russian", "Druze", "Maya", "Mongola", "Yi", "Kalash", "Mongola", "Mozabite", "Palestinian", "Russian", "Mozabite", "Palestinian", "Uygur", "Maya", "Melanesian", "Mongola", "Yi", "Mozabite", "Yoruba", "Pima", "Uygur", "San", "Papuan", "Russian", "Yakut", "Palestinian", "Uygur", "Pima", "Yakut", "Russian", "Yakut", "Yi"],
  "weights": [2.5297, 2.3175, 2.2556, 3.0869, 2.1419, 3.2329, 4.1472, 2.2603, 2.1183, 3.0703, 2.5137, 4.2273, 3.0109, 3.8586, 4.2113, 4.0844, 3.0501, 3.89, 6.3695, 7.555, 4.9623, 5.0858, 5.1955, 5.6189, 4.1539, 4.3526, 3.9662, 2.2146, 2.1773, 1.9353, 4.0012, 4.0415, 5.3489, 4.3732, 4.6998, 2.5487, 3.6067, 2.7297, 2.22, 2.474, 2.2952, 3.2738, 3.972, 6.2831, 3.6978, 4.3547, 2.9909, 2.6001, 2.0823, 2.7858, 3.9616, 2.5977, 2.7559, 2.4099, 3.1481, 3.4892, 2.9256, 2.9695, 3.2601, 5.2702, 2.768, 3.0236, 4.0492, 2.736, 2.7894, 2.7267, 4.6095, 4.2118, 5.3822, 2.2804, 2.5797, 2.5624, 4.6068, 3.9687, 4.9067, 2.2652, 2.6724],
  "loci": ["rs6431894", "rs2349683", "rs6431908", "rs1524479", "rs10190732", "rs16863630", "rs6734151", "rs6431917", "rs4668565", "rs2349682", "rs11677035", "rs10929518", "rs10929519", "rs1404257", "rs1524490", "rs700952", "rs10170790", "rs6720039", "rs792065", "rs10210998", "rs792102", "rs792111", "rs6431957", "rs1722373", "rs1524483", "rs17291890", "rs10495519", "rs13006685", "rs792084", "rs16863770", "rs10495520", "rs4644991", "rs813779", "rs969768", "rs4668614", "rs792071", "rs792068", "rs10929583", "rs792041", "rs10194520"]
}
