{
  "id": "EdgeSet0861",
  "sources": ["Adygei", "Adygei", "Adygei", "Adygei", "Adygei", "Adygei", "Balochi", "Balochi", "Balochi", "Balochi", "Balochi", "Balochi", "Balochi", "BantuKenya", "BantuKenya", "BantuKenya", "BantuKenya", "BantuSouthAfrica", "BantuSouthAfrica", "BantuSouthAfrica", "Basque", "Basque", "Basque", "Basque", "Bedouin", "Bedouin", "Bedouin", "Bedouin", "BiakaPygmy", "BiakaPygmy", "BiakaPygmy", "Burusho", "Burusho", "Burusho", "Burusho", "Cambodian", "Cambodian", "Cambodian", "Cambodian", "Cambodian", "Cambodian", "Colombian", "Colombian", "Colombian", "Colombian", "Colombian", "Colombian", "Daur", "Daur", "Daur", "Daur", "Druze", "Druze", "Kalash", "Kalash", "Lahu", "Lahu", "Mandenka", "Mandenka", "Maya", "MbutiPygmy", "Melanesian", "Melanesian", "Melanesian", "Mongola", "Mongola", "Mongola", "Mozabite", "Mozabite", "Mozabite", "Palestinian", "Papuan", "Pima", "Uygur"],
  "targets": ["Bedouin", "Burusho", "Daur", "Druze", "Mongola", "Papuan", "Basque", "Druze", "Maya", "Melanesian", "Mozabite", "Palestinian", "Russian", "BantuSouthAfrica", "BiakaPygmy", "Mandenka", "Yoruba", "Bedouin", "Mandenka", "Yoruba", "Colombian", "Kalash", "Mozabite", "Russian", "Kalash", "Mandenka", "Mozabite", "Palestinian", "MbutiPygmy", "San", "Yoruba", "Kalash", "Maya", "San", "Uygur", "Colombian", "Melanesian", "Mongola", "Palestinian", "Yakut", "Yi", "Druze", "Kalash", "Maya", "Mozabite", "Pima", "Russian", "Mongola", "Palestinian", "Papuan", "Yi", "Mozabite", "Palestinian", "Maya", "Palestinian", "Pima", "Yi", "San", "Yoruba", "Pima", "San", "Papuan", "Uygur", "Yakut", "Papuan", "Uygur", "Yi", "Pima", "Russian", "Yoruba", "Yakut", "San", "Russian", "Yakut"],
  "weights": [2.1115, 2.23, 2.4532, 1.8542, 2.3999, 4.1966, 1.4469, 1.5601, 1.7207, 2.8456, 1.6816, 1.7727, 1.7507, 2.9406, 4.8806, 3.3594, 3.4454, 3.4925, 3.3815, 3.0097, 2.0599, 1.6137, 1.7947, 1.0924, 1.6934, 3.1838, 1.5715, 1.4772, 8.3854, 9.2668, 4.7221, 1.4448, 2.6882, 9.7475, 1.6474, 2.93, 2.5684, 2.4765, 3.3678, 2.3319, 2.4643, 2.2586, 1.986, 1.4591, 2.8371, 3.4108, 2.7879, 1.7323, 2.4014, 3.6735, 2.251, 1.85, 1.7685, 1.6371, 1.5966, 2.3111, 1.1684, 8.9557, 3.4941, 2.3343, 9.9437, 3.465, 2.1617, 2.011, 3.5527, 1.7649, 1.9309, 3.0066, 1.9316, 4.0968, 2.1329, 11.1524, 3.1273, 1.7411],
  "loci": ["rs17022737", "rs10189536", "rs6547449", "rs1420761", "rs1156889", "rs10496278", "rs17022768", "rs6720134", "rs11885633", "rs13425508", "rs1441053", "rs17022928", "rs17023054", "rs17023057", "rs1465901", "rs2902404", "rs963064", "rs7422295", "rs17023225", "rs17023245", "rs962033", "rs17314045", "rs6750287", "rs1019837", "rs1430282", "rs1430283", "rs985697", "rs985698", "rs7600315", "rs12619752", "rs6547460", "rs6547463", "rs12463782", "rs7587984", "rs6547466", "rs7420983", "rs6547469", "rs12622959", "rs11126906", "rs10187267"]
}
