{
  "id": "EdgeSet0688",
  "sources": ["Adygei", "Adygei", "Adygei", "Adygei", "Adygei", "Adygei", "Adygei", "Balochi", "Balochi", "Balochi", "Balochi", "Balochi", "Balochi", "BantuKenya", "BantuKenya", "BantuKenya", "BantuKenya", "BantuSouthAfrica", "BantuSouthAfrica", "BantuSouthAfrica", "Basque", "Basque", "Basque", "Basque", "Basque", "Basque", "Bedouin", "Bedouin", "Bedouin", "Bedouin", "BiakaPygmy", "BiakaPygmy", "BiakaPygmy", "BiakaPygmy", "BiakaPygmy", "Burusho", "Burusho", "Cambodian", "Cambodian", "Cambodian", "Cambodian", "Colombian", "Colombian", "Colombian", "Daur", "Daur", "Daur", "Daur", "Daur", "Druze", "Druze", "Kalash", "Kalash", "Kalash", "Kalash", "Lahu", "Lahu", "Lahu", "Lahu", "Mandenka", "Mandenka", "Maya", "Maya", "MbutiPygmy", "Melanesian", "Melanesian", "Melanesian", "Mongola", "Mongola", "Mozabite", "Palestinian", "Pima", "San"],
  "targets": ["Balochi", "Basque", "Bedouin", "Colombian", "Palestinian", "Russian", "Uygur", "Bedouin", "Burusho", "Kalash", "Mozabite", "Russian", "Uygur", "BantuSouthAfrica", "BiakaPygmy", "San", "Yoruba", "BiakaPygmy", "Mandenka", "Yoruba", "Bedouin", "Druze", "Melanesian", "Palestinian", "Papuan", "Russian", "Burusho", "Druze", "Kalash", "Mozabite", "Burusho", "Lahu", "Mandenka", "MbutiPygmy", "San", "Lahu", "Mozabite", "Daur", "Lahu", "Yakut", "Yi", "Lahu", "Maya", "Uygur", "Lahu", "Mongola", "Uygur", "Yakut", "Yi", "Palestinian", "Russian", "MbutiPygmy", "Russian", "Yakut", "Yi", "Papuan", "Uygur", "Yakut", "Yi", "MbutiPygmy", "Yoruba", "Mongola", "Pima", "San", "Papuan", "Uygur", "Yi", "Uygur", "Yakut", "Palestinian", "Russian", "San", "Yakut"],
  "weights": [2.6851, 2.7344, 2.325, 3.3859, 2.0959, 2.0148, 2.4796, 2.1415, 2.3709, 2.5713, 2.4148, 2.0271, 2.274, 4.3604, 3.9215, 4.7314, 3.9129, 4.1906, 3.8022, 3.2273, 3.3775, 2.5225, 4.0091, 2.4968, 3.7753, 2.2259, 2.0677, 1.8726, 2.5919, 1.9757, 5.0963, 5.2634, 4.4481, 5.8572, 4.9335, 3.7935, 2.6334, 2.1559, 3.2249, 2.673, 2.8396, 3.2474, 2.0738, 2.9125, 3.4139, 2.108, 2.3052, 2.7363, 2.6962, 1.8028, 1.6961, 7.5523, 2.5136, 3.7096, 3.7378, 4.1818, 3.5935, 4.6169, 3.7548, 6.0218, 2.9302, 3.2771, 2.1043, 6.4592, 2.9537, 3.551, 4.538, 2.2911, 2.2566, 1.9767, 1.8708, 5.815, 5.1163],
  "loci": ["rs1457452", "rs11682811", "rs7574634", "rs6546171", "rs17030604", "rs1819852", "rs2860850", "rs13397571", "rs7576393", "rs1477054", "rs2901788", "rs1544694", "rs10199074", "rs9678488", "rs9678380", "rs1019365", "rs4671681", "rs11891634", "rs17030656", "rs4671682", "rs17030660", "rs11884872", "rs17030670", "rs6546174", "rs4671683", "rs12713544", "rs17628647", "rs10490617", "rs7580807", "rs17030693", "rs13407769", "rs2111464", "rs3856523", "rs6760165", "rs2287282", "rs3845820", "rs6546177", "rs2009778", "rs10188282", "rs4671140"]
}
