{
  "id": "EdgeSet0915",
  "sources": ["Adygei", "Adygei", "Adygei", "Adygei", "Adygei", "Adygei", "Adygei", "Adygei", "Balochi", "Balochi", "Balochi", "Balochi", "Balochi", "BantuKenya", "BantuKenya", "BantuKenya", "BantuKenya", "BantuKenya", "BantuSouthAfrica", "BantuSouthAfrica", "BantuSouthAfrica", "BantuSouthAfrica", "Basque", "Basque", "Basque", "Basque", "Basque", "Bedouin", "Bedouin", "Bedouin", "Bedouin", "Bedouin", "BiakaPygmy", "BiakaPygmy", "BiakaPygmy", "Burusho", "Burusho", "Burusho", "Burusho", "Cambodian", "Cambodian", "Cambodian", "Colombian", "Colombian", "Colombian", "Colombian", "Colombian", "Colombian", "Daur", "Daur", "Daur", "Daur", "Daur", "Druze", "Druze", "Kalash", "Kalash", "Lahu", "Lahu", "Lahu", "Lahu", "Mandenka", "Mandenka", "Maya", "Maya", "MbutiPygmy", "MbutiPygmy", "MbutiPygmy", "Melanesian", "Melanesian", "Mongola", "Mongola", "Mozabite", "Mozabite", "Palestinian", "Papuan", "Papuan", "Papuan", "Pima", "Pima", "Russian"],
  "targets": ["Basque", "Druze", "Maya", "Mozabite", "Palestinian", "Pima", "Russian", "Yi", "Burusho", "Cambodian", "Druze", "Kalash", "Palestinian", "BiakaPygmy", "Lahu", "Mandenka", "MbutiPygmy", "Yoruba", "BiakaPygmy", "MbutiPygmy", "San", "Yoruba", "Bedouin", "Burusho", "Kalash", "Russian", "Uygur", "Druze", "Melanesian", "Mongola", "Mozabite", "Palestinian", "MbutiPygmy", "San", "Yoruba", "Cambodian", "Daur", "Kalash", "Papuan", "Lahu", "Melanesian", "Papuan", "Daur", "Maya", "Papuan", "Pima", "Yakut", "Yi", "Lahu", "Mongola", "Uygur", "Yakut", "Yi", "Mozabite", "Palestinian", "Mongola", "Mozabite", "Maya", "Mongola", "Russian", "Yi", "San", "Yoruba", "Pima", "Yakut", "Melanesian", "San", "Yoruba", "Papuan", "Russian", "Uygur", "Yi", "Russian", "Yakut", "Uygur", "San", "Uygur", "Yi", "San", "Yakut", "Uygur"],
  "weights": [2.7355, 2.2686, 3.5462, 2.5487, 2.264, 4.8626, 2.7687, 3.8192, 2.4683, 2.475, 1.3763, 2.1898, 1.7157, 5.3426, 5.3209, 3.2462, 5.0547, 3.7408, 5.3454, 5.4436, 8.3263, 3.6673, 2.2315, 2.8311, 2.7678, 2.768, 2.7587, 1.3559, 3.1656, 3.4994, 1.6562, 1.4488, 5.873, 7.8804, 5.1425, 2.8262, 3.0099, 2.8036, 3.7592, 2.3213, 3.4757, 3.4645, 4.7325, 3.9987, 6.0419, 4.5644, 4.1272, 5.0602, 2.9084, 2.7174, 3.0524, 2.6743, 2.9083, 1.8747, 1.5492, 3.276, 2.1264, 4.7014, 3.0416, 3.1879, 2.6149, 7.7602, 2.6423, 2.8607, 2.8879, 6.6349, 8.5487, 5.1182, 3.9099, 4.7294, 3.1441, 3.0963, 2.7141, 2.5207, 2.3016, 9.0234, 3.908, 3.6095, 10.3381, 3.9907, 2.7964],
  "loci": ["rs6707827", "rs2309586", "rs6746402", "rs4850905", "rs10206082", "rs4851212", "rs3792119", "rs10179116", "rs3828312", "rs1047265", "rs3792128", "rs3792133", "rs4568000", "rs12616127", "rs12620982", "rs12470522", "rs4850907", "rs4851218", "rs17022809", "rs17782474", "rs7583638", "rs7578108", "rs9679481", "rs4384839", "rs6710594", "rs7561009", "rs10189976", "rs882855", "rs17022905", "rs6708267", "rs6542889", "rs7601137", "rs6744510", "rs6751316", "rs2309690", "rs6721652", "rs940458", "rs17023082", "rs6542892", "rs6746134"]
}
