{
  "id": "EdgeSet0657",
  "sources": ["Adygei", "Adygei", "Adygei", "Adygei", "Adygei", "Balochi", "Balochi", "Balochi", "Balochi", "Balochi", "BantuKenya", "BantuKenya", "BantuKenya", "BantuKenya", "BantuSouthAfrica", "BantuSouthAfrica", "BantuSouthAfrica", "Basque", "Basque", "Basque", "Basque", "Bedouin", "Bedouin", "Bedouin", "Bedouin", "Bedouin", "BiakaPygmy", "BiakaPygmy", "BiakaPygmy", "Burusho", "Burusho", "Burusho", "Cambodian", "Cambodian", "Cambodian", "Cambodian", "Cambodian", "Cambodian", "Cambodian", "Colombian", "Colombian", "Colombian", "Colombian", "Daur", "Daur", "Daur", "Daur", "Daur", "Daur", "Druze", "Druze", "Druze", "Druze", "Kalash", "Kalash", "Kalash", "Kalash", "Kalash", "Lahu", "Lahu", "Lahu", "Lahu", "Mandenka", "Mandenka", "Mandenka", "Maya", "Maya", "Maya", "MbutiPygmy", "Melanesian", "Melanesian", "Melanesian", "Melanesian", "Mongola", "Mozabite", "Mozabite", "Palestinian", "Papuan", "Pima", "Russian", "Yakut"],
  "targets": ["Balochi", "Basque", "Bedouin", "Burusho", "Druze", "Burusho", "Cambodian", "Kalash", "Maya", "Palestinian", "BiakaPygmy", "Burusho", "Mandenka", "Yoruba", "BiakaPygmy", "Mandenka", "San", "Palestinian", "Pima", "Russian", "Yakut", "Druze", "Mozabite", "Palestinian", "Papuan", "Uygur", "MbutiPygmy", "San", "Yoruba", "Druze", "Kalash", "Palestinian", "Daur", "Kalash", "Maya", "Mongola", "Pima", "San", "Yi", "Maya", "MbutiPygmy", "Mongola", "San", "Melanesian", "Mongola", "Papuan", "Uygur", "Yakut", "Yi", "Melanesian", "Mozabite", "Palestinian", "Yoruba", "Mongola", "Pima", "Uygur", "Yakut", "Yi", "Papuan", "Pima", "San", "Yi", "MbutiPygmy", "Mozabite", "Yoruba", "Melanesian", "Pima", "Yakut", "San", "Mongola", "Papuan", "Uygur", "Yi", "Yi", "Palestinian", "Russian", "Papuan", "Uygur", "Yakut", "Uygur", "Yi"],
  "weights": [1.7996, 2.3167, 1.8483, 1.6643, 2.0244, 2.214, 3.681, 2.9462, 3.0327, 2.3655, 4.6647, 4.6129, 3.7194, 3.3305, 4.054, 3.0166, 8.0938, 2.2929, 3.9424, 2.2277, 3.2344, 2.1685, 1.5454, 2.0325, 3.6934, 2.657, 4.9359, 8.1725, 4.117, 2.5347, 3.5309, 3.0913, 3.0297, 4.2622, 3.0962, 2.343, 3.2949, 11.0107, 2.866, 2.8932, 7.353, 3.8948, 10.7162, 2.4709, 2.051, 2.7011, 2.4721, 2.4672, 2.2469, 3.7962, 2.0111, 2.2498, 3.7003, 4.1486, 4.619, 3.2004, 2.9783, 3.446, 4.2286, 4.7914, 11.3303, 4.3831, 5.1092, 3.4883, 2.4731, 4.2252, 1.6153, 2.1731, 9.6352, 2.3868, 2.9232, 2.8622, 2.7641, 2.0652, 1.8126, 1.6487, 3.2498, 2.2884, 2.5256, 2.6429, 2.492],
  "loci": ["rs778139", "rs7597290", "rs6735330", "rs6545883", "rs11887205", "rs778757", "rs2518934", "rs2441381", "rs17010833", "rs12478959", "rs6545886", "rs7574631", "rs9679654", "rs6752673", "rs6545888", "rs4535028", "rs2421333", "rs748569", "rs4334480", "rs10195376", "rs12613627", "rs1345207", "rs6545895", "rs6545897", "rs4671408", "rs4233975", "rs13393399", "rs11690582", "rs1186828", "rs12468414", "rs13395905", "rs10174761", "rs1186889", "rs7598681", "rs1881612", "rs2421433", "rs1186839", "rs1186850", "rs1186857", "rs6738532"]
}
