{
  "id": "EdgeSet0266",
  "sources": ["Adygei", "Adygei", "Adygei", "Adygei", "Adygei", "Adygei", "Balochi", "Balochi", "Balochi", "Balochi", "BantuKenya", "BantuKenya", "BantuKenya", "BantuKenya", "BantuKenya", "BantuSouthAfrica", "BantuSouthAfrica", "BantuSouthAfrica", "BantuSouthAfrica", "Basque", "Basque", "Basque", "Basque", "Basque", "Bedouin", "Bedouin", "Bedouin", "Bedouin", "BiakaPygmy", "BiakaPygmy", "BiakaPygmy", "BiakaPygmy", "Burusho", "Burusho", "Burusho", "Burusho", "Cambodian", "Cambodian", "Cambodian", "Cambodian", "Cambodian", "Colombian", "Colombian", "Colombian", "Colombian", "Colombian", "Daur", "Daur", "Daur", "Daur", "Daur", "Druze", "Druze", "Kalash", "Kalash", "Kalash", "Lahu", "Lahu", "Mandenka", "Mandenka", "Mandenka", "Maya", "Maya", "Maya", "Maya", "MbutiPygmy", "Melanesian", "Mongola", "Mongola", "Mozabite", "Palestinian", "Pima", "Russian", "Uygur", "Yakut"],
  "targets": ["Balochi", "Druze", "Mozabite", "Palestinian", "Russian", "Yoruba", "Bedouin", "Burusho", "Kalash", "Russian", "BantuSouthAfrica", "Melanesian", "Mozabite", "San", "Yoruba", "Mandenka", "MbutiPygmy", "San", "Yoruba", "Bedouin", "Druze", "Kalash", "Russian", "Uygur", "Druze", "Kalash", "Mozabite", "Palestinian", "Mandenka", "MbutiPygmy", "San", "Yoruba", "Cambodian", "Mandenka", "MbutiPygmy", "Melanesian", "Daur", "Lahu", "Melanesian", "Mongola", "Uygur", "Daur", "Lahu", "Maya", "Papuan", "Yi", "Lahu", "Mongola", "Pima", "Yakut", "Yi", "Palestinian", "Russian", "Mozabite", "Russian", "Uygur", "Mongola", "Pima", "MbutiPygmy", "Mozabite", "Yoruba", "Mongola", "Pima", "Uygur", "Yakut", "Yi", "Papuan", "Pima", "Yakut", "Palestinian", "Russian", "Yi", "Uygur", "Yakut", "Yi"],
  "weights": [2.3555, 2.4404, 2.5407, 2.4072, 2.384, 4.7154, 2.3358, 3.0875, 2.6366, 2.401, 4.2523, 6.4938, 4.2435, 5.7111, 4.7687, 3.6109, 7.1477, 4.907, 4.4129, 2.7056, 2.1705, 3.0285, 2.5089, 3.5048, 1.9982, 2.463, 2.1472, 2.409, 4.7209, 6.467, 6.9202, 5.1203, 5.1067, 4.2655, 7.34, 5.289, 2.0292, 1.8512, 5.2712, 1.7874, 2.8522, 1.8079, 1.6878, 1.481, 4.3732, 1.988, 1.3183, 1.5623, 1.731, 1.6578, 1.6509, 2.1328, 1.8829, 2.6333, 2.6538, 3.5451, 1.5632, 1.415, 6.5305, 2.5451, 3.9738, 1.463, 1.846, 2.2447, 1.2951, 9.3434, 2.8537, 1.5933, 1.3409, 2.4914, 2.3264, 2.0871, 3.3204, 2.1384, 1.6191],
  "loci": ["rs6760135", "rs11897276", "rs3845680", "rs10469884", "rs3856394", "rs2138390", "rs6735685", "rs6732186", "rs6731972", "rs17047211", "rs12994424", "rs7603456", "rs7607198", "rs7563440", "rs6734278", "rs6706373", "rs12990137", "rs1992300", "rs10193558", "rs4665809", "rs13388915", "rs11677219", "rs2053367", "rs6546744", "rs2289021", "rs13383267", "rs1025542", "rs7564397", "rs4665830", "rs1019972", "rs3791731", "rs4665315", "rs17593512", "rs1122972", "rs962217", "rs10177371", "rs11685458", "rs6745226", "rs3792006", "rs6546899"]
}
