{
  "id": "EdgeSet0436",
  "sources": ["Adygei", "Adygei", "Adygei", "Adygei", "Adygei", "Adygei", "Balochi", "Balochi", "Balochi", "Balochi", "Balochi", "Balochi", "Balochi", "BantuKenya", "BantuKenya", "BantuKenya", "BantuKenya", "BantuKenya", "BantuSouthAfrica", "BantuSouthAfrica", "BantuSouthAfrica", "BantuSouthAfrica", "BantuSouthAfrica", "Basque", "Basque", "Basque", "Basque", "Bedouin", "Bedouin", "Bedouin", "Bedouin", "BiakaPygmy", "BiakaPygmy", "BiakaPygmy", "BiakaPygmy", "Burusho", "Burusho", "Burusho", "Burusho", "Cambodian", "Cambodian", "Cambodian", "Cambodian", "Colombian", "Colombian", "Daur", "Daur", "Daur", "Daur", "Daur", "Daur", "Daur", "Druze", "Druze", "Kalash", "Kalash", "Kalash", "Kalash", "Lahu", "Lahu", "Mandenka", "Mandenka", "Maya", "Maya", "MbutiPygmy", "Melanesian", "Melanesian", "Mongola", "Mongola", "Mozabite", "Mozabite", "Palestinian", "Papuan", "Uygur", "Yakut"],
  "targets": ["Balochi", "Burusho", "Druze", "Lahu", "Palestinian", "Russian", "Basque", "Bedouin", "Cambodian", "Druze", "Kalash", "Palestinian", "Pima", "BantuSouthAfrica", "BiakaPygmy", "Mandenka", "San", "Yoruba", "BiakaPygmy", "Mandenka", "MbutiPygmy", "San", "Yoruba", "Burusho", "Druze", "Russian", "Uygur", "Druze", "Mozabite", "Palestinian", "Russian", "Burusho", "Mandenka", "MbutiPygmy", "Yoruba", "Daur", "Mongola", "Mozabite", "Palestinian", "Druze", "Papuan", "Uygur", "Yi", "Maya", "Pima", "Druze", "Kalash", "Lahu", "Mongola", "Pima", "Yakut", "Yi", "Lahu", "Mozabite", "Lahu", "Melanesian", "Pima", "Uygur", "Palestinian", "Uygur", "San", "Yoruba", "Melanesian", "Pima", "San", "Papuan", "Yakut", "Russian", "Yakut", "Palestinian", "Russian", "Uygur", "San", "Yi", "Yi"],
  "weights": [2.448, 2.3254, 2.0314, 2.8021, 1.8907, 2.7414, 3.0631, 2.4363, 3.1459, 2.4379, 3.5949, 2.2433, 5.4498, 4.2687, 4.6814, 3.7532, 7.459, 3.6379, 4.1654, 4.1655, 3.9467, 6.5056, 3.8023, 2.7471, 2.8643, 2.3717, 3.0008, 1.9983, 1.9483, 1.8283, 1.9742, 6.4439, 4.5762, 4.0939, 4.3158, 3.2617, 4.5613, 2.42, 2.1535, 3.5608, 5.4667, 2.8178, 2.6536, 2.7507, 3.9977, 4.3569, 3.2393, 3.0436, 3.3535, 4.255, 2.6406, 2.4744, 2.8853, 1.9399, 3.8829, 4.0002, 4.2669, 3.2096, 2.5786, 2.4619, 7.3405, 2.7268, 4.6437, 3.5896, 6.2157, 2.694, 3.9366, 4.3419, 2.2172, 1.8682, 2.2657, 2.4168, 9.0821, 2.7941, 2.3771],
  "loci": ["rs13419919", "rs17773172", "rs17029060", "rs2276697", "rs2276698", "rs11885000", "rs4952548", "rs7602635", "rs7556683", "rs6706641", "rs10177734", "rs10180209", "rs11686998", "rs13016815", "rs4952555", "rs4952561", "rs12617564", "rs13424176", "rs10205005", "rs10184755", "rs11124858", "rs13384438", "rs11898187", "rs729559", "rs4952590", "rs988958", "rs1440099", "rs6737623", "rs10203720", "rs6748687", "rs893811", "rs13005683", "rs10153941", "rs6713393", "rs2466001", "rs2439203", "rs1866670", "rs2719149", "rs2719150", "rs10454141"]
}
