{
  "id": "EdgeSet0883",
  "sources": ["Adygei", "Adygei", "Adygei", "Adygei", "Balochi", "Balochi", "Balochi", "Balochi", "BantuKenya", "BantuKenya", "BantuKenya", "BantuKenya", "BantuSouthAfrica", "BantuSouthAfrica", "BantuSouthAfrica", "BantuSouthAfrica", "Basque", "Basque", "Basque", "Bedouin", "Bedouin", "Bedouin", "Bedouin", "BiakaPygmy", "BiakaPygmy", "BiakaPygmy", "BiakaPygmy", "Burusho", "Burusho", "Burusho", "Cambodian", "Cambodian", "Cambodian", "Cambodian", "Cambodian", "Colombian", "Colombian", "Colombian", "Colombian", "Colombian", "Daur", "Daur", "Daur", "Druze", "Kalash", "Lahu", "Lahu", "Lahu", "Lahu", "Mandenka", "Mandenka", "Maya", "Maya", "MbutiPygmy", "Melanesian", "Mozabite", "Mozabite", "Palestinian", "Papuan", "Papuan", "Pima", "Uygur"],
  "targets": ["Balochi", "Burusho", "Druze", "Uygur", "BantuKenya", "Druze", "Kalash", "Mozabite", "BantuSouthAfrica", "MbutiPygmy", "San", "Yoruba", "Bedouin", "Mandenka", "MbutiPygmy", "Yoruba", "Druze", "Melanesian", "Mozabite", "Druze", "Mozabite", "Palestinian", "Russian", "Mandenka", "MbutiPygmy", "San", "Yoruba", "Mongola", "Palestinian", "Yi", "Lahu", "Papuan", "Uygur", "Yakut", "Yi", "Daur", "Maya", "Pima", "Yakut", "Yi", "Lahu", "Mongola", "Yakut", "Palestinian", "Russian", "Mongola", "Russian", "Yakut", "Yi", "San", "Yoruba", "Palestinian", "Pima", "San", "Papuan", "Papuan", "Russian", "Uygur", "San", "Yi", "Yakut", "Yakut"],
  "weights": [2.3788, 2.4575, 1.9752, 1.8813, 5.0803, 1.6954, 2.5473, 2.8042, 3.055, 5.3158, 6.5958, 3.3947, 5.2249, 3.2434, 5.0735, 2.8571, 2.8261, 4.1601, 2.9778, 1.5868, 2.6348, 2.0649, 2.8813, 4.9565, 5.3567, 8.2023, 4.6687, 4.6414, 2.9461, 3.7447, 3.9187, 4.2605, 2.1053, 2.756, 3.5993, 3.4695, 2.1444, 2.2897, 2.9274, 5.0844, 4.0466, 4.9168, 2.0764, 1.8304, 3.6702, 5.2998, 4.166, 4.0005, 4.3429, 7.3036, 2.4937, 2.786, 1.2652, 8.6232, 3.1989, 5.5161, 3.4969, 2.2135, 9.4367, 5.0008, 1.6957, 2.242],
  "loci": ["rs10445963", "rs6753123", "rs1518987", "rs2049015", "rs11127000", "rs2366946", "rs1000374", "rs13020072", "rs1518990", "rs3731824", "rs1533605", "rs3810821", "rs11681915", "rs2030275", "rs12622987", "rs4832217", "rs1878898", "rs1401383", "rs7593080", "rs13401298", "rs11691934", "rs11689401", "rs1370699", "rs735738", "rs893443", "rs1866242", "rs1561330", "rs1469981", "rs10173155", "rs3770090", "rs2289239", "rs10153790", "rs2288112", "rs311572", "rs311579", "rs929916", "rs12328100", "rs17584578", "rs2288118", "rs1991106"]
}
