{
  "id": "EdgeSet0610",
  "sources": ["Adygei", "Adygei", "Adygei", "Adygei", "Adygei", "Adygei", "Balochi", "Balochi", "Balochi", "Balochi", "Balochi", "BantuKenya", "BantuKenya", "BantuKenya", "BantuKenya", "BantuKenya", "BantuKenya", "BantuSouthAfrica", "BantuSouthAfrica", "BantuSouthAfrica", "BantuSouthAfrica", "Basque", "Basque", "Basque", "Basque", "Bedouin", "BiakaPygmy", "Burusho", "Burusho", "Burusho", "Cambodian", "Cambodian", "Cambodian", "Cambodian", "Colombian", "Colombian", "Colombian", "Daur", "Daur", "Daur", "Daur", "Druze", "Druze", "Druze", "Kalash", "Lahu", "Lahu", "Lahu", "Lahu", "Mandenka", "Mandenka", "Maya", "MbutiPygmy", "MbutiPygmy", "Melanesian", "Melanesian", "Melanesian", "Mongola", "Mongola", "Mongola", "Mongola", "Mozabite", "Mozabite", "Palestinian", "Papuan", "Papuan", "Pima", "Uygur", "Yakut"],
  "targets": ["Balochi", "Druze", "Kalash", "Palestinian", "Russian", "Yi", "Bedouin", "Druze", "Maya", "Melanesian", "Russian", "BiakaPygmy", "Kalash", "Mandenka", "Palestinian", "Russian", "Yoruba", "BiakaPygmy", "MbutiPygmy", "San", "Yoruba", "Burusho", "Druze", "Papuan", "Russian", "Palestinian", "MbutiPygmy", "Lahu", "Melanesian", "Mongola", "Daur", "Druze", "Lahu", "Mongola", "Maya", "Pima", "Yakut", "Mongola", "Papuan", "Uygur", "Yi", "Kalash", "Mozabite", "Yi", "Palestinian", "Maya", "Melanesian", "Mongola", "Yi", "MbutiPygmy", "Yoruba", "Pima", "San", "Yoruba", "Papuan", "San", "Uygur", "Papuan", "San", "Yakut", "Yi", "Palestinian", "Yi", "Yakut", "Uygur", "Yi", "Uygur", "Yakut", "Yi"],
  "weights": [1.8856, 2.0106, 2.5362, 2.1868, 2.2001, 3.4067, 2.0723, 1.9699, 3.215, 4.957, 2.0891, 4.6443, 5.0047, 3.358, 4.4498, 4.5191, 3.7866, 5.5874, 4.466, 8.2418, 3.3792, 2.9416, 2.8457, 3.9956, 2.8373, 1.7548, 5.0724, 3.8509, 5.1358, 3.8605, 1.9815, 2.2291, 1.939, 2.2769, 2.5195, 3.2497, 2.9074, 2.1474, 3.0095, 1.9573, 3.3351, 2.6787, 2.1232, 2.7093, 2.8686, 3.7, 4.121, 2.6539, 2.4754, 4.1809, 2.3127, 2.7177, 9.6527, 4.1836, 3.8073, 10.8765, 3.7899, 3.7172, 9.9175, 3.8037, 3.3828, 2.1927, 2.9964, 2.5846, 3.3375, 4.6283, 3.7637, 2.535, 2.8967],
  "loci": ["rs7594008", "rs12613794", "rs9967877", "rs6756156", "rs4140787", "rs2193476", "rs2869526", "rs17190086", "rs1030090", "rs2216325", "rs6733298", "rs1160648", "rs1160647", "rs6545561", "rs17047642", "rs12713315", "rs2869528", "rs888279", "rs17047655", "rs7568979", "rs985792", "rs969302", "rs7602551", "rs12613716", "rs12623278", "rs11695736", "rs759615", "rs1468914", "rs4671277", "rs13016868", "rs214047", "rs214045", "rs1001471", "rs2111475", "rs214044", "rs7576924", "rs214042", "rs888281", "rs1549031", "rs7355411"]
}
