{
  "id": "EdgeSet0762",
  "sources": ["Adygei", "Adygei", "Adygei", "Adygei", "Adygei", "Adygei", "Adygei", "Balochi", "Balochi", "Balochi", "Balochi", "Balochi", "BantuKenya", "BantuKenya", "BantuKenya", "BantuKenya", "BantuSouthAfrica", "BantuSouthAfrica", "BantuSouthAfrica", "BantuSouthAfrica", "Basque", "Basque", "Basque", "Basque", "Bedouin", "Bedouin", "Bedouin", "BiakaPygmy", "BiakaPygmy", "BiakaPygmy", "Burusho", "Burusho", "Burusho", "Burusho", "Burusho", "Burusho", "Burusho", "Burusho", "Cambodian", "Cambodian", "Cambodian", "Cambodian", "Cambodian", "Colombian", "Colombian", "Colombian", "Colombian", "Colombian", "Daur", "Daur", "Druze", "Druze", "Kalash", "Kalash", "Kalash", "Kalash", "Lahu", "Lahu", "Lahu", "Mandenka", "Mandenka", "Maya", "Maya", "MbutiPygmy", "MbutiPygmy", "Melanesian", "Mongola", "Mongola", "Mozabite", "Palestinian", "Palestinian", "Uygur", "Yakut"],
  "targets": ["Basque", "Bedouin", "Cambodian", "Daur", "Kalash", "Papuan", "Russian", "Basque", "Bedouin", "Melanesian", "Mongola", "Palestinian", "BiakaPygmy", "Mandenka", "MbutiPygmy", "Yoruba", "BiakaPygmy", "Mandenka", "San", "Yoruba", "Bedouin", "Melanesian", "Russian", "Yakut", "Cambodian", "Druze", "Palestinian", "MbutiPygmy", "San", "Yoruba", "Daur", "Kalash", "Lahu", "Maya", "Melanesian", "Papuan", "Pima", "Uygur", "Daur", "Mongola", "Papuan", "Uygur", "Yi", "Lahu", "Maya", "Pima", "Russian", "San", "Lahu", "Yakut", "Kalash", "Palestinian", "Lahu", "Mozabite", "Russian", "Uygur", "Mongola", "Uygur", "Yi", "Mozabite", "Yoruba", "Pima", "Yakut", "Melanesian", "San", "Papuan", "Uygur", "Yi", "Russian", "Uygur", "Yi", "Yi", "Yi"],
  "weights": [1.7959, 1.4187, 1.9951, 2.8574, 1.9094, 4.0101, 2.1036, 2.2332, 2.1262, 3.275, 3.4947, 2.1158, 4.9054, 2.8901, 4.864, 3.2581, 5.9428, 5.0323, 11.5409, 4.5867, 1.741, 3.3972, 1.5295, 3.1126, 2.0112, 1.246, 1.3352, 6.2118, 11.2271, 4.6095, 3.4991, 2.5611, 3.8752, 3.1288, 3.5295, 2.278, 2.9974, 2.5374, 2.7721, 1.8733, 3.8407, 1.6528, 2.0224, 6.9404, 3.4228, 4.0556, 5.9517, 13.7173, 4.0734, 2.4038, 1.8373, 1.181, 3.6681, 2.9898, 2.2219, 2.2353, 2.8964, 2.5267, 2.8558, 4.3271, 2.827, 1.7056, 3.7561, 7.0261, 11.1852, 4.2682, 1.8089, 1.6118, 2.6736, 1.8784, 2.3614, 1.8654, 3.3017],
  "loci": ["rs585938", "rs2138683", "rs17560823", "rs10460572", "rs4852873", "rs7591303", "rs4852879", "rs13426691", "rs11126378", "rs1562361", "rs6713143", "rs11891034", "rs11902280", "rs13391151", "rs13008515", "rs6720889", "rs7593084", "rs7592155", "rs1508060", "rs6546786", "rs1567230", "rs2135985", "rs2421095", "rs7608304", "rs10185826", "rs10183113", "rs999494", "rs11682000", "rs11126387", "rs755409", "rs2164733", "rs17504249", "rs11692971", "rs893259", "rs17504810", "rs10496188", "rs7599245", "rs2421098", "rs13392698", "rs17008611"]
}
