{
  "id": "EdgeSet0190",
  "sources": ["Adygei", "Adygei", "Adygei", "Adygei", "Balochi", "Balochi", "Balochi", "Balochi", "Balochi", "BantuKenya", "BantuKenya", "BantuKenya", "BantuKenya", "BantuKenya", "BantuSouthAfrica", "BantuSouthAfrica", "BantuSouthAfrica", "BantuSouthAfrica", "Basque", "Basque", "Basque", "Bedouin", "Bedouin", "Bedouin", "BiakaPygmy", "BiakaPygmy", "BiakaPygmy", "BiakaPygmy", "Burusho", "Burusho", "Burusho", "Burusho", "Burusho", "Cambodian", "Cambodian", "Cambodian", "Cambodian", "Cambodian", "Cambodian", "Cambodian", "Colombian", "Colombian", "Colombian", "Colombian", "Colombian", "Daur", "Daur", "Daur", "Daur", "Druze", "Kalash", "Lahu", "Lahu", "Mandenka", "Mandenka", "Maya", "Maya", "Maya", "Maya", "MbutiPygmy", "MbutiPygmy", "Melanesian", "Melanesian", "Melanesian", "Mongola", "Mongola", "Mongola", "Mozabite", "Palestinian", "Papuan", "Papuan", "Pima", "Russian", "Uygur", "Uygur"],
  "targets": ["Basque", "Bedouin", "Druze", "Palestinian", "Druze", "Kalash", "Maya", "Palestinian", "Papuan", "BantuSouthAfrica", "BiakaPygmy", "Mandenka", "Palestinian", "Yoruba", "BiakaPygmy", "Mandenka", "San", "Yoruba", "Druze", "Mozabite", "Palestinian", "Druze", "Mozabite", "Palestinian", "Mandenka", "MbutiPygmy", "San", "Yoruba", "Kalash", "Mongola", "Mozabite", "Pima", "Uygur", "Daur", "Mongola", "Papuan", "Pima", "Russian", "Yakut", "Yi", "Daur", "Maya", "Pima", "Russian", "Uygur", "Lahu", "Mongola", "Papuan", "Yakut", "Russian", "Russian", "Melanesian", "Papuan", "MbutiPygmy", "Yoruba", "Melanesian", "Pima", "Yakut", "Yi", "San", "Yoruba", "Papuan", "Yakut", "Yi", "San", "Yakut", "Yi", "Russian", "Uygur", "Pima", "Yi", "Uygur", "Uygur", "Yakut", "Yi"],
  "weights": [2.2658, 1.9619, 2.0861, 2.2313, 2.6939, 3.1465, 4.862, 2.5404, 3.7053, 3.9718, 3.9496, 3.0157, 4.797, 3.4585, 3.9528, 3.2093, 7.2087, 3.6291, 2.0083, 3.1592, 2.0976, 1.6326, 2.8072, 1.8156, 3.597, 4.6594, 7.7201, 3.7543, 3.0595, 2.9243, 4.024, 2.4743, 2.4112, 1.8774, 2.466, 2.3257, 3.0392, 3.1158, 2.0137, 1.6039, 3.3431, 2.9025, 2.5477, 4.8531, 3.2076, 2.1283, 2.52, 2.2737, 2.2555, 2.6513, 2.8764, 1.8484, 2.3521, 4.8333, 2.5494, 1.2538, 1.8523, 2.2588, 1.8607, 8.3064, 4.5733, 1.8932, 1.8997, 1.5714, 10.0372, 2.6723, 2.2194, 3.3571, 3.3935, 2.2859, 1.8959, 2.2776, 2.4913, 2.3687, 2.1499],
  "loci": ["rs1949510", "rs13031455", "rs7559470", "rs13427646", "rs12478869", "rs2001674", "rs11683808", "rs11677051", "rs2710684", "rs2555099", "rs2710670", "rs1991315", "rs4578856", "rs7569749", "rs7560823", "rs1065381", "rs11693228", "rs1834619", "rs17381041", "rs7598718", "rs7556886", "rs1991314", "rs6761104", "rs300168", "rs300169", "rs750772", "rs17315736", "rs10164424", "rs1812706", "rs300159", "rs16983923", "rs1564010", "rs765396", "rs17315848", "rs963068", "rs1471344", "rs4832500", "rs12477585", "rs6531056", "rs9306859"]
}
