{
  "id": "EdgeSet0400",
  "sources": ["Adygei", "Adygei", "Adygei", "Adygei", "Balochi", "Balochi", "Balochi", "Balochi", "Balochi", "BantuKenya", "BantuKenya", "BantuKenya", "BantuKenya", "BantuKenya", "BantuSouthAfrica", "BantuSouthAfrica", "BantuSouthAfrica", "BantuSouthAfrica", "BantuSouthAfrica", "BantuSouthAfrica", "Basque", "Basque", "Basque", "Basque", "Basque", "Bedouin", "Bedouin", "Bedouin", "BiakaPygmy", "BiakaPygmy", "BiakaPygmy", "Burusho", "Burusho", "Burusho", "Burusho", "Burusho", "Burusho", "Cambodian", "Cambodian", "Colombian", "Colombian", "Colombian", "Colombian", "Colombian", "Daur", "Daur", "Daur", "Daur", "Druze", "Druze", "Druze", "Kalash", "Kalash", "Kalash", "Kalash", "Lahu", "Lahu", "Lahu", "Mandenka", "Mandenka", "Maya", "Maya", "Maya", "MbutiPygmy", "MbutiPygmy", "Melanesian", "Mongola", "Palestinian", "Palestinian", "Papuan", "Papuan", "Pima", "Russian", "Russian", "San", "Uygur", "Yakut"],
  "targets": ["Druze", "Mozabite", "Palestinian", "Russian", "Bedouin", "Druze", "Kalash", "Maya", "Palestinian", "BiakaPygmy", "Mandenka", "MbutiPygmy", "Mozabite", "Yoruba", "BiakaPygmy", "Cambodian", "Mandenka", "MbutiPygmy", "Mozabite", "Yoruba", "Burusho", "Mozabite", "Papuan", "Russian", "San", "Cambodian", "Palestinian", "Russian", "MbutiPygmy", "Melanesian", "San", "Cambodian", "Kalash", "Mongola", "Mozabite", "Palestinian", "Russian", "Daur", "Mongola", "Lahu", "Maya", "Papuan", "Pima", "San", "Lahu", "Mongola", "Pima", "Yi", "Kalash", "Mozabite", "Uygur", "Maya", "Mozabite", "San", "Yoruba", "Mongola", "Pima", "Yi", "MbutiPygmy", "Yoruba", "Mozabite", "Uygur", "Yakut", "Melanesian", "San", "Papuan", "Yi", "Russian", "Uygur", "San", "Uygur", "Yi", "Uygur", "Yakut", "Yoruba", "Yi", "Yi"],
  "weights": [2.0054, 2.4865, 1.7961, 1.819, 2.0776, 1.7361, 2.7708, 2.9707, 2.021, 4.1971, 3.857, 4.9258, 3.9784, 2.9053, 3.9582, 5.0134, 3.7784, 4.7968, 4.0351, 3.1748, 4.5422, 4.3803, 6.0899, 3.6434, 13.3485, 4.1528, 2.0035, 2.2813, 4.6741, 6.2872, 10.9736, 4.0195, 3.4493, 3.681, 3.45, 2.9833, 2.8146, 3.4308, 3.3979, 1.8132, 3.5547, 5.9929, 2.4953, 13.0615, 1.6098, 2.3296, 2.0674, 2.2174, 2.7082, 2.3623, 3.0622, 3.4624, 3.9809, 12.1399, 4.2364, 2.2115, 2.1074, 2.2315, 5.0468, 3.0223, 4.2515, 3.0477, 2.7241, 6.448, 11.2011, 5.3428, 1.8424, 1.998, 3.8604, 13.9892, 5.1876, 2.4063, 3.2852, 2.8114, 11.1838, 2.8867, 2.3402],
  "loci": ["rs6723404", "rs10175994", "rs714154", "rs3856501", "rs10201115", "rs7608905", "rs3845788", "rs3911040", "rs3845790", "rs4670838", "rs6544141", "rs4670248", "rs2084420", "rs13432312", "rs1550951", "rs20507", "rs1972974", "rs975316", "rs9789396", "rs7608217", "rs1375007", "rs1375009", "rs12468437", "rs6743640", "rs6715390", "rs1992881", "rs4670858", "rs1448124", "rs875653", "rs6544147", "rs11883614", "rs11894455", "rs1152", "rs17022549", "rs10202238", "rs6544157", "rs10198323", "rs11687138", "rs967940", "rs1979085"]
}
