{
  "id": "EdgeSet0256",
  "sources": ["Adygei", "Adygei", "Adygei", "Adygei", "Adygei", "Adygei", "Balochi", "Balochi", "Balochi", "Balochi", "Balochi", "BantuKenya", "BantuKenya", "BantuKenya", "BantuKenya", "BantuKenya", "BantuSouthAfrica", "BantuSouthAfrica", "BantuSouthAfrica", "BantuSouthAfrica", "Basque", "Basque", "Bedouin", "Bedouin", "Bedouin", "Bedouin", "BiakaPygmy", "BiakaPygmy", "BiakaPygmy", "Burusho", "Burusho", "Burusho", "Burusho", "Burusho", "Burusho", "Cambodian", "Cambodian", "Cambodian", "Colombian", "Colombian", "Colombian", "Daur", "Daur", "Daur", "Daur", "Daur", "Druze", "Kalash", "Kalash", "Lahu", "Lahu", "Lahu", "Lahu", "Mandenka", "Maya", "Maya", "Maya", "MbutiPygmy", "Mongola", "Mongola", "Mozabite", "Mozabite", "Papuan", "Pima", "Russian", "San", "Uygur"],
  "targets": ["Balochi", "Basque", "Bedouin", "Palestinian", "Russian", "Uygur", "Basque", "Druze", "Kalash", "Melanesian", "Mongola", "BantuSouthAfrica", "BiakaPygmy", "Mandenka", "MbutiPygmy", "Yoruba", "Burusho", "Mandenka", "MbutiPygmy", "Yoruba", "Druze", "Palestinian", "Druze", "Kalash", "Mozabite", "Palestinian", "MbutiPygmy", "San", "Yoruba", "Kalash", "Lahu", "Melanesian", "Mozabite", "Russian", "Yakut", "Melanesian", "San", "Yakut", "Maya", "Melanesian", "Pima", "Lahu", "Maya", "Mongola", "Yakut", "Yi", "Russian", "MbutiPygmy", "Yi", "Maya", "Mongola", "Papuan", "Yakut", "Yoruba", "Melanesian", "Papuan", "Russian", "San", "Yakut", "Yi", "Palestinian", "Yoruba", "Pima", "San", "Uygur", "Yi", "Yakut"],
  "weights": [2.3834, 2.1753, 1.6564, 1.7602, 1.6648, 2.6381, 2.1004, 2.7382, 3.2578, 4.3928, 3.2457, 4.2086, 4.1656, 3.2763, 5.7417, 3.4178, 6.9874, 3.7235, 5.8117, 3.391, 2.6257, 1.9432, 2.1978, 2.6793, 2.1702, 1.3644, 5.6008, 8.3129, 4.4189, 4.2583, 3.3198, 4.3606, 3.3403, 3.8841, 3.5548, 3.4947, 8.6081, 2.9285, 2.0991, 4.3347, 4.5697, 2.5114, 3.5074, 2.3718, 2.573, 2.7115, 2.6181, 6.9895, 4.5304, 3.8659, 2.3724, 2.9851, 2.2876, 2.3055, 3.6675, 2.2091, 3.8639, 9.0505, 2.6193, 2.4513, 2.2276, 4.129, 4.4058, 9.1177, 3.0962, 8.9833, 2.6751],
  "loci": ["rs11902184", "rs10865262", "rs10200481", "rs2080727", "rs6720131", "rs6754391", "rs11693860", "rs4665665", "rs2288072", "rs714532", "rs2288073", "rs2303291", "rs2303293", "rs2303296", "rs2551182", "rs7589373", "rs1559472", "rs4268898", "rs11680810", "rs17733015", "rs10495747", "rs7603997", "rs11125535", "rs2551122", "rs7577964", "rs2339980", "rs12470303", "rs7595372", "rs2702089", "rs2702050", "rs10189542", "rs1545257", "rs10865289", "rs2584922", "rs2702063", "rs11890919", "rs2584937", "rs10180416", "rs1031091", "rs1031089"]
}
