{
  "id": "EdgeSet0647",
  "sources": ["Adygei", "Adygei", "Adygei", "Adygei", "Adygei", "Balochi", "Balochi", "Balochi", "Balochi", "Balochi", "Balochi", "BantuKenya", "BantuKenya", "BantuKenya", "BantuKenya", "BantuKenya", "BantuSouthAfrica", "BantuSouthAfrica", "BantuSouthAfrica", "BantuSouthAfrica", "BantuSouthAfrica", "BantuSouthAfrica", "Basque", "Basque", "Basque", "Basque", "Bedouin", "Bedouin", "Bedouin", "Bedouin", "BiakaPygmy", "BiakaPygmy", "BiakaPygmy", "BiakaPygmy", "Burusho", "Burusho", "Cambodian", "Cambodian", "Cambodian", "Colombian", "Colombian", "Colombian", "Colombian", "Colombian", "Daur", "Daur", "Daur", "Daur", "Druze", "Druze", "Druze", "Kalash", "Kalash", "Kalash", "Kalash", "Lahu", "Lahu", "Mandenka", "Maya", "Maya", "Maya", "MbutiPygmy", "MbutiPygmy", "Melanesian", "Mongola", "Mongola", "Mongola", "Mozabite", "Papuan", "Pima", "Pima", "Russian", "San", "Uygur"],
  "targets": ["Burusho", "Druze", "Palestinian", "Papuan", "Russian", "BantuKenya", "Kalash", "Mozabite", "Papuan", "Uygur", "Yakut", "BantuSouthAfrica", "BiakaPygmy", "Mandenka", "MbutiPygmy", "Uygur", "BiakaPygmy", "Cambodian", "Mandenka", "MbutiPygmy", "Uygur", "Yoruba", "Druze", "Kalash", "Russian", "Yakut", "Maya", "Mozabite", "Palestinian", "Uygur", "Mandenka", "MbutiPygmy", "San", "Yoruba", "Cambodian", "Uygur", "Lahu", "Melanesian", "Yi", "Lahu", "Maya", "MbutiPygmy", "Papuan", "Pima", "Melanesian", "Mongola", "Yakut", "Yi", "Kalash", "Mozabite", "Palestinian", "Melanesian", "Mozabite", "Palestinian", "Yi", "Melanesian", "Papuan", "San", "Pima", "Yakut", "Yi", "San", "Yoruba", "Papuan", "San", "Yakut", "Yi", "Palestinian", "Uygur", "San", "Yi", "Uygur", "Yoruba", "Yakut"],
  "weights": [2.6567, 2.2974, 1.9287, 5.3519, 2.3405, 5.3767, 2.8452, 2.5444, 3.7354, 2.4273, 2.5326, 4.0488, 3.6357, 3.1893, 5.0663, 5.5062, 3.6523, 5.8044, 3.4772, 4.999, 5.9688, 3.5654, 2.9953, 3.2292, 2.4533, 3.9377, 3.5267, 1.9375, 1.9305, 2.7075, 3.148, 4.8791, 7.7559, 3.5378, 4.7663, 3.1063, 4.3157, 4.7316, 4.1129, 5.9177, 3.6969, 7.3864, 4.8811, 2.7408, 3.6822, 2.3893, 2.3089, 2.7, 2.3718, 2.2809, 1.9391, 4.937, 2.8184, 2.6321, 4.8953, 5.0496, 5.4268, 8.2031, 4.1649, 3.4107, 3.1067, 9.0561, 4.6551, 3.6598, 10.543, 2.9017, 3.084, 1.918, 4.1539, 11.6259, 4.5396, 3.134, 8.2246, 2.7033],
  "loci": ["rs6545797", "rs4672384", "rs4671387", "rs7597268", "rs876207", "rs17039727", "rs963261", "rs6545803", "rs11688740", "rs6750077", "rs7595905", "rs11125833", "rs1512226", "rs7567242", "rs1512227", "rs1512228", "rs13408761", "rs243083", "rs184838", "rs9309325", "rs7573683", "rs6716729", "rs243023", "rs243021", "rs243052", "rs243040", "rs4672388", "rs243035", "rs243034", "rs243027", "rs13027161", "rs243081", "rs243073", "rs243071", "rs243067", "rs9309326", "rs13028240", "rs11894442", "rs1861431", "rs8179712"]
}
