{
  "id": "EdgeSet0973",
  "sources": ["Adygei", "Adygei", "Adygei", "Adygei", "Adygei", "Balochi", "Balochi", "Balochi", "Balochi", "BantuKenya", "BantuKenya", "BantuKenya", "BantuKenya", "BantuKenya", "BantuSouthAfrica", "BantuSouthAfrica", "BantuSouthAfrica", "BantuSouthAfrica", "Basque", "Basque", "Basque", "Bedouin", "Bedouin", "Bedouin", "Bedouin", "Bedouin", "BiakaPygmy", "BiakaPygmy", "BiakaPygmy", "Burusho", "Burusho", "Burusho", "Burusho", "Burusho", "Burusho", "Burusho", "Cambodian", "Cambodian", "Cambodian", "Cambodian", "Colombian", "Colombian", "Colombian", "Colombian", "Colombian", "Colombian", "Daur", "Daur", "Daur", "Daur", "Daur", "Daur", "Druze", "Druze", "Druze", "Kalash", "Lahu", "Lahu", "Lahu", "Mandenka", "Maya", "Maya", "Maya", "Maya", "MbutiPygmy", "Melanesian", "Melanesian", "Mongola", "Mongola", "Mozabite", "Mozabite", "Palestinian", "Papuan", "Papuan", "Pima", "San", "San", "Uygur", "Uygur", "Yakut"],
  "targets": ["Bedouin", "Druze", "Kalash", "Lahu", "Russian", "Bedouin", "Mongola", "Palestinian", "Russian", "BantuSouthAfrica", "Mandenka", "MbutiPygmy", "San", "Yoruba", "BiakaPygmy", "Mandenka", "MbutiPygmy", "Mozabite", "Mozabite", "Pima", "Yakut", "Druze", "Mongola", "Mozabite", "Palestinian", "Yi", "Mandenka", "MbutiPygmy", "Yoruba", "Colombian", "Druze", "Kalash", "Lahu", "Maya", "MbutiPygmy", "Uygur", "Lahu", "Melanesian", "Papuan", "Yi", "Maya", "Melanesian", "Pima", "San", "Uygur", "Yakut", "Kalash", "Melanesian", "Mozabite", "Uygur", "Yakut", "Yi", "Lahu", "Palestinian", "Russian", "Russian", "Mongola", "Papuan", "Yoruba", "Yoruba", "Mongola", "Palestinian", "Pima", "Uygur", "San", "Papuan", "Pima", "Palestinian", "Yi", "Palestinian", "Yoruba", "Russian", "Pima", "Uygur", "San", "Uygur", "Yoruba", "Yakut", "Yi", "Yi"],
  "weights": [2.2145, 2.1302, 2.7213, 3.6944, 2.2449, 1.9876, 2.6773, 2.1327, 2.1005, 4.8846, 3.5912, 6.4694, 7.2942, 3.8698, 4.0794, 3.7043, 5.8198, 4.5301, 3.1805, 6.7134, 3.5872, 1.832, 2.6358, 2.485, 2.1031, 3.2327, 3.299, 4.2883, 3.0913, 6.6024, 3.3431, 3.7185, 4.6448, 5.0949, 7.323, 3.5903, 2.7688, 3.4935, 2.5512, 2.5302, 3.6774, 6.1607, 6.921, 8.5419, 5.529, 4.9934, 3.032, 3.7943, 3.0368, 2.5014, 2.0329, 2.404, 4.4391, 1.899, 2.1088, 2.9542, 3.0192, 3.7463, 4.8688, 2.2461, 4.3223, 3.8928, 7.074, 4.341, 7.7497, 3.7638, 6.3582, 2.8022, 2.1556, 2.834, 3.5621, 1.8012, 6.5101, 3.2732, 10.4061, 8.1908, 6.6692, 2.3217, 2.6588, 2.6632],
  "loci": ["rs7588033", "rs9646959", "rs2047699", "rs12464067", "rs1367406", "rs12995333", "rs4851870", "rs1465639", "rs2163350", "rs7589561", "rs2377339", "rs2163349", "rs6543342", "rs10180659", "rs3769504", "rs3769503", "rs3754806", "rs879900", "rs6740343", "rs6731173", "rs1477514", "rs1477516", "rs11895604", "rs6736352", "rs2098836", "rs17721404", "rs10490696", "rs2889606", "rs17665024", "rs4851100", "rs10490697", "rs3926405", "rs1079039", "rs2567195", "rs17032053", "rs4851887", "rs4851101", "rs7605126", "rs7605392", "rs7609295"]
}
