{
  "id": "EdgeSet0830",
  "sources": ["Adygei", "Adygei", "Adygei", "Adygei", "Adygei", "Adygei", "Balochi", "Balochi", "Balochi", "Balochi", "Balochi", "Balochi", "BantuKenya", "BantuKenya", "BantuKenya", "BantuKenya", "BantuKenya", "BantuSouthAfrica", "BantuSouthAfrica", "BantuSouthAfrica", "BantuSouthAfrica", "BantuSouthAfrica", "BantuSouthAfrica", "Basque", "Basque", "Basque", "Basque", "Bedouin", "Bedouin", "Bedouin", "Bedouin", "BiakaPygmy", "BiakaPygmy", "BiakaPygmy", "BiakaPygmy", "Burusho", "Burusho", "Burusho", "Cambodian", "Cambodian", "Cambodian", "Cambodian", "Cambodian", "Colombian", "Colombian", "Colombian", "Daur", "Daur", "Daur", "Daur", "Druze", "Druze", "Druze", "Kalash", "Lahu", "Mandenka", "Maya", "Maya", "MbutiPygmy", "MbutiPygmy", "Melanesian", "Melanesian", "Mongola", "Mongola", "Mozabite", "Mozabite", "Mozabite", "Mozabite", "Papuan", "Papuan", "Russian", "Russian", "Russian", "San"],
  "targets": ["Basque", "Bedouin", "Mongola", "Palestinian", "Papuan", "Uygur", "BantuKenya", "Bedouin", "Burusho", "Daur", "Druze", "Palestinian", "BiakaPygmy", "Mandenka", "MbutiPygmy", "Mozabite", "Yoruba", "BiakaPygmy", "Cambodian", "Mandenka", "MbutiPygmy", "San", "Yoruba", "Burusho", "Lahu", "Palestinian", "Russian", "Druze", "Lahu", "Mozabite", "Palestinian", "Mandenka", "MbutiPygmy", "San", "Yoruba", "Kalash", "Melanesian", "Mongola", "Kalash", "Lahu", "Mongola", "Mozabite", "Yi", "Lahu", "Maya", "Pima", "Lahu", "Melanesian", "Papuan", "Yi", "Palestinian", "Papuan", "Russian", "Yi", "Yi", "Yoruba", "Mongola", "Pima", "San", "Yoruba", "Palestinian", "Papuan", "Uygur", "Yakut", "Palestinian", "Russian", "San", "Yoruba", "San", "Yakut", "San", "Uygur", "Yi", "Yoruba"],
  "weights": [3.0162, 2.238, 3.0886, 2.5, 4.126, 2.6892, 3.7705, 1.5979, 2.3114, 2.5093, 1.7029, 1.8798, 4.0014, 2.7031, 4.526, 3.6953, 2.8597, 4.307, 4.2547, 3.9321, 4.8639, 7.1487, 3.8764, 3.2297, 3.3382, 2.4138, 2.8187, 1.4359, 3.6708, 2.128, 1.6186, 3.7198, 3.586, 6.7363, 3.5107, 2.4603, 4.1023, 2.8812, 2.4024, 2.6382, 2.3899, 2.837, 1.778, 4.9866, 2.7216, 2.5481, 2.2744, 4.0605, 4.6525, 1.9362, 1.843, 3.8148, 2.0674, 2.4136, 2.1451, 2.3929, 4.0318, 3.0465, 7.75, 4.2538, 3.9504, 3.6879, 2.5177, 3.9912, 2.1914, 2.7892, 7.0599, 3.9929, 8.0297, 4.2462, 7.6306, 2.8198, 3.7445, 6.8715],
  "loci": ["rs17017378", "rs13400937", "rs2033335", "rs1430642", "rs3795994", "rs6745820", "rs3739139", "rs13395022", "rs17716058", "rs11126738", "rs11687661", "rs13006976", "rs17017446", "rs2861854", "rs12464912", "rs10204390", "rs7590351", "rs1567529", "rs10190617", "rs10175610", "rs4852507", "rs1533123", "rs11126740", "rs17727983", "rs1355414", "rs17017518", "rs4422182", "rs2861857", "rs4852508", "rs17017528", "rs4258819", "rs13030183", "rs12471455", "rs10191302", "rs4852511", "rs10183482", "rs10184380", "rs6719934", "rs11695685", "rs955749"]
}
