{
  "id": "EdgeSet0908",
  "sources": ["Adygei", "Adygei", "Adygei", "Adygei", "Balochi", "Balochi", "Balochi", "Balochi", "Balochi", "BantuKenya", "BantuKenya", "BantuKenya", "BantuKenya", "BantuSouthAfrica", "BantuSouthAfrica", "Basque", "Basque", "Basque", "Bedouin", "Bedouin", "Bedouin", "BiakaPygmy", "BiakaPygmy", "BiakaPygmy", "BiakaPygmy", "Burusho", "Burusho", "Burusho", "Cambodian", "Cambodian", "Colombian", "Colombian", "Daur", "Daur", "Daur", "Daur", "Daur", "Daur", "Druze", "Kalash", "Kalash", "Lahu", "Lahu", "Lahu", "Mandenka", "Mandenka", "Maya", "Maya", "Maya", "MbutiPygmy", "Melanesian", "Mozabite", "Palestinian", "Russian", "Uygur", "Yakut"],
  "targets": ["Bedouin", "Mongola", "Russian", "Yakut", "Basque", "Burusho", "Kalash", "Mozabite", "Palestinian", "BantuSouthAfrica", "Mandenka", "Mozabite", "Yoruba", "BiakaPygmy", "San", "Bedouin", "Druze", "Russian", "Druze", "Mozabite", "Palestinian", "Mandenka", "MbutiPygmy", "San", "Yoruba", "Cambodian", "Mandenka", "Yakut", "Mongola", "Yi", "Maya", "Pima", "Lahu", "Mongola", "Papuan", "Pima", "Uygur", "Yi", "Kalash", "Russian", "Uygur", "Mongola", "Yakut", "Yi", "MbutiPygmy", "Yoruba", "Pima", "Yakut", "Yi", "San", "Papuan", "Palestinian", "Russian", "Uygur", "Yakut", "Yi"],
  "weights": [2.6074, 4.3815, 3.3022, 4.0829, 2.4154, 3.1747, 2.0614, 2.2253, 2.1021, 3.4416, 3.0959, 2.9009, 2.5721, 5.1306, 6.8632, 2.568, 2.6015, 3.6673, 2.0101, 2.0779, 1.5451, 4.175, 4.7388, 6.279, 3.7075, 3.4799, 4.3201, 3.8323, 2.0764, 2.5672, 4.2375, 2.8811, 2.2394, 3.2462, 5.1246, 7.3882, 4.0269, 3.264, 2.6197, 2.7809, 3.7153, 2.6036, 2.6937, 2.6024, 5.7941, 2.9956, 5.3502, 4.1807, 3.5134, 6.2732, 1.6985, 2.0774, 3.3751, 4.1173, 3.2077, 3.1512],
  "loci": ["rs4389366", "rs11901562", "rs4851953", "rs4851122", "rs4851957", "rs937726", "rs7572757", "rs1394432", "rs17428262", "rs10201994", "rs6715989", "rs999900", "rs3731659", "rs1504680", "rs7571001", "rs17501094", "rs2102270", "rs17429278", "rs17429299", "rs10496326", "rs937729", "rs867588", "rs1546352", "rs1111583", "rs11123677", "rs11691306", "rs2055593", "rs4146045", "rs3754899", "rs3754898", "rs1394431", "rs3769747", "rs4851130", "rs1857745", "rs1857746", "rs3820947", "rs3754886", "rs11676357", "rs2278214", "rs17504837"]
}
