{
  "id": "EdgeSet0181",
  "sources": ["Adygei", "Adygei", "Adygei", "Adygei", "Adygei", "Balochi", "Balochi", "Balochi", "Balochi", "Balochi", "Balochi", "BantuKenya", "BantuKenya", "BantuKenya", "BantuKenya", "BantuSouthAfrica", "BantuSouthAfrica", "BantuSouthAfrica", "BantuSouthAfrica", "Basque", "Basque", "Basque", "Basque", "Basque", "Bedouin", "Bedouin", "BiakaPygmy", "BiakaPygmy", "Burusho", "Burusho", "Cambodian", "Cambodian", "Cambodian", "Cambodian", "Colombian", "Colombian", "Daur", "Daur", "Daur", "Daur", "Druze", "Druze", "Druze", "Kalash", "Kalash", "Kalash", "Kalash", "Lahu", "Lahu", "Lahu", "Mandenka", "Mandenka", "Mandenka", "Maya", "MbutiPygmy", "Melanesian", "Melanesian", "Melanesian", "Melanesian", "Mongola", "Mongola", "Mongola", "Mozabite", "Papuan", "Papuan", "Russian", "Russian", "Uygur", "Yakut"],
  "targets": ["Balochi", "Bedouin", "Burusho", "Druze", "Kalash", "Basque", "Bedouin", "Burusho", "Druze", "Palestinian", "Russian", "BantuSouthAfrica", "Mandenka", "San", "Yoruba", "BiakaPygmy", "Mozabite", "San", "Yoruba", "Bedouin", "Druze", "Kalash", "Mozabite", "Russian", "Druze", "Palestinian", "MbutiPygmy", "Yoruba", "Uygur", "Yakut", "Lahu", "Russian", "Yakut", "Yi", "Maya", "Pima", "Lahu", "Melanesian", "Mongola", "Yi", "Mozabite", "Palestinian", "Yakut", "Mongola", "Russian", "San", "Uygur", "Mongola", "Papuan", "Yi", "MbutiPygmy", "Mozabite", "Yoruba", "Pima", "San", "Papuan", "Pima", "Uygur", "Yi", "Papuan", "Yakut", "Yi", "Palestinian", "San", "Yi", "San", "Yakut", "Yakut", "Yi"],
  "weights": [2.5023, 2.5077, 2.7631, 2.2736, 2.7473, 2.4502, 2.5321, 3.0035, 2.355, 2.5405, 2.7149, 3.2056, 3.1948, 6.3885, 3.0108, 3.4162, 4.4576, 6.4842, 3.0639, 2.861, 2.7514, 3.1492, 3.3049, 3.2071, 2.3537, 2.072, 4.7211, 3.6433, 3.5244, 4.0456, 3.1073, 3.6601, 3.2548, 2.9985, 1.6988, 1.9342, 2.7906, 2.6165, 2.5242, 2.0425, 3.0363, 2.3477, 5.3023, 5.4578, 3.049, 9.3402, 3.8096, 3.2622, 3.4998, 2.7251, 5.419, 4.8764, 3.1394, 1.3671, 9.2982, 3.2253, 4.2221, 3.6402, 2.6629, 3.4031, 2.9636, 2.7093, 2.738, 9.6331, 3.0721, 9.8619, 3.7948, 3.3924, 3.7751],
  "loci": ["rs10168963", "rs15653", "rs12997119", "rs11096634", "rs11676612", "rs10171652", "rs10176532", "rs11893415", "rs7425164", "rs13026539", "rs967824", "rs10207081", "rs6743717", "rs6723770", "rs751192", "rs4832660", "rs10167880", "rs1862061", "rs2880359", "rs1024925", "rs6761864", "rs11096686", "rs13417603", "rs1722418", "rs6707363", "rs13431048", "rs700423", "rs10514636", "rs16982644", "rs940532", "rs1024924", "rs1722423", "rs1722405", "rs10205624", "rs810066", "rs13425991", "rs798379", "rs1643196", "rs1722412", "rs798365"]
}
