{
  "id": "EdgeSet0076",
  "sources": ["Adygei", "Adygei", "Adygei", "Adygei", "Adygei", "Adygei", "Balochi", "Balochi", "Balochi", "Balochi", "Balochi", "Balochi", "BantuKenya", "BantuKenya", "BantuKenya", "BantuKenya", "BantuSouthAfrica", "BantuSouthAfrica", "BantuSouthAfrica", "BantuSouthAfrica", "Basque", "Basque", "Basque", "Basque", "Basque", "Basque", "Basque", "Basque", "Bedouin", "Bedouin", "Bedouin", "Bedouin", "Bedouin", "BiakaPygmy", "BiakaPygmy", "BiakaPygmy", "Burusho", "Burusho", "Burusho", "Cambodian", "Cambodian", "Cambodian", "Cambodian", "Cambodian", "Cambodian", "Cambodian", "Colombian", "Colombian", "Colombian", "Daur", "Daur", "Daur", "Daur", "Daur", "Daur", "Daur", "Druze", "Druze", "Druze", "Druze", "Kalash", "Lahu", "Lahu", "Lahu", "Mandenka", "Mandenka", "MbutiPygmy", "MbutiPygmy", "Melanesian", "Melanesian", "Melanesian", "Mongola", "Mongola", "Mozabite", "Mozabite", "Palestinian", "Papuan", "Papuan", "Pima", "Pima", "Russian", "San"],
  "targets": ["Balochi", "Basque", "Burusho", "Mozabite", "Palestinian", "Russian", "Bedouin", "Cambodian", "Mozabite", "Palestinian", "Pima", "Yakut", "BantuSouthAfrica", "Mandenka", "MbutiPygmy", "San", "Mandenka", "MbutiPygmy", "San", "Yoruba", "Druze", "Maya", "Mozabite", "Palestinian", "Papuan", "Pima", "Russian", "Uygur", "Burusho", "Cambodian", "Druze", "Mozabite", "Palestinian", "MbutiPygmy", "San", "Yoruba", "Maya", "Russian", "Yakut", "Colombian", "Maya", "Melanesian", "Papuan", "Pima", "Uygur", "Yakut", "Kalash", "Maya", "Pima", "Kalash", "Lahu", "Melanesian", "Mongola", "Papuan", "Pima", "Yakut", "Mongola", "Mozabite", "Palestinian", "Russian", "Mongola", "Mongola", "Papuan", "Yakut", "Mozabite", "Yoruba", "Russian", "Yoruba", "San", "Uygur", "Yakut", "Yakut", "Yi", "Palestinian", "Yoruba", "Russian", "Uygur", "Yi", "Uygur", "Yi", "Uygur", "Yoruba"],
  "weights": [2.3694, 2.0001, 2.2321, 2.5536, 2.1849, 2.5268, 1.997, 2.4675, 2.3302, 2.2018, 2.6094, 3.6717, 4.208, 3.2888, 3.7339, 7.7356, 4.8664, 4.5008, 7.7867, 4.5722, 1.7501, 2.891, 2.8566, 2.1068, 4.0551, 3.6591, 2.1976, 3.3983, 1.9018, 2.5298, 1.6379, 1.7864, 1.7619, 4.9882, 6.4982, 4.7633, 2.7831, 2.1093, 2.908, 4.5877, 2.9181, 4.256, 2.7079, 2.39, 2.555, 2.5069, 4.3882, 3.7017, 3.3413, 3.1773, 2.408, 4.224, 2.4212, 3.0068, 2.7967, 2.2278, 4.2752, 2.1373, 1.8015, 2.2923, 3.2428, 2.9158, 2.6333, 3.0385, 4.436, 3.2232, 4.7159, 3.5666, 10.8342, 4.2347, 3.9835, 2.5797, 3.3354, 2.1598, 4.1457, 2.3551, 3.1299, 3.6635, 2.4217, 3.1821, 4.1598, 7.5526],
  "loci": ["rs4669075", "rs10495537", "rs1870131", "rs6748722", "rs1350342", "rs4669076", "rs1159673", "rs16865345", "rs4669077", "rs6746495", "rs11891157", "rs16865372", "rs17803843", "rs1125302", "rs4669081", "rs13383761", "rs11675022", "rs12993501", "rs6750888", "rs10495541", "rs7584788", "rs1563948", "rs10495540", "rs11694697", "rs2126168", "rs17815605", "rs930978", "rs16865459", "rs10495539", "rs10495538", "rs12616425", "rs4436930", "rs380019", "rs308007", "rs12373800", "rs6431822", "rs307982", "rs1995593", "rs308001", "rs7582948"]
}
