{
  "id": "EdgeSet0945",
  "sources": ["Adygei", "Adygei", "Adygei", "Balochi", "Balochi", "BantuKenya", "BantuKenya", "BantuKenya", "BantuKenya", "BantuKenya", "BantuSouthAfrica", "BantuSouthAfrica", "BantuSouthAfrica", "BantuSouthAfrica", "Basque", "Basque", "Basque", "Basque", "Bedouin", "Bedouin", "Bedouin", "Bedouin", "Bedouin", "Bedouin", "BiakaPygmy", "BiakaPygmy", "BiakaPygmy", "Burusho", "Burusho", "Burusho", "Burusho", "Burusho", "Burusho", "Burusho", "Cambodian", "Cambodian", "Cambodian", "Cambodian", "Colombian", "Colombian", "Colombian", "Colombian", "Colombian", "Daur", "Daur", "Daur", "Daur", "Druze", "Druze", "Kalash", "Kalash", "Lahu", "Lahu", "Mandenka", "Maya", "MbutiPygmy", "MbutiPygmy", "Melanesian", "Mongola", "Mongola", "Mozabite", "Mozabite", "Palestinian", "Palestinian", "Papuan", "Pima", "Russian", "San"],
  "targets": ["Balochi", "Colombian", "Druze", "Cambodian", "Papuan", "BantuSouthAfrica", "BiakaPygmy", "MbutiPygmy", "San", "Yoruba", "Mandenka", "MbutiPygmy", "San", "Yoruba", "Bedouin", "Kalash", "Mozabite", "Russian", "Druze", "Lahu", "Mozabite", "Palestinian", "Pima", "Russian", "Mandenka", "Pima", "Yoruba", "Cambodian", "Colombian", "Daur", "Kalash", "Maya", "Palestinian", "Yakut", "Lahu", "Russian", "Uygur", "Yi", "Kalash", "Maya", "Pima", "Uygur", "Yi", "Kalash", "Mongola", "Papuan", "Yakut", "Kalash", "Russian", "Palestinian", "Yi", "Yakut", "Yi", "Yoruba", "Pima", "Papuan", "San", "Papuan", "Yakut", "Yi", "Palestinian", "Uygur", "Russian", "Yi", "San", "San", "Uygur", "Yoruba"],
  "weights": [1.8963, 3.1197, 2.1597, 2.3655, 4.5704, 3.6257, 3.4213, 3.56, 4.5262, 3.1444, 3.1895, 4.6801, 4.517, 3.3598, 2.0914, 2.7082, 2.2351, 2.0217, 1.8801, 3.4256, 1.5985, 1.8918, 4.6228, 1.9562, 3.2997, 6.2877, 3.3685, 2.7716, 3.261, 3.8738, 2.8231, 2.8046, 2.4236, 3.1063, 2.4795, 3.2416, 2.5544, 2.1095, 4.4575, 2.9283, 3.6032, 3.3015, 3.1047, 3.2119, 1.6579, 3.8965, 2.0641, 2.1535, 1.9895, 2.0972, 3.1213, 2.4578, 2.2564, 2.7048, 4.2037, 6.4, 5.4103, 2.8553, 1.5386, 1.6899, 2.1936, 2.6907, 2.1792, 2.5323, 6.8203, 7.3133, 2.1713, 4.1968],
  "loci": ["rs17775170", "rs4851621", "rs7567133", "rs10181400", "rs10184340", "rs4140836", "rs10178585", "rs4851629", "rs7561632", "rs11123944", "rs4851630", "rs13400836", "rs6729839", "rs962207", "rs17027748", "rs7608617", "rs6543180", "rs1011782", "rs10173702", "rs878539", "rs7607987", "rs1051783", "rs1052431", "rs17027825", "rs2540317", "rs955915", "rs2732827", "rs2732829", "rs4467294", "rs2024414", "rs2080294", "rs2540289", "rs2732846", "rs2732811", "rs2540283", "rs7604365", "rs2080291", "rs12472487", "rs2732821", "rs7602289"]
}
