{
  "id": "EdgeSet0381",
  "sources": ["Adygei", "Adygei", "Adygei", "Adygei", "Adygei", "Adygei", "Balochi", "Balochi", "Balochi", "Balochi", "BantuKenya", "BantuKenya", "BantuKenya", "BantuKenya", "BantuSouthAfrica", "BantuSouthAfrica", "BantuSouthAfrica", "Basque", "Basque", "Basque", "Basque", "Bedouin", "Bedouin", "Bedouin", "BiakaPygmy", "BiakaPygmy", "BiakaPygmy", "BiakaPygmy", "Burusho", "Burusho", "Burusho", "Cambodian", "Cambodian", "Cambodian", "Cambodian", "Colombian", "Colombian", "Colombian", "Colombian", "Colombian", "Colombian", "Colombian", "Daur", "Daur", "Daur", "Daur", "Druze", "Druze", "Lahu", "Lahu", "Mandenka", "Mandenka", "Mandenka", "Mandenka", "Mandenka", "Maya", "Maya", "MbutiPygmy", "Melanesian", "Melanesian", "Melanesian", "Mongola", "Mongola", "Mongola", "Mozabite", "Mozabite", "Palestinian", "Palestinian", "Papuan", "Papuan", "Russian", "Russian", "San", "Yakut"],
  "targets": ["Basque", "Bedouin", "Burusho", "Colombian", "Druze", "Yakut", "Basque", "Druze", "Kalash", "Uygur", "BantuSouthAfrica", "BiakaPygmy", "San", "Yoruba", "Mandenka", "MbutiPygmy", "Yoruba", "Burusho", "Palestinian", "Russian", "San", "Druze", "Kalash", "Palestinian", "Mandenka", "MbutiPygmy", "San", "Yoruba", "Daur", "Mozabite", "Papuan", "Daur", "Mongola", "Palestinian", "Yakut", "Kalash", "Lahu", "Maya", "MbutiPygmy", "Mozabite", "Pima", "Yi", "Kalash", "Lahu", "Palestinian", "Uygur", "Mozabite", "Palestinian", "Melanesian", "Yi", "MbutiPygmy", "Papuan", "Pima", "San", "Yoruba", "Pima", "Yakut", "San", "Mongola", "Papuan", "Yakut", "Uygur", "Yakut", "Yi", "Palestinian", "Uygur", "Russian", "Uygur", "Russian", "Yakut", "Uygur", "Yakut", "Yoruba", "Yi"],
  "weights": [3.2417, 2.0118, 2.9164, 4.3995, 2.2412, 4.7138, 3.2251, 1.8303, 2.9209, 2.633, 4.2941, 4.1179, 5.0312, 3.7716, 3.8805, 6.263, 3.0149, 3.6296, 2.9399, 3.0492, 5.839, 1.7998, 2.3957, 1.8902, 4.0688, 6.2902, 4.2343, 3.502, 3.1327, 3.7484, 4.2203, 2.737, 2.6183, 3.1397, 3.4547, 4.8046, 4.0486, 3.0497, 6.7699, 6.486, 4.4573, 3.7707, 3.5684, 2.5406, 3.5997, 2.8745, 2.935, 2.0754, 3.4905, 2.8213, 5.6917, 4.8647, 4.9988, 4.0312, 3.3875, 3.6139, 3.9097, 6.3969, 3.0511, 4.0029, 3.3126, 2.996, 2.8945, 2.7052, 2.8678, 3.5816, 2.4379, 2.7574, 3.6335, 4.1204, 2.3192, 3.5185, 4.1037, 2.7604],
  "loci": ["rs2372704", "rs2372706", "rs6706876", "rs2372707", "rs7602835", "rs10207490", "rs10865113", "rs7604443", "rs7563754", "rs12989101", "rs17490768", "rs10865115", "rs17019472", "rs6544028", "rs12472756", "rs4670592", "rs1861393", "rs12712515", "rs10460526", "rs10182004", "rs13403956", "rs13029062", "rs1990640", "rs7593468", "rs13006747", "rs10197807", "rs11691187", "rs4670165", "rs13403975", "rs4670598", "rs1861389", "rs17019581", "rs6744274", "rs17019585", "rs2012248", "rs2372709", "rs4670166", "rs17019636", "rs1015696", "rs1015695"]
}
