{
  "id": "EdgeSet0099",
  "sources": ["Adygei", "Adygei", "Adygei", "Adygei", "Balochi", "Balochi", "Balochi", "Balochi", "BantuKenya", "BantuKenya", "BantuKenya", "BantuKenya", "BantuSouthAfrica", "BantuSouthAfrica", "BantuSouthAfrica", "BantuSouthAfrica", "BantuSouthAfrica", "Basque", "Basque", "Basque", "Bedouin", "Bedouin", "Bedouin", "BiakaPygmy", "BiakaPygmy", "BiakaPygmy", "Burusho", "Burusho", "Burusho", "Cambodian", "Cambodian", "Cambodian", "Cambodian", "Cambodian", "Cambodian", "Colombian", "Colombian", "Colombian", "Daur", "Daur", "Daur", "Daur", "Daur", "Daur", "Druze", "Druze", "Kalash", "Lahu", "Lahu", "Lahu", "Lahu", "Mandenka", "Mandenka", "Mandenka", "Maya", "Maya", "Maya", "MbutiPygmy", "Melanesian", "Melanesian", "Mongola", "Papuan", "Pima", "Pima", "Russian", "Yakut"],
  "targets": ["Basque", "Burusho", "Druze", "Russian", "Basque", "Burusho", "Mozabite", "Palestinian", "BantuSouthAfrica", "Mandenka", "San", "Yoruba", "BiakaPygmy", "Mandenka", "Mozabite", "San", "Yoruba", "Kalash", "Melanesian", "Russian", "Kalash", "Palestinian", "Russian", "MbutiPygmy", "San", "Yoruba", "Kalash", "Mozabite", "Papuan", "Colombian", "Lahu", "Maya", "Mongola", "Yakut", "Yi", "Daur", "Maya", "Papuan", "Kalash", "Maya", "Mongola", "Pima", "Russian", "Yi", "Mozabite", "Palestinian", "Mozabite", "Maya", "Mongola", "Papuan", "San", "MbutiPygmy", "Papuan", "Yoruba", "Mongola", "Papuan", "Yakut", "San", "Pima", "Yakut", "Papuan", "Pima", "Russian", "Yakut", "Uygur", "Yi"],
  "weights": [2.1632, 3.2299, 2.4485, 2.124, 3.2234, 2.972, 3.5123, 3.1395, 3.6959, 2.8484, 5.7854, 2.7441, 4.9933, 4.1426, 5.768, 6.9417, 3.7438, 3.4189, 4.2289, 2.6078, 3.16, 1.676, 2.5399, 4.5104, 6.2061, 4.7368, 3.7505, 3.6566, 4.0996, 4.1079, 2.9994, 4.2966, 2.9126, 2.2843, 2.5435, 2.4719, 2.7454, 4.1007, 4.2266, 2.9455, 2.6771, 3.2403, 3.5264, 2.3727, 2.9718, 1.8336, 4.0306, 3.6329, 2.9955, 4.5019, 9.4754, 5.5361, 7.6241, 2.5828, 3.0426, 4.5096, 3.6711, 5.8512, 3.5044, 3.2133, 5.0463, 4.2505, 3.6167, 3.2325, 2.0964, 2.5041],
  "loci": ["rs1560876", "rs13399561", "rs3856447", "rs1368926", "rs12993630", "rs12692367", "rs4669318", "rs1344807", "rs3927971", "rs11691910", "rs3856451", "rs3856456", "rs3845748", "rs4442969", "rs10188643", "rs1054765", "rs4669330", "rs6715915", "rs6723945", "rs7593804", "rs1044280", "rs3351", "rs718763", "rs1550250", "rs1370644", "rs17722392", "rs10211274", "rs8179714", "rs7587928", "rs13390283", "rs4669342", "rs11886279", "rs16866811", "rs10173234", "rs6757496", "rs13427229", "rs13008591", "rs13008971", "rs11894892", "rs6716851"]
}
