{
  "id": "EdgeSet0288",
  "sources": ["Adygei", "Adygei", "Adygei", "Adygei", "Adygei", "Adygei", "Adygei", "Balochi", "Balochi", "Balochi", "BantuKenya", "BantuKenya", "BantuKenya", "BantuKenya", "BantuKenya", "BantuKenya", "BantuSouthAfrica", "BantuSouthAfrica", "BantuSouthAfrica", "BantuSouthAfrica", "Basque", "Basque", "Basque", "Basque", "Bedouin", "Bedouin", "Bedouin", "Bedouin", "BiakaPygmy", "BiakaPygmy", "BiakaPygmy", "BiakaPygmy", "Burusho", "Burusho", "Burusho", "Burusho", "Burusho", "Burusho", "Burusho", "Cambodian", "Cambodian", "Cambodian", "Cambodian", "Cambodian", "Colombian", "Colombian", "Daur", "Daur", "Daur", "Daur", "Daur", "Druze", "Druze", "Druze", "Druze", "Kalash", "Kalash", "Lahu", "Lahu", "Lahu", "Lahu", "Lahu", "Mandenka", "Mandenka", "Mandenka", "Maya", "Maya", "Melanesian", "Melanesian", "Mongola", "Mongola", "Mongola", "Mozabite", "Mozabite", "Mozabite", "Palestinian", "Palestinian", "Papuan", "Papuan", "San", "Uygur", "Yakut"],
  "targets": ["Balochi", "Daur", "Druze", "Kalash", "Lahu", "Russian", "Yakut", "Bedouin", "Druze", "Lahu", "Bedouin", "BiakaPygmy", "Mandenka", "MbutiPygmy", "Mozabite", "San", "Mandenka", "MbutiPygmy", "San", "Yoruba", "Bedouin", "Druze", "Kalash", "Palestinian", "Mozabite", "Palestinian", "Russian", "Yoruba", "Mandenka", "MbutiPygmy", "San", "Yoruba", "Daur", "Kalash", "Melanesian", "Papuan", "Pima", "Russian", "Yakut", "Daur", "Lahu", "Melanesian", "Papuan", "Yi", "Maya", "Pima", "Lahu", "Melanesian", "Mongola", "Uygur", "Yakut", "Kalash", "Palestinian", "Papuan", "Russian", "Russian", "Uygur", "Maya", "MbutiPygmy", "Melanesian", "Papuan", "Yi", "MbutiPygmy", "Mozabite", "Yoruba", "Pima", "Yi", "Mongola", "Papuan", "Papuan", "Uygur", "Yi", "Palestinian", "Russian", "Yoruba", "Russian", "Uygur", "Pima", "Yakut", "Yoruba", "Yakut", "Yi"],
  "weights": [2.779, 3.5807, 2.5829, 2.1838, 4.6751, 2.1783, 4.0525, 2.5825, 2.5154, 4.0192, 4.1444, 4.8739, 3.6643, 6.1342, 3.8149, 6.3261, 3.5661, 5.4597, 6.1137, 3.6687, 2.9983, 2.2413, 2.9095, 2.4832, 2.5599, 2.066, 2.5884, 3.9464, 4.6077, 6.0644, 5.5852, 4.5686, 2.714, 3.3872, 3.2847, 3.3312, 3.0828, 3.1197, 1.9718, 2.858, 3.468, 3.6027, 3.4873, 3.1061, 2.0951, 1.9528, 3.6021, 2.6229, 2.7861, 2.7638, 2.0606, 2.5629, 2.3125, 4.603, 2.4205, 2.1918, 3.1192, 4.0115, 7.3263, 5.478, 5.7591, 3.23, 5.4075, 3.8452, 3.1558, 2.2485, 3.4554, 3.2934, 3.2938, 3.7422, 3.1617, 2.8489, 2.5829, 3.4794, 3.3886, 1.9975, 2.6094, 3.9869, 2.9787, 5.4615, 2.5962, 3.2492],
  "loci": ["rs11684613", "rs12465721", "rs1026044", "rs1992809", "rs2276551", "rs6547906", "rs6731719", "rs7577483", "rs882631", "rs10187620", "rs17692899", "rs1562392", "rs17007529", "rs10495767", "rs17744052", "rs7569316", "rs17007549", "rs7583117", "rs6750016", "rs7570135", "rs7568662", "rs2329696", "rs12714263", "rs6547910", "rs11888120", "rs4666166", "rs12463520", "rs4666167", "rs3100232", "rs3768674", "rs17750032", "rs3099566", "rs3213947", "rs3112916", "rs3100244", "rs2123443", "rs3100246", "rs2305450", "rs12620500", "rs3100218"]
}
