{
  "id": "EdgeSet0173",
  "sources": ["Adygei", "Adygei", "Adygei", "Adygei", "Balochi", "Balochi", "Balochi", "Balochi", "Balochi", "BantuKenya", "BantuKenya", "BantuKenya", "BantuKenya", "BantuKenya", "BantuSouthAfrica", "BantuSouthAfrica", "BantuSouthAfrica", "Basque", "Basque", "Basque", "Basque", "Bedouin", "Bedouin", "BiakaPygmy", "BiakaPygmy", "BiakaPygmy", "BiakaPygmy", "Burusho", "Burusho", "Cambodian", "Cambodian", "Cambodian", "Cambodian", "Cambodian", "Cambodian", "Colombian", "Colombian", "Colombian", "Colombian", "Colombian", "Colombian", "Daur", "Daur", "Daur", "Daur", "Daur", "Druze", "Druze", "Kalash", "Kalash", "Kalash", "Lahu", "Lahu", "Mandenka", "Maya", "Maya", "MbutiPygmy", "MbutiPygmy", "Melanesian", "Melanesian", "Melanesian", "Melanesian", "Mongola", "Mongola", "Mozabite", "Palestinian", "Papuan", "Papuan", "Pima", "Pima"],
  "targets": ["Druze", "Lahu", "Mozabite", "Palestinian", "Bedouin", "Burusho", "Druze", "Mozabite", "Uygur", "BantuSouthAfrica", "BiakaPygmy", "Mandenka", "San", "Yoruba", "Mandenka", "San", "Yoruba", "Bedouin", "Burusho", "Druze", "Yakut", "Kalash", "Palestinian", "Mandenka", "MbutiPygmy", "San", "Yoruba", "Melanesian", "Yakut", "Daur", "Lahu", "Mongola", "Papuan", "Uygur", "Yi", "Daur", "Maya", "Melanesian", "Mongola", "Pima", "Yi", "Lahu", "Mongola", "Pima", "Uygur", "Yakut", "Palestinian", "Russian", "MbutiPygmy", "Mozabite", "Papuan", "Maya", "Yi", "Yoruba", "Pima", "Yakut", "San", "Yoruba", "Mongola", "Papuan", "Yakut", "Yi", "Yakut", "Yi", "Russian", "Uygur", "Pima", "Yi", "Russian", "Yi"],
  "weights": [1.6908, 3.2865, 2.2078, 1.7732, 1.8495, 2.3868, 1.8247, 2.4961, 2.4974, 5.3333, 4.3826, 4.4394, 7.467, 4.3528, 5.4462, 7.0906, 5.6138, 1.7383, 2.2244, 1.8291, 2.7176, 2.811, 1.3579, 4.9171, 6.4419, 7.8404, 5.0883, 4.1395, 2.6996, 2.4239, 2.1683, 2.4394, 3.9188, 2.7417, 2.6774, 3.3053, 3.0297, 4.1291, 3.4394, 3.2367, 3.7995, 2.7519, 2.2066, 3.8063, 2.7385, 3.0635, 1.8346, 2.1101, 7.8269, 2.8608, 5.8346, 3.3151, 2.5338, 2.9069, 2.5445, 2.7139, 8.0768, 7.2944, 3.002, 4.46, 3.0674, 3.1834, 2.9748, 2.5553, 2.0646, 2.475, 6.3874, 4.4931, 4.0193, 4.8302],
  "loci": ["rs1363058", "rs2544529", "rs4668989", "rs10929389", "rs2380674", "rs1121915", "rs1121916", "rs2380677", "rs16863041", "rs11894034", "rs10185339", "rs2380680", "rs7604003", "rs9678924", "rs12476664", "rs11687741", "rs7583876", "rs4669001", "rs2380695", "rs7595922", "rs10189874", "rs12469242", "rs12613665", "rs12612477", "rs2380706", "rs11678237", "rs6726347", "rs2890494", "rs6756656", "rs16863103", "rs2890495", "rs2380707", "rs2380708", "rs2114805", "rs2559067", "rs10929398", "rs2559069", "rs2693015", "rs10495647", "rs11676479"]
}
