{
  "id": "EdgeSet0325",
  "sources": ["Adygei", "Adygei", "Adygei", "Adygei", "Adygei", "Adygei", "Adygei", "Balochi", "Balochi", "Balochi", "Balochi", "Balochi", "BantuKenya", "BantuKenya", "BantuKenya", "BantuKenya", "BantuSouthAfrica", "BantuSouthAfrica", "BantuSouthAfrica", "BantuSouthAfrica", "Basque", "Basque", "Basque", "Basque", "Bedouin", "Bedouin", "Bedouin", "Bedouin", "BiakaPygmy", "BiakaPygmy", "BiakaPygmy", "Burusho", "Burusho", "Burusho", "Burusho", "Burusho", "Burusho", "Cambodian", "Cambodian", "Cambodian", "Colombian", "Colombian", "Colombian", "Colombian", "Colombian", "Colombian", "Daur", "Daur", "Daur", "Daur", "Daur", "Druze", "Druze", "Druze", "Kalash", "Kalash", "Kalash", "Lahu", "Lahu", "Lahu", "Lahu", "Mandenka", "Mandenka", "Mandenka", "Maya", "Maya", "MbutiPygmy", "MbutiPygmy", "Melanesian", "Melanesian", "Melanesian", "Mongola", "Mongola", "Mozabite", "Mozabite", "Mozabite", "Palestinian", "Palestinian", "Palestinian", "Papuan", "Papuan", "Pima", "Russian"],
  "targets": ["Balochi", "Basque", "Druze", "Mongola", "Russian", "Uygur", "Yi", "Basque", "Bedouin", "Melanesian", "Palestinian", "San", "BantuSouthAfrica", "BiakaPygmy", "Burusho", "Yoruba", "BiakaPygmy", "Kalash", "MbutiPygmy", "San", "Mongola", "Mozabite", "Palestinian", "Uygur", "Druze", "Mongola", "Mozabite", "Yoruba", "MbutiPygmy", "Pima", "Yi", "Cambodian", "Colombian", "Daur", "Druze", "Mandenka", "Palestinian", "Daur", "Lahu", "Yi", "Kalash", "Maya", "Mozabite", "Pima", "Uygur", "Yoruba", "Kalash", "Lahu", "Mongola", "Uygur", "Yakut", "Maya", "Melanesian", "Yakut", "Papuan", "Russian", "San", "MbutiPygmy", "Russian", "Uygur", "Yakut", "Melanesian", "Mozabite", "Yoruba", "Pima", "Yakut", "San", "Yakut", "Papuan", "Pima", "Yakut", "Russian", "Uygur", "Palestinian", "San", "Yi", "Papuan", "Pima", "Russian", "Pima", "Yi", "San", "Yoruba"],
  "weights": [1.9271, 1.3648, 1.535, 1.8768, 2.5075, 2.3255, 3.4338, 1.6845, 1.8874, 2.5685, 1.9725, 6.4414, 3.5268, 4.2257, 3.6205, 3.3705, 4.4934, 5.6727, 5.6567, 6.0148, 2.1032, 2.634, 1.8562, 2.9326, 1.79, 2.4188, 2.7601, 2.3913, 5.2404, 5.1826, 5.4486, 3.8216, 3.4303, 4.012, 2.6138, 3.4996, 2.7197, 2.7763, 3.685, 3.9419, 4.6887, 2.7149, 4.1028, 4.6844, 3.3969, 4.4008, 4.3845, 2.9994, 2.4597, 2.5811, 1.9211, 2.144, 2.3062, 2.5468, 4.3901, 3.625, 7.2884, 6.61, 3.8662, 3.3443, 2.6769, 4.3779, 3.2182, 2.6637, 4.3143, 3.6261, 6.3838, 6.4409, 2.3176, 4.5052, 2.9651, 3.5469, 1.9563, 2.9376, 6.4327, 4.4546, 2.5996, 4.8086, 2.3647, 3.9466, 4.227, 7.4167, 2.943],
  "loci": ["rs206805", "rs206811", "rs7575607", "rs2163058", "rs206816", "rs206819", "rs761925", "rs1033688", "rs206833", "rs2365778", "rs2224310", "rs1884722", "rs2281546", "rs12470143", "rs4952220", "rs2268796", "rs2300697", "rs2754530", "rs806645", "rs4952224", "rs553464", "rs7567093", "rs564310", "rs11885062", "rs11695295", "rs6751050", "rs223655", "rs223657", "rs223664", "rs223621", "rs160805", "rs12993413", "rs6739055", "rs7589874", "rs1272585", "rs3769611", "rs11124272", "rs13007025", "rs7559329", "rs10439444"]
}
