{
  "id": "EdgeSet0702",
  "sources": ["Adygei", "Adygei", "Adygei", "Adygei", "Balochi", "Balochi", "Balochi", "Balochi", "Balochi", "BantuKenya", "BantuKenya", "BantuKenya", "BantuKenya", "BantuKenya", "BantuSouthAfrica", "BantuSouthAfrica", "BantuSouthAfrica", "BantuSouthAfrica", "BantuSouthAfrica", "Basque", "Basque", "Basque", "Basque", "Basque", "Bedouin", "Bedouin", "Bedouin", "Bedouin", "Bedouin", "BiakaPygmy", "BiakaPygmy", "BiakaPygmy", "Burusho", "Burusho", "Cambodian", "Cambodian", "Cambodian", "Cambodian", "Colombian", "Colombian", "Colombian", "Colombian", "Daur", "Daur", "Daur", "Druze", "Druze", "Druze", "Druze", "Kalash", "Kalash", "Kalash", "Lahu", "Lahu", "Lahu", "Mandenka", "Mandenka", "Maya", "MbutiPygmy", "MbutiPygmy", "Melanesian", "Mongola", "Mongola", "Mongola", "Pima", "Uygur", "Uygur", "Yakut"],
  "targets": ["Burusho", "Colombian", "Palestinian", "Pima", "Burusho", "Cambodian", "Druze", "Kalash", "Yi", "BiakaPygmy", "Mandenka", "Pima", "San", "Yoruba", "BiakaPygmy", "MbutiPygmy", "Melanesian", "San", "Yoruba", "Kalash", "Mozabite", "Pima", "Uygur", "Yakut", "Burusho", "Kalash", "Melanesian", "Mozabite", "Yakut", "Mandenka", "MbutiPygmy", "Yoruba", "Cambodian", "Druze", "Daur", "Melanesian", "Mongola", "Papuan", "Lahu", "Maya", "Mongola", "Pima", "Lahu", "Mongola", "Yakut", "Mongola", "Mozabite", "Palestinian", "Russian", "Lahu", "Pima", "Uygur", "MbutiPygmy", "Mongola", "Yakut", "Papuan", "Yoruba", "Russian", "San", "Yoruba", "Papuan", "San", "Uygur", "Yi", "Russian", "Yakut", "Yi", "Yi"],
  "weights": [2.4543, 3.721, 2.2678, 3.9465, 1.8033, 2.8036, 1.7003, 2.0524, 2.2853, 3.4, 2.4337, 5.6855, 5.6909, 3.4429, 3.8026, 6.4817, 5.2096, 6.1451, 3.9691, 2.4141, 2.5984, 5.4613, 2.6484, 2.5985, 2.1379, 2.1351, 2.979, 1.9284, 2.4084, 3.152, 4.8898, 3.1878, 2.7716, 2.2166, 3.4326, 3.0811, 3.4599, 3.594, 4.462, 2.1403, 3.3059, 4.5082, 3.9649, 3.0665, 2.4288, 4.0639, 2.132, 1.3372, 3.4982, 4.0983, 3.9103, 2.3282, 8.1947, 3.8362, 3.9207, 4.6116, 2.8198, 5.1247, 7.5871, 6.2256, 2.1977, 6.6469, 2.8673, 2.3817, 5.3255, 2.2641, 2.2416, 2.2149],
  "loci": ["rs17032602", "rs3919596", "rs1559600", "rs1559603", "rs11894493", "rs10490196", "rs4671750", "rs2081398", "rs2861182", "rs13007060", "rs1110581", "rs6728659", "rs2861284", "rs13420432", "rs1126147", "rs11902129", "rs1110585", "rs13020124", "rs6714117", "rs11677614", "rs10490198", "rs3732047", "rs12713587", "rs7587400", "rs868373", "rs10519066", "rs1362477", "rs10519071", "rs6546272", "rs4671759", "rs11674518", "rs10496137", "rs1362479", "rs4671761", "rs1362483", "rs11126103", "rs1420370", "rs1420371", "rs10210389", "rs4671162"]
}
