{
  "id": "EdgeSet0640",
  "sources": ["Adygei", "Adygei", "Adygei", "Adygei", "Adygei", "Adygei", "Balochi", "Balochi", "Balochi", "Balochi", "Balochi", "BantuKenya", "BantuKenya", "BantuSouthAfrica", "BantuSouthAfrica", "BantuSouthAfrica", "BantuSouthAfrica", "BantuSouthAfrica", "Basque", "Basque", "Basque", "Basque", "Bedouin", "Bedouin", "BiakaPygmy", "BiakaPygmy", "BiakaPygmy", "Burusho", "Burusho", "Burusho", "Cambodian", "Cambodian", "Cambodian", "Colombian", "Colombian", "Colombian", "Daur", "Daur", "Daur", "Daur", "Daur", "Druze", "Druze", "Druze", "Kalash", "Kalash", "Lahu", "Lahu", "Mandenka", "Mandenka", "Maya", "MbutiPygmy", "Melanesian", "Melanesian", "Mongola", "Mongola", "Mozabite", "Mozabite", "Papuan", "Pima", "Pima", "Russian", "San", "Yakut"],
  "targets": ["Balochi", "Bedouin", "Burusho", "Druze", "Kalash", "Lahu", "Burusho", "Colombian", "Palestinian", "San", "Uygur", "Mandenka", "Yoruba", "BiakaPygmy", "Burusho", "MbutiPygmy", "San", "Yoruba", "Bedouin", "Burusho", "Russian", "Uygur", "Mongola", "Palestinian", "Mandenka", "MbutiPygmy", "Yoruba", "Kalash", "Russian", "Uygur", "Daur", "Lahu", "Yi", "Maya", "Pima", "Yakut", "Lahu", "Mongola", "Uygur", "Yakut", "Yi", "Kalash", "Mozabite", "Palestinian", "Palestinian", "San", "Papuan", "Uygur", "Mozabite", "Yoruba", "Pima", "San", "Mongola", "Papuan", "Uygur", "Yi", "Palestinian", "Russian", "Pima", "Russian", "San", "Yakut", "Yoruba", "Yi"],
  "weights": [2.1232, 2.1379, 2.7338, 2.5948, 2.9439, 4.0859, 2.9991, 3.1382, 2.5337, 7.3544, 2.9239, 2.9919, 2.9343, 3.4335, 5.552, 3.8399, 6.2504, 2.4722, 3.2868, 3.9661, 3.5128, 3.8153, 3.4059, 2.1976, 3.2873, 4.3005, 2.891, 3.924, 3.1649, 3.6076, 3.2005, 3.2194, 2.1322, 2.0893, 4.4332, 3.1215, 3.5746, 3.0169, 3.542, 2.5847, 2.4515, 3.3161, 2.8553, 2.3818, 2.9524, 8.4615, 5.1045, 4.299, 3.5551, 2.2603, 3.2875, 6.3087, 4.1988, 2.3645, 3.1885, 2.7491, 2.6061, 2.7594, 7.2066, 4.7633, 9.0234, 2.5012, 6.2192, 2.1111],
  "loci": ["rs2539706", "rs6545745", "rs17050288", "rs2539703", "rs2674063", "rs2539682", "rs13019632", "rs1005741", "rs1002343", "rs17595541", "rs2080167", "rs17595617", "rs2244983", "rs17596277", "rs13422082", "rs13421661", "rs268065", "rs1372878", "rs155568", "rs197084", "rs197083", "rs28687", "rs17597263", "rs2192513", "rs1442877", "rs9309316", "rs4672311", "rs1442883", "rs4672312", "rs11693165", "rs10168190", "rs10187463", "rs6545750", "rs11125811", "rs11125812", "rs12471948", "rs1025876", "rs1019264", "rs722889", "rs1372876"]
}
