{
  "id": "EdgeSet0949",
  "sources": ["Adygei", "Adygei", "Adygei", "Adygei", "Balochi", "Balochi", "Balochi", "Balochi", "Balochi", "Balochi", "BantuKenya", "BantuKenya", "BantuKenya", "BantuKenya", "BantuSouthAfrica", "BantuSouthAfrica", "BantuSouthAfrica", "Basque", "Basque", "Basque", "Basque", "Bedouin", "Bedouin", "Bedouin", "BiakaPygmy", "BiakaPygmy", "BiakaPygmy", "Burusho", "Burusho", "Burusho", "Burusho", "Cambodian", "Cambodian", "Cambodian", "Cambodian", "Cambodian", "Colombian", "Colombian", "Colombian", "Colombian", "Colombian", "Colombian", "Daur", "Daur", "Daur", "Druze", "Druze", "Kalash", "Kalash", "Kalash", "Kalash", "Kalash", "Lahu", "Lahu", "Lahu", "Mandenka", "Mandenka", "Mandenka", "Maya", "Maya", "Maya", "MbutiPygmy", "Melanesian", "Melanesian", "Mongola", "Mongola", "Mongola", "Mongola", "Mozabite", "Mozabite", "Pima", "Uygur", "Yakut"],
  "targets": ["Balochi", "Russian", "Uygur", "Yi", "Basque", "Bedouin", "Burusho", "Druze", "Russian", "Yakut", "BantuSouthAfrica", "Mandenka", "MbutiPygmy", "Yoruba", "BiakaPygmy", "San", "Yoruba", "Druze", "Kalash", "Palestinian", "Russian", "Burusho", "Druze", "Kalash", "Mandenka", "MbutiPygmy", "San", "Druze", "Maya", "Palestinian", "Russian", "Lahu", "Maya", "Mongola", "Pima", "San", "Lahu", "Maya", "Melanesian", "Pima", "Uygur", "Yi", "Mongola", "Uygur", "Yakut", "Palestinian", "Russian", "Mozabite", "Palestinian", "Papuan", "Uygur", "Yakut", "Maya", "MbutiPygmy", "Papuan", "MbutiPygmy", "Pima", "Yoruba", "Pima", "Uygur", "Yi", "San", "Papuan", "Yi", "Pima", "Uygur", "Yakut", "Yi", "Palestinian", "Uygur", "San", "Yakut", "Yi"],
  "weights": [1.4277, 1.7401, 1.4338, 2.4242, 1.6571, 1.8483, 2.1672, 2.1725, 1.6627, 1.9964, 3.6475, 4.3272, 5.0432, 3.3569, 5.0244, 6.5664, 3.5635, 1.7926, 2.0102, 1.6107, 1.6136, 2.0897, 1.82, 1.9601, 4.6832, 5.8781, 6.067, 2.0367, 3.9381, 1.8281, 2.1751, 2.2052, 4.2215, 3.2572, 4.7494, 7.5994, 2.254, 2.1046, 2.2495, 4.7664, 2.5977, 1.9418, 2.3734, 3.1298, 2.5954, 1.4261, 1.6147, 2.4511, 2.4635, 3.0008, 1.7661, 2.0194, 2.6991, 5.1922, 4.1272, 5.0866, 7.7315, 4.1585, 4.9732, 2.9555, 2.4428, 6.8433, 1.1458, 2.3349, 5.2374, 3.4566, 2.3464, 1.9068, 2.141, 2.4006, 9.8835, 1.901, 2.044],
  "loci": ["rs1430071", "rs6727959", "rs1430068", "rs1430067", "rs4851648", "rs7575544", "rs10198191", "rs10166841", "rs1430074", "rs10191917", "rs10469858", "rs1433312", "rs6707103", "rs7565678", "rs10496370", "rs13390641", "rs17028872", "rs13404129", "rs7562738", "rs266064", "rs266065", "rs2672847", "rs266074", "rs10496374", "rs6761396", "rs6543213", "rs1022298", "rs1451983", "rs985864", "rs6723416", "rs2167541", "rs13423794", "rs17336684", "rs11690639", "rs11888473", "rs1901480", "rs264943", "rs264948", "rs17343583", "rs264949"]
}
