{
  "id": "EdgeSet0461",
  "sources": ["Adygei", "Adygei", "Adygei", "Adygei", "Adygei", "Adygei", "Adygei", "Balochi", "Balochi", "Balochi", "Balochi", "Balochi", "BantuKenya", "BantuKenya", "BantuKenya", "BantuKenya", "BantuSouthAfrica", "BantuSouthAfrica", "BantuSouthAfrica", "BantuSouthAfrica", "Basque", "Basque", "Bedouin", "Bedouin", "Bedouin", "Bedouin", "Bedouin", "BiakaPygmy", "BiakaPygmy", "BiakaPygmy", "Burusho", "Burusho", "Burusho", "Burusho", "Burusho", "Cambodian", "Cambodian", "Cambodian", "Colombian", "Colombian", "Colombian", "Colombian", "Colombian", "Daur", "Daur", "Daur", "Daur", "Daur", "Druze", "Druze", "Druze", "Kalash", "Kalash", "Kalash", "Kalash", "Lahu", "Lahu", "Mandenka", "Mandenka", "Mandenka", "Maya", "Maya", "Maya", "MbutiPygmy", "MbutiPygmy", "Melanesian", "Melanesian", "Melanesian", "Mongola", "Mongola", "Mongola", "Mozabite", "Mozabite", "Mozabite", "Palestinian", "Papuan", "Papuan", "Pima", "San", "Uygur"],
  "targets": ["Basque", "Bedouin", "Cambodian", "Druze", "Melanesian", "Mozabite", "Russian", "Basque", "Kalash", "Palestinian", "Pima", "Uygur", "BantuSouthAfrica", "Mandenka", "MbutiPygmy", "Yoruba", "BiakaPygmy", "Mandenka", "MbutiPygmy", "Yoruba", "Mozabite", "Russian", "Cambodian", "Druze", "Mozabite", "Palestinian", "Russian", "MbutiPygmy", "San", "Yoruba", "Colombian", "Daur", "Papuan", "Pima", "Yoruba", "Lahu", "Uygur", "Yi", "Maya", "Mongola", "Pima", "San", "Yi", "Lahu", "Melanesian", "Mongola", "Uygur", "Yi", "Kalash", "Palestinian", "Russian", "Maya", "Palestinian", "Russian", "Uygur", "Papuan", "Yakut", "MbutiPygmy", "Mozabite", "Yoruba", "Mongola", "Pima", "Yi", "San", "Yoruba", "Papuan", "Russian", "San", "Uygur", "Yakut", "Yi", "Palestinian", "Pima", "Uygur", "Russian", "Uygur", "Yakut", "Yakut", "Yoruba", "Yi"],
  "weights": [3.2396, 1.6736, 3.8157, 1.8902, 4.352, 2.162, 1.6538, 3.6354, 2.7563, 2.3213, 3.5809, 3.3397, 4.0457, 3.6616, 4.616, 3.3474, 4.3057, 4.2413, 4.7457, 4.2903, 3.3816, 3.1869, 4.7987, 1.7475, 1.6954, 1.8337, 1.7787, 5.414, 7.6573, 4.9588, 6.6473, 5.0465, 4.7477, 4.5688, 6.2014, 3.5035, 3.8629, 3.3527, 3.8448, 5.036, 5.3203, 10.0472, 5.0713, 2.9977, 3.6008, 2.5978, 2.6612, 2.7376, 2.7756, 1.8348, 1.7324, 3.941, 2.7961, 3.1932, 3.5051, 3.6066, 2.9389, 4.0688, 5.4151, 3.7121, 3.3068, 3.3515, 3.0381, 7.7046, 4.466, 2.7982, 3.6174, 8.2169, 3.2386, 2.6385, 2.3293, 2.1654, 3.3211, 3.256, 2.1066, 4.7923, 3.4562, 3.9637, 6.5117, 3.2123],
  "loci": ["rs1837705", "rs7598019", "rs2340814", "rs17425932", "rs713446", "rs713447", "rs10194161", "rs4952709", "rs4953081", "rs7580016", "rs2005203", "rs17607721", "rs698761", "rs4953085", "rs9309116", "rs4953089", "rs12472538", "rs7596887", "rs11680553", "rs698774", "rs13406580", "rs6713213", "rs1085489", "rs1067345", "rs10495917", "rs1067339", "rs1067332", "rs17498753", "rs1067364", "rs1067359", "rs10514791", "rs13414205", "rs1085448", "rs10514792", "rs1067350", "rs17498998", "rs1067406", "rs9808066", "rs698793", "rs698798"]
}
