{
  "id": "EdgeSet0922",
  "sources": ["Adygei", "Adygei", "Adygei", "Adygei", "Adygei", "Adygei", "Adygei", "Balochi", "Balochi", "BantuKenya", "BantuKenya", "BantuKenya", "BantuKenya", "BantuKenya", "BantuKenya", "BantuSouthAfrica", "BantuSouthAfrica", "BantuSouthAfrica", "BantuSouthAfrica", "Basque", "Basque", "Basque", "Basque", "Basque", "Basque", "Basque", "Bedouin", "Bedouin", "Bedouin", "BiakaPygmy", "BiakaPygmy", "BiakaPygmy", "Burusho", "Burusho", "Burusho", "Cambodian", "Cambodian", "Cambodian", "Cambodian", "Colombian", "Colombian", "Daur", "Daur", "Daur", "Daur", "Daur", "Daur", "Druze", "Druze", "Kalash", "Kalash", "Lahu", "Lahu", "Lahu", "Mandenka", "Maya", "MbutiPygmy", "Melanesian", "Melanesian", "Melanesian", "Mongola", "Mozabite", "Mozabite", "Pima", "Russian", "San", "Uygur", "Uygur"],
  "targets": ["Balochi", "Burusho", "Colombian", "Druze", "Kalash", "Palestinian", "Yakut", "Druze", "Maya", "BantuSouthAfrica", "Burusho", "Mandenka", "Mongola", "Papuan", "Yoruba", "BiakaPygmy", "MbutiPygmy", "San", "Yoruba", "Bedouin", "Burusho", "Kalash", "Mozabite", "Palestinian", "Russian", "San", "Druze", "Mozabite", "Palestinian", "Mandenka", "MbutiPygmy", "San", "Cambodian", "Papuan", "Yakut", "Lahu", "Melanesian", "Mongola", "Papuan", "Maya", "Pima", "Lahu", "Melanesian", "Mongola", "Pima", "Uygur", "Yakut", "Palestinian", "Russian", "Palestinian", "Russian", "Melanesian", "Uygur", "Yi", "Yoruba", "Pima", "San", "Mongola", "Papuan", "Yi", "Papuan", "Palestinian", "Russian", "Uygur", "Uygur", "Yakut", "Yakut", "Yi"],
  "weights": [2.4974, 3.4383, 4.534, 2.0838, 2.3778, 2.2041, 4.318, 2.4622, 4.174, 4.6712, 4.15, 2.87, 3.7761, 4.5074, 2.9019, 6.571, 7.5679, 9.8627, 4.4651, 2.9074, 4.5633, 3.0615, 2.902, 2.7151, 2.6384, 10.6266, 1.3218, 2.0283, 1.7058, 5.2541, 7.2888, 8.8914, 3.3827, 3.9981, 4.0879, 2.3114, 3.3, 2.737, 3.227, 2.0845, 1.8681, 2.9454, 3.4637, 2.0217, 5.3936, 2.4194, 2.5977, 1.7656, 1.7236, 2.0233, 2.1557, 4.5798, 2.7164, 2.6459, 2.421, 2.0483, 9.9397, 2.9736, 2.2182, 3.9917, 2.9789, 1.7867, 2.2596, 4.2299, 2.6923, 9.783, 2.7998, 2.3413],
  "loci": ["rs6716842", "rs4850933", "rs2309862", "rs1519661", "rs753439", "rs1519654", "rs10183360", "rs6709376", "rs4851323", "rs876143", "rs12614705", "rs869840", "rs17024477", "rs1519662", "rs11123835", "rs9917224", "rs6730933", "rs4851333", "rs2971007", "rs13005184", "rs2946588", "rs2970990", "rs11678350", "rs13392981", "rs11123838", "rs4261746", "rs4851346", "rs2971015", "rs11123839", "rs1879121", "rs2222282", "rs7570854", "rs4641958", "rs4599142", "rs6542972", "rs4396744", "rs4513317", "rs4851365", "rs2970984", "rs870321"]
}
