{
  "id": "EdgeSet0904",
  "sources": ["Adygei", "Balochi", "Balochi", "Balochi", "Balochi", "Balochi", "Balochi", "Balochi", "Balochi", "Balochi", "BantuKenya", "BantuKenya", "BantuKenya", "BantuKenya", "BantuKenya", "BantuSouthAfrica", "BantuSouthAfrica", "BantuSouthAfrica", "Basque", "Basque", "Basque", "Basque", "Bedouin", "Bedouin", "Bedouin", "Bedouin", "BiakaPygmy", "BiakaPygmy", "BiakaPygmy", "Burusho", "Burusho", "Burusho", "Burusho", "Burusho", "Cambodian", "Cambodian", "Cambodian", "Cambodian", "Cambodian", "Colombian", "Colombian", "Colombian", "Daur", "Daur", "Daur", "Daur", "Druze", "Druze", "Druze", "Kalash", "Lahu", "Lahu", "Lahu", "Lahu", "Mandenka", "Maya", "Maya", "MbutiPygmy", "Melanesian", "Melanesian", "Mongola", "Mongola", "Mozabite", "Palestinian", "Papuan", "Russian", "Russian"],
  "targets": ["Balochi", "Basque", "Burusho", "Cambodian", "Druze", "Kalash", "Maya", "Melanesian", "Mongola", "Russian", "BantuSouthAfrica", "BiakaPygmy", "Mandenka", "MbutiPygmy", "Yoruba", "Mandenka", "San", "Yoruba", "Druze", "Mozabite", "Russian", "Uygur", "Druze", "Mozabite", "Palestinian", "Uygur", "MbutiPygmy", "Papuan", "San", "Kalash", "Maya", "Melanesian", "Mongola", "Palestinian", "Daur", "Mandenka", "Maya", "Mongola", "Yakut", "Daur", "Maya", "Pima", "Lahu", "Mongola", "Pima", "Uygur", "Kalash", "Mozabite", "Palestinian", "Lahu", "Melanesian", "Mongola", "Uygur", "Yi", "Yoruba", "Pima", "Yi", "San", "Papuan", "Yakut", "Uygur", "Yi", "Russian", "Uygur", "Yakut", "San", "Uygur"],
  "weights": [2.4614, 3.1639, 2.6242, 3.1742, 2.3918, 2.8159, 3.1726, 2.9478, 3.8899, 3.845, 3.2527, 4.394, 2.7231, 5.2896, 2.4116, 2.8818, 3.9789, 2.3881, 3.0996, 3.1365, 2.9623, 3.3798, 2.188, 2.0414, 1.8917, 2.7616, 5.2768, 7.4087, 5.6863, 2.2361, 3.4753, 3.0924, 3.4533, 2.9418, 2.0544, 4.5135, 2.775, 2.304, 2.2709, 3.1634, 1.8566, 1.4044, 2.7624, 2.5827, 3.5841, 3.3676, 2.6543, 1.9279, 2.2521, 4.0451, 3.5518, 2.8897, 3.1656, 2.3071, 2.0627, 2.2173, 2.6071, 5.7442, 5.1924, 2.6793, 3.1317, 2.5635, 4.5464, 2.7834, 4.3883, 6.6748, 3.7573],
  "loci": ["rs2276645", "rs1020396", "rs11683207", "rs11123869", "rs11687510", "rs6736735", "rs13033383", "rs6714710", "rs895437", "rs4851462", "rs746004", "rs1466020", "rs6875", "rs5865", "rs2305142", "rs6748809", "rs3821053", "rs17489287", "rs17022209", "rs7570009", "rs718159", "rs6728312", "rs2278700", "rs10208070", "rs10176201", "rs13000585", "rs10520549", "rs1578957", "rs10168709", "rs2309314", "rs10432626", "rs7588227", "rs11123966", "rs10184457", "rs6726775", "rs7600204", "rs10209970", "rs12989231", "rs6744943", "rs17025778"]
}
