{
  "id": "EdgeSet0959",
  "sources": ["Adygei", "Adygei", "Adygei", "Adygei", "Adygei", "Balochi", "Balochi", "Balochi", "Balochi", "BantuKenya", "BantuKenya", "BantuKenya", "BantuKenya", "BantuKenya", "BantuSouthAfrica", "BantuSouthAfrica", "BantuSouthAfrica", "BantuSouthAfrica", "BantuSouthAfrica", "Basque", "Basque", "Basque", "Basque", "Basque", "Bedouin", "Bedouin", "BiakaPygmy", "BiakaPygmy", "BiakaPygmy", "Burusho", "Burusho", "Cambodian", "Cambodian", "Cambodian", "Cambodian", "Cambodian", "Cambodian", "Colombian", "Colombian", "Colombian", "Colombian", "Colombian", "Daur", "Daur", "Druze", "Druze", "Kalash", "Lahu", "Lahu", "Lahu", "Mandenka", "Maya", "Maya", "Maya", "Maya", "Maya", "MbutiPygmy", "Melanesian", "Melanesian", "Melanesian", "Mongola", "Mongola", "Mozabite", "Palestinian", "Papuan", "Russian", "Uygur"],
  "targets": ["Balochi", "Bedouin", "Burusho", "Palestinian", "Russian", "Bedouin", "Druze", "Mozabite", "Russian", "BiakaPygmy", "Daur", "Mandenka", "MbutiPygmy", "Yoruba", "BiakaPygmy", "Colombian", "Mandenka", "Pima", "Yoruba", "Burusho", "Druze", "Pima", "Russian", "Uygur", "Druze", "Mozabite", "Mandenka", "MbutiPygmy", "San", "Kalash", "Maya", "Daur", "Maya", "Papuan", "Yakut", "Yi", "Yoruba", "Druze", "Lahu", "Maya", "Pima", "Yi", "Kalash", "Mongola", "Mozabite", "Palestinian", "Yakut", "Russian", "Yakut", "Yi", "Yoruba", "Melanesian", "Mozabite", "Papuan", "Uygur", "Yakut", "San", "Papuan", "Pima", "Uygur", "Uygur", "Yi", "Palestinian", "Russian", "Uygur", "Yi", "Yakut"],
  "weights": [2.1092, 2.4952, 3.1662, 2.1299, 2.489, 1.9185, 1.9609, 1.9847, 1.9867, 4.1388, 5.0944, 3.4989, 5.5879, 4.1791, 5.0046, 5.1637, 3.1997, 5.7294, 3.9619, 4.1533, 3.1452, 4.8998, 3.1315, 3.8994, 2.0024, 1.6613, 3.8447, 4.0501, 6.3641, 3.8419, 3.5378, 3.1448, 2.7566, 3.24, 2.7295, 2.8979, 4.0456, 3.3723, 4.665, 3.5033, 3.9899, 4.2706, 3.5343, 1.9028, 1.917, 1.8819, 3.069, 5.0976, 3.2412, 3.3602, 2.8631, 3.2706, 3.0118, 3.1648, 2.4195, 2.5453, 6.4194, 2.3682, 4.9854, 3.031, 2.5385, 3.056, 1.963, 2.1558, 3.0551, 3.8067, 2.2991],
  "loci": ["rs6713364", "rs7571677", "rs17627543", "rs17627584", "rs4851705", "rs1517854", "rs6735422", "rs6721646", "rs17679436", "rs12623155", "rs17020855", "rs4851712", "rs6739285", "rs1474081", "rs4851042", "rs12615966", "rs428917", "rs442203", "rs403491", "rs444636", "rs376337", "rs435454", "rs1349512", "rs6714493", "rs10197031", "rs3739154", "rs11124005", "rs732278", "rs1159964", "rs1376614", "rs2060783", "rs751903", "rs6743963", "rs1026220", "rs6719286", "rs993557", "rs1005999", "rs1947307", "rs7582122", "rs6734108"]
}
