{
  "id": "EdgeSet0888",
  "sources": ["Adygei", "Adygei", "Adygei", "Adygei", "Adygei", "Balochi", "Balochi", "Balochi", "Balochi", "Balochi", "Balochi", "Balochi", "BantuKenya", "BantuKenya", "BantuKenya", "BantuKenya", "BantuKenya", "BantuKenya", "BantuSouthAfrica", "BantuSouthAfrica", "BantuSouthAfrica", "BantuSouthAfrica", "Basque", "Basque", "Basque", "Basque", "Bedouin", "Bedouin", "Bedouin", "Bedouin", "BiakaPygmy", "BiakaPygmy", "BiakaPygmy", "BiakaPygmy", "Burusho", "Burusho", "Burusho", "Burusho", "Burusho", "Cambodian", "Cambodian", "Cambodian", "Cambodian", "Cambodian", "Colombian", "Colombian", "Colombian", "Colombian", "Colombian", "Daur", "Daur", "Daur", "Daur", "Daur", "Daur", "Druze", "Druze", "Druze", "Kalash", "Kalash", "Kalash", "Lahu", "Lahu", "Lahu", "Lahu", "Mandenka", "Mandenka", "Maya", "MbutiPygmy", "Melanesian", "Melanesian", "Melanesian", "Mongola", "Mozabite", "Mozabite", "Palestinian", "Papuan", "Uygur", "Yakut"],
  "targets": ["Basque", "Burusho", "Druze", "Mozabite", "Yoruba", "Bedouin", "Cambodian", "Daur", "Druze", "Maya", "Melanesian", "Uygur", "BantuSouthAfrica", "BiakaPygmy", "Mandenka", "MbutiPygmy", "San", "Yoruba", "BiakaPygmy", "Mandenka", "San", "Yoruba", "Burusho", "Mozabite", "Papuan", "Russian", "Druze", "Kalash", "Mozabite", "Palestinian", "MbutiPygmy", "Russian", "San", "Yoruba", "Daur", "Druze", "Kalash", "Pima", "Uygur", "Colombian", "Lahu", "Mongola", "Papuan", "Yakut", "Lahu", "Maya", "MbutiPygmy", "Pima", "San", "Kalash", "Melanesian", "Mongola", "Papuan", "Yakut", "Yi", "Kalash", "Mozabite", "Palestinian", "Palestinian", "Pima", "Russian", "Mongola", "Papuan", "Yakut", "Yi", "MbutiPygmy", "Yoruba", "Pima", "San", "Papuan", "Pima", "Uygur", "Yi", "Palestinian", "Uygur", "Uygur", "San", "Yakut", "Yi"],
  "weights": [2.2477, 3.07, 2.1181, 2.4306, 5.6725, 1.9113, 2.4902, 3.4336, 2.1049, 3.4316, 3.1905, 2.3594, 4.6729, 4.8311, 2.7528, 5.0702, 6.0655, 2.7884, 6.7651, 4.644, 6.5572, 4.1049, 3.891, 2.6001, 4.567, 3.0563, 1.8717, 2.7233, 1.8627, 1.8911, 6.4799, 7.0863, 7.6171, 4.7376, 2.4692, 2.706, 3.1096, 5.9922, 2.1847, 3.7884, 1.6851, 1.9559, 4.5072, 1.8002, 4.0592, 2.6414, 6.488, 5.1339, 7.9174, 3.4089, 3.4359, 2.2722, 3.7095, 1.7367, 2.3739, 3.6409, 2.2535, 2.2017, 2.7387, 5.6718, 3.8093, 1.951, 4.3085, 1.8922, 2.1689, 5.3558, 2.3341, 4.0858, 6.0475, 3.0186, 5.9438, 3.1191, 1.8152, 2.3897, 3.3867, 2.6963, 7.9913, 2.4461, 2.116],
  "loci": ["rs2367575", "rs1437614", "rs4832300", "rs6752371", "rs12714198", "rs13023294", "rs12623509", "rs11894098", "rs7585722", "rs7586028", "rs11127047", "rs4832045", "rs396354", "rs433655", "rs1370452", "rs6547701", "rs308921", "rs308922", "rs12997796", "rs4832311", "rs2887012", "rs938486", "rs2271666", "rs11547281", "rs938487", "rs3810831", "rs6753271", "rs6547705", "rs13001400", "rs4832054", "rs13400210", "rs12621901", "rs6709175", "rs1518722", "rs4971995", "rs4972001", "rs6710843", "rs12714206", "rs7075", "rs11684204"]
}
