{
  "id": "EdgeSet0179",
  "sources": ["Adygei", "Adygei", "Adygei", "Balochi", "Balochi", "Balochi", "Balochi", "Balochi", "Balochi", "BantuKenya", "BantuKenya", "BantuKenya", "BantuKenya", "BantuKenya", "BantuSouthAfrica", "BantuSouthAfrica", "BantuSouthAfrica", "BantuSouthAfrica", "Basque", "Basque", "Basque", "Basque", "Bedouin", "Bedouin", "Bedouin", "Bedouin", "Bedouin", "BiakaPygmy", "BiakaPygmy", "Burusho", "Burusho", "Burusho", "Burusho", "Burusho", "Cambodian", "Cambodian", "Cambodian", "Colombian", "Colombian", "Colombian", "Daur", "Daur", "Daur", "Daur", "Druze", "Druze", "Druze", "Druze", "Lahu", "Lahu", "Mandenka", "Mandenka", "Maya", "Maya", "MbutiPygmy", "MbutiPygmy", "Melanesian", "Melanesian", "Mongola", "Mongola", "Mongola", "Mongola", "Mozabite", "Mozabite", "Palestinian", "Papuan", "Papuan", "Papuan", "Pima", "Russian", "Uygur", "Yakut"],
  "targets": ["Basque", "Druze", "Kalash", "Basque", "Bedouin", "Maya", "Palestinian", "Papuan", "Pima", "BantuSouthAfrica", "BiakaPygmy", "Mandenka", "Papuan", "Yoruba", "Mandenka", "MbutiPygmy", "San", "Yoruba", "Kalash", "Mozabite", "Russian", "San", "Burusho", "Druze", "Kalash", "Mozabite", "Palestinian", "MbutiPygmy", "San", "Colombian", "Kalash", "Mozabite", "Uygur", "Yakut", "Daur", "Melanesian", "Yi", "Maya", "Pima", "San", "Lahu", "Melanesian", "Mongola", "Uygur", "Mozabite", "Palestinian", "Pima", "Russian", "Papuan", "Yi", "Mozabite", "Yoruba", "Papuan", "Pima", "San", "Yoruba", "Mongola", "Pima", "Papuan", "Uygur", "Yakut", "Yi", "Palestinian", "Uygur", "Pima", "Pima", "San", "Uygur", "Russian", "Uygur", "Yakut", "Yi"],
  "weights": [2.0098, 1.9201, 1.962, 2.4212, 1.7832, 3.4373, 1.8597, 5.3652, 3.3781, 3.9117, 5.4641, 2.9566, 5.8961, 2.8427, 3.1044, 7.0557, 8.8696, 3.8352, 2.2452, 2.018, 2.1293, 11.4037, 2.1995, 1.4496, 1.8745, 1.7152, 1.247, 7.2834, 9.5001, 4.746, 2.6757, 2.659, 2.4246, 2.9862, 2.8018, 2.8793, 2.5959, 2.9728, 4.2621, 12.1811, 3.2919, 2.8031, 2.4133, 3.0202, 1.9356, 1.5381, 3.5129, 1.5956, 2.9124, 2.3058, 4.0977, 2.4192, 5.5724, 3.8998, 10.9494, 6.7686, 2.9674, 3.5996, 3.7022, 2.823, 2.6448, 2.4465, 1.9248, 3.2316, 3.5028, 5.171, 12.5118, 4.1126, 4.2609, 2.1878, 2.1, 3.1427],
  "loci": ["rs12710675", "rs1367160", "rs1156704", "rs6531084", "rs6757623", "rs2340759", "rs983249", "rs1430060", "rs1835319", "rs1367158", "rs11884584", "rs2115849", "rs16982320", "rs4832591", "rs2115850", "rs934224", "rs6746008", "rs7563815", "rs4832615", "rs13012094", "rs10185113", "rs1430045", "rs1897098", "rs4832633", "rs6531153", "rs10175438", "rs12469770", "rs1346752", "rs1346753", "rs1430054", "rs12463697", "rs4240228", "rs6705856", "rs7604116", "rs6714955", "rs4560110", "rs4416216", "rs4832647", "rs4497881", "rs4441471"]
}
