{
  "id": "EdgeSet0236",
  "sources": ["Adygei", "Adygei", "Adygei", "Adygei", "Adygei", "Adygei", "Adygei", "Adygei", "Adygei", "Balochi", "Balochi", "Balochi", "Balochi", "Balochi", "Balochi", "Balochi", "BantuKenya", "BantuKenya", "BantuKenya", "BantuKenya", "BantuSouthAfrica", "BantuSouthAfrica", "BantuSouthAfrica", "BantuSouthAfrica", "Basque", "Basque", "Basque", "Basque", "Basque", "Bedouin", "Bedouin", "Bedouin", "Bedouin", "Bedouin", "BiakaPygmy", "BiakaPygmy", "BiakaPygmy", "Burusho", "Burusho", "Burusho", "Burusho", "Cambodian", "Cambodian", "Cambodian", "Colombian", "Colombian", "Colombian", "Colombian", "Colombian", "Daur", "Daur", "Daur", "Daur", "Kalash", "Kalash", "Lahu", "Lahu", "Lahu", "Lahu", "Mandenka", "Mandenka", "Maya", "Maya", "MbutiPygmy", "MbutiPygmy", "Melanesian", "Melanesian", "Mongola", "Mongola", "Mongola", "Mozabite", "Papuan", "Papuan", "Pima", "Russian", "Yakut"],
  "targets": ["Basque", "Bedouin", "Druze", "Kalash", "Mongola", "Palestinian", "Russian", "Uygur", "Yakut", "Basque", "Bedouin", "Burusho", "Kalash", "Pima", "Russian", "Uygur", "BantuSouthAfrica", "Mandenka", "Mozabite", "Yoruba", "BiakaPygmy", "MbutiPygmy", "San", "Yoruba", "Bedouin", "Colombian", "Druze", "Kalash", "Palestinian", "Cambodian", "Druze", "Mozabite", "Palestinian", "Yakut", "Mandenka", "MbutiPygmy", "San", "Druze", "Kalash", "Lahu", "Pima", "Melanesian", "Yakut", "Yi", "Maya", "Mongola", "Papuan", "Pima", "San", "Kalash", "Maya", "Mongola", "Uygur", "Melanesian", "Yi", "Melanesian", "Mongola", "Papuan", "Yi", "Mozabite", "Yoruba", "Pima", "Uygur", "Russian", "San", "Papuan", "Yi", "Pima", "Uygur", "Yi", "Palestinian", "Russian", "Yakut", "Uygur", "Yakut", "Yi"],
  "weights": [2.111, 2.1794, 2.205, 1.955, 3.5435, 2.1528, 3.3007, 2.415, 2.7521, 2.471, 3.0913, 2.9314, 2.0573, 3.4983, 3.0792, 2.9653, 3.4472, 3.1972, 3.6347, 3.4769, 4.6487, 4.7798, 7.1369, 4.4381, 2.0186, 5.4038, 1.9831, 1.9144, 1.868, 2.9733, 1.9962, 2.6738, 1.7998, 3.9433, 4.8235, 4.5487, 7.1132, 3.1514, 2.3266, 3.1048, 4.1462, 2.4965, 3.0174, 2.4361, 3.4299, 3.5577, 6.6522, 3.3737, 10.388, 2.129, 1.5849, 1.9127, 2.2174, 1.816, 2.1554, 2.1076, 2.4412, 3.7103, 1.9067, 4.1682, 2.39, 1.6228, 2.2605, 6.8109, 7.1579, 3.8759, 1.9642, 2.5612, 2.6441, 2.2613, 2.758, 5.49, 4.543, 2.8285, 4.0717, 2.174],
  "loci": ["rs6708716", "rs6547818", "rs11899107", "rs1993103", "rs10495716", "rs17042892", "rs10495717", "rs1901346", "rs12464757", "rs11891720", "rs7568769", "rs1562900", "rs949978", "rs17402243", "rs7580544", "rs7587610", "rs10495722", "rs10176990", "rs6547953", "rs11686682", "rs11678709", "rs1519491", "rs7575592", "rs1607581", "rs6743971", "rs6548001", "rs13024007", "rs10206997", "rs6761032", "rs717966", "rs329763", "rs1371175", "rs329750", "rs6543619", "rs10495725", "rs12615054", "rs329788", "rs17043252", "rs10180600", "rs328539"]
}
