{
  "id": "EdgeSet0368",
  "sources": ["Adygei", "Adygei", "Adygei", "Adygei", "Adygei", "Balochi", "Balochi", "Balochi", "BantuKenya", "BantuKenya", "BantuKenya", "BantuKenya", "BantuSouthAfrica", "BantuSouthAfrica", "BantuSouthAfrica", "BantuSouthAfrica", "Basque", "Basque", "Basque", "Basque", "Bedouin", "Bedouin", "Bedouin", "Bedouin", "Bedouin", "BiakaPygmy", "BiakaPygmy", "BiakaPygmy", "BiakaPygmy", "Burusho", "Burusho", "Burusho", "Burusho", "Burusho", "Cambodian", "Cambodian", "Cambodian", "Cambodian", "Colombian", "Colombian", "Colombian", "Colombian", "Daur", "Daur", "Daur", "Daur", "Druze", "Druze", "Druze", "Kalash", "Kalash", "Kalash", "Lahu", "Lahu", "Lahu", "Lahu", "Mandenka", "Mandenka", "Maya", "MbutiPygmy", "MbutiPygmy", "MbutiPygmy", "Melanesian", "Melanesian", "Mongola", "Mongola", "Mongola", "Mozabite", "Mozabite", "Mozabite", "Palestinian", "Palestinian", "Papuan", "San", "San"],
  "targets": ["Basque", "Druze", "Kalash", "MbutiPygmy", "Russian", "Bedouin", "Druze", "Palestinian", "BantuSouthAfrica", "Mandenka", "San", "Yoruba", "BiakaPygmy", "Lahu", "Mandenka", "Yoruba", "Burusho", "Mozabite", "Russian", "San", "Druze", "Kalash", "Mozabite", "Palestinian", "Russian", "Mandenka", "MbutiPygmy", "San", "Yoruba", "Daur", "Melanesian", "Russian", "Uygur", "Yakut", "Colombian", "Lahu", "Maya", "Yi", "Maya", "Papuan", "Pima", "San", "Mongola", "Uygur", "Yakut", "Yi", "Kalash", "Palestinian", "Yi", "Lahu", "Mozabite", "Uygur", "Melanesian", "Mongola", "Papuan", "Yi", "Mozabite", "Yoruba", "Pima", "Melanesian", "Pima", "San", "Papuan", "Yakut", "Uygur", "Yakut", "Yi", "Papuan", "San", "Yakut", "Russian", "Yi", "Yi", "Yakut", "Yoruba"],
  "weights": [3.8697, 2.2793, 2.1427, 5.0199, 2.4146, 1.6, 1.1418, 1.5587, 3.3433, 2.7024, 7.7493, 2.5972, 3.9306, 4.2269, 3.1439, 3.1347, 4.3952, 4.4215, 3.757, 9.2795, 1.7146, 1.8586, 2.4499, 1.7925, 2.1931, 4.6616, 4.6495, 8.1217, 4.1407, 2.8933, 3.8293, 3.1591, 2.6764, 3.6994, 4.1347, 2.1235, 2.9955, 2.7674, 2.8001, 6.0247, 4.1259, 8.8024, 2.4461, 2.5972, 2.881, 2.2282, 1.8537, 1.8014, 2.7217, 3.477, 2.7061, 2.4021, 4.0582, 3.0214, 4.9696, 3.0136, 3.5482, 2.8418, 2.836, 5.6019, 5.5689, 7.69, 2.8482, 4.4904, 2.4949, 2.9821, 2.2862, 4.1673, 8.5783, 4.685, 2.4617, 3.6177, 3.7059, 9.2419, 7.6875],
  "loci": ["rs12475063", "rs3930196", "rs6747236", "rs7586691", "rs4670506", "rs13393017", "rs13431175", "rs10203034", "rs954788", "rs1356728", "rs4670519", "rs7592322", "rs6543981", "rs6751249", "rs6711702", "rs11885738", "rs7591397", "rs10173700", "rs1401775", "rs7591464", "rs10193157", "rs10495849", "rs1401777", "rs2968577", "rs1533969", "rs2949057", "rs935920", "rs2949065", "rs12712470", "rs1533971", "rs10495854", "rs2968602", "rs7355533", "rs11900940", "rs1880256", "rs2949081", "rs2968629", "rs17017895", "rs13409385", "rs1721781"]
}
