{
  "id": "EdgeSet0335",
  "sources": ["Adygei", "Adygei", "Adygei", "Adygei", "Adygei", "Adygei", "Balochi", "Balochi", "Balochi", "Balochi", "Balochi", "BantuKenya", "BantuKenya", "BantuKenya", "BantuKenya", "BantuKenya", "BantuSouthAfrica", "BantuSouthAfrica", "Basque", "Basque", "Basque", "Basque", "Bedouin", "Bedouin", "Bedouin", "BiakaPygmy", "BiakaPygmy", "BiakaPygmy", "BiakaPygmy", "Burusho", "Burusho", "Burusho", "Burusho", "Burusho", "Cambodian", "Cambodian", "Cambodian", "Cambodian", "Colombian", "Colombian", "Colombian", "Colombian", "Colombian", "Daur", "Daur", "Daur", "Druze", "Druze", "Druze", "Druze", "Druze", "Kalash", "Kalash", "Kalash", "Kalash", "Kalash", "Kalash", "Kalash", "Lahu", "Lahu", "Mandenka", "Maya", "MbutiPygmy", "MbutiPygmy", "Melanesian", "Melanesian", "Mongola", "Mongola", "Mozabite", "Mozabite", "Mozabite", "Palestinian", "Papuan", "Papuan", "Pima", "Russian", "Uygur"],
  "targets": ["Basque", "Burusho", "Maya", "Papuan", "Pima", "Russian", "Bedouin", "Burusho", "Kalash", "Palestinian", "Uygur", "BantuSouthAfrica", "Bedouin", "BiakaPygmy", "Mandenka", "Yoruba", "MbutiPygmy", "Yoruba", "Bedouin", "Burusho", "Druze", "San", "Druze", "Kalash", "Palestinian", "Mandenka", "MbutiPygmy", "Mozabite", "San", "Kalash", "Melanesian", "Palestinian", "San", "Uygur", "Lahu", "Mongola", "Papuan", "Uygur", "Kalash", "Maya", "Pima", "Uygur", "Yakut", "Pima", "Yakut", "Yi", "Lahu", "Melanesian", "Mozabite", "Palestinian", "Russian", "Maya", "Melanesian", "Palestinian", "Pima", "Russian", "Yi", "Yoruba", "Mongola", "Yi", "Yoruba", "Yakut", "San", "Yoruba", "Papuan", "Yoruba", "Yakut", "Yi", "Palestinian", "Papuan", "San", "Russian", "San", "Uygur", "Yakut", "Yakut", "Yi"],
  "weights": [3.585, 3.5294, 3.1892, 4.0481, 3.7334, 2.445, 2.1506, 3.8522, 2.961, 2.0921, 3.5858, 3.3888, 3.7403, 3.8206, 2.4401, 3.1212, 5.2831, 3.3312, 3.5693, 4.5351, 3.6778, 9.156, 2.4608, 3.018, 1.9394, 3.8129, 3.3117, 4.6084, 7.0887, 4.1756, 4.7636, 4.5406, 9.8159, 4.2844, 4.1291, 2.7937, 5.1149, 3.8696, 4.9163, 2.7754, 2.9061, 3.3921, 2.5841, 3.4639, 1.8081, 2.2195, 4.7871, 4.1204, 3.1756, 2.454, 2.9431, 4.1611, 4.2041, 2.8232, 5.1936, 3.1673, 3.5965, 4.7381, 3.3092, 2.9356, 3.315, 2.8045, 7.7369, 5.5354, 3.9259, 5.2611, 2.6844, 2.3018, 3.0499, 4.9962, 8.4598, 2.5048, 10.0625, 4.1105, 3.003, 2.9238, 3.1287],
  "loci": ["rs219099", "rs13030608", "rs219101", "rs218178", "rs218209", "rs218214", "rs17012565", "rs218218", "rs11124305", "rs10490450", "rs218223", "rs11904654", "rs218224", "rs11124308", "rs17325551", "rs218186", "rs7583121", "rs17397526", "rs218193", "rs7608890", "rs4952342", "rs218197", "rs218203", "rs218204", "rs17397603", "rs897090", "rs1545550", "rs1545552", "rs6705263", "rs11685178", "rs6737948", "rs2045129", "rs1902049", "rs10432656", "rs6715793", "rs17012623", "rs17012632", "rs6728094", "rs10201620", "rs6708836"]
}
