{
  "id": "EdgeSet0742",
  "sources": ["Adygei", "Adygei", "Adygei", "Adygei", "Adygei", "Adygei", "Balochi", "Balochi", "Balochi", "BantuKenya", "BantuKenya", "BantuKenya", "BantuKenya", "BantuKenya", "BantuSouthAfrica", "BantuSouthAfrica", "BantuSouthAfrica", "BantuSouthAfrica", "BantuSouthAfrica", "BantuSouthAfrica", "BantuSouthAfrica", "Basque", "Basque", "Basque", "Basque", "Bedouin", "Bedouin", "Bedouin", "Bedouin", "Bedouin", "Bedouin", "BiakaPygmy", "BiakaPygmy", "BiakaPygmy", "BiakaPygmy", "Burusho", "Burusho", "Burusho", "Burusho", "Burusho", "Burusho", "Burusho", "Cambodian", "Cambodian", "Cambodian", "Cambodian", "Colombian", "Colombian", "Colombian", "Daur", "Daur", "Daur", "Druze", "Druze", "Druze", "Kalash", "Kalash", "Lahu", "Lahu", "Mandenka", "Mandenka", "Mandenka", "Maya", "Maya", "Melanesian", "Mongola", "Mongola", "Mongola", "Mozabite", "Mozabite", "Mozabite", "Palestinian", "Palestinian", "Pima", "San", "Uygur", "Uygur", "Yakut"],
  "targets": ["Balochi", "Burusho", "Cambodian", "Colombian", "Lahu", "Russian", "Palestinian", "Pima", "Russian", "BantuSouthAfrica", "BiakaPygmy", "Mandenka", "MbutiPygmy", "Yoruba", "BiakaPygmy", "Kalash", "Lahu", "Mandenka", "MbutiPygmy", "San", "Yoruba", "Cambodian", "Papuan", "Pima", "Russian", "Druze", "Maya", "Palestinian", "Pima", "Russian", "Yi", "Colombian", "MbutiPygmy", "San", "Yoruba", "Druze", "Kalash", "Maya", "Melanesian", "Mozabite", "Palestinian", "Uygur", "Lahu", "Papuan", "Uygur", "Yi", "Maya", "Palestinian", "Pima", "Mongola", "Yakut", "Yi", "Kalash", "Papuan", "Russian", "Palestinian", "Pima", "Melanesian", "San", "MbutiPygmy", "San", "Yoruba", "Pima", "Uygur", "Papuan", "Pima", "Yakut", "Yi", "Palestinian", "Papuan", "Yoruba", "Russian", "Uygur", "San", "Yoruba", "Yakut", "Yi", "Yi"],
  "weights": [1.8784, 2.2478, 2.8278, 4.2098, 3.5817, 1.6997, 1.5859, 3.0663, 1.6881, 3.6491, 4.3415, 3.2333, 4.1054, 2.6802, 4.7161, 4.9852, 5.8923, 3.9728, 4.5767, 7.3809, 3.3677, 3.4022, 3.8144, 3.8043, 2.1054, 1.7487, 2.3058, 1.4819, 2.7323, 1.5512, 2.245, 6.7744, 4.6426, 8.1423, 4.0916, 2.6976, 2.9555, 2.92, 3.5408, 3.3657, 2.0019, 2.142, 4.0722, 3.241, 2.2798, 2.3513, 3.0801, 4.34, 3.7014, 2.1193, 1.5494, 2.1034, 2.7031, 3.4202, 2.1186, 2.1772, 3.5023, 4.0681, 8.9737, 3.996, 7.1172, 2.7672, 2.9887, 2.4602, 3.0065, 4.5658, 2.2061, 2.7548, 2.1941, 3.4509, 3.7578, 1.5384, 1.7942, 9.4828, 7.0046, 2.1371, 2.0073, 1.9628],
  "loci": ["rs2041078", "rs6711824", "rs17697969", "rs1048747", "rs13003996", "rs740388", "rs758062", "rs3771464", "rs11894520", "rs2902577", "rs12470211", "rs13401890", "rs4852700", "rs759463", "rs6546618", "rs12476158", "rs3771456", "rs7597655", "rs3771452", "rs3755369", "rs3771450", "rs3771449", "rs11126290", "rs7597992", "rs3755366", "rs3755365", "rs2052273", "rs3771442", "rs3771437", "rs17006233", "rs3771434", "rs7584508", "rs1030044", "rs4852706", "rs11126291", "rs6707907", "rs1861451", "rs3755351", "rs17717177", "rs17006285"]
}
