{
  "id": "EdgeSet0860",
  "sources": ["Adygei", "Adygei", "Adygei", "Adygei", "Adygei", "Adygei", "Adygei", "Balochi", "Balochi", "Balochi", "Balochi", "Balochi", "Balochi", "BantuKenya", "BantuKenya", "BantuKenya", "BantuKenya", "BantuSouthAfrica", "BantuSouthAfrica", "BantuSouthAfrica", "BantuSouthAfrica", "Basque", "Basque", "Basque", "Basque", "Basque", "Basque", "Bedouin", "Bedouin", "Bedouin", "BiakaPygmy", "BiakaPygmy", "BiakaPygmy", "BiakaPygmy", "Burusho", "Burusho", "Burusho", "Burusho", "Burusho", "Cambodian", "Cambodian", "Cambodian", "Cambodian", "Cambodian", "Cambodian", "Colombian", "Colombian", "Colombian", "Colombian", "Colombian", "Daur", "Daur", "Daur", "Daur", "Druze", "Druze", "Kalash", "Kalash", "Kalash", "Kalash", "Lahu", "Lahu", "Lahu", "Lahu", "Lahu", "Mandenka", "Mandenka", "Mandenka", "Maya", "Maya", "Maya", "MbutiPygmy", "MbutiPygmy", "Melanesian", "Melanesian", "Melanesian", "Melanesian", "Mongola", "Mongola", "Mozabite", "Papuan", "Papuan", "Pima", "Yakut"],
  "targets": ["Balochi", "Basque", "Burusho", "Cambodian", "Mongola", "Palestinian", "Uygur", "BantuKenya", "Bedouin", "Druze", "Melanesian", "Mozabite", "Palestinian", "BantuSouthAfrica", "BiakaPygmy", "Mandenka", "Yoruba", "BiakaPygmy", "Mandenka", "San", "Yoruba", "Bedouin", "Colombian", "Kalash", "Mozabite", "Palestinian", "Russian", "Druze", "Mozabite", "Palestinian", "Mandenka", "MbutiPygmy", "San", "Yoruba", "Colombian", "Kalash", "Mongola", "Palestinian", "Uygur", "Daur", "Maya", "Melanesian", "Papuan", "Yakut", "Yi", "Daur", "Kalash", "Lahu", "Maya", "Pima", "Mongola", "Papuan", "Yakut", "Yi", "San", "Uygur", "Maya", "Mongola", "Palestinian", "Uygur", "Maya", "Palestinian", "Pima", "Uygur", "Yi", "MbutiPygmy", "Mozabite", "Yoruba", "Mozabite", "Pima", "Yi", "Russian", "San", "Papuan", "San", "Uygur", "Yakut", "Russian", "Yakut", "Yoruba", "San", "Uygur", "Yi", "Yi"],
  "weights": [2.0322, 2.2018, 1.9741, 2.1596, 1.8226, 1.8617, 1.7779, 4.3746, 1.6159, 2.0208, 2.9978, 2.2575, 1.6562, 2.703, 4.5962, 3.4016, 3.0072, 4.6719, 3.3415, 8.2739, 2.9236, 1.8724, 1.8668, 1.5726, 2.4515, 2.3222, 1.4614, 1.7951, 2.161, 1.4729, 5.2613, 8.3245, 9.5688, 4.5932, 1.7836, 1.688, 1.9604, 2.5886, 1.5113, 2.8765, 1.7494, 2.5329, 3.7159, 2.1713, 1.8604, 2.3234, 1.4664, 1.7872, 1.4987, 2.8411, 1.8887, 3.8003, 2.2812, 2.1149, 10.2403, 2.0879, 1.5125, 1.7542, 1.6581, 1.5331, 1.3778, 2.1175, 1.8225, 1.7579, 1.2348, 7.2537, 3.9415, 3.5597, 2.4921, 1.7714, 1.2852, 8.3189, 9.0044, 3.8275, 10.4534, 2.5133, 2.7538, 2.7542, 1.9517, 3.8787, 11.6882, 3.9211, 1.9496, 1.9927],
  "loci": ["rs11893686", "rs2134370", "rs12328118", "rs1393509", "rs11692714", "rs7558379", "rs7571839", "rs13012745", "rs974260", "rs9678502", "rs9678504", "rs7594284", "rs10496276", "rs12998947", "rs9917294", "rs13403098", "rs1961190", "rs13419704", "rs10469974", "rs10173392", "rs17022737", "rs10189536", "rs6547449", "rs1420761", "rs1156889", "rs10496278", "rs17022768", "rs6720134", "rs11885633", "rs13425508", "rs1441053", "rs17022928", "rs17023054", "rs17023057", "rs1465901", "rs2902404", "rs963064", "rs7422295", "rs17023225", "rs17023245"]
}
