{
  "id": "EdgeSet0241",
  "sources": ["Adygei", "Adygei", "Adygei", "Adygei", "Adygei", "Balochi", "Balochi", "Balochi", "BantuKenya", "BantuKenya", "BantuKenya", "BantuKenya", "BantuKenya", "BantuSouthAfrica", "BantuSouthAfrica", "BantuSouthAfrica", "BantuSouthAfrica", "Basque", "Basque", "Basque", "Basque", "Bedouin", "Bedouin", "Bedouin", "Bedouin", "BiakaPygmy", "BiakaPygmy", "BiakaPygmy", "Burusho", "Burusho", "Burusho", "Burusho", "Burusho", "Cambodian", "Cambodian", "Cambodian", "Cambodian", "Cambodian", "Colombian", "Colombian", "Daur", "Daur", "Daur", "Druze", "Druze", "Druze", "Kalash", "Lahu", "Lahu", "Lahu", "Lahu", "Mandenka", "Mandenka", "Maya", "Maya", "Maya", "MbutiPygmy", "Melanesian", "Melanesian", "Mongola", "Mongola", "Mongola", "Mozabite", "Palestinian", "Papuan", "Papuan", "Russian", "Uygur"],
  "targets": ["Balochi", "Basque", "Druze", "Russian", "Uygur", "Druze", "Mozabite", "Russian", "BantuSouthAfrica", "BiakaPygmy", "Mandenka", "MbutiPygmy", "Yoruba", "Mandenka", "MbutiPygmy", "San", "Yoruba", "Druze", "Mozabite", "Russian", "San", "Druze", "Lahu", "Mozabite", "Palestinian", "Mandenka", "MbutiPygmy", "Yoruba", "Daur", "Kalash", "Melanesian", "Palestinian", "Papuan", "Daur", "Lahu", "Mongola", "Papuan", "Yakut", "Kalash", "Maya", "Lahu", "Uygur", "Yi", "Palestinian", "Russian", "Yakut", "Pima", "Maya", "Mongola", "Pima", "Yi", "Mozabite", "Yoruba", "Pima", "Uygur", "Yi", "San", "Mongola", "Papuan", "Pima", "Yakut", "Yi", "Palestinian", "Russian", "Uygur", "Yakut", "Uygur", "Yi"],
  "weights": [1.6472, 2.4131, 2.0124, 1.9947, 2.6188, 1.8868, 2.2761, 1.9683, 3.9629, 4.96, 3.2038, 4.6439, 3.4309, 3.4955, 5.1594, 5.938, 3.4567, 2.5365, 2.9362, 2.0241, 7.8124, 1.8071, 3.4586, 2.2873, 1.6192, 4.6153, 5.1156, 5.154, 2.8656, 1.8409, 2.7501, 2.3308, 2.4002, 3.3994, 3.3594, 2.6292, 2.8453, 2.6795, 3.3541, 2.7403, 3.6644, 3.1788, 3.0903, 1.7078, 1.9729, 2.7406, 3.0928, 4.3184, 3.5842, 3.7329, 3.6163, 3.8943, 2.7093, 2.0841, 3.1232, 3.885, 6.988, 2.9158, 1.58, 3.2155, 2.7929, 3.5599, 2.1846, 1.9206, 3.1535, 2.3735, 2.7512, 3.5866],
  "loci": ["rs1509392", "rs6544021", "rs900928", "rs937930", "rs1564811", "rs729108", "rs4146005", "rs13007912", "rs4299360", "rs7424467", "rs1601287", "rs1997325", "rs936751", "rs2220152", "rs1813627", "rs10495730", "rs1484680", "rs4665513", "rs1484678", "rs10495729", "rs1484674", "rs6733540", "rs10495728", "rs1534608", "rs3849399", "rs3843863", "rs719503", "rs1872326", "rs1528777", "rs6713919", "rs13419210", "rs1528778", "rs7421966", "rs10194181", "rs6733405", "rs11900261", "rs13015267", "rs10211130", "rs2339564", "rs6544193"]
}
