{
  "id": "EdgeSet0333",
  "sources": ["Adygei", "Adygei", "Adygei", "Adygei", "Adygei", "Adygei", "Adygei", "Balochi", "Balochi", "Balochi", "Balochi", "Balochi", "BantuKenya", "BantuKenya", "BantuKenya", "BantuKenya", "BantuSouthAfrica", "BantuSouthAfrica", "BantuSouthAfrica", "BantuSouthAfrica", "BantuSouthAfrica", "Basque", "Basque", "Basque", "Basque", "Bedouin", "Bedouin", "Bedouin", "BiakaPygmy", "BiakaPygmy", "Burusho", "Burusho", "Cambodian", "Cambodian", "Cambodian", "Cambodian", "Colombian", "Colombian", "Colombian", "Colombian", "Colombian", "Colombian", "Daur", "Daur", "Daur", "Daur", "Daur", "Druze", "Druze", "Druze", "Kalash", "Kalash", "Kalash", "Kalash", "Lahu", "Lahu", "Mandenka", "Maya", "Maya", "Maya", "MbutiPygmy", "Melanesian", "Melanesian", "Mongola", "Mozabite", "Palestinian", "Papuan", "Pima", "Pima", "Uygur"],
  "targets": ["Balochi", "Burusho", "Druze", "Kalash", "Mozabite", "Palestinian", "Russian", "Basque", "Maya", "Palestinian", "Pima", "Uygur", "BantuSouthAfrica", "BiakaPygmy", "Mandenka", "San", "Bedouin", "BiakaPygmy", "Mandenka", "Mozabite", "Yoruba", "Burusho", "Druze", "Mozabite", "San", "Burusho", "Druze", "Palestinian", "MbutiPygmy", "San", "Kalash", "Uygur", "Colombian", "Lahu", "Uygur", "Yakut", "Maya", "Melanesian", "Mongola", "Pima", "Russian", "Uygur", "Lahu", "Mongola", "Uygur", "Yakut", "Yi", "Lahu", "Palestinian", "Russian", "MbutiPygmy", "Melanesian", "Mongola", "Russian", "Papuan", "Yi", "Yoruba", "Mongola", "Russian", "Uygur", "San", "Mongola", "San", "Yi", "Palestinian", "Yakut", "Yi", "Russian", "San", "Yi"],
  "weights": [2.0189, 2.4688, 1.9144, 3.5561, 2.7634, 1.9466, 1.9268, 3.1202, 2.8349, 1.7782, 4.7957, 2.2706, 4.2773, 4.941, 3.5962, 13.1498, 5.7218, 4.5815, 3.4389, 4.6939, 3.5628, 3.2116, 2.6939, 3.491, 13.8846, 2.3242, 1.6661, 1.9482, 6.0898, 12.5594, 3.0987, 2.6525, 2.945, 2.5701, 1.9669, 2.1953, 2.799, 4.8091, 3.2588, 2.61, 4.6382, 3.0048, 1.9133, 1.6733, 2.1776, 1.6951, 1.5753, 2.6446, 1.7571, 1.6414, 7.6595, 4.6952, 4.1622, 3.0895, 1.2497, 1.1046, 2.265, 3.3228, 2.9304, 2.2726, 12.0382, 4.2086, 14.5906, 2.165, 2.4915, 2.6826, 1.327, 3.8613, 13.9013, 2.2551],
  "loci": ["rs1823870", "rs6714901", "rs10181178", "rs219154", "rs12476061", "rs219158", "rs743237", "rs219174", "rs219176", "rs170167", "rs4952279", "rs4952280", "rs219180", "rs219181", "rs219183", "rs4952281", "rs219186", "rs219195", "rs2123917", "rs219206", "rs219208", "rs4449182", "rs3769554", "rs1454312", "rs1028598", "rs1000951", "rs10490453", "rs2008845", "rs6722859", "rs7423562", "rs219200", "rs219077", "rs219079", "rs368858", "rs438695", "rs11896749", "rs11885904", "rs542631", "rs377892", "rs397240"]
}
