{
  "id": "EdgeSet0895",
  "sources": ["Adygei", "Adygei", "Adygei", "Adygei", "Adygei", "Adygei", "Adygei", "Balochi", "Balochi", "Balochi", "Balochi", "Balochi", "BantuKenya", "BantuKenya", "BantuKenya", "BantuKenya", "BantuKenya", "BantuSouthAfrica", "BantuSouthAfrica", "BantuSouthAfrica", "BantuSouthAfrica", "BantuSouthAfrica", "Basque", "Basque", "Basque", "Basque", "Bedouin", "Bedouin", "Bedouin", "Bedouin", "Bedouin", "BiakaPygmy", "BiakaPygmy", "BiakaPygmy", "Burusho", "Burusho", "Burusho", "Burusho", "Cambodian", "Cambodian", "Cambodian", "Cambodian", "Cambodian", "Colombian", "Colombian", "Daur", "Daur", "Daur", "Daur", "Daur", "Druze", "Kalash", "Kalash", "Kalash", "Kalash", "Kalash", "Lahu", "Lahu", "Lahu", "Lahu", "Lahu", "Lahu", "Mandenka", "Maya", "Maya", "Maya", "MbutiPygmy", "Melanesian", "Melanesian", "Melanesian", "Melanesian", "Mongola", "Mongola", "Mongola", "Mongola", "Mozabite", "Mozabite", "Mozabite", "Palestinian", "Papuan", "Papuan", "Pima", "Uygur", "Yakut"],
  "targets": ["Balochi", "Bedouin", "Druze", "Kalash", "Melanesian", "Palestinian", "Uygur", "BantuSouthAfrica", "Druze", "Mongola", "Palestinian", "Yakut", "BantuSouthAfrica", "Mandenka", "MbutiPygmy", "San", "Yoruba", "BiakaPygmy", "Mandenka", "MbutiPygmy", "San", "Yoruba", "Kalash", "Mozabite", "Russian", "Uygur", "Druze", "Melanesian", "Mozabite", "Palestinian", "Russian", "MbutiPygmy", "Mozabite", "Yoruba", "Daur", "Druze", "Kalash", "Yi", "Colombian", "Kalash", "Lahu", "Yakut", "Yi", "Maya", "Pima", "Maya", "MbutiPygmy", "Melanesian", "Mongola", "San", "Uygur", "Lahu", "Palestinian", "Pima", "Russian", "Uygur", "Melanesian", "Mongola", "Mozabite", "Papuan", "Yakut", "Yi", "Yoruba", "Pima", "Yakut", "Yi", "San", "Mongola", "Papuan", "Pima", "Uygur", "Papuan", "Russian", "Yakut", "Yi", "Palestinian", "San", "Uygur", "Russian", "Russian", "Yi", "Yakut", "Yi", "Yi"],
  "weights": [2.249, 2.0468, 2.2416, 2.5999, 2.7951, 1.9076, 1.9827, 5.407, 2.6105, 3.2905, 2.3102, 3.4401, 3.7648, 4.5313, 7.0065, 5.8569, 4.2201, 4.1771, 3.5389, 6.1645, 4.8895, 3.2966, 2.9123, 2.363, 2.0032, 2.2804, 2.2522, 3.5217, 2.1565, 1.4593, 2.2434, 5.6083, 5.1056, 3.6769, 3.3159, 3.0513, 3.5692, 3.12, 4.0737, 3.2661, 2.3755, 2.3466, 2.5601, 2.9458, 2.2396, 3.7672, 7.4185, 2.6555, 2.898, 5.6809, 2.0127, 3.3794, 2.6095, 4.9307, 2.7376, 3.1086, 2.8625, 2.8855, 3.6288, 3.2755, 3.7374, 2.8636, 2.1667, 2.6126, 3.3439, 4.6975, 6.3554, 2.4825, 2.3272, 3.9014, 2.5129, 2.794, 2.7289, 2.5492, 2.4505, 1.9979, 5.4161, 1.9437, 2.0759, 3.0244, 2.941, 3.7821, 2.1302, 2.7102],
  "loci": ["rs6759503", "rs11890178", "rs6728586", "rs7592744", "rs4972217", "rs6547785", "rs1913671", "rs12467314", "rs12473307", "rs2365106", "rs10166805", "rs13411467", "rs10179543", "rs908277", "rs7565298", "rs938372", "rs2222029", "rs335115", "rs6715865", "rs2306676", "rs6974", "rs335124", "rs1165703", "rs6547790", "rs2848122", "rs1843217", "rs2012201", "rs12995771", "rs12615215", "rs1498957", "rs17091423", "rs17620193", "rs17620337", "rs859739", "rs842164", "rs13003799", "rs11885687", "rs10202262", "rs6716242", "rs11164111"]
}
