{
  "id": "EdgeSet0050",
  "sources": ["Adygei", "Adygei", "Adygei", "Adygei", "Adygei", "Balochi", "Balochi", "Balochi", "Balochi", "Balochi", "Balochi", "BantuKenya", "BantuKenya", "BantuKenya", "BantuKenya", "BantuKenya", "BantuSouthAfrica", "BantuSouthAfrica", "BantuSouthAfrica", "BantuSouthAfrica", "Basque", "Basque", "Basque", "Basque", "Basque", "Bedouin", "Bedouin", "Bedouin", "Bedouin", "BiakaPygmy", "BiakaPygmy", "BiakaPygmy", "BiakaPygmy", "Burusho", "Burusho", "Cambodian", "Cambodian", "Cambodian", "Colombian", "Colombian", "Colombian", "Colombian", "Colombian", "Daur", "Daur", "Daur", "Daur", "Daur", "Druze", "Druze", "Druze", "Kalash", "Kalash", "Kalash", "Kalash", "Lahu", "Lahu", "Lahu", "Lahu", "Mandenka", "Mandenka", "Maya", "MbutiPygmy", "MbutiPygmy", "Melanesian", "Melanesian", "Mongola", "Mongola", "Palestinian", "Papuan", "Uygur"],
  "targets": ["Balochi", "Burusho", "Druze", "Palestinian", "Russian", "Burusho", "Cambodian", "Daur", "Kalash", "Palestinian", "Uygur", "BantuSouthAfrica", "Bedouin", "Mandenka", "MbutiPygmy", "Yoruba", "BiakaPygmy", "MbutiPygmy", "Melanesian", "Yoruba", "Druze", "Mozabite", "Palestinian", "Papuan", "Russian", "Druze", "Mozabite", "Palestinian", "Yi", "Mandenka", "MbutiPygmy", "San", "Yoruba", "Russian", "Yi", "Kalash", "Mongola", "Yi", "Maya", "Papuan", "Pima", "Uygur", "Yakut", "Maya", "Mongola", "Papuan", "Yakut", "Yi", "Mongola", "Mozabite", "Yakut", "Melanesian", "Russian", "Uygur", "Yakut", "MbutiPygmy", "San", "Uygur", "Yi", "Mozabite", "Yoruba", "Pima", "Papuan", "Yoruba", "Papuan", "Yi", "Yakut", "Yi", "Russian", "San", "Yakut"],
  "weights": [2.417, 3.1953, 2.3592, 1.9639, 2.3284, 2.749, 3.5707, 3.5506, 2.7578, 2.051, 2.0682, 3.1149, 3.8843, 3.4587, 5.812, 2.9868, 3.8916, 5.6247, 4.6123, 2.6927, 2.6357, 2.886, 2.3329, 5.2219, 2.275, 2.4025, 2.3649, 1.8714, 3.4325, 3.8927, 6.0882, 6.774, 3.5631, 3.0469, 3.7101, 3.3976, 3.1555, 3.123, 3.1852, 6.0692, 3.8096, 3.6877, 4.0613, 3.1682, 2.2628, 4.9772, 2.5153, 2.8704, 4.0476, 2.6106, 3.3545, 3.5696, 2.3045, 2.5753, 3.2298, 7.8052, 9.1162, 4.1489, 2.6395, 3.7392, 2.2539, 2.4804, 7.9592, 5.3027, 3.4396, 3.9843, 2.5249, 3.1337, 2.0806, 9.5549, 2.7296],
  "loci": ["rs1439829", "rs6760035", "rs6542644", "rs2580871", "rs1344999", "rs4355130", "rs4144195", "rs6712088", "rs9989821", "rs12615696", "rs7602355", "rs722148", "rs721087", "rs2966429", "rs13016249", "rs12463956", "rs12464103", "rs6422705", "rs7371437", "rs12619603", "rs11123605", "rs6422704", "rs17020354", "rs6749621", "rs2872977", "rs7566069", "rs7578277", "rs11687286", "rs13022539", "rs12714369", "rs13004913", "rs7371570", "rs11902160", "rs7420489", "rs7583267", "rs6705890", "rs11127398", "rs12614860", "rs11127401", "rs992907"]
}
