{
  "id": "EdgeSet0846",
  "sources": ["Adygei", "Adygei", "Adygei", "Adygei", "Adygei", "Adygei", "Adygei", "Balochi", "Balochi", "Balochi", "Balochi", "BantuKenya", "BantuKenya", "BantuKenya", "BantuKenya", "BantuKenya", "BantuSouthAfrica", "BantuSouthAfrica", "BantuSouthAfrica", "BantuSouthAfrica", "BantuSouthAfrica", "Basque", "Basque", "Basque", "Basque", "Basque", "Basque", "Bedouin", "Bedouin", "Bedouin", "BiakaPygmy", "BiakaPygmy", "BiakaPygmy", "BiakaPygmy", "Burusho", "Burusho", "Burusho", "Cambodian", "Cambodian", "Cambodian", "Cambodian", "Colombian", "Colombian", "Colombian", "Colombian", "Colombian", "Colombian", "Daur", "Daur", "Daur", "Daur", "Daur", "Druze", "Druze", "Druze", "Kalash", "Lahu", "Lahu", "Lahu", "Lahu", "Mandenka", "Maya", "Maya", "MbutiPygmy", "MbutiPygmy", "Mongola", "Mongola", "Mongola", "Mozabite", "Mozabite", "Mozabite", "Russian", "Russian", "Uygur", "Yakut"],
  "targets": ["Balochi", "Bedouin", "Burusho", "Druze", "Palestinian", "Russian", "Uygur", "Basque", "Kalash", "Mozabite", "Yakut", "BantuSouthAfrica", "BiakaPygmy", "Mandenka", "San", "Yakut", "BiakaPygmy", "Mandenka", "MbutiPygmy", "San", "Yoruba", "Bedouin", "Druze", "Kalash", "Melanesian", "Russian", "Uygur", "Mozabite", "Palestinian", "Russian", "Mandenka", "MbutiPygmy", "San", "Yoruba", "Druze", "Papuan", "Russian", "Daur", "Melanesian", "Pima", "Yi", "Lahu", "Maya", "Melanesian", "Mongola", "Pima", "Yakut", "Lahu", "Melanesian", "Mongola", "Uygur", "Yi", "Kalash", "Palestinian", "Uygur", "Papuan", "Melanesian", "Mozabite", "Papuan", "Yi", "Yoruba", "Melanesian", "Pima", "Papuan", "San", "Papuan", "Yakut", "Yi", "Palestinian", "Yakut", "Yoruba", "Uygur", "Yoruba", "Yi", "Yi"],
  "weights": [2.4682, 2.233, 1.9759, 1.9708, 2.0026, 3.1694, 2.4585, 2.8331, 2.8427, 3.1314, 3.373, 4.0315, 4.4154, 4.0452, 6.5761, 6.6094, 3.9172, 3.4393, 5.3186, 6.1158, 2.9921, 2.3545, 2.1586, 2.6107, 4.286, 2.5848, 2.5158, 2.9401, 1.717, 2.5397, 3.9841, 5.19, 5.6544, 4.151, 2.1965, 3.958, 2.7551, 2.7918, 4.345, 4.518, 3.4683, 4.5882, 2.471, 5.1241, 3.1516, 2.3608, 2.9932, 3.4103, 3.9046, 1.6989, 3.3158, 2.5801, 2.3676, 1.651, 2.217, 4.3885, 4.9005, 5.6878, 5.7588, 3.3746, 2.5836, 4.4749, 1.8254, 7.9613, 5.9126, 4.6077, 2.9226, 2.5669, 2.8528, 3.5698, 4.1672, 2.5888, 6.0107, 3.2047, 2.9687],
  "loci": ["rs2044302", "rs6747004", "rs1444543", "rs876178", "rs895024", "rs7600784", "rs1865322", "rs10496243", "rs2117277", "rs11899864", "rs4528777", "rs11902138", "rs1897771", "rs7600563", "rs6742029", "rs2017913", "rs7576475", "rs1434076", "rs1368900", "rs1368898", "rs12714004", "rs7599093", "rs2004016", "rs744957", "rs731359", "rs17340143", "rs7558519", "rs11685198", "rs12611756", "rs1368901", "rs9309560", "rs7605261", "rs2276659", "rs3770310", "rs12464360", "rs3770313", "rs3770317", "rs4852584", "rs17019339", "rs3770320"]
}
