{
  "id": "EdgeSet0082",
  "sources": ["Adygei", "Adygei", "Adygei", "Adygei", "Balochi", "Balochi", "Balochi", "Balochi", "Balochi", "Balochi", "BantuKenya", "BantuKenya", "BantuSouthAfrica", "BantuSouthAfrica", "BantuSouthAfrica", "Basque", "Basque", "Basque", "Basque", "Bedouin", "Bedouin", "Bedouin", "Bedouin", "Bedouin", "Bedouin", "BiakaPygmy", "BiakaPygmy", "BiakaPygmy", "Burusho", "Burusho", "Burusho", "Burusho", "Cambodian", "Cambodian", "Cambodian", "Cambodian", "Cambodian", "Cambodian", "Cambodian", "Colombian", "Colombian", "Colombian", "Colombian", "Daur", "Daur", "Druze", "Druze", "Kalash", "Lahu", "Lahu", "Lahu", "Lahu", "Mandenka", "Mandenka", "Mandenka", "Maya", "MbutiPygmy", "MbutiPygmy", "Melanesian", "Mongola", "Mongola", "Mongola", "Mongola", "Mozabite", "Mozabite", "Palestinian", "Palestinian", "Russian", "Uygur"],
  "targets": ["Bedouin", "Druze", "Mozabite", "Palestinian", "Basque", "Bedouin", "Druze", "Mozabite", "Palestinian", "Russian", "BantuSouthAfrica", "Yoruba", "Mandenka", "MbutiPygmy", "San", "Bedouin", "Mozabite", "Palestinian", "Russian", "Druze", "Mandenka", "Mozabite", "Palestinian", "Russian", "Yakut", "MbutiPygmy", "San", "Yoruba", "Lahu", "MbutiPygmy", "Mozabite", "Uygur", "Daur", "Kalash", "Lahu", "MbutiPygmy", "Uygur", "Yakut", "Yi", "Maya", "Pima", "Uygur", "Yi", "Kalash", "Mongola", "Pima", "Yakut", "Melanesian", "Mongola", "Pima", "Yakut", "Yi", "Mozabite", "Palestinian", "Yoruba", "Pima", "Papuan", "San", "Papuan", "Papuan", "Uygur", "Yakut", "Yi", "Palestinian", "Yoruba", "Papuan", "Russian", "San", "Yi"],
  "weights": [1.7166, 1.7666, 2.2065, 1.8737, 2.1774, 1.7681, 2.1126, 2.3909, 1.9364, 2.1267, 3.7337, 3.3513, 4.3817, 5.9903, 6.0183, 2.0746, 2.5043, 1.8882, 2.5809, 1.7401, 3.9355, 2.1515, 1.8442, 2.2142, 2.2688, 5.9375, 6.1803, 4.5116, 2.9519, 6.4066, 3.048, 2.377, 2.353, 2.6116, 2.4467, 5.406, 2.2017, 2.1173, 3.7346, 2.0062, 2.8352, 4.9647, 5.28, 2.7821, 2.4292, 3.9142, 2.2775, 2.3913, 1.8667, 4.1502, 2.4619, 3.4335, 3.0602, 3.1609, 2.4602, 2.6991, 6.0085, 7.4041, 2.0069, 3.4939, 1.8849, 1.964, 2.9724, 2.0319, 3.2121, 4.6065, 2.3091, 6.5422, 3.6344],
  "loci": ["rs13392406", "rs4669122", "rs3772003", "rs771253", "rs771256", "rs771261", "rs700943", "rs771268", "rs364891", "rs10495548", "rs2292931", "rs10495549", "rs447721", "rs6720046", "rs1964092", "rs309311", "rs420013", "rs454999", "rs451763", "rs377617", "rs2280338", "rs367107", "rs996508", "rs309303", "rs309295", "rs309292", "rs89983", "rs309281", "rs309278", "rs6712224", "rs309273", "rs309271", "rs6746899", "rs1901765", "rs9287680", "rs1453122", "rs16865919", "rs6431849", "rs1979187", "rs6712003"]
}
