{
  "id": "EdgeSet0410",
  "sources": ["Adygei", "Adygei", "Adygei", "Adygei", "Adygei", "Adygei", "Adygei", "Adygei", "Balochi", "Balochi", "Balochi", "Balochi", "BantuKenya", "BantuKenya", "BantuKenya", "BantuKenya", "BantuKenya", "BantuSouthAfrica", "BantuSouthAfrica", "BantuSouthAfrica", "Basque", "Basque", "Basque", "Basque", "Basque", "Bedouin", "Bedouin", "Bedouin", "Bedouin", "Bedouin", "BiakaPygmy", "BiakaPygmy", "BiakaPygmy", "Burusho", "Burusho", "Burusho", "Burusho", "Burusho", "Cambodian", "Cambodian", "Cambodian", "Cambodian", "Cambodian", "Colombian", "Colombian", "Colombian", "Colombian", "Colombian", "Daur", "Daur", "Daur", "Daur", "Daur", "Daur", "Druze", "Druze", "Druze", "Druze", "Kalash", "Kalash", "Kalash", "Kalash", "Lahu", "Lahu", "Lahu", "Lahu", "Mandenka", "Mandenka", "Mandenka", "Maya", "Maya", "MbutiPygmy", "Melanesian", "Melanesian", "Melanesian", "Mongola", "Mongola", "Russian", "San"],
  "targets": ["Balochi", "Basque", "Burusho", "Mongola", "Mozabite", "Palestinian", "Russian", "Uygur", "Druze", "Melanesian", "Palestinian", "Uygur", "BantuSouthAfrica", "BiakaPygmy", "Mandenka", "MbutiPygmy", "Yoruba", "Basque", "Mandenka", "Yoruba", "Burusho", "Colombian", "Melanesian", "Pima", "Russian", "Druze", "Lahu", "Melanesian", "Mozabite", "Palestinian", "MbutiPygmy", "San", "Yoruba", "Cambodian", "Daur", "Kalash", "Mozabite", "Yakut", "Colombian", "Druze", "Mongola", "Russian", "Yi", "Lahu", "Maya", "Mongola", "Pima", "Uygur", "Lahu", "Melanesian", "Mozabite", "Papuan", "Yakut", "Yi", "Kalash", "Palestinian", "Papuan", "Uygur", "Maya", "Palestinian", "Pima", "Yakut", "Maya", "Mongola", "Yakut", "Yi", "MbutiPygmy", "Mozabite", "Yoruba", "Mongola", "Pima", "San", "Mozabite", "Papuan", "Yakut", "Uygur", "Yakut", "Uygur", "Yoruba"],
  "weights": [2.5306, 2.8507, 2.413, 3.9264, 2.9395, 2.2644, 2.3365, 2.7609, 2.2417, 3.4015, 2.263, 2.121, 4.3456, 3.8884, 3.3752, 4.8534, 4.1088, 7.2694, 4.3227, 4.7635, 2.8903, 3.574, 3.9536, 3.4952, 2.7947, 2.3796, 3.1928, 3.264, 2.6446, 1.7576, 4.9435, 5.3679, 4.324, 2.7417, 2.9284, 2.3028, 2.7889, 2.9749, 4.0824, 2.7835, 2.2029, 3.2659, 2.3003, 3.3457, 2.5527, 3.1458, 2.7401, 3.1135, 2.4742, 3.4576, 3.4577, 4.0705, 2.6589, 2.2055, 2.6469, 2.0835, 3.8859, 2.2523, 3.1035, 2.5902, 3.2967, 3.6027, 3.3228, 2.3745, 2.6514, 2.2797, 4.8083, 5.008, 3.1528, 3.0608, 3.0851, 6.5613, 3.4556, 4.383, 3.4666, 2.4357, 2.0789, 2.8316, 5.1772],
  "loci": ["rs10191970", "rs11124686", "rs4670285", "rs6712583", "rs10196602", "rs2241162", "rs17023947", "rs4670944", "rs1405085", "rs6724733", "rs987990", "rs17023989", "rs7597939", "rs2160389", "rs9917269", "rs1861241", "rs17475620", "rs17024091", "rs885252", "rs2287032", "rs2716716", "rs10208929", "rs2540255", "rs2540249", "rs13427136", "rs2716694", "rs2160199", "rs2110658", "rs13401182", "rs7565954", "rs2716726", "rs2716727", "rs2540228", "rs7570829", "rs6749057", "rs6722610", "rs12624217", "rs12470473", "rs7586524", "rs6713077"]
}
