{
  "id": "EdgeSet0942",
  "sources": ["Adygei", "Adygei", "Adygei", "Adygei", "Adygei", "Adygei", "Adygei", "Adygei", "Balochi", "Balochi", "Balochi", "Balochi", "Balochi", "BantuKenya", "BantuKenya", "BantuKenya", "BantuKenya", "BantuSouthAfrica", "BantuSouthAfrica", "BantuSouthAfrica", "Basque", "Basque", "Basque", "Bedouin", "Bedouin", "Bedouin", "Bedouin", "BiakaPygmy", "BiakaPygmy", "Burusho", "Burusho", "Burusho", "Burusho", "Cambodian", "Cambodian", "Colombian", "Colombian", "Daur", "Daur", "Druze", "Druze", "Kalash", "Kalash", "Lahu", "Lahu", "Lahu", "Lahu", "Lahu", "Mandenka", "Maya", "Maya", "MbutiPygmy", "MbutiPygmy", "Melanesian", "Melanesian", "Mongola", "Mongola", "Mozabite", "Mozabite", "Russian", "Russian", "Yakut"],
  "targets": ["Balochi", "Basque", "Cambodian", "Daur", "Druze", "Kalash", "Palestinian", "Russian", "Basque", "Bedouin", "Russian", "San", "Uygur", "BantuSouthAfrica", "Mandenka", "Mozabite", "Yoruba", "BiakaPygmy", "San", "Yoruba", "Burusho", "Kalash", "Palestinian", "Cambodian", "Druze", "Mozabite", "Palestinian", "Mandenka", "Yoruba", "Mozabite", "Pima", "Russian", "Yakut", "Daur", "Yakut", "Maya", "Pima", "Mongola", "Yakut", "Kalash", "Palestinian", "MbutiPygmy", "Palestinian", "Melanesian", "Mongola", "Papuan", "Uygur", "Yi", "Yoruba", "Pima", "Uygur", "San", "Yoruba", "Papuan", "Yi", "Yakut", "Yi", "Palestinian", "Russian", "Uygur", "Yi", "Yi"],
  "weights": [3.4612, 2.5603, 2.7646, 2.6015, 1.982, 1.6447, 2.3185, 2.7037, 3.1755, 2.599, 2.9333, 6.5848, 2.7532, 3.7385, 3.1128, 3.199, 2.8849, 4.9079, 7.5995, 4.0505, 3.2786, 2.1533, 2.2378, 2.9617, 1.3853, 1.4858, 1.4553, 3.4295, 4.2895, 3.1, 3.6914, 3.4222, 3.8211, 2.3796, 3.1025, 0.9055, 0.7958, 1.4331, 2.2257, 1.3192, 1.3263, 3.5978, 1.4563, 3.2328, 1.5291, 3.3972, 2.6929, 1.9918, 3.3903, 1.226, 2.9099, 7.0728, 3.5293, 1.4249, 3.0744, 2.0017, 1.8866, 1.4888, 2.1138, 2.5433, 4.1302, 2.3289],
  "loci": ["rs3771166", "rs11465597", "rs3213733", "rs1035130", "rs4851004", "rs2287033", "rs1420094", "rs11891965", "rs2272128", "rs3755266", "rs2310300", "rs10490204", "rs17027173", "rs3771150", "rs11465730", "rs11465732", "rs917998", "rs6741230", "rs917997", "rs11886793", "rs11690532", "rs2141781", "rs17027255", "rs13018263", "rs759382", "rs6543146", "rs6737325", "rs6543148", "rs10207579", "rs1403548", "rs6741235", "rs4851604", "rs7601773", "rs4851017", "rs13019784", "rs11688802", "rs1403551", "rs741285", "rs6761291", "rs1523196"]
}
