{
  "id": "EdgeSet0289",
  "sources": ["Adygei", "Adygei", "Adygei", "Adygei", "Adygei", "Adygei", "Balochi", "Balochi", "Balochi", "Balochi", "Balochi", "Balochi", "BantuKenya", "BantuKenya", "BantuKenya", "BantuSouthAfrica", "BantuSouthAfrica", "BantuSouthAfrica", "BantuSouthAfrica", "BantuSouthAfrica", "Basque", "Basque", "Basque", "Basque", "Bedouin", "Bedouin", "Bedouin", "BiakaPygmy", "BiakaPygmy", "BiakaPygmy", "BiakaPygmy", "Burusho", "Burusho", "Burusho", "Burusho", "Burusho", "Burusho", "Burusho", "Cambodian", "Cambodian", "Cambodian", "Colombian", "Colombian", "Colombian", "Daur", "Daur", "Daur", "Daur", "Daur", "Druze", "Druze", "Kalash", "Kalash", "Lahu", "Lahu", "Mandenka", "Mandenka", "Maya", "Maya", "Maya", "Maya", "Melanesian", "Melanesian", "Melanesian", "Melanesian", "Mongola", "Mongola", "Mongola", "Mongola", "Palestinian", "Palestinian", "Palestinian", "Pima", "Russian", "San", "Uygur", "Yakut"],
  "targets": ["Balochi", "Colombian", "Druze", "Kalash", "Russian", "San", "Basque", "Bedouin", "Burusho", "Druze", "Mozabite", "Yi", "Mandenka", "MbutiPygmy", "Yoruba", "BiakaPygmy", "Mandenka", "MbutiPygmy", "San", "Yoruba", "Bedouin", "Druze", "Kalash", "Palestinian", "Druze", "Mozabite", "Palestinian", "Mandenka", "MbutiPygmy", "San", "Yoruba", "Daur", "Kalash", "Mongola", "Palestinian", "Pima", "Russian", "Yakut", "Lahu", "Papuan", "Yi", "Melanesian", "Pima", "Yakut", "Lahu", "Melanesian", "Mongola", "Papuan", "Uygur", "Kalash", "Russian", "Russian", "Uygur", "Uygur", "Yi", "Mozabite", "Yoruba", "Papuan", "Pima", "Yakut", "Yi", "Mongola", "Papuan", "San", "Yakut", "Papuan", "San", "Uygur", "Yi", "Pima", "Russian", "Uygur", "Uygur", "San", "Yoruba", "Yakut", "Yi"],
  "weights": [2.7623, 5.558, 2.5558, 2.7571, 2.2759, 5.0475, 2.3887, 1.9902, 2.9867, 1.8862, 2.4984, 3.3562, 3.0128, 3.4598, 3.2992, 4.0545, 3.5617, 4.133, 4.989, 3.3162, 2.1536, 1.8916, 2.7784, 2.3492, 1.9923, 2.1397, 2.2111, 4.8675, 4.1796, 5.4743, 4.2815, 2.2138, 2.9088, 3.5279, 2.749, 2.5357, 2.7335, 2.4199, 1.987, 2.6338, 2.572, 4.1132, 3.0365, 3.4856, 1.763, 2.2871, 2.3543, 2.6288, 2.0285, 2.398, 1.7458, 2.1372, 2.9758, 2.3983, 2.2914, 3.617, 3.7032, 2.3301, 1.3137, 1.8429, 2.1416, 2.9245, 2.7149, 6.1289, 2.6638, 3.0999, 6.0714, 2.9397, 3.0828, 3.8752, 2.2262, 3.2199, 3.1973, 4.7864, 5.1224, 2.7109, 2.4454],
  "loci": ["rs7568662", "rs2329696", "rs12714263", "rs6547910", "rs11888120", "rs4666166", "rs12463520", "rs4666167", "rs3100232", "rs3768674", "rs17750032", "rs3099566", "rs3213947", "rs3112916", "rs3100244", "rs2123443", "rs3100246", "rs2305450", "rs12620500", "rs3100218", "rs3100219", "rs2015219", "rs2879455", "rs10178180", "rs1670282", "rs1869264", "rs1026277", "rs17007625", "rs1728828", "rs12619135", "rs4666172", "rs13428329", "rs11892780", "rs1728825", "rs17007666", "rs1670284", "rs6752943", "rs4666176", "rs4666177", "rs12621570"]
}
