{
  "id": "EdgeSet0693",
  "sources": ["Adygei", "Adygei", "Adygei", "Adygei", "Adygei", "Balochi", "Balochi", "Balochi", "Balochi", "Balochi", "BantuKenya", "BantuKenya", "BantuKenya", "BantuKenya", "BantuKenya", "BantuKenya", "BantuSouthAfrica", "BantuSouthAfrica", "BantuSouthAfrica", "Basque", "Basque", "Basque", "Basque", "Basque", "Bedouin", "Bedouin", "Bedouin", "Bedouin", "Bedouin", "BiakaPygmy", "BiakaPygmy", "BiakaPygmy", "BiakaPygmy", "Burusho", "Burusho", "Burusho", "Burusho", "Burusho", "Cambodian", "Cambodian", "Cambodian", "Cambodian", "Colombian", "Colombian", "Colombian", "Colombian", "Colombian", "Colombian", "Daur", "Daur", "Daur", "Druze", "Druze", "Kalash", "Kalash", "Kalash", "Lahu", "Lahu", "Lahu", "Lahu", "Mandenka", "Maya", "Maya", "MbutiPygmy", "Melanesian", "Melanesian", "Mongola", "Mongola", "Mongola", "Mozabite", "Mozabite", "Palestinian", "Papuan", "Pima", "Russian", "Russian", "Uygur", "Uygur"],
  "targets": ["Balochi", "Basque", "Bedouin", "Druze", "Palestinian", "Cambodian", "Kalash", "Maya", "Uygur", "Yi", "BantuSouthAfrica", "BiakaPygmy", "Mandenka", "San", "Yi", "Yoruba", "Mandenka", "MbutiPygmy", "Yoruba", "Bedouin", "Burusho", "Druze", "Lahu", "Yakut", "Daur", "Lahu", "Mozabite", "Palestinian", "Russian", "Mandenka", "MbutiPygmy", "San", "Yoruba", "Colombian", "Daur", "Kalash", "Russian", "Yakut", "Druze", "Kalash", "Melanesian", "Yi", "Daur", "Lahu", "Melanesian", "Papuan", "Pima", "Uygur", "Mongola", "Papuan", "Pima", "Mozabite", "Russian", "Palestinian", "Russian", "Yi", "Mongola", "Papuan", "Pima", "Yi", "Yoruba", "Pima", "Russian", "San", "Papuan", "Russian", "Pima", "Yakut", "Yi", "Palestinian", "Yi", "Yoruba", "Yakut", "San", "Yi", "Yoruba", "Yakut", "Yi"],
  "weights": [2.4266, 1.9504, 1.7293, 1.5118, 2.207, 3.429, 2.5118, 3.1301, 2.956, 3.7601, 4.6429, 4.826, 4.0389, 9.6673, 6.2838, 3.9966, 3.8618, 8.2965, 2.7583, 1.6559, 2.1597, 1.7881, 3.3611, 1.8821, 4.2573, 3.4312, 2.1912, 2.0244, 2.2201, 4.9031, 7.8053, 9.6892, 3.9164, 4.6722, 3.2084, 2.1177, 2.1723, 2.0258, 4.0133, 2.6343, 3.7684, 3.0729, 3.4874, 3.8886, 3.4345, 3.1475, 4.2377, 3.3596, 3.1687, 3.3574, 3.903, 2.5465, 2.3496, 2.178, 2.2028, 2.755, 2.7356, 3.4351, 3.7937, 2.8572, 3.4517, 2.9098, 3.1801, 9.1356, 2.1276, 3.0717, 2.6779, 2.3458, 2.8983, 2.1061, 3.2481, 3.9162, 2.8629, 11.7316, 2.8491, 5.6855, 2.3206, 2.2603],
  "loci": ["rs1155746", "rs11126069", "rs2052669", "rs987217", "rs2017570", "rs1385167", "rs6716270", "rs10180226", "rs10187079", "rs10210513", "rs10195695", "rs17546835", "rs13429266", "rs977493", "rs1484483", "rs6719428", "rs6711555", "rs2699783", "rs2627841", "rs17481962", "rs1320851", "rs10167906", "rs10198404", "rs6546206", "rs11675929", "rs11684249", "rs2627857", "rs10496131", "rs17031450", "rs6710236", "rs1105244", "rs7597203", "rs984578", "rs1819125", "rs1532118", "rs11126074", "rs7591257", "rs7581689", "rs7599440", "rs4671716"]
}
