{
  "id": "EdgeSet0538",
  "sources": ["Adygei", "Adygei", "Adygei", "Adygei", "Adygei", "Adygei", "Balochi", "Balochi", "Balochi", "Balochi", "Balochi", "Balochi", "Balochi", "Balochi", "BantuKenya", "BantuKenya", "BantuKenya", "BantuKenya", "BantuSouthAfrica", "BantuSouthAfrica", "BantuSouthAfrica", "BantuSouthAfrica", "Basque", "Basque", "Basque", "Basque", "Bedouin", "Bedouin", "Bedouin", "Bedouin", "BiakaPygmy", "BiakaPygmy", "BiakaPygmy", "Burusho", "Burusho", "Burusho", "Burusho", "Cambodian", "Cambodian", "Cambodian", "Colombian", "Colombian", "Colombian", "Daur", "Daur", "Daur", "Daur", "Druze", "Druze", "Druze", "Kalash", "Lahu", "Lahu", "Mandenka", "Mandenka", "Mandenka", "Maya", "Maya", "MbutiPygmy", "MbutiPygmy", "Melanesian", "Melanesian", "Melanesian", "Melanesian", "Mongola", "Mozabite", "Palestinian", "Palestinian", "Papuan", "Russian", "Yakut"],
  "targets": ["Balochi", "Basque", "Bedouin", "Kalash", "Palestinian", "Uygur", "Bedouin", "Burusho", "Druze", "Lahu", "Melanesian", "Mozabite", "Russian", "Uygur", "BantuSouthAfrica", "BiakaPygmy", "Mandenka", "Yoruba", "BiakaPygmy", "Mandenka", "MbutiPygmy", "San", "Bedouin", "Druze", "Kalash", "Mozabite", "Burusho", "Druze", "Mozabite", "Palestinian", "MbutiPygmy", "San", "Yoruba", "Kalash", "Melanesian", "Palestinian", "Russian", "Lahu", "Mongola", "Yi", "Maya", "Pima", "Uygur", "Mongola", "Papuan", "Yakut", "Yi", "Mozabite", "Palestinian", "Russian", "San", "Papuan", "Pima", "MbutiPygmy", "Mozabite", "Yoruba", "Papuan", "Pima", "San", "Yoruba", "Mongola", "Papuan", "San", "Yi", "Yi", "Russian", "Russian", "Uygur", "San", "Uygur", "Yi"],
  "weights": [2.2016, 2.1199, 1.8042, 3.5143, 1.2479, 2.7878, 2.1006, 2.4754, 2.3349, 4.7996, 3.233, 2.1154, 2.2506, 2.9665, 3.4462, 3.7307, 3.6138, 2.607, 3.4376, 3.7766, 4.3631, 4.4526, 2.0721, 2.126, 3.7732, 2.5357, 2.9162, 1.7809, 1.9906, 1.6609, 4.1319, 5.1822, 2.9377, 3.8647, 2.98, 2.2828, 2.2934, 3.5078, 2.5468, 2.0482, 3.825, 3.771, 4.5338, 2.3384, 5.1591, 2.4384, 2.1293, 2.2611, 1.773, 2.2037, 6.5295, 6.1671, 7.2115, 5.2983, 4.5873, 3.3801, 7.8824, 2.7381, 5.9892, 4.5299, 3.0437, 4.8483, 5.7441, 2.4514, 2.268, 2.3455, 1.9495, 3.2395, 7.6791, 2.9755, 2.4607],
  "loci": ["rs6748208", "rs4971552", "rs2351155", "rs970896", "rs10490241", "rs9309176", "rs4971648", "rs990024", "rs2060885", "rs6545153", "rs17498895", "rs17505257", "rs10490239", "rs972847", "rs2678228", "rs1517827", "rs10490237", "rs2688892", "rs17040026", "rs1452769", "rs1403654", "rs1377238", "rs6754445", "rs1476196", "rs17040117", "rs1452786", "rs539260", "rs10495982", "rs13001872", "rs17040210", "rs1915227", "rs10185952", "rs1402166", "rs1915222", "rs17508435", "rs1715983", "rs17040235", "rs17040241", "rs6724128", "rs1915220"]
}
