{
  "id": "EdgeSet0580",
  "sources": ["Adygei", "Adygei", "Adygei", "Adygei", "Adygei", "Adygei", "Adygei", "Adygei", "Adygei", "Balochi", "Balochi", "Balochi", "Balochi", "Balochi", "BantuKenya", "BantuKenya", "BantuKenya", "BantuKenya", "BantuKenya", "BantuSouthAfrica", "BantuSouthAfrica", "BantuSouthAfrica", "BantuSouthAfrica", "Basque", "Basque", "Basque", "Basque", "Basque", "Bedouin", "Bedouin", "Bedouin", "BiakaPygmy", "BiakaPygmy", "BiakaPygmy", "BiakaPygmy", "Burusho", "Burusho", "Burusho", "Burusho", "Cambodian", "Cambodian", "Cambodian", "Cambodian", "Cambodian", "Colombian", "Colombian", "Colombian", "Colombian", "Daur", "Daur", "Daur", "Druze", "Druze", "Druze", "Kalash", "Kalash", "Kalash", "Kalash", "Lahu", "Lahu", "Lahu", "Mandenka", "Mandenka", "Maya", "Maya", "Maya", "MbutiPygmy", "Melanesian", "Mongola", "Mongola", "Mongola", "Mongola", "Mozabite", "Mozabite", "Papuan", "Papuan", "Russian", "Russian", "Uygur"],
  "targets": ["Balochi", "Basque", "Bedouin", "Cambodian", "Mongola", "Mozabite", "Russian", "Uygur", "Yakut", "Bedouin", "Burusho", "Daur", "Mozabite", "Yi", "BantuSouthAfrica", "BiakaPygmy", "Mandenka", "San", "Yoruba", "BiakaPygmy", "MbutiPygmy", "San", "Yoruba", "Druze", "Kalash", "MbutiPygmy", "Palestinian", "Russian", "Druze", "Mozabite", "Palestinian", "Mandenka", "MbutiPygmy", "San", "Yoruba", "Cambodian", "Kalash", "Melanesian", "Palestinian", "Daur", "Melanesian", "Papuan", "San", "Yi", "Lahu", "Maya", "Pima", "San", "Mongola", "Uygur", "Yakut", "Melanesian", "Mozabite", "Palestinian", "Maya", "Papuan", "Pima", "Uygur", "Mandenka", "Mozabite", "Yi", "MbutiPygmy", "Yoruba", "Pima", "Russian", "Yi", "San", "Papuan", "Papuan", "Pima", "Uygur", "Yakut", "Palestinian", "Uygur", "Yakut", "Yi", "Yakut", "Yi", "Yi"],
  "weights": [2.7468, 2.5917, 2.3787, 3.1771, 2.1832, 2.3591, 2.7864, 2.0897, 2.2639, 2.5431, 3.2401, 3.1533, 2.6924, 4.7475, 4.9039, 3.6717, 3.8097, 7.4658, 3.5723, 3.8949, 4.9151, 5.7838, 3.8961, 2.8633, 3.3994, 6.3109, 2.673, 3.3522, 1.9346, 2.1151, 1.6336, 2.3763, 4.0673, 6.7384, 2.9722, 4.6545, 3.4359, 4.6137, 2.8631, 3.0933, 4.4739, 3.0182, 9.425, 3.3408, 7.0696, 4.2403, 4.4519, 11.2775, 2.1348, 2.0643, 1.8424, 4.0676, 2.2039, 1.8249, 5.3667, 2.6388, 4.219, 3.0373, 7.1477, 5.3983, 4.1208, 3.8929, 2.4993, 2.9709, 4.2923, 4.2067, 6.8954, 4.1776, 2.6546, 3.4501, 1.9609, 2.1599, 2.0197, 2.7393, 2.4, 3.2746, 3.0066, 3.6269, 3.0363],
  "loci": ["rs10177230", "rs11900008", "rs4672456", "rs11887670", "rs4671413", "rs1602986", "rs2357359", "rs6749477", "rs11902012", "rs10166049", "rs17516503", "rs2287511", "rs6746107", "rs10460550", "rs718349", "rs7566120", "rs2111856", "rs6739882", "rs10192011", "rs12622794", "rs12623478", "rs888518", "rs888520", "rs17044943", "rs6743983", "rs13420159", "rs2357490", "rs736085", "rs1023600", "rs12465622", "rs6545358", "rs6748765", "rs12479326", "rs10167220", "rs6753258", "rs12619100", "rs11125512", "rs2193690", "rs6735011", "rs10490461"]
}
