{
  "id": "EdgeSet0574",
  "sources": ["Adygei", "Adygei", "Adygei", "Adygei", "Adygei", "Adygei", "Balochi", "Balochi", "Balochi", "Balochi", "Balochi", "BantuKenya", "BantuKenya", "BantuKenya", "BantuKenya", "BantuKenya", "BantuKenya", "BantuSouthAfrica", "BantuSouthAfrica", "BantuSouthAfrica", "BantuSouthAfrica", "Basque", "Basque", "Basque", "Basque", "Basque", "Basque", "Basque", "Bedouin", "Bedouin", "Bedouin", "BiakaPygmy", "BiakaPygmy", "BiakaPygmy", "Burusho", "Burusho", "Burusho", "Burusho", "Cambodian", "Cambodian", "Cambodian", "Cambodian", "Colombian", "Colombian", "Colombian", "Daur", "Daur", "Daur", "Daur", "Druze", "Druze", "Druze", "Lahu", "Lahu", "Mandenka", "Mandenka", "Mandenka", "Maya", "MbutiPygmy", "MbutiPygmy", "MbutiPygmy", "Melanesian", "Melanesian", "Melanesian", "Mongola", "Mongola", "Mongola", "Mozabite", "Mozabite", "Mozabite"],
  "targets": ["Bedouin", "Burusho", "Mozabite", "Palestinian", "Russian", "Uygur", "Bedouin", "Burusho", "Lahu", "Palestinian", "Russian", "BantuSouthAfrica", "BiakaPygmy", "Mandenka", "MbutiPygmy", "Papuan", "Yoruba", "BiakaPygmy", "Papuan", "San", "Yoruba", "Burusho", "Colombian", "Druze", "Kalash", "Palestinian", "Pima", "Russian", "Burusho", "Druze", "Palestinian", "Mandenka", "MbutiPygmy", "San", "Kalash", "Palestinian", "San", "Uygur", "Daur", "Lahu", "Yakut", "Yi", "Maya", "Pima", "Yi", "Mongola", "Uygur", "Yakut", "Yi", "Kalash", "Mozabite", "Palestinian", "Russian", "Yakut", "San", "Uygur", "Yoruba", "Pima", "San", "Uygur", "Yoruba", "Papuan", "Russian", "Yi", "Mozabite", "Yakut", "Yi", "Palestinian", "Papuan", "Yoruba"],
  "weights": [2.7761, 3.3313, 2.8287, 2.2524, 2.848, 3.3485, 2.3767, 2.9654, 2.8193, 1.949, 2.5559, 4.0202, 4.1956, 3.297, 4.8714, 4.5475, 3.1584, 4.1609, 5.0053, 6.8945, 3.8405, 3.3978, 5.2086, 3.7559, 2.6099, 3.1276, 5.3646, 3.6968, 3.2292, 1.9647, 1.9086, 4.4641, 4.4241, 8.3018, 2.6347, 3.2858, 8.7859, 3.4382, 2.3927, 1.6917, 2.6644, 2.557, 3.0131, 3.2577, 3.931, 2.7511, 3.0029, 2.6795, 2.1592, 2.6475, 2.2739, 1.769, 3.5235, 2.8012, 7.9809, 5.585, 2.3182, 3.0124, 8.9451, 5.6537, 4.9949, 4.0868, 3.496, 3.699, 4.3842, 3.3715, 2.9012, 1.9542, 4.1351, 3.9472],
  "loci": ["rs10197026", "rs6732467", "rs9973556", "rs10185735", "rs4484066", "rs4482527", "rs7603707", "rs1446435", "rs1446436", "rs1446437", "rs1446442", "rs1446445", "rs1446449", "rs17044059", "rs2121304", "rs10496011", "rs1900249", "rs2357013", "rs2357016", "rs6742532", "rs17189119", "rs6755812", "rs6756589", "rs6717300", "rs3861569", "rs12476215", "rs12477118", "rs1424969", "rs17044122", "rs1424972", "rs13414722", "rs2034254", "rs11899115", "rs17189210", "rs1374252", "rs1446438", "rs10496014", "rs1364676", "rs12995294", "rs4233969"]
}
