{
  "id": "EdgeSet0103",
  "sources": ["Adygei", "Adygei", "Adygei", "Adygei", "Adygei", "Adygei", "Adygei", "Balochi", "Balochi", "Balochi", "Balochi", "Balochi", "BantuKenya", "BantuKenya", "BantuKenya", "BantuSouthAfrica", "BantuSouthAfrica", "BantuSouthAfrica", "BantuSouthAfrica", "Basque", "Basque", "Basque", "Basque", "Basque", "Bedouin", "Bedouin", "Bedouin", "Bedouin", "Bedouin", "BiakaPygmy", "BiakaPygmy", "BiakaPygmy", "BiakaPygmy", "Burusho", "Burusho", "Burusho", "Burusho", "Burusho", "Burusho", "Cambodian", "Cambodian", "Cambodian", "Cambodian", "Cambodian", "Colombian", "Colombian", "Colombian", "Colombian", "Daur", "Daur", "Daur", "Daur", "Daur", "Druze", "Druze", "Kalash", "Kalash", "Kalash", "Lahu", "Lahu", "Lahu", "Mandenka", "Maya", "Melanesian", "Mongola", "Mozabite", "Mozabite", "Mozabite", "Palestinian", "Palestinian", "Pima", "Russian", "San", "Uygur", "Uygur", "Yakut"],
  "targets": ["Balochi", "Basque", "Bedouin", "Druze", "Palestinian", "Russian", "Yakut", "Basque", "Bedouin", "Burusho", "Uygur", "Yakut", "BiakaPygmy", "Mandenka", "MbutiPygmy", "Mandenka", "MbutiPygmy", "San", "Yoruba", "Burusho", "Druze", "Kalash", "Mozabite", "Palestinian", "Druze", "Kalash", "Palestinian", "Russian", "Uygur", "Mandenka", "MbutiPygmy", "San", "Yoruba", "Druze", "Kalash", "Mongola", "Papuan", "Russian", "Yi", "Lahu", "Melanesian", "Mongola", "Yakut", "Yi", "Lahu", "Maya", "Melanesian", "Pima", "Lahu", "Mongola", "Pima", "Uygur", "Yi", "Palestinian", "Russian", "Mongola", "Mozabite", "Yi", "Mongola", "Yakut", "Yi", "Yoruba", "Pima", "Papuan", "Uygur", "Palestinian", "Russian", "Yoruba", "Russian", "Uygur", "Yakut", "Yakut", "Yoruba", "Yakut", "Yi", "Yi"],
  "weights": [2.7623, 2.1601, 1.8455, 2.1902, 1.9223, 2.4097, 2.2054, 2.1709, 1.988, 2.8679, 2.3199, 2.3194, 4.5011, 4.5611, 5.0195, 5.869, 5.2903, 8.1976, 4.9562, 3.0556, 2.1764, 2.9164, 2.8483, 1.9541, 1.7509, 3.5045, 1.5182, 2.0697, 2.181, 5.2567, 5.3106, 5.7692, 4.4472, 2.8418, 3.5665, 5.0056, 6.4454, 3.2085, 4.2184, 1.9145, 4.7554, 2.1999, 2.229, 2.0919, 3.7942, 1.9647, 5.9481, 3.0693, 2.3661, 2.1902, 2.8902, 2.5808, 2.5216, 1.5645, 1.9418, 3.3397, 3.5075, 3.3606, 1.925, 2.2234, 2.4709, 3.0909, 2.3975, 3.1762, 2.4408, 2.4122, 2.7361, 4.4481, 1.9002, 2.16, 2.957, 2.878, 6.2794, 1.8822, 2.5971, 2.2909],
  "loci": ["rs2175334", "rs1543042", "rs6736097", "rs4669367", "rs11893051", "rs907164", "rs1467079", "rs1344185", "rs2175337", "rs12692377", "rs907165", "rs6431983", "rs12692379", "rs6431986", "rs7556775", "rs16866947", "rs13016537", "rs6711730", "rs6431990", "rs16866958", "rs12615983", "rs12622238", "rs9287705", "rs12479189", "rs2666205", "rs11897394", "rs2136842", "rs2271333", "rs6758205", "rs2666214", "rs11688860", "rs1510796", "rs2709590", "rs2709587", "rs2666217", "rs2666219", "rs7600853", "rs7605582", "rs10192751", "rs10193254"]
}
