{
  "id": "EdgeSet0797",
  "sources": ["Adygei", "Adygei", "Adygei", "Adygei", "Adygei", "Balochi", "Balochi", "Balochi", "Balochi", "BantuKenya", "BantuKenya", "BantuKenya", "BantuKenya", "BantuKenya", "BantuKenya", "BantuSouthAfrica", "BantuSouthAfrica", "BantuSouthAfrica", "BantuSouthAfrica", "BantuSouthAfrica", "Basque", "Basque", "Basque", "Basque", "Bedouin", "Bedouin", "Bedouin", "Bedouin", "BiakaPygmy", "BiakaPygmy", "BiakaPygmy", "BiakaPygmy", "Burusho", "Burusho", "Burusho", "Burusho", "Burusho", "Burusho", "Cambodian", "Cambodian", "Colombian", "Colombian", "Colombian", "Daur", "Daur", "Daur", "Daur", "Daur", "Druze", "Druze", "Kalash", "Kalash", "Lahu", "Lahu", "Lahu", "Lahu", "Lahu", "Lahu", "Mandenka", "Maya", "Maya", "MbutiPygmy", "Melanesian", "Melanesian", "Mongola", "Mongola", "Mozabite", "Papuan"],
  "targets": ["Balochi", "Cambodian", "Colombian", "Daur", "Russian", "Bedouin", "Burusho", "Daur", "Kalash", "BantuSouthAfrica", "Mandenka", "Melanesian", "Mozabite", "San", "Yi", "BiakaPygmy", "MbutiPygmy", "Papuan", "San", "Yoruba", "Cambodian", "Druze", "Palestinian", "Russian", "Druze", "Mozabite", "Palestinian", "Russian", "Mandenka", "MbutiPygmy", "San", "Yoruba", "Cambodian", "Daur", "Kalash", "San", "Uygur", "Yakut", "Mongola", "Yi", "Maya", "Pima", "San", "Lahu", "Melanesian", "Mongola", "Yakut", "Yi", "Palestinian", "Uygur", "Russian", "Uygur", "Mongola", "Mozabite", "Papuan", "Uygur", "Yakut", "Yi", "Yoruba", "Mongola", "Pima", "San", "Papuan", "Yi", "Uygur", "Yi", "Yoruba", "San"],
  "weights": [2.4856, 2.3966, 4.9012, 2.6022, 2.475, 2.4736, 2.7586, 2.7367, 2.6614, 4.3195, 3.4246, 6.0679, 3.4678, 6.8154, 4.5177, 3.2031, 4.7536, 5.863, 5.9608, 3.2154, 3.9238, 2.6073, 1.8693, 2.4584, 2.1222, 2.2227, 1.6138, 2.17, 3.5049, 3.819, 5.9621, 2.8449, 2.7138, 3.5207, 2.404, 7.362, 2.3559, 3.086, 2.8961, 1.8855, 2.8442, 3.5489, 9.2778, 3.4336, 4.0831, 2.7941, 2.4996, 2.5299, 1.9598, 2.5047, 2.1599, 2.2613, 3.7744, 4.6496, 5.6371, 4.3848, 3.8182, 3.6766, 2.2009, 4.6885, 2.4948, 7.1087, 4.4833, 4.3665, 4.5954, 3.0224, 2.9532, 8.6295],
  "loci": ["rs7566719", "rs7585161", "rs9332421", "rs13002499", "rs7606395", "rs1519982", "rs12621435", "rs1519980", "rs7580730", "rs12620666", "rs17013020", "rs985812", "rs11689433", "rs11126552", "rs17404655", "rs1879219", "rs6745127", "rs955949", "rs13034829", "rs12469595", "rs12468393", "rs13415879", "rs1519998", "rs4853265", "rs7568302", "rs4852410", "rs7593852", "rs1519999", "rs1520000", "rs11901729", "rs4387821", "rs12470091", "rs12105118", "rs17404871", "rs10210863", "rs1969314", "rs10172954", "rs971120", "rs7569282", "rs969933"]
}
