{
  "id": "EdgeSet0722",
  "sources": ["Adygei", "Adygei", "Adygei", "Adygei", "Adygei", "Balochi", "Balochi", "Balochi", "Balochi", "Balochi", "Balochi", "BantuKenya", "BantuKenya", "BantuKenya", "BantuKenya", "BantuKenya", "BantuKenya", "BantuSouthAfrica", "BantuSouthAfrica", "BantuSouthAfrica", "BantuSouthAfrica", "Basque", "Basque", "Basque", "Basque", "Bedouin", "Bedouin", "Bedouin", "Bedouin", "Bedouin", "Bedouin", "BiakaPygmy", "BiakaPygmy", "BiakaPygmy", "Burusho", "Burusho", "Burusho", "Cambodian", "Colombian", "Colombian", "Colombian", "Daur", "Daur", "Daur", "Daur", "Daur", "Druze", "Druze", "Druze", "Druze", "Druze", "Druze", "Kalash", "Lahu", "Lahu", "Lahu", "Lahu", "Mandenka", "Mandenka", "Maya", "Maya", "MbutiPygmy", "Melanesian", "Melanesian", "Mongola", "Mongola", "Mongola", "Mozabite", "Mozabite", "Papuan", "Pima", "Pima", "Uygur", "Yakut"],
  "targets": ["Balochi", "Burusho", "Kalash", "Palestinian", "Russian", "Basque", "Burusho", "Mongola", "Mozabite", "Palestinian", "Pima", "BantuSouthAfrica", "BiakaPygmy", "Colombian", "Mandenka", "MbutiPygmy", "Yoruba", "BiakaPygmy", "MbutiPygmy", "San", "Yoruba", "Druze", "Kalash", "Mongola", "Yi", "Burusho", "Druze", "Mongola", "Mozabite", "Palestinian", "Russian", "Mandenka", "MbutiPygmy", "Yoruba", "Kalash", "Maya", "Palestinian", "Lahu", "Maya", "Mongola", "Pima", "Druze", "Melanesian", "Russian", "Uygur", "Yakut", "Kalash", "Melanesian", "Mozabite", "Palestinian", "Papuan", "Russian", "Pima", "Mongola", "Pima", "Yakut", "Yi", "San", "Yoruba", "Pima", "Uygur", "San", "Papuan", "Yakut", "Pima", "Yakut", "Yi", "Palestinian", "Yoruba", "Yi", "Russian", "San", "Yakut", "Yi"],
  "weights": [2.4886, 1.8917, 2.056, 2.0831, 2.6709, 2.8696, 1.9913, 3.1988, 2.5138, 2.0163, 3.9705, 5.5708, 5.3211, 6.5123, 4.9953, 6.77, 4.5475, 5.601, 6.6982, 8.3998, 4.9924, 2.2421, 2.0593, 2.6175, 3.2969, 1.6883, 1.5396, 1.7674, 2.0661, 1.4725, 2.017, 4.3668, 4.9022, 4.4251, 1.4457, 2.4555, 1.7039, 1.774, 2.2846, 3.5033, 4.1329, 2.3654, 2.7093, 2.5022, 2.4009, 2.1898, 1.8693, 2.7334, 2.7022, 1.658, 3.1227, 2.3333, 4.1131, 2.2764, 4.0056, 2.3259, 2.098, 9.3623, 3.0777, 3.1778, 2.9319, 8.0574, 2.0807, 2.3881, 3.2806, 1.9719, 1.7078, 1.927, 4.21, 2.4123, 3.4791, 10.7875, 1.9518, 2.0615],
  "loci": ["rs1063479", "rs1867313", "rs6753957", "rs7595037", "rs7595749", "rs7569275", "rs11126185", "rs6546414", "rs7596633", "rs6719948", "rs4854455", "rs7421154", "rs7424155", "rs10202745", "rs13400155", "rs6715340", "rs11902811", "rs6743106", "rs7423646", "rs10172469", "rs6724540", "rs6546418", "rs10180884", "rs6726966", "rs7570797", "rs4627609", "rs6731427", "rs4854436", "rs4854482", "rs10178143", "rs13410673", "rs3969864", "rs7601120", "rs7566935", "rs13033526", "rs13000978", "rs4068860", "rs4854447", "rs4854498", "rs10172004"]
}
