{
  "id": "EdgeSet0407",
  "sources": ["Adygei", "Adygei", "Adygei", "Adygei", "Adygei", "Balochi", "Balochi", "Balochi", "Balochi", "Balochi", "Balochi", "BantuKenya", "BantuKenya", "BantuKenya", "BantuKenya", "BantuKenya", "BantuSouthAfrica", "BantuSouthAfrica", "BantuSouthAfrica", "BantuSouthAfrica", "Basque", "Basque", "Basque", "Bedouin", "Bedouin", "Bedouin", "Bedouin", "Bedouin", "BiakaPygmy", "BiakaPygmy", "BiakaPygmy", "Burusho", "Burusho", "Burusho", "Cambodian", "Cambodian", "Cambodian", "Cambodian", "Colombian", "Colombian", "Colombian", "Colombian", "Daur", "Daur", "Daur", "Daur", "Druze", "Druze", "Druze", "Kalash", "Kalash", "Kalash", "Lahu", "Lahu", "Lahu", "Lahu", "Mandenka", "Maya", "MbutiPygmy", "MbutiPygmy", "Melanesian", "Melanesian", "Mongola", "Mongola", "Mozabite", "Mozabite", "Palestinian", "Papuan", "Russian", "Russian", "San", "Uygur"],
  "targets": ["Balochi", "Basque", "Druze", "Kalash", "Palestinian", "Burusho", "Druze", "Palestinian", "Papuan", "Russian", "San", "BantuSouthAfrica", "BiakaPygmy", "Mandenka", "MbutiPygmy", "San", "BiakaPygmy", "Mandenka", "MbutiPygmy", "Yoruba", "Burusho", "Mozabite", "Russian", "Druze", "Kalash", "Mozabite", "Palestinian", "Uygur", "MbutiPygmy", "San", "Yoruba", "Melanesian", "Mongola", "Uygur", "Lahu", "Papuan", "Uygur", "Yi", "Daur", "Maya", "Pima", "San", "Lahu", "Mongola", "Yakut", "Yi", "Mongola", "Mozabite", "Palestinian", "Palestinian", "Pima", "Uygur", "Maya", "Melanesian", "Mozabite", "Papuan", "Yoruba", "Pima", "San", "Yoruba", "Papuan", "Yi", "Uygur", "Yi", "Palestinian", "Uygur", "Russian", "Yakut", "Uygur", "Yakut", "Yoruba", "Yakut"],
  "weights": [2.9369, 3.2871, 1.5526, 2.2021, 1.8331, 3.1336, 1.9856, 2.0911, 2.7891, 2.4132, 8.9497, 4.3588, 4.4931, 3.8753, 4.9517, 8.1619, 4.464, 3.0539, 4.8896, 3.4159, 4.0235, 2.9533, 2.8553, 1.6194, 2.4242, 1.9267, 1.7557, 2.0714, 5.0091, 8.493, 3.9224, 3.6839, 2.8125, 2.5573, 2.7752, 3.3417, 2.1191, 3.2852, 5.5482, 2.5458, 2.5501, 10.5267, 3.1037, 2.3614, 3.2276, 3.4774, 1.9413, 1.6705, 1.3171, 2.5325, 4.0861, 2.8364, 3.2425, 3.0476, 2.8924, 3.3408, 2.0898, 1.6841, 7.9421, 4.7913, 3.6957, 3.9238, 2.1152, 2.88, 1.8279, 2.8479, 2.1354, 3.7482, 2.3501, 2.8567, 8.3575, 2.7766],
  "loci": ["rs4670269", "rs2305516", "rs10202876", "rs3751", "rs6544186", "rs6713281", "rs2888586", "rs1454227", "rs7583010", "rs13019754", "rs6758330", "rs13407659", "rs2060989", "rs2168043", "rs7589303", "rs10171977", "rs17023351", "rs1510112", "rs1567423", "rs6753194", "rs11124661", "rs7575216", "rs17665998", "rs2136638", "rs17023400", "rs6743345", "rs13425432", "rs7583170", "rs11124665", "rs4516411", "rs11124667", "rs2373528", "rs3770671", "rs1861734", "rs10153665", "rs13418997", "rs3770663", "rs12475793", "rs3815594", "rs2193422"]
}
