{
  "id": "EdgeSet0155",
  "sources": ["Adygei", "Adygei", "Adygei", "Adygei", "Adygei", "Adygei", "Balochi", "Balochi", "Balochi", "Balochi", "Balochi", "Balochi", "BantuKenya", "BantuKenya", "BantuKenya", "BantuKenya", "BantuSouthAfrica", "BantuSouthAfrica", "Basque", "Basque", "Basque", "Basque", "Basque", "Bedouin", "Bedouin", "Bedouin", "BiakaPygmy", "BiakaPygmy", "BiakaPygmy", "BiakaPygmy", "Burusho", "Burusho", "Burusho", "Burusho", "Cambodian", "Cambodian", "Cambodian", "Cambodian", "Colombian", "Colombian", "Colombian", "Colombian", "Colombian", "Daur", "Daur", "Daur", "Daur", "Druze", "Druze", "Kalash", "Kalash", "Kalash", "Kalash", "Kalash", "Lahu", "Lahu", "Mandenka", "Maya", "Maya", "MbutiPygmy", "MbutiPygmy", "Melanesian", "Melanesian", "Melanesian", "Mongola", "Mongola", "Mozabite", "Mozabite", "Mozabite", "Papuan", "Papuan", "Russian", "Yakut"],
  "targets": ["Bedouin", "Cambodian", "Colombian", "Druze", "Melanesian", "Palestinian", "Bedouin", "Burusho", "Colombian", "Druze", "Kalash", "Uygur", "BantuSouthAfrica", "Mandenka", "MbutiPygmy", "Yoruba", "Mandenka", "San", "Druze", "Mozabite", "Palestinian", "Russian", "San", "Druze", "Mozabite", "Palestinian", "Mandenka", "MbutiPygmy", "San", "Yoruba", "Lahu", "Maya", "Palestinian", "Russian", "Daur", "Lahu", "Melanesian", "Uygur", "Daur", "Kalash", "Maya", "Mozabite", "Pima", "Mongola", "Uygur", "Yakut", "Yi", "Melanesian", "Russian", "Lahu", "Mongola", "Russian", "Yakut", "Yi", "MbutiPygmy", "Papuan", "Yoruba", "Pima", "Yi", "Mongola", "San", "Mongola", "Papuan", "Yi", "Papuan", "Yi", "Palestinian", "Yakut", "Yoruba", "San", "Yakut", "Uygur", "Yi"],
  "weights": [1.6955, 3.0982, 2.9131, 1.5908, 4.0795, 2.0873, 1.4839, 2.8841, 3.4694, 1.5847, 2.822, 2.2728, 4.1608, 3.3654, 5.0929, 3.3319, 4.7713, 11.1284, 2.6184, 2.7569, 2.2688, 2.5124, 12.7697, 1.4735, 2.0985, 1.7695, 4.2479, 4.5258, 11.4751, 3.9903, 4.3448, 3.6199, 3.2014, 3.0245, 3.1903, 4.1546, 3.4134, 2.8615, 4.6234, 3.3906, 2.1353, 2.9962, 2.3642, 2.2993, 2.5038, 2.5693, 2.3972, 3.6841, 2.0307, 4.2031, 4.6922, 2.9806, 3.2123, 2.8073, 7.1404, 5.2008, 2.89, 2.1516, 3.2575, 7.4083, 12.1997, 3.1323, 3.525, 3.0257, 3.8736, 2.8022, 2.1801, 3.1097, 4.7158, 13.0271, 3.9334, 2.5615, 2.3905],
  "loci": ["rs10166098", "rs1470494", "rs7594171", "rs10495630", "rs1446548", "rs7599789", "rs10495628", "rs6725485", "rs2034264", "rs1348801", "rs11683451", "rs7579027", "rs2053730", "rs10194191", "rs7592520", "rs7583428", "rs1446540", "rs6714585", "rs1349841", "rs6723723", "rs2121340", "rs2380541", "rs10495625", "rs16855675", "rs13007186", "rs7557782", "rs17311650", "rs6741973", "rs9287766", "rs1454174", "rs2890456", "rs6432424", "rs11682654", "rs1947428", "rs921692", "rs4669964", "rs401974", "rs7597867", "rs16861009", "rs549213"]
}
