{
  "id": "EdgeSet0237",
  "sources": ["Adygei", "Adygei", "Adygei", "Adygei", "Adygei", "Balochi", "Balochi", "Balochi", "BantuKenya", "BantuKenya", "BantuKenya", "BantuKenya", "BantuKenya", "BantuSouthAfrica", "BantuSouthAfrica", "BantuSouthAfrica", "BantuSouthAfrica", "BantuSouthAfrica", "Basque", "Basque", "Basque", "Basque", "Bedouin", "Bedouin", "Bedouin", "BiakaPygmy", "BiakaPygmy", "BiakaPygmy", "Burusho", "Burusho", "Burusho", "Cambodian", "Cambodian", "Cambodian", "Cambodian", "Cambodian", "Colombian", "Colombian", "Colombian", "Colombian", "Colombian", "Colombian", "Daur", "Daur", "Daur", "Daur", "Druze", "Kalash", "Lahu", "Lahu", "Lahu", "Mandenka", "Mandenka", "Maya", "Maya", "Maya", "MbutiPygmy", "Melanesian", "Melanesian", "Mongola", "Mongola", "Mongola", "Mozabite", "Mozabite", "Pima", "Yakut"],
  "targets": ["Balochi", "Bedouin", "Druze", "Russian", "Uygur", "Basque", "Palestinian", "Uygur", "BantuSouthAfrica", "BiakaPygmy", "Mandenka", "MbutiPygmy", "Yoruba", "BiakaPygmy", "Mandenka", "MbutiPygmy", "San", "Yoruba", "Burusho", "Druze", "Russian", "Yi", "Druze", "Mozabite", "Palestinian", "MbutiPygmy", "San", "Yoruba", "Kalash", "Lahu", "Melanesian", "Colombian", "Daur", "Melanesian", "Yakut", "Yi", "Kalash", "Maya", "Mongola", "Pima", "San", "Yakut", "Lahu", "Maya", "Mongola", "Uygur", "Palestinian", "San", "Mongola", "Papuan", "Yakut", "Mozabite", "Yoruba", "Mongola", "Pima", "Yi", "San", "Papuan", "Yi", "Uygur", "Yakut", "Yi", "Russian", "Yoruba", "Uygur", "Yi"],
  "weights": [2.2566, 2.2831, 1.9212, 1.8977, 2.6309, 2.2484, 2.5533, 2.8208, 4.3935, 4.4267, 3.9446, 4.7993, 3.6003, 5.1813, 4.8111, 5.1726, 9.2984, 4.7732, 3.445, 1.9824, 2.2401, 3.4014, 1.6421, 2.63, 1.3916, 4.3292, 8.2332, 5.2313, 5.6294, 4.3631, 3.6309, 5.5907, 2.2278, 2.5728, 2.9863, 2.6269, 7.0879, 4.3532, 4.3237, 3.07, 12.5978, 6.1852, 3.0735, 3.0816, 2.4986, 2.4837, 1.818, 12.0599, 2.9255, 3.4777, 2.6838, 4.3286, 2.2523, 3.001, 3.4082, 3.1645, 9.0459, 1.4927, 2.6332, 3.0966, 3.0727, 2.7385, 2.596, 4.2788, 3.119, 2.6859],
  "loci": ["rs11678709", "rs1519491", "rs7575592", "rs1607581", "rs6743971", "rs6548001", "rs13024007", "rs10206997", "rs6761032", "rs717966", "rs329763", "rs1371175", "rs329750", "rs6543619", "rs10495725", "rs12615054", "rs329788", "rs17043252", "rs10180600", "rs328539", "rs388065", "rs11693526", "rs7601596", "rs6735395", "rs6722493", "rs17043449", "rs17043488", "rs2176472", "rs1607267", "rs908679", "rs12616120", "rs4557006", "rs4493295", "rs4549121", "rs10171148", "rs6720987", "rs11904182", "rs10181985", "rs4347863", "rs8179610"]
}
