{
  "id": "EdgeSet0196",
  "sources": ["Adygei", "Adygei", "Adygei", "Adygei", "Adygei", "Adygei", "Balochi", "Balochi", "Balochi", "Balochi", "BantuKenya", "BantuKenya", "BantuKenya", "BantuKenya", "BantuKenya", "BantuKenya", "BantuSouthAfrica", "BantuSouthAfrica", "BantuSouthAfrica", "BantuSouthAfrica", "Basque", "Basque", "Basque", "Basque", "Bedouin", "Bedouin", "Bedouin", "Bedouin", "BiakaPygmy", "BiakaPygmy", "Burusho", "Burusho", "Burusho", "Burusho", "Cambodian", "Cambodian", "Cambodian", "Cambodian", "Cambodian", "Colombian", "Colombian", "Colombian", "Colombian", "Colombian", "Colombian", "Colombian", "Daur", "Daur", "Daur", "Daur", "Daur", "Druze", "Druze", "Druze", "Kalash", "Kalash", "Kalash", "Lahu", "Lahu", "Lahu", "Lahu", "Lahu", "Lahu", "Mandenka", "Mandenka", "Mandenka", "Maya", "Maya", "Maya", "Maya", "MbutiPygmy", "MbutiPygmy", "Melanesian", "Mongola", "Mongola", "Mongola", "Mongola", "Mozabite", "Papuan", "Papuan", "Pima", "Uygur"],
  "targets": ["Balochi", "Burusho", "Druze", "Kalash", "Mozabite", "Palestinian", "Bedouin", "Druze", "Mozabite", "Russian", "BiakaPygmy", "Kalash", "Mandenka", "MbutiPygmy", "San", "Yoruba", "BiakaPygmy", "Mandenka", "San", "Yoruba", "Druze", "Kalash", "Palestinian", "Russian", "Druze", "Mozabite", "Palestinian", "Pima", "MbutiPygmy", "San", "Cambodian", "Lahu", "Pima", "Yoruba", "Lahu", "Mongola", "Papuan", "Yakut", "Yi", "Kalash", "Lahu", "Maya", "Papuan", "Pima", "San", "Yi", "Melanesian", "Mongola", "Papuan", "Uygur", "Yakut", "Kalash", "Palestinian", "Russian", "Melanesian", "Mozabite", "San", "Maya", "MbutiPygmy", "Melanesian", "Mongola", "Papuan", "Uygur", "MbutiPygmy", "Mozabite", "Yoruba", "Mongola", "Pima", "Uygur", "Yakut", "Pima", "San", "Papuan", "Russian", "Uygur", "Yakut", "Yi", "Yoruba", "San", "Yi", "Yi", "Yakut"],
  "weights": [2.3752, 3.8395, 1.8745, 3.5443, 2.6541, 2.2172, 2.0281, 2.0039, 2.3278, 2.0297, 4.8845, 5.2908, 3.8017, 6.9354, 6.8931, 3.5992, 5.4324, 3.4361, 6.5157, 3.9798, 2.3128, 3.8535, 2.3519, 2.2357, 1.5617, 2.2312, 1.7292, 4.8432, 6.5973, 6.6591, 4.3933, 4.478, 4.7646, 5.1547, 3.4583, 3.2789, 5.8109, 3.3068, 3.8086, 6.5152, 7.4107, 4.9282, 7.832, 6.0905, 9.5416, 5.7745, 3.7386, 3.0992, 5.115, 2.5719, 2.293, 3.4155, 1.7012, 2.1034, 5.3585, 4.5612, 8.1805, 3.5871, 8.4585, 4.4708, 3.2876, 5.5721, 2.8592, 6.3012, 3.7248, 2.6729, 2.829, 3.8027, 2.8207, 2.8366, 9.3507, 8.9525, 4.6585, 3.3845, 2.3304, 2.7111, 3.2841, 3.6228, 10.8259, 5.35, 4.4891, 2.1657],
  "loci": ["rs9973591", "rs11887971", "rs2345493", "rs12467915", "rs4295006", "rs12471785", "rs2345496", "rs10495676", "rs1377082", "rs2345499", "rs896609", "rs2345505", "rs11096518", "rs6748561", "rs10495680", "rs1377081", "rs7600722", "rs1023848", "rs4832551", "rs7570727", "rs1013260", "rs2345516", "rs2345517", "rs2345518", "rs2001863", "rs7560035", "rs7563158", "rs1452425", "rs1452423", "rs11685061", "rs1452430", "rs1452429", "rs13420705", "rs921542", "rs6744889", "rs1400447", "rs16984594", "rs4832569", "rs6755477", "rs6753969"]
}
