{
  "id": "EdgeSet0840",
  "sources": ["Adygei", "Adygei", "Balochi", "Balochi", "Balochi", "Balochi", "BantuKenya", "BantuKenya", "BantuKenya", "BantuKenya", "BantuKenya", "BantuSouthAfrica", "BantuSouthAfrica", "BantuSouthAfrica", "BantuSouthAfrica", "Basque", "Basque", "Bedouin", "Bedouin", "Bedouin", "Bedouin", "BiakaPygmy", "BiakaPygmy", "BiakaPygmy", "Burusho", "Burusho", "Burusho", "Burusho", "Cambodian", "Cambodian", "Cambodian", "Cambodian", "Cambodian", "Colombian", "Colombian", "Colombian", "Colombian", "Daur", "Daur", "Daur", "Daur", "Druze", "Kalash", "Kalash", "Kalash", "Lahu", "Lahu", "Lahu", "Mandenka", "Maya", "Maya", "Maya", "Maya", "MbutiPygmy", "MbutiPygmy", "Melanesian", "Melanesian", "Melanesian", "Melanesian", "Mongola", "Mongola", "Mozabite", "Mozabite", "Mozabite", "Papuan", "Papuan"],
  "targets": ["Druze", "Mozabite", "Druze", "Kalash", "Papuan", "Russian", "BantuSouthAfrica", "BiakaPygmy", "Mandenka", "Russian", "San", "BiakaPygmy", "Daur", "San", "Yoruba", "Kalash", "Russian", "Druze", "Kalash", "Mozabite", "Palestinian", "Mandenka", "MbutiPygmy", "Yoruba", "Cambodian", "Druze", "Kalash", "Palestinian", "Daur", "Mongola", "Papuan", "Uygur", "Yi", "Maya", "Mongola", "Pima", "Yakut", "Mongola", "Uygur", "Yakut", "Yi", "Uygur", "Melanesian", "Mongola", "Palestinian", "Mongola", "Uygur", "Yi", "Yoruba", "Melanesian", "Mongola", "Pima", "Yakut", "San", "Yoruba", "Papuan", "San", "Uygur", "Yi", "Papuan", "Yakut", "Palestinian", "Papuan", "Yoruba", "Yi", "Yoruba"],
  "weights": [3.1317, 2.73, 2.9963, 2.8658, 4.4085, 2.5109, 4.0082, 2.784, 2.7051, 5.5682, 3.8654, 4.2132, 7.1107, 4.7419, 4.1252, 3.229, 2.6442, 2.071, 2.6724, 2.8914, 1.7901, 2.626, 3.3606, 2.4789, 3.6384, 2.3126, 2.7229, 2.3647, 3.0565, 2.7386, 3.7307, 3.0084, 2.4445, 4.2688, 3.3749, 5.3782, 2.2084, 2.9905, 2.9971, 3.4681, 2.9457, 3.0203, 4.04, 2.9224, 2.1887, 2.4139, 2.8388, 2.0024, 2.1416, 5.7726, 4.6297, 2.5025, 4.2792, 4.3511, 3.2612, 4.6262, 6.929, 4.0899, 3.6166, 4.6215, 2.6495, 2.867, 4.2511, 4.254, 3.611, 5.2448],
  "loci": ["rs2902102", "rs4852547", "rs482602", "rs511200", "rs1368909", "rs1368910", "rs374511", "rs6741085", "rs431413", "rs560737", "rs455149", "rs53916", "rs53915", "rs427295", "rs1825428", "rs6753378", "rs1900268", "rs13402286", "rs10195642", "rs921637", "rs6729700", "rs10171387", "rs8179672", "rs10170918", "rs896842", "rs10865451", "rs17339856", "rs4852549", "rs9973600", "rs17339877", "rs13427272", "rs1542646", "rs1900270", "rs1484464", "rs1484466", "rs7605424", "rs4852550", "rs716487", "rs6717084", "rs6720989"]
}
