{
  "id": "EdgeSet0939",
  "sources": ["Adygei", "Adygei", "Adygei", "Adygei", "Adygei", "Adygei", "Adygei", "Balochi", "Balochi", "Balochi", "Balochi", "Balochi", "Balochi", "BantuKenya", "BantuKenya", "BantuKenya", "BantuKenya", "BantuKenya", "BantuSouthAfrica", "BantuSouthAfrica", "BantuSouthAfrica", "Basque", "Basque", "Basque", "Basque", "Basque", "Bedouin", "Bedouin", "Bedouin", "BiakaPygmy", "BiakaPygmy", "Burusho", "Burusho", "Cambodian", "Cambodian", "Cambodian", "Cambodian", "Cambodian", "Colombian", "Colombian", "Colombian", "Colombian", "Colombian", "Daur", "Daur", "Druze", "Druze", "Druze", "Kalash", "Kalash", "Lahu", "Lahu", "Lahu", "Mandenka", "Mandenka", "Mandenka", "Maya", "MbutiPygmy", "Melanesian", "Mongola", "Mozabite", "Mozabite", "Palestinian", "Palestinian", "Papuan", "Papuan", "Pima", "Russian", "Uygur", "Yakut", "Yakut"],
  "targets": ["Bedouin", "Colombian", "Druze", "Kalash", "Mozabite", "Palestinian", "Uygur", "Basque", "Bedouin", "Druze", "Melanesian", "Palestinian", "Russian", "BantuSouthAfrica", "Mandenka", "MbutiPygmy", "Mozabite", "Yoruba", "BiakaPygmy", "Mandenka", "San", "Burusho", "Druze", "Kalash", "Palestinian", "Russian", "Kalash", "Mozabite", "Palestinian", "MbutiPygmy", "San", "Lahu", "Yi", "Daur", "Druze", "Lahu", "Mongola", "Yi", "Daur", "Mandenka", "Maya", "Mongola", "Pima", "Mongola", "Yakut", "Kalash", "Lahu", "Palestinian", "Russian", "Uygur", "Papuan", "Uygur", "Yi", "MbutiPygmy", "Mozabite", "Yoruba", "Pima", "Yoruba", "Papuan", "Yakut", "Palestinian", "Uygur", "Russian", "Yi", "San", "Yakut", "San", "Uygur", "Yi", "Yi", "Yoruba"],
  "weights": [2.003, 5.197, 2.3431, 2.2232, 2.38, 2.1362, 2.4819, 2.1783, 2.1091, 2.0976, 4.4381, 2.1097, 2.6737, 3.2264, 2.6372, 2.807, 3.3317, 2.8092, 4.2603, 3.3763, 7.1115, 2.7648, 2.3054, 1.9324, 2.2295, 2.3057, 2.0699, 1.9594, 1.7378, 4.4714, 8.6713, 2.7679, 2.7598, 3.4464, 4.2652, 3.1705, 2.8635, 2.071, 4.372, 5.9787, 3.3629, 4.4102, 5.1756, 2.1425, 2.7666, 2.5185, 3.7961, 1.8099, 2.3776, 2.7286, 5.3437, 3.3133, 2.8557, 2.9888, 3.397, 3.1217, 2.6834, 2.9406, 3.9575, 2.4904, 2.0661, 2.4308, 2.5495, 2.8397, 9.1467, 5.1072, 12.0289, 2.8624, 2.2308, 3.2056, 4.2872],
  "loci": ["rs2287047", "rs3917254", "rs3917289", "rs3917292", "rs3917296", "rs951193", "rs3917301", "rs3917304", "rs3771200", "rs3171845", "rs3917329", "rs6744454", "rs1030021", "rs11904409", "rs12474258", "rs1922296", "rs1922289", "rs11686153", "rs1922294", "rs3771188", "rs3771185", "rs3755285", "rs1997502", "rs955754", "rs2302612", "rs4851561", "rs2287041", "rs7583215", "rs11692230", "rs6752467", "rs6752589", "rs10178214", "rs1558625", "rs1035131", "rs12712133", "rs1420092", "rs12475055", "rs11123915", "rs11674302", "rs12469892"]
}
