{
  "id": "EdgeSet0200",
  "sources": ["Adygei", "Adygei", "Adygei", "Adygei", "Adygei", "Adygei", "Balochi", "Balochi", "Balochi", "Balochi", "BantuKenya", "BantuKenya", "BantuKenya", "BantuKenya", "BantuSouthAfrica", "BantuSouthAfrica", "BantuSouthAfrica", "BantuSouthAfrica", "Basque", "Basque", "Basque", "Basque", "Basque", "Basque", "Bedouin", "Bedouin", "Bedouin", "BiakaPygmy", "BiakaPygmy", "BiakaPygmy", "BiakaPygmy", "Burusho", "Burusho", "Burusho", "Burusho", "Burusho", "Burusho", "Cambodian", "Cambodian", "Cambodian", "Cambodian", "Cambodian", "Cambodian", "Colombian", "Colombian", "Colombian", "Colombian", "Daur", "Daur", "Daur", "Daur", "Daur", "Daur", "Druze", "Kalash", "Kalash", "Lahu", "Lahu", "Lahu", "Mandenka", "Mandenka", "Mandenka", "Maya", "Maya", "Maya", "MbutiPygmy", "Melanesian", "Melanesian", "Melanesian", "Mongola", "Mongola", "Mozabite"],
  "targets": ["Balochi", "Basque", "Bedouin", "Burusho", "Druze", "Russian", "Basque", "Burusho", "Druze", "Mozabite", "BantuSouthAfrica", "BiakaPygmy", "MbutiPygmy", "Yoruba", "MbutiPygmy", "Papuan", "San", "Yoruba", "Bedouin", "Burusho", "Druze", "Kalash", "Palestinian", "Pima", "Druze", "Mozabite", "Palestinian", "Mandenka", "MbutiPygmy", "San", "Yoruba", "Kalash", "Melanesian", "Palestinian", "Russian", "Uygur", "Yakut", "Daur", "Lahu", "Mongola", "Pima", "Uygur", "Yi", "Kalash", "Lahu", "Maya", "Pima", "Maya", "Mongola", "Pima", "Uygur", "Yakut", "Yi", "Palestinian", "Palestinian", "Russian", "Maya", "Russian", "Yi", "Mozabite", "Yakut", "Yoruba", "Mongola", "Pima", "Yakut", "San", "Mongola", "Papuan", "Uygur", "Yakut", "Yi", "Palestinian"],
  "weights": [2.6521, 2.5322, 1.9596, 3.5127, 2.3943, 2.7079, 2.4723, 2.6176, 2.2375, 2.7395, 3.7861, 2.7169, 6.4491, 3.2238, 6.8511, 7.6058, 6.9765, 3.3916, 2.0213, 2.8608, 2.18, 3.1703, 2.2805, 4.072, 1.5421, 2.3915, 1.8379, 3.2263, 6.6152, 6.3779, 2.7138, 3.191, 4.1409, 2.6508, 2.814, 2.9628, 3.6813, 2.9192, 2.7109, 2.5308, 3.29, 2.7907, 2.4195, 5.2143, 3.8653, 2.9081, 4.016, 4.2743, 2.9916, 4.245, 3.5185, 3.2358, 2.5829, 2.0339, 2.8751, 2.9715, 2.9613, 3.8357, 2.6325, 4.1557, 4.9669, 2.4998, 3.3469, 3.3028, 3.5722, 8.1057, 4.5092, 3.3519, 4.2196, 3.0046, 2.7556, 2.5041],
  "loci": ["rs4372901", "rs10167380", "rs13026592", "rs1489671", "rs10495684", "rs6531100", "rs6757023", "rs2704633", "rs2704631", "rs3912722", "rs10168276", "rs7589253", "rs11096539", "rs2704625", "rs1489689", "rs1489688", "rs1489687", "rs6714921", "rs9789415", "rs2635621", "rs10174485", "rs4381790", "rs16985153", "rs1988642", "rs2345722", "rs13406083", "rs17694161", "rs4119150", "rs10190589", "rs7606752", "rs9808434", "rs9808120", "rs9677265", "rs16985176", "rs13008882", "rs16985182", "rs4832439", "rs7579323", "rs13403095", "rs7565008"]
}
