{
  "id": "EdgeSet0787",
  "sources": ["Adygei", "Adygei", "Adygei", "Balochi", "Balochi", "Balochi", "Balochi", "Balochi", "BantuKenya", "BantuKenya", "BantuKenya", "BantuKenya", "BantuKenya", "BantuSouthAfrica", "BantuSouthAfrica", "BantuSouthAfrica", "Basque", "Basque", "Basque", "Basque", "Basque", "Bedouin", "Bedouin", "Bedouin", "Bedouin", "Bedouin", "BiakaPygmy", "BiakaPygmy", "BiakaPygmy", "Burusho", "Burusho", "Burusho", "Burusho", "Burusho", "Burusho", "Cambodian", "Cambodian", "Cambodian", "Cambodian", "Cambodian", "Cambodian", "Colombian", "Colombian", "Colombian", "Colombian", "Colombian", "Daur", "Daur", "Daur", "Daur", "Daur", "Druze", "Druze", "Druze", "Kalash", "Kalash", "Lahu", "Lahu", "Lahu", "Lahu", "Mandenka", "Mandenka", "Mandenka", "Maya", "Maya", "Maya", "MbutiPygmy", "MbutiPygmy", "Melanesian", "Melanesian", "Mongola", "Mongola", "Palestinian", "Pima", "Russian", "San", "Yakut"],
  "targets": ["Druze", "Kalash", "Russian", "BantuKenya", "Bedouin", "BiakaPygmy", "Druze", "Russian", "BantuSouthAfrica", "BiakaPygmy", "Colombian", "Kalash", "Yoruba", "BiakaPygmy", "Mandenka", "San", "Bedouin", "Burusho", "Kalash", "Mozabite", "Palestinian", "Druze", "Mozabite", "Palestinian", "Russian", "Uygur", "MbutiPygmy", "San", "Yoruba", "Kalash", "Mongola", "Palestinian", "Papuan", "Pima", "Russian", "Daur", "Lahu", "Mongola", "Palestinian", "Pima", "Yi", "Maya", "Mongola", "Pima", "Uygur", "Yi", "Lahu", "Maya", "Uygur", "Yakut", "Yi", "Mozabite", "Palestinian", "Russian", "Palestinian", "Uygur", "Mongola", "Pima", "Yakut", "Yi", "Mozabite", "San", "Yoruba", "Melanesian", "Mongola", "Pima", "Papuan", "San", "Papuan", "Yi", "Uygur", "Yakut", "Uygur", "Uygur", "Yakut", "Yoruba", "Yi"],
  "weights": [1.5866, 2.9869, 2.3204, 3.8147, 1.5303, 5.5309, 1.8867, 2.0984, 5.161, 3.8448, 4.4496, 4.4305, 2.7964, 5.3381, 6.251, 7.6379, 2.1942, 3.8131, 2.9646, 2.7582, 2.0248, 1.5502, 2.1134, 1.5033, 1.7058, 2.2189, 6.6385, 6.2864, 3.639, 3.58, 2.3344, 2.78, 6.9709, 4.4035, 2.9401, 2.4168, 2.2416, 2.1228, 3.3133, 4.9075, 3.0308, 1.991, 3.1847, 4.2542, 3.4592, 3.4155, 2.1362, 2.6133, 2.792, 2.3116, 2.5237, 2.4074, 1.6711, 1.9667, 2.505, 3.131, 2.7177, 4.4108, 2.3558, 2.6819, 5.2464, 6.4762, 3.6114, 4.7266, 2.991, 3.9401, 8.8738, 7.0967, 5.4332, 4.7496, 2.1015, 2.4632, 2.3529, 3.6043, 3.2242, 7.0683, 2.9317],
  "loci": ["rs6759555", "rs17689863", "rs13405970", "rs10165899", "rs917236", "rs13397865", "rs13425964", "rs7577196", "rs13426287", "rs6547016", "rs13385913", "rs2051942", "rs7590218", "rs4853169", "rs6722682", "rs17011662", "rs7560262", "rs2298948", "rs7591052", "rs3755476", "rs2158815", "rs17011691", "rs6716141", "rs7582041", "rs11675641", "rs7419897", "rs11126485", "rs10183217", "rs1159593", "rs7582243", "rs7573143", "rs6752043", "rs7580948", "rs2190355", "rs7589894", "rs6745405", "rs6760389", "rs3885981", "rs12616488", "rs10187531"]
}
