{
  "id": "EdgeSet0298",
  "sources": ["Adygei", "Adygei", "Adygei", "Adygei", "Adygei", "Balochi", "Balochi", "Balochi", "Balochi", "Balochi", "Balochi", "Balochi", "BantuKenya", "BantuKenya", "BantuKenya", "BantuKenya", "BantuKenya", "BantuSouthAfrica", "BantuSouthAfrica", "BantuSouthAfrica", "BantuSouthAfrica", "BantuSouthAfrica", "BantuSouthAfrica", "Basque", "Basque", "Basque", "Basque", "Bedouin", "Bedouin", "Bedouin", "Bedouin", "Bedouin", "BiakaPygmy", "BiakaPygmy", "BiakaPygmy", "Burusho", "Burusho", "Burusho", "Cambodian", "Cambodian", "Cambodian", "Cambodian", "Colombian", "Colombian", "Colombian", "Daur", "Daur", "Daur", "Daur", "Daur", "Daur", "Daur", "Druze", "Druze", "Druze", "Druze", "Kalash", "Kalash", "Kalash", "Lahu", "Lahu", "Lahu", "Mandenka", "Mandenka", "Maya", "Maya", "MbutiPygmy", "Melanesian", "Melanesian", "Melanesian", "Melanesian", "Melanesian", "Melanesian", "Mongola", "Mongola", "Mongola", "Mozabite", "Mozabite", "Palestinian", "Papuan", "Papuan", "Papuan", "Papuan", "Pima", "Pima", "Uygur", "Uygur"],
  "targets": ["Bedouin", "Burusho", "Kalash", "Mozabite", "Palestinian", "Basque", "Bedouin", "Colombian", "Maya", "Pima", "Uygur", "Yakut", "BantuSouthAfrica", "BiakaPygmy", "Mandenka", "MbutiPygmy", "Yoruba", "BiakaPygmy", "Druze", "Papuan", "Russian", "San", "Yoruba", "Bedouin", "Mozabite", "Russian", "San", "Druze", "Kalash", "Mozabite", "Palestinian", "Russian", "Mandenka", "MbutiPygmy", "San", "Colombian", "Druze", "Kalash", "Kalash", "Lahu", "Mongola", "Pima", "Kalash", "Pima", "Yakut", "Lahu", "Maya", "MbutiPygmy", "Mozabite", "Russian", "Yakut", "Yi", "Kalash", "Mozabite", "Palestinian", "Russian", "Russian", "Uygur", "Yi", "Maya", "San", "Yi", "MbutiPygmy", "Yoruba", "Melanesian", "Pima", "San", "Mongola", "Mozabite", "Papuan", "Pima", "Yakut", "Yi", "San", "Uygur", "Yakut", "Palestinian", "Russian", "Russian", "Pima", "San", "Yakut", "Yi", "Yakut", "Yi", "Yakut", "Yi"],
  "weights": [2.4567, 2.0996, 2.2844, 2.8982, 2.2892, 4.1495, 2.4787, 2.18, 1.6747, 2.4335, 2.184, 2.3619, 4.6201, 4.3122, 4.3249, 5.5321, 4.1615, 5.3719, 6.1122, 6.9213, 5.8439, 6.9514, 5.0897, 3.09, 3.3098, 3.5611, 5.988, 1.9022, 2.925, 2.1383, 2.133, 2.2872, 4.6554, 5.9927, 6.4412, 2.2584, 1.9049, 2.046, 3.793, 2.6843, 2.1243, 2.569, 2.4539, 2.1519, 2.863, 3.6762, 2.6175, 5.7526, 3.8635, 3.6317, 3.3817, 3.1325, 2.0435, 2.307, 1.9731, 2.0812, 2.6978, 2.8393, 4.4403, 2.9869, 4.9553, 3.556, 5.7543, 2.8726, 2.2427, 2.2151, 5.9528, 2.5369, 3.593, 3.3509, 2.822, 3.6621, 3.0715, 4.6808, 2.481, 2.7284, 2.475, 3.3279, 2.5535, 4.2769, 6.3351, 4.6283, 4.3516, 2.5018, 2.9741, 2.7091, 2.4342],
  "loci": ["rs4666230", "rs10185035", "rs13407210", "rs11684392", "rs12617691", "rs10445906", "rs10445908", "rs4433956", "rs10203891", "rs4584985", "rs6719507", "rs12618086", "rs4567889", "rs4536609", "rs12988541", "rs10174993", "rs12467802", "rs4666233", "rs7594020", "rs12714289", "rs7571895", "rs6716559", "rs7569431", "rs4666243", "rs13010035", "rs10176482", "rs4473345", "rs7592571", "rs7567732", "rs4666248", "rs4381746", "rs6547947", "rs10193521", "rs12473275", "rs4666249", "rs3922933", "rs6547949", "rs11694370", "rs4413121", "rs4233744"]
}
