{
  "id": "EdgeSet0509",
  "sources": ["Adygei", "Adygei", "Adygei", "Adygei", "Adygei", "Balochi", "Balochi", "Balochi", "Balochi", "BantuKenya", "BantuKenya", "BantuKenya", "BantuSouthAfrica", "BantuSouthAfrica", "BantuSouthAfrica", "BantuSouthAfrica", "Basque", "Basque", "Basque", "Basque", "Bedouin", "Bedouin", "Bedouin", "Bedouin", "Bedouin", "BiakaPygmy", "BiakaPygmy", "BiakaPygmy", "Burusho", "Burusho", "Burusho", "Burusho", "Cambodian", "Cambodian", "Cambodian", "Cambodian", "Cambodian", "Colombian", "Colombian", "Colombian", "Colombian", "Daur", "Daur", "Daur", "Daur", "Daur", "Daur", "Daur", "Druze", "Druze", "Druze", "Druze", "Kalash", "Kalash", "Kalash", "Kalash", "Kalash", "Kalash", "Lahu", "Lahu", "Mandenka", "Mandenka", "Mandenka", "Maya", "MbutiPygmy", "MbutiPygmy", "MbutiPygmy", "Melanesian", "Melanesian", "Mongola", "Mongola", "Mozabite", "Palestinian", "Papuan", "Papuan", "Papuan", "Pima", "San"],
  "targets": ["Basque", "Burusho", "Druze", "Kalash", "Russian", "Bedouin", "Burusho", "Cambodian", "Palestinian", "Mandenka", "Mozabite", "Yoruba", "BiakaPygmy", "Mandenka", "MbutiPygmy", "San", "Druze", "Kalash", "Russian", "Yakut", "Cambodian", "Druze", "Lahu", "Mozabite", "Palestinian", "Mandenka", "MbutiPygmy", "Yoruba", "Melanesian", "Pima", "Uygur", "Yakut", "Daur", "Lahu", "Mongola", "Papuan", "Yi", "Maya", "Pima", "San", "Yakut", "Lahu", "Maya", "Mongola", "Russian", "Uygur", "Yakut", "Yi", "Mongola", "Mozabite", "Palestinian", "Russian", "Maya", "Mongola", "Pima", "Russian", "Uygur", "Yakut", "Melanesian", "Yi", "MbutiPygmy", "San", "Yoruba", "Pima", "Mongola", "Mozabite", "San", "Papuan", "San", "Russian", "Yi", "Palestinian", "Uygur", "Pima", "Uygur", "Yakut", "Yakut", "Yoruba"],
  "weights": [2.4676, 2.7774, 2.0466, 2.7389, 2.5366, 2.3157, 2.8174, 2.5566, 2.2816, 2.8678, 3.7322, 3.0998, 2.976, 3.5286, 4.4011, 8.5721, 2.7675, 2.9047, 2.8593, 3.729, 2.4698, 2.2206, 5.2493, 2.6722, 1.9014, 2.8369, 4.6729, 3.1407, 5.0481, 4.5224, 2.7368, 3.2609, 2.6039, 3.9962, 2.7938, 2.8984, 2.8549, 3.0597, 2.89, 12.2276, 4.7138, 3.6764, 3.6845, 2.743, 3.1046, 2.4565, 3.3529, 2.7603, 3.6871, 2.6619, 1.9392, 2.5184, 4.0145, 3.6134, 5.6286, 3.9127, 3.1773, 4.39, 5.5885, 3.2787, 4.7462, 8.79, 3.2278, 2.892, 5.8453, 4.6615, 9.3665, 3.4758, 10.9462, 3.3297, 2.5045, 2.5236, 2.3972, 4.3726, 3.1294, 3.4615, 4.0348, 8.4801],
  "loci": ["rs1421", "rs1863332", "rs10191478", "rs4952887", "rs13425206", "rs1981929", "rs10514805", "rs6544990", "rs3771281", "rs3732183", "rs17036614", "rs10495944", "rs10188090", "rs2042649", "rs17036636", "rs13031342", "rs13031209", "rs12614309", "rs10181625", "rs876937", "rs6744097", "rs11675417", "rs748780", "rs6749075", "rs6708696", "rs6752504", "rs1882449", "rs1882446", "rs11125144", "rs4953503", "rs6725634", "rs3814361", "rs6744530", "rs4245815", "rs4953509", "rs4521097", "rs10169431", "rs11694783", "rs17036703", "rs4953514"]
}
