{
  "id": "EdgeSet0070",
  "sources": ["Adygei", "Adygei", "Adygei", "Adygei", "Adygei", "Adygei", "Adygei", "Adygei", "Balochi", "Balochi", "Balochi", "Balochi", "BantuKenya", "BantuKenya", "BantuKenya", "BantuSouthAfrica", "BantuSouthAfrica", "Basque", "Basque", "Basque", "Basque", "Bedouin", "Bedouin", "Bedouin", "Bedouin", "BiakaPygmy", "BiakaPygmy", "BiakaPygmy", "BiakaPygmy", "BiakaPygmy", "Burusho", "Burusho", "Burusho", "Burusho", "Cambodian", "Cambodian", "Cambodian", "Cambodian", "Colombian", "Colombian", "Colombian", "Colombian", "Colombian", "Colombian", "Colombian", "Daur", "Daur", "Daur", "Daur", "Druze", "Druze", "Druze", "Kalash", "Kalash", "Kalash", "Lahu", "Lahu", "Lahu", "Mandenka", "Mandenka", "Maya", "Maya", "Maya", "MbutiPygmy", "MbutiPygmy", "Melanesian", "Mongola", "Mongola", "Papuan", "Pima", "Pima", "Yakut"],
  "targets": ["Balochi", "Bedouin", "Burusho", "Kalash", "Mozabite", "Palestinian", "Papuan", "Russian", "Basque", "Maya", "Mongola", "Russian", "BantuSouthAfrica", "Mandenka", "Yoruba", "MbutiPygmy", "Yoruba", "Burusho", "Druze", "Palestinian", "Russian", "Druze", "Mozabite", "Palestinian", "Russian", "Mandenka", "MbutiPygmy", "San", "Uygur", "Yoruba", "Kalash", "MbutiPygmy", "Mozabite", "Palestinian", "Lahu", "Mongola", "Uygur", "Yi", "Kalash", "Lahu", "Maya", "Mozabite", "Pima", "Uygur", "Yakut", "Kalash", "Lahu", "Palestinian", "Yakut", "Kalash", "Palestinian", "Russian", "Maya", "Pima", "Russian", "Melanesian", "Pima", "Uygur", "MbutiPygmy", "Yoruba", "Pima", "Russian", "Yakut", "San", "Yoruba", "Papuan", "Yakut", "Yi", "Yi", "San", "Yakut", "Yi"],
  "weights": [1.8886, 1.5689, 1.9918, 2.2319, 2.011, 1.6402, 2.1984, 1.5515, 2.3096, 3.5426, 3.233, 1.398, 4.5124, 3.4346, 2.6374, 5.039, 4.128, 2.3282, 1.8289, 1.7193, 1.9614, 1.3038, 1.9498, 1.6861, 1.7466, 5.4698, 5.4224, 9.718, 8.6043, 5.1529, 3.0041, 6.682, 2.4799, 2.02, 2.7599, 2.9543, 3.2286, 2.0506, 3.3077, 3.89, 3.4574, 4.2964, 3.3594, 3.2649, 2.3946, 2.9841, 2.2313, 2.6344, 2.4147, 3.2702, 1.2979, 1.5594, 3.6972, 4.6376, 2.6697, 2.3689, 3.2355, 1.8837, 4.496, 2.9533, 3.8154, 3.3737, 3.1152, 9.2065, 4.1995, 1.3137, 2.4368, 2.6228, 3.0529, 10.7829, 3.0724, 3.0941],
  "loci": ["rs6719357", "rs9798084", "rs1852319", "rs16864756", "rs2693889", "rs16864759", "rs1526374", "rs6431757", "rs12622790", "rs12623519", "rs11694843", "rs16864810", "rs6722570", "rs871123", "rs872460", "rs16864841", "rs7566793", "rs13397476", "rs12463667", "rs10168477", "rs1562624", "rs2166928", "rs10439236", "rs7424127", "rs12472750", "rs2044648", "rs1015230", "rs1448572", "rs10204418", "rs12464218", "rs16864928", "rs13389679", "rs2351104", "rs6431769", "rs12478200", "rs7561385", "rs6743687", "rs1971877", "rs13384785", "rs10191492"]
}
