{
  "id": "EdgeSet0142",
  "sources": ["Adygei", "Adygei", "Adygei", "Adygei", "Adygei", "Balochi", "Balochi", "Balochi", "Balochi", "Balochi", "BantuKenya", "BantuKenya", "BantuKenya", "BantuKenya", "BantuKenya", "BantuKenya", "BantuSouthAfrica", "BantuSouthAfrica", "BantuSouthAfrica", "BantuSouthAfrica", "Basque", "Basque", "Bedouin", "Bedouin", "Bedouin", "Bedouin", "Bedouin", "BiakaPygmy", "BiakaPygmy", "BiakaPygmy", "BiakaPygmy", "BiakaPygmy", "Burusho", "Burusho", "Burusho", "Burusho", "Cambodian", "Cambodian", "Cambodian", "Cambodian", "Colombian", "Colombian", "Colombian", "Colombian", "Colombian", "Colombian", "Daur", "Daur", "Daur", "Daur", "Druze", "Druze", "Druze", "Kalash", "Kalash", "Kalash", "Lahu", "Lahu", "Lahu", "Lahu", "Lahu", "Mandenka", "Mandenka", "Maya", "Maya", "Maya", "Maya", "MbutiPygmy", "Melanesian", "Melanesian", "Melanesian", "Melanesian", "Mongola", "Mongola", "Mozabite", "Papuan", "Pima", "Russian", "San", "Uygur", "Uygur"],
  "targets": ["Balochi", "Basque", "Druze", "Kalash", "Palestinian", "Basque", "Kalash", "Melanesian", "Palestinian", "Uygur", "BantuSouthAfrica", "BiakaPygmy", "Cambodian", "Mandenka", "MbutiPygmy", "Yoruba", "BiakaPygmy", "Mandenka", "San", "Yoruba", "Papuan", "Russian", "Druze", "Kalash", "Mozabite", "Palestinian", "Russian", "Cambodian", "Colombian", "MbutiPygmy", "San", "Yoruba", "Daur", "Maya", "Palestinian", "Pima", "Daur", "Maya", "Mongola", "Yi", "Daur", "Maya", "MbutiPygmy", "Melanesian", "Papuan", "Pima", "Lahu", "Mongola", "Uygur", "Yakut", "Kalash", "Mozabite", "Uygur", "Papuan", "Uygur", "Yi", "Maya", "Mongola", "Pima", "San", "Yi", "MbutiPygmy", "Yoruba", "Melanesian", "Mongola", "Pima", "Yi", "San", "Palestinian", "Papuan", "Uygur", "Yakut", "Pima", "Yi", "Russian", "Yi", "Yakut", "Uygur", "Yoruba", "Yakut", "Yi"],
  "weights": [2.0889, 2.1888, 2.3088, 2.4916, 1.8155, 2.4939, 2.512, 2.8022, 1.9866, 1.9299, 5.0811, 6.6348, 6.1423, 4.3456, 6.4835, 4.1191, 5.9952, 3.8772, 6.7723, 4.2175, 4.3606, 2.4191, 1.6239, 2.5913, 2.2948, 1.787, 2.164, 7.1062, 8.2495, 6.4754, 7.8162, 5.0301, 3.2535, 4.421, 2.584, 4.5655, 3.4977, 4.1595, 3.1635, 3.4622, 4.5171, 3.504, 6.989, 4.0555, 4.7499, 3.3275, 4.9985, 2.8899, 2.6599, 2.8658, 2.5817, 2.5751, 2.1351, 3.9902, 2.6082, 3.7194, 4.572, 4.644, 4.6124, 9.6917, 4.845, 5.0654, 2.9573, 3.6836, 3.617, 3.1423, 3.6504, 7.5064, 2.7778, 3.1885, 2.6774, 3.2568, 3.4102, 2.4313, 1.8349, 3.7838, 3.4376, 2.6267, 6.9359, 2.5848, 3.0214],
  "loci": ["rs12329240", "rs1530980", "rs6432283", "rs10929805", "rs1453499", "rs12612952", "rs6432285", "rs10208372", "rs1370698", "rs11690119", "rs2890415", "rs7566717", "rs16858789", "rs7563729", "rs4668758", "rs13022361", "rs7607183", "rs12999558", "rs11677203", "rs6742536", "rs873715", "rs4668762", "rs16858854", "rs10929808", "rs1534432", "rs2118515", "rs10211429", "rs6733711", "rs10176670", "rs949981", "rs1898605", "rs7568996", "rs7587865", "rs1011575", "rs1547587", "rs4377309", "rs2196700", "rs1534422", "rs1534428", "rs7594033"]
}
