{
  "id": "EdgeSet0791",
  "sources": ["Adygei", "Adygei", "Adygei", "Adygei", "Balochi", "Balochi", "Balochi", "Balochi", "Balochi", "BantuKenya", "BantuKenya", "BantuKenya", "BantuKenya", "BantuKenya", "BantuKenya", "BantuSouthAfrica", "BantuSouthAfrica", "BantuSouthAfrica", "BantuSouthAfrica", "BantuSouthAfrica", "Basque", "Basque", "Basque", "Basque", "Bedouin", "Bedouin", "Bedouin", "Bedouin", "Bedouin", "BiakaPygmy", "BiakaPygmy", "BiakaPygmy", "Burusho", "Burusho", "Burusho", "Burusho", "Cambodian", "Cambodian", "Cambodian", "Cambodian", "Cambodian", "Colombian", "Colombian", "Colombian", "Colombian", "Colombian", "Daur", "Daur", "Daur", "Druze", "Druze", "Druze", "Kalash", "Kalash", "Lahu", "Lahu", "Lahu", "Mandenka", "Mandenka", "Mandenka", "Maya", "Maya", "Maya", "MbutiPygmy", "Melanesian", "Melanesian", "Mongola", "Mongola", "Mongola", "Mozabite", "Mozabite", "Palestinian", "Pima", "Pima", "Russian", "Uygur"],
  "targets": ["Basque", "Bedouin", "Daur", "Druze", "Bedouin", "Druze", "Kalash", "San", "Uygur", "BiakaPygmy", "Mandenka", "MbutiPygmy", "Mozabite", "San", "Yoruba", "BiakaPygmy", "Mandenka", "MbutiPygmy", "San", "Yoruba", "Burusho", "Kalash", "Palestinian", "Uygur", "Burusho", "Druze", "Mozabite", "Palestinian", "Russian", "MbutiPygmy", "San", "Yoruba", "Druze", "Mongola", "Russian", "Yakut", "Daur", "Palestinian", "Uygur", "Yakut", "Yi", "Lahu", "Maya", "MbutiPygmy", "Mongola", "Pima", "Papuan", "Russian", "San", "Kalash", "Palestinian", "Russian", "Mozabite", "Uygur", "Maya", "Pima", "Yi", "Mozabite", "San", "Yoruba", "Mongola", "Pima", "Yi", "San", "Papuan", "Pima", "Pima", "Uygur", "Yakut", "Palestinian", "Yoruba", "Russian", "Russian", "Uygur", "Yakut", "Yi"],
  "weights": [2.15, 1.5786, 4.5123, 1.1062, 1.7763, 1.9385, 2.4572, 7.8949, 3.2902, 5.0833, 3.9428, 6.0788, 4.1512, 7.2761, 3.7658, 4.1561, 3.7084, 5.5265, 7.0658, 3.1455, 3.269, 2.7005, 2.3118, 4.7032, 3.1449, 1.5207, 2.2513, 1.3304, 2.0234, 5.2151, 7.4036, 4.5437, 2.6594, 4.1435, 2.4134, 3.4635, 2.4825, 2.7792, 3.2565, 2.4883, 2.4282, 6.7048, 4.6327, 8.5651, 5.0339, 5.5881, 5.8136, 3.9362, 8.8121, 2.2584, 1.4727, 1.9563, 2.8724, 3.7085, 3.7022, 4.0869, 2.398, 3.2655, 7.0054, 2.5371, 3.2901, 3.9672, 3.66, 7.7451, 3.4437, 6.9813, 3.7337, 3.6552, 3.1028, 2.3706, 3.509, 1.8278, 5.2088, 5.0069, 2.7106, 3.5517],
  "loci": ["rs13411401", "rs443713", "rs6722106", "rs389616", "rs1524210", "rs17012180", "rs317290", "rs6709581", "rs17700671", "rs7563058", "rs10496200", "rs13025724", "rs12618337", "rs13027159", "rs1440882", "rs1440881", "rs2422421", "rs1608590", "rs1554616", "rs11687064", "rs6759778", "rs1404090", "rs1916870", "rs6547057", "rs13412244", "rs1405343", "rs2030667", "rs1589951", "rs7355236", "rs1526643", "rs10865419", "rs2860732", "rs13390508", "rs12464573", "rs11684308", "rs1000459", "rs1004630", "rs1949924", "rs6743740", "rs17012460"]
}
