{
  "id": "EdgeSet0482",
  "sources": ["Adygei", "Adygei", "Adygei", "Adygei", "Adygei", "Balochi", "Balochi", "Balochi", "Balochi", "BantuKenya", "BantuKenya", "BantuKenya", "BantuKenya", "BantuSouthAfrica", "BantuSouthAfrica", "BantuSouthAfrica", "BantuSouthAfrica", "Basque", "Basque", "Basque", "Basque", "Basque", "Basque", "Basque", "Bedouin", "Bedouin", "Bedouin", "Bedouin", "BiakaPygmy", "BiakaPygmy", "BiakaPygmy", "Burusho", "Burusho", "Burusho", "Burusho", "Burusho", "Cambodian", "Cambodian", "Cambodian", "Cambodian", "Colombian", "Colombian", "Colombian", "Colombian", "Colombian", "Colombian", "Daur", "Daur", "Daur", "Daur", "Daur", "Druze", "Druze", "Lahu", "Lahu", "Lahu", "Mandenka", "Maya", "Maya", "Maya", "Maya", "MbutiPygmy", "Melanesian", "Melanesian", "Melanesian", "Mongola", "Mongola", "Mongola", "Mozabite", "Palestinian", "Palestinian", "Papuan", "Pima", "Russian", "Uygur"],
  "targets": ["Balochi", "Kalash", "Maya", "Mongola", "Yakut", "Bedouin", "Cambodian", "Druze", "Yakut", "BiakaPygmy", "Mandenka", "MbutiPygmy", "Yoruba", "BiakaPygmy", "Mandenka", "San", "Yoruba", "Bedouin", "Druze", "Melanesian", "Mozabite", "Palestinian", "Papuan", "Russian", "Mongola", "Mozabite", "Palestinian", "Russian", "MbutiPygmy", "San", "Yoruba", "Cambodian", "Colombian", "Druze", "Melanesian", "Uygur", "Daur", "Melanesian", "Mongola", "Papuan", "Druze", "Kalash", "Lahu", "Maya", "Pima", "Uygur", "Mongola", "Papuan", "Uygur", "Yakut", "Yi", "Palestinian", "Russian", "Mongola", "Papuan", "Russian", "Yoruba", "Pima", "Uygur", "Yakut", "Yi", "San", "Papuan", "Pima", "Yi", "Uygur", "Yakut", "Yi", "Palestinian", "Papuan", "Russian", "Yi", "Uygur", "Yi", "Yi"],
  "weights": [2.1997, 2.4222, 2.7681, 2.6903, 3.1082, 2.3035, 2.9785, 1.9795, 3.95, 2.9204, 3.1612, 3.5283, 2.9792, 3.2707, 3.3719, 5.9454, 3.3034, 2.4829, 2.4843, 5.253, 2.4275, 2.4513, 4.2189, 2.3651, 3.6898, 2.2562, 2.1332, 2.2116, 3.4796, 6.2735, 2.9831, 3.1462, 3.9503, 2.8346, 4.2229, 3.0056, 2.9642, 3.4629, 2.8394, 3.4638, 3.7713, 3.8893, 5.1461, 3.7288, 4.875, 4.013, 3.007, 3.9256, 3.2397, 3.429, 3.0014, 2.1995, 2.0321, 3.9295, 4.4084, 4.4886, 2.2275, 2.8652, 2.8985, 3.2581, 3.1631, 5.869, 4.5606, 5.5254, 3.8026, 2.9646, 2.6246, 2.9899, 2.5367, 4.8078, 2.2, 3.6798, 4.2776, 4.5437, 2.8315],
  "loci": ["rs7559522", "rs7576304", "rs10179954", "rs4953266", "rs10175198", "rs935661", "rs10865208", "rs4952779", "rs935656", "rs6732900", "rs6761327", "rs750210", "rs4953268", "rs6761356", "rs4953270", "rs6719779", "rs7561544", "rs6756452", "rs6760363", "rs7581914", "rs4953274", "rs4953276", "rs1947195", "rs4953277", "rs935653", "rs3911797", "rs10189339", "rs4952787", "rs11125038", "rs11125039", "rs1966813", "rs7585985", "rs2122110", "rs4245804", "rs2345177", "rs2881068", "rs13400225", "rs11125041", "rs872288", "rs4953288"]
}
