{
  "id": "EdgeSet0284",
  "sources": ["Adygei", "Adygei", "Adygei", "Adygei", "Adygei", "Adygei", "Adygei", "Balochi", "Balochi", "Balochi", "Balochi", "Balochi", "Balochi", "Balochi", "Balochi", "BantuKenya", "BantuKenya", "BantuKenya", "BantuKenya", "BantuSouthAfrica", "BantuSouthAfrica", "Basque", "Bedouin", "Bedouin", "BiakaPygmy", "BiakaPygmy", "Burusho", "Burusho", "Burusho", "Burusho", "Burusho", "Cambodian", "Cambodian", "Cambodian", "Cambodian", "Colombian", "Colombian", "Daur", "Daur", "Daur", "Druze", "Druze", "Lahu", "Lahu", "Lahu", "Lahu", "Mandenka", "Maya", "Maya", "MbutiPygmy", "MbutiPygmy", "Melanesian", "Melanesian", "Melanesian", "Melanesian", "Mongola", "Mozabite", "Mozabite", "Mozabite", "Papuan", "Papuan", "Pima", "San", "Uygur", "Yakut"],
  "targets": ["Basque", "Bedouin", "Druze", "Kalash", "Melanesian", "Palestinian", "Russian", "Basque", "Bedouin", "Burusho", "Cambodian", "Kalash", "Palestinian", "Uygur", "Yakut", "BantuSouthAfrica", "BiakaPygmy", "Mandenka", "Yoruba", "BiakaPygmy", "Yoruba", "Russian", "Druze", "Palestinian", "MbutiPygmy", "Russian", "Kalash", "Melanesian", "Mongola", "Russian", "Uygur", "Maya", "Melanesian", "Uygur", "Yi", "Maya", "Pima", "Mongola", "Yakut", "Yi", "Mozabite", "Palestinian", "Melanesian", "Papuan", "Yakut", "Yi", "Yoruba", "Melanesian", "Pima", "Russian", "San", "Mongola", "Papuan", "Uygur", "Yi", "Uygur", "Palestinian", "Papuan", "Yoruba", "Uygur", "Yakut", "San", "Yoruba", "Yi", "Yi"],
  "weights": [3.0896, 2.0815, 2.0672, 3.2404, 4.2413, 2.251, 2.5585, 2.903, 2.196, 2.8938, 2.6402, 2.7065, 2.4829, 2.3649, 3.35, 3.2657, 4.5126, 2.776, 3.5641, 3.7905, 3.7042, 2.6942, 1.508, 1.7108, 4.7552, 5.228, 3.1669, 3.8958, 2.5692, 3.185, 2.4682, 3.4361, 3.1791, 2.1987, 2.3673, 2.2596, 2.6638, 2.4496, 1.9929, 1.983, 2.7596, 1.6451, 3.3242, 2.3977, 2.5729, 2.3664, 3.4422, 4.0539, 3.9221, 7.0013, 7.6199, 3.2299, 3.5608, 3.6093, 3.1681, 1.7069, 2.8248, 4.6762, 4.1074, 3.1733, 2.8902, 11.6269, 8.8803, 1.9817, 2.1558],
  "loci": ["rs877832", "rs7595633", "rs4666103", "rs4666104", "rs7559815", "rs4665429", "rs12993525", "rs1534477", "rs7557449", "rs11685766", "rs1534476", "rs6750615", "rs6731076", "rs1534480", "rs4666112", "rs4530322", "rs6713845", "rs2199619", "rs3752901", "rs3752899", "rs6729802", "rs12995756", "rs6741437", "rs10495766", "rs11694841", "rs10192375", "rs13400746", "rs11682523", "rs6723017", "rs4666115", "rs7586405", "rs17007191", "rs9309664", "rs4666118", "rs4233728", "rs7579277", "rs6547876", "rs17743079", "rs13431710", "rs3768665"]
}
