{
  "id": "EdgeSet0968",
  "sources": ["Adygei", "Adygei", "Adygei", "Adygei", "Adygei", "Adygei", "Adygei", "Balochi", "Balochi", "Balochi", "BantuKenya", "BantuKenya", "BantuKenya", "BantuKenya", "BantuKenya", "BantuKenya", "BantuSouthAfrica", "BantuSouthAfrica", "BantuSouthAfrica", "BantuSouthAfrica", "BantuSouthAfrica", "Basque", "Basque", "Basque", "Basque", "Basque", "Basque", "Bedouin", "Bedouin", "Bedouin", "Bedouin", "BiakaPygmy", "BiakaPygmy", "BiakaPygmy", "BiakaPygmy", "Burusho", "Burusho", "Burusho", "Cambodian", "Cambodian", "Cambodian", "Cambodian", "Cambodian", "Colombian", "Colombian", "Colombian", "Colombian", "Colombian", "Daur", "Daur", "Daur", "Daur", "Druze", "Druze", "Kalash", "Lahu", "Lahu", "Lahu", "Lahu", "Mandenka", "Mandenka", "Maya", "Maya", "Maya", "MbutiPygmy", "MbutiPygmy", "Melanesian", "Melanesian", "Mongola", "Mongola", "Mongola", "Mongola", "Mozabite", "Mozabite", "Papuan", "Pima", "Pima", "Russian", "Uygur", "Yakut"],
  "targets": ["Balochi", "Basque", "Burusho", "Druze", "Mandenka", "Russian", "Uygur", "Burusho", "Druze", "Palestinian", "BantuSouthAfrica", "BiakaPygmy", "Mandenka", "Mozabite", "San", "Yoruba", "BiakaPygmy", "Mandenka", "MbutiPygmy", "Pima", "Yoruba", "Bedouin", "Colombian", "Druze", "Maya", "Palestinian", "Pima", "Druze", "Kalash", "Mozabite", "Palestinian", "Kalash", "MbutiPygmy", "Yi", "Yoruba", "Druze", "Kalash", "Yakut", "Daur", "Lahu", "Melanesian", "Mongola", "Yi", "Kalash", "Maya", "Melanesian", "Pima", "Uygur", "Kalash", "Uygur", "Yakut", "Yi", "Kalash", "Palestinian", "Palestinian", "Mongola", "Papuan", "Russian", "Yakut", "San", "Yoruba", "Papuan", "Pima", "Russian", "San", "Yi", "Mozabite", "Papuan", "Russian", "Uygur", "Yakut", "Yi", "Palestinian", "Pima", "Yakut", "Russian", "San", "Uygur", "Yakut", "Yi"],
  "weights": [2.744, 2.5421, 2.771, 2.0112, 5.176, 3.0634, 2.682, 2.9171, 2.4683, 2.564, 4.2908, 4.3254, 3.7408, 4.5034, 5.7763, 3.3939, 5.2503, 4.0622, 5.7262, 6.4242, 3.9887, 2.3662, 3.8906, 2.2837, 3.5135, 2.2545, 4.2318, 1.8178, 2.6085, 2.3538, 1.9601, 5.2224, 5.2703, 5.869, 4.4017, 2.6464, 2.5179, 3.7592, 2.5224, 2.6961, 3.5861, 2.2576, 2.6206, 4.0945, 2.4539, 3.8613, 3.9066, 4.4928, 3.6448, 2.0954, 2.5669, 2.3727, 2.4744, 1.7463, 2.5217, 2.9926, 3.7697, 3.7504, 3.6766, 6.5405, 3.015, 3.5356, 3.7853, 3.321, 8.6637, 6.1379, 3.9779, 2.8293, 4.0039, 2.6656, 3.2026, 2.5196, 2.3818, 4.3453, 3.7657, 4.2652, 8.4162, 2.8204, 2.8559, 3.1308],
  "loci": ["rs939008", "rs17031089", "rs1467219", "rs12712211", "rs13426275", "rs12473672", "rs1568261", "rs4851791", "rs6543316", "rs10203692", "rs17187895", "rs17031192", "rs2122961", "rs7575977", "rs6727113", "rs12466324", "rs4851794", "rs6723920", "rs17031236", "rs4851802", "rs10170383", "rs10496397", "rs4851803", "rs12478989", "rs2084779", "rs1518611", "rs1224540", "rs1126240", "rs10201413", "rs11124048", "rs17031337", "rs7601184", "rs11897231", "rs7590257", "rs2044902", "rs17196637", "rs10496399", "rs10496400", "rs11680713", "rs12617710"]
}
