{
  "id": "EdgeSet0948",
  "sources": ["Adygei", "Adygei", "Adygei", "Adygei", "Adygei", "Adygei", "Adygei", "Balochi", "Balochi", "Balochi", "Balochi", "Balochi", "BantuKenya", "BantuKenya", "BantuKenya", "BantuSouthAfrica", "BantuSouthAfrica", "BantuSouthAfrica", "BantuSouthAfrica", "Basque", "Basque", "Basque", "Basque", "Basque", "Basque", "Bedouin", "Bedouin", "Bedouin", "Bedouin", "BiakaPygmy", "BiakaPygmy", "BiakaPygmy", "BiakaPygmy", "Burusho", "Burusho", "Burusho", "Burusho", "Cambodian", "Cambodian", "Cambodian", "Cambodian", "Colombian", "Colombian", "Colombian", "Colombian", "Colombian", "Colombian", "Colombian", "Daur", "Daur", "Daur", "Daur", "Daur", "Druze", "Druze", "Kalash", "Kalash", "Kalash", "Lahu", "Lahu", "Lahu", "Mandenka", "Mandenka", "Mandenka", "Maya", "Maya", "Maya", "Maya", "MbutiPygmy", "Melanesian", "Mongola", "Mongola", "Mongola", "Mozabite", "Mozabite", "Pima", "Russian", "Uygur", "Yakut"],
  "targets": ["Balochi", "Bedouin", "Druze", "Maya", "Palestinian", "Yakut", "Yi", "Burusho", "Cambodian", "Kalash", "Palestinian", "Russian", "BantuSouthAfrica", "MbutiPygmy", "Yoruba", "BiakaPygmy", "MbutiPygmy", "San", "Yoruba", "Bedouin", "Cambodian", "Druze", "Kalash", "Palestinian", "Russian", "Druze", "Mozabite", "Palestinian", "Russian", "Mandenka", "MbutiPygmy", "Mozabite", "San", "Druze", "Kalash", "Maya", "Russian", "Daur", "Lahu", "Uygur", "Yi", "Daur", "Lahu", "Maya", "Melanesian", "Pima", "Uygur", "Yi", "Kalash", "Lahu", "Melanesian", "Mongola", "Yakut", "Palestinian", "Russian", "Lahu", "Uygur", "Yakut", "Melanesian", "Uygur", "Yakut", "MbutiPygmy", "San", "Yoruba", "Pima", "Russian", "Uygur", "Yi", "San", "Papuan", "Papuan", "Yakut", "Yi", "Palestinian", "Papuan", "Yi", "Uygur", "Yakut", "Yi"],
  "weights": [2.2305, 2.3933, 2.2363, 3.6268, 2.2624, 2.6708, 3.0954, 2.4443, 2.8898, 2.1463, 2.2706, 1.9598, 3.7474, 4.6182, 3.4716, 5.4209, 4.8253, 5.986, 2.9946, 2.2905, 3.4351, 1.9062, 2.8181, 2.0784, 1.6843, 1.9672, 2.6923, 1.8666, 2.205, 4.1713, 5.3073, 5.5503, 6.4399, 2.2027, 2.8217, 4.3547, 2.5497, 3.0663, 2.6508, 2.7026, 2.9451, 2.7898, 2.406, 2.9006, 3.5195, 3.8244, 2.9288, 2.3151, 3.6419, 1.9257, 3.5811, 2.3427, 2.5026, 1.4399, 1.9555, 2.7047, 2.1888, 2.2198, 3.2917, 2.421, 2.1331, 4.1649, 5.682, 3.1392, 3.7337, 4.2567, 3.7475, 3.078, 5.8136, 1.6333, 3.1514, 2.1053, 2.1821, 2.7029, 5.0814, 3.4403, 2.6777, 2.1215, 2.4456],
  "loci": ["rs10496362", "rs11123953", "rs6543194", "rs7587833", "rs9308861", "rs13402012", "rs13402350", "rs10176694", "rs13414788", "rs12386183", "rs817742", "rs6709515", "rs1482751", "rs13410351", "rs1881182", "rs1680797", "rs6735786", "rs4319952", "rs11890542", "rs6726265", "rs1430071", "rs6727959", "rs1430068", "rs1430067", "rs4851648", "rs7575544", "rs10198191", "rs10166841", "rs1430074", "rs10191917", "rs10469858", "rs1433312", "rs6707103", "rs7565678", "rs10496370", "rs13390641", "rs17028872", "rs13404129", "rs7562738", "rs266064"]
}
