{
  "id": "EdgeSet0378",
  "sources": ["Adygei", "Adygei", "Adygei", "Adygei", "Adygei", "Adygei", "Adygei", "Adygei", "Balochi", "Balochi", "Balochi", "Balochi", "BantuKenya", "BantuKenya", "BantuKenya", "BantuKenya", "BantuKenya", "BantuSouthAfrica", "BantuSouthAfrica", "BantuSouthAfrica", "BantuSouthAfrica", "BantuSouthAfrica", "BantuSouthAfrica", "Basque", "Basque", "Basque", "Basque", "Basque", "Bedouin", "Bedouin", "Bedouin", "BiakaPygmy", "BiakaPygmy", "BiakaPygmy", "BiakaPygmy", "BiakaPygmy", "BiakaPygmy", "Burusho", "Burusho", "Burusho", "Cambodian", "Cambodian", "Cambodian", "Cambodian", "Cambodian", "Colombian", "Colombian", "Colombian", "Daur", "Daur", "Daur", "Daur", "Druze", "Druze", "Kalash", "Kalash", "Kalash", "Kalash", "Lahu", "Lahu", "Mandenka", "Mandenka", "Mandenka", "Maya", "Maya", "Maya", "MbutiPygmy", "Melanesian", "Melanesian", "Mongola", "Mozabite", "Palestinian", "Papuan", "Pima", "Russian", "San", "Yakut"],
  "targets": ["Balochi", "BantuKenya", "Bedouin", "Burusho", "Colombian", "Druze", "Kalash", "Russian", "Basque", "Burusho", "Palestinian", "Russian", "BantuSouthAfrica", "BiakaPygmy", "MbutiPygmy", "Mozabite", "Yoruba", "Colombian", "Daur", "Mozabite", "Russian", "Yi", "Yoruba", "Bedouin", "Druze", "Mozabite", "Palestinian", "Russian", "Daur", "Druze", "Palestinian", "Mandenka", "MbutiPygmy", "Melanesian", "Papuan", "San", "Yoruba", "Palestinian", "Pima", "Uygur", "Daur", "Lahu", "Melanesian", "Uygur", "Yi", "Maya", "Pima", "Yi", "Lahu", "Mongola", "San", "Yakut", "Kalash", "Mozabite", "Maya", "Pima", "Russian", "Yakut", "Melanesian", "Pima", "MbutiPygmy", "San", "Yoruba", "MbutiPygmy", "Melanesian", "Pima", "San", "Papuan", "Pima", "Yakut", "Palestinian", "Papuan", "Pima", "San", "Yakut", "Yakut", "Yi"],
  "weights": [2.2817, 4.216, 1.9541, 2.1572, 5.4731, 2.1681, 2.4225, 2.1468, 2.4362, 1.9076, 2.2579, 2.6247, 4.3972, 4.2934, 4.7707, 4.5734, 3.174, 5.4553, 5.7097, 5.2877, 4.82, 4.6228, 4.1507, 1.77, 2.1556, 3.2271, 1.7283, 2.5323, 3.4291, 1.8422, 1.7929, 3.5078, 4.9544, 5.4067, 6.3052, 7.9632, 3.2189, 2.2589, 4.491, 2.5965, 2.3175, 2.3913, 3.9902, 2.7299, 3.0204, 2.7149, 4.2504, 3.4817, 2.7666, 2.6868, 8.6906, 3.1616, 2.3923, 3.4031, 4.1252, 4.2269, 2.5324, 4.8772, 3.7256, 3.9611, 4.4438, 7.0749, 2.6138, 6.8003, 4.2878, 3.7758, 9.0348, 3.8758, 4.6711, 2.1386, 3.3623, 3.6049, 4.0203, 9.2897, 4.0121, 9.0436, 3.1675],
  "loci": ["rs711252", "rs3770858", "rs3770857", "rs848551", "rs861051", "rs6720433", "rs17480531", "rs1403858", "rs11893748", "rs3770841", "rs7571475", "rs711249", "rs1523785", "rs3770832", "rs2287082", "rs848523", "rs3770827", "rs848520", "rs3821153", "rs3770821", "rs848515", "rs3770817", "rs848607", "rs981355", "rs1533949", "rs848643", "rs848642", "rs13406184", "rs848596", "rs848637", "rs11691600", "rs848619", "rs12105545", "rs10490670", "rs848609", "rs2287105", "rs9941555", "rs744917", "rs918066", "rs12612163"]
}
