{
  "id": "EdgeSet0187",
  "sources": ["Adygei", "Adygei", "Adygei", "Adygei", "Adygei", "Adygei", "Adygei", "Balochi", "Balochi", "Balochi", "Balochi", "Balochi", "BantuKenya", "BantuKenya", "BantuKenya", "BantuKenya", "BantuKenya", "BantuSouthAfrica", "BantuSouthAfrica", "BantuSouthAfrica", "Basque", "Basque", "Basque", "Basque", "Basque", "Bedouin", "Bedouin", "Bedouin", "Bedouin", "BiakaPygmy", "BiakaPygmy", "BiakaPygmy", "BiakaPygmy", "Burusho", "Burusho", "Cambodian", "Cambodian", "Cambodian", "Cambodian", "Colombian", "Colombian", "Colombian", "Daur", "Daur", "Daur", "Druze", "Druze", "Druze", "Kalash", "Lahu", "Lahu", "Mandenka", "Mandenka", "Mandenka", "Maya", "Maya", "Maya", "MbutiPygmy", "MbutiPygmy", "Melanesian", "Melanesian", "Melanesian", "Mongola", "Mongola", "Mozabite", "Papuan", "Papuan", "Uygur"],
  "targets": ["Balochi", "Bedouin", "Burusho", "Druze", "Mozabite", "Palestinian", "Pima", "Basque", "Bedouin", "Druze", "Kalash", "Palestinian", "BantuSouthAfrica", "Mandenka", "Mozabite", "San", "Yoruba", "BiakaPygmy", "MbutiPygmy", "Yoruba", "Bedouin", "Burusho", "Kalash", "Palestinian", "Russian", "Druze", "Kalash", "Mozabite", "Palestinian", "Mandenka", "MbutiPygmy", "San", "Yoruba", "Palestinian", "Papuan", "Mongola", "Pima", "Uygur", "Yakut", "Lahu", "Mongola", "Pima", "Lahu", "Melanesian", "Yakut", "Kalash", "Mozabite", "Palestinian", "Papuan", "Melanesian", "Yi", "MbutiPygmy", "Mozabite", "Yoruba", "Pima", "Russian", "Uygur", "San", "Yoruba", "Papuan", "Yakut", "Yi", "Yakut", "Yi", "Russian", "Russian", "Uygur", "Yi"],
  "weights": [1.8819, 1.7702, 2.5357, 2.2578, 2.7866, 1.8421, 3.9704, 1.7374, 1.6147, 2.1393, 2.9261, 1.6392, 4.0541, 3.3575, 3.9679, 5.1521, 3.8109, 4.7247, 5.1427, 4.2602, 1.2815, 2.5235, 3.0198, 1.6049, 2.4377, 1.94, 3.399, 2.2396, 1.3938, 4.141, 5.7311, 5.7471, 4.7388, 2.4809, 2.2814, 1.615, 3.6201, 2.2683, 1.6118, 2.3058, 1.6825, 3.7864, 1.0131, 1.7519, 1.4058, 2.5683, 2.9193, 1.973, 3.5119, 1.7429, 1.8116, 4.637, 4.1538, 3.0776, 2.3537, 3.8389, 2.761, 5.9688, 5.4404, 2.7391, 1.8521, 1.6635, 1.6272, 1.1441, 3.4908, 2.8004, 2.5423, 2.4641],
  "loci": ["rs2063164", "rs11894241", "rs10495660", "rs11674840", "rs2030357", "rs885302", "rs287305", "rs7602077", "rs1983376", "rs6740500", "rs6531036", "rs17477667", "rs13383210", "rs6709439", "rs7585536", "rs13020891", "rs1519967", "rs7558682", "rs11900311", "rs1976809", "rs1004888", "rs12988998", "rs13005846", "rs16983481", "rs12710641", "rs1401882", "rs7602088", "rs7355461", "rs3112233", "rs867564", "rs16983552", "rs3112234", "rs13402053", "rs13424488", "rs932212", "rs977874", "rs1568362", "rs6737193", "rs951376", "rs834496"]
}
