{
  "id": "EdgeSet0257",
  "sources": ["Adygei", "Adygei", "Adygei", "Balochi", "Balochi", "Balochi", "Balochi", "BantuKenya", "BantuKenya", "BantuKenya", "BantuKenya", "BantuSouthAfrica", "BantuSouthAfrica", "BantuSouthAfrica", "BantuSouthAfrica", "Basque", "Basque", "Basque", "Basque", "Basque", "Bedouin", "Bedouin", "Bedouin", "BiakaPygmy", "BiakaPygmy", "BiakaPygmy", "Burusho", "Burusho", "Burusho", "Burusho", "Cambodian", "Cambodian", "Cambodian", "Cambodian", "Cambodian", "Cambodian", "Cambodian", "Colombian", "Colombian", "Daur", "Daur", "Daur", "Daur", "Daur", "Druze", "Druze", "Druze", "Druze", "Druze", "Kalash", "Kalash", "Kalash", "Lahu", "Lahu", "Lahu", "Mandenka", "Maya", "Maya", "Maya", "MbutiPygmy", "MbutiPygmy", "Melanesian", "Melanesian", "Mongola", "Mongola", "Mozabite", "Mozabite", "Palestinian", "Palestinian", "Palestinian", "Pima", "Pima", "Russian"],
  "targets": ["Balochi", "Bedouin", "Papuan", "Basque", "Bedouin", "Kalash", "Palestinian", "BantuSouthAfrica", "BiakaPygmy", "Mandenka", "Yoruba", "Mandenka", "MbutiPygmy", "San", "Yoruba", "Bedouin", "Kalash", "Palestinian", "Pima", "Russian", "Druze", "Mozabite", "Palestinian", "MbutiPygmy", "San", "Yoruba", "Lahu", "Melanesian", "Mozabite", "Yakut", "Daur", "Kalash", "Lahu", "Melanesian", "San", "Yakut", "Yi", "Maya", "Pima", "Maya", "Mongola", "Uygur", "Yakut", "Yi", "Kalash", "Mozabite", "Russian", "Uygur", "Yakut", "MbutiPygmy", "Mozabite", "Papuan", "Mongola", "Uygur", "Yakut", "Yoruba", "Papuan", "Russian", "Uygur", "Melanesian", "San", "Papuan", "San", "Yakut", "Yi", "Yakut", "Yoruba", "Papuan", "Russian", "Uygur", "Russian", "San", "San"],
  "weights": [2.2012, 2.0355, 3.2816, 2.2762, 1.7176, 2.5275, 2.1415, 3.9531, 4.6212, 3.1805, 3.9343, 3.0207, 5.3503, 11.8616, 3.2716, 1.9839, 3.1418, 1.9452, 4.1079, 2.8069, 1.7665, 2.0716, 1.6138, 4.6569, 11.2738, 4.6227, 3.2783, 4.0379, 3.1141, 3.3442, 2.5939, 4.6161, 3.0137, 3.2718, 12.0239, 3.0877, 2.0888, 2.3261, 4.2596, 3.4662, 2.4239, 2.6449, 2.9191, 2.3522, 3.2749, 2.6986, 2.7497, 2.6871, 4.5007, 6.2812, 3.9797, 4.2761, 3.1948, 3.1888, 3.6162, 3.2487, 2.9857, 3.6219, 2.9609, 7.3815, 11.3493, 3.4108, 12.9171, 3.2695, 1.7641, 3.428, 4.3926, 3.2434, 2.7637, 2.41, 4.5938, 11.6633, 12.2729],
  "loci": ["rs10495747", "rs7603997", "rs11125535", "rs2551122", "rs7577964", "rs2339980", "rs12470303", "rs7595372", "rs2702089", "rs2702050", "rs10189542", "rs1545257", "rs10865289", "rs2584922", "rs2702063", "rs11890919", "rs2584937", "rs10180416", "rs1031091", "rs1031089", "rs2119997", "rs2702132", "rs4665701", "rs17734306", "rs11125627", "rs9678303", "rs2044148", "rs1545255", "rs10432678", "rs11125662", "rs7598617", "rs12474894", "rs995647", "rs6720514", "rs7601172", "rs11677500", "rs17046434", "rs2119115", "rs7590949", "rs4665716"]
}
