{
  "id": "EdgeSet0163",
  "sources": ["Adygei", "Adygei", "Adygei", "Adygei", "Adygei", "Adygei", "Balochi", "Balochi", "Balochi", "Balochi", "BantuKenya", "BantuKenya", "BantuKenya", "BantuKenya", "BantuSouthAfrica", "BantuSouthAfrica", "BantuSouthAfrica", "Basque", "Basque", "Basque", "Basque", "Bedouin", "Bedouin", "Bedouin", "Bedouin", "BiakaPygmy", "BiakaPygmy", "BiakaPygmy", "BiakaPygmy", "Burusho", "Burusho", "Burusho", "Burusho", "Cambodian", "Cambodian", "Cambodian", "Cambodian", "Cambodian", "Cambodian", "Cambodian", "Colombian", "Colombian", "Colombian", "Colombian", "Daur", "Daur", "Daur", "Daur", "Druze", "Druze", "Druze", "Kalash", "Kalash", "Kalash", "Lahu", "Mandenka", "Mandenka", "Mandenka", "Maya", "MbutiPygmy", "Melanesian", "Melanesian", "Melanesian", "Melanesian", "Mongola", "Mongola", "Mongola", "Mongola", "Mozabite", "Mozabite", "Palestinian", "Papuan", "Pima", "Pima", "Uygur"],
  "targets": ["Basque", "Bedouin", "Druze", "Kalash", "Mozabite", "Uygur", "Bedouin", "Daur", "Melanesian", "Uygur", "BiakaPygmy", "Mandenka", "MbutiPygmy", "Yoruba", "BiakaPygmy", "San", "Yoruba", "Bedouin", "Burusho", "Mongola", "Russian", "Burusho", "Druze", "Palestinian", "Pima", "Mandenka", "MbutiPygmy", "San", "Yoruba", "Cambodian", "Lahu", "Melanesian", "Papuan", "Colombian", "Kalash", "Lahu", "Melanesian", "Mongola", "Papuan", "Yi", "Lahu", "Maya", "Pima", "Yi", "Maya", "Pima", "Uygur", "Yakut", "Kalash", "Lahu", "Uygur", "Papuan", "Pima", "Uygur", "Maya", "MbutiPygmy", "Mozabite", "Yoruba", "Pima", "San", "Papuan", "Pima", "Russian", "Uygur", "Mozabite", "Russian", "Uygur", "Yakut", "Palestinian", "Russian", "Russian", "Yakut", "Russian", "Yi", "Yakut"],
  "weights": [2.0876, 2.0232, 1.5754, 1.9063, 2.2155, 1.9809, 2.4813, 2.6867, 3.0368, 2.4675, 4.5207, 4.3127, 6.1081, 3.4271, 5.3124, 8.0161, 5.0953, 2.1702, 2.1175, 2.4495, 2.3061, 1.9677, 1.696, 1.9118, 2.4286, 5.3349, 6.4778, 9.3814, 4.426, 2.2874, 2.5587, 2.4901, 2.8503, 2.5212, 1.8221, 2.2674, 2.1493, 2.1881, 1.9526, 2.0005, 3.2479, 1.7297, 2.1185, 1.8867, 2.1737, 2.1374, 2.3405, 1.788, 1.2897, 2.3133, 1.7395, 1.8047, 2.7703, 2.0002, 2.6438, 7.3587, 6.9011, 2.9174, 2.0619, 10.4594, 2.233, 1.9525, 2.2485, 3.3758, 3.4665, 2.4088, 1.7636, 1.5089, 2.4261, 2.6737, 2.3092, 2.4945, 1.963, 2.0353, 1.9959],
  "loci": ["rs1434982", "rs1897912", "rs2705876", "rs2714240", "rs7607607", "rs2010753", "rs1946676", "rs2705855", "rs6432474", "rs13422389", "rs2714258", "rs6751213", "rs11903574", "rs10211519", "rs7599584", "rs1540791", "rs1540789", "rs10176935", "rs1157907", "rs1878847", "rs10179395", "rs4670032", "rs10173791", "rs1518793", "rs7561322", "rs4670038", "rs875199", "rs6432491", "rs12622607", "rs7577131", "rs7577600", "rs11885902", "rs13431144", "rs1401304", "rs1568282", "rs4303691", "rs4670044", "rs1996540", "rs7568703", "rs17368670"]
}
