{
  "id": "EdgeSet0636",
  "sources": ["Adygei", "Adygei", "Adygei", "Adygei", "Adygei", "Adygei", "Balochi", "Balochi", "Balochi", "Balochi", "Balochi", "Balochi", "BantuKenya", "BantuKenya", "BantuKenya", "BantuKenya", "BantuSouthAfrica", "BantuSouthAfrica", "BantuSouthAfrica", "BantuSouthAfrica", "Basque", "Basque", "Basque", "Basque", "Bedouin", "Bedouin", "Bedouin", "Bedouin", "BiakaPygmy", "BiakaPygmy", "BiakaPygmy", "Burusho", "Burusho", "Burusho", "Burusho", "Burusho", "Cambodian", "Cambodian", "Cambodian", "Cambodian", "Cambodian", "Cambodian", "Cambodian", "Colombian", "Colombian", "Colombian", "Colombian", "Colombian", "Colombian", "Colombian", "Daur", "Daur", "Daur", "Daur", "Druze", "Druze", "Druze", "Kalash", "Kalash", "Lahu", "Lahu", "Lahu", "Lahu", "Mandenka", "Mandenka", "Mandenka", "Maya", "Maya", "MbutiPygmy", "MbutiPygmy", "Melanesian", "Melanesian", "Mongola", "Mongola", "Mongola", "Mozabite", "Papuan", "Papuan", "Pima", "Pima", "Uygur", "Yi"],
  "targets": ["Balochi", "Druze", "Mozabite", "Palestinian", "Papuan", "Russian", "Burusho", "Mozabite", "Palestinian", "Papuan", "Yakut", "Yi", "BantuSouthAfrica", "BiakaPygmy", "Mandenka", "Mozabite", "Mandenka", "Papuan", "San", "Yoruba", "Burusho", "Lahu", "Russian", "Yakut", "Druze", "Palestinian", "Russian", "Yi", "MbutiPygmy", "San", "Yoruba", "Kalash", "Lahu", "Mozabite", "Russian", "Yakut", "Lahu", "Maya", "Mongola", "Pima", "Russian", "Uygur", "Yi", "Kalash", "Maya", "Melanesian", "Mongola", "Pima", "Yakut", "Yi", "Lahu", "Mongola", "Uygur", "Yi", "Kalash", "Lahu", "Palestinian", "Mandenka", "Mongola", "Maya", "Pima", "San", "Yi", "MbutiPygmy", "Papuan", "Yoruba", "Pima", "Yakut", "Pima", "San", "Mongola", "Papuan", "Pima", "Uygur", "Yi", "Palestinian", "San", "Yoruba", "San", "Uygur", "Yakut", "Yoruba"],
  "weights": [2.4728, 2.0752, 2.0463, 1.8831, 4.0623, 2.2714, 3.2371, 2.4537, 2.325, 4.3062, 4.414, 4.2353, 3.2998, 4.9245, 2.48, 3.8342, 3.4295, 5.8049, 7.0889, 4.1826, 2.9731, 4.1308, 2.0817, 3.7749, 2.0588, 1.4494, 2.5688, 4.5096, 4.4651, 5.7272, 5.2734, 3.1727, 4.2555, 3.6336, 2.8398, 3.3674, 4.2804, 3.6452, 4.7847, 5.4173, 3.1154, 3.4208, 3.4626, 5.3675, 2.5958, 6.2265, 4.3217, 5.5659, 3.0831, 3.148, 4.859, 5.5151, 3.1673, 4.2869, 2.2792, 4.1913, 1.6599, 4.1283, 4.1909, 5.947, 6.3399, 8.7038, 4.5449, 4.0391, 5.887, 3.2095, 5.3799, 2.8581, 7.1941, 6.6478, 5.7326, 4.3976, 5.2577, 3.5281, 4.3615, 1.871, 8.7759, 5.3945, 10.0835, 5.4085, 2.8976, 6.6211],
  "loci": ["rs7584083", "rs10175975", "rs13427046", "rs2052212", "rs4637092", "rs13030369", "rs2192567", "rs12464824", "rs10192541", "rs1861143", "rs2215894", "rs2863779", "rs10170742", "rs1990558", "rs2192562", "rs5008666", "rs11125778", "rs13023187", "rs10432683", "rs12994597", "rs10490113", "rs1861142", "rs4325734", "rs7586283", "rs1861149", "rs6545731", "rs10169309", "rs12467050", "rs1861145", "rs12622464", "rs13421114", "rs11125786", "rs11679178", "rs2561883", "rs1344459", "rs10490114", "rs13383367", "rs2430389", "rs17644588", "rs17644631"]
}
