{
  "id": "EdgeSet0148",
  "sources": ["Adygei", "Adygei", "Adygei", "Adygei", "Adygei", "Balochi", "Balochi", "Balochi", "Balochi", "Balochi", "Balochi", "Balochi", "BantuKenya", "BantuKenya", "BantuKenya", "BantuKenya", "BantuKenya", "BantuSouthAfrica", "BantuSouthAfrica", "BantuSouthAfrica", "BantuSouthAfrica", "BantuSouthAfrica", "Basque", "Basque", "Basque", "Basque", "Basque", "Bedouin", "Bedouin", "Bedouin", "Bedouin", "BiakaPygmy", "BiakaPygmy", "BiakaPygmy", "Burusho", "Burusho", "Burusho", "Burusho", "Cambodian", "Cambodian", "Cambodian", "Cambodian", "Cambodian", "Cambodian", "Colombian", "Colombian", "Colombian", "Daur", "Daur", "Daur", "Druze", "Druze", "Druze", "Kalash", "Kalash", "Kalash", "Lahu", "Lahu", "Lahu", "Lahu", "Lahu", "Mandenka", "Mandenka", "Maya", "Maya", "MbutiPygmy", "MbutiPygmy", "Melanesian", "Melanesian", "Mongola", "Mongola", "Mongola", "Mozabite", "Palestinian", "Pima", "Pima"],
  "targets": ["Basque", "Druze", "Kalash", "Palestinian", "Russian", "Bedouin", "Burusho", "Druze", "Lahu", "Mozabite", "Palestinian", "Russian", "BiakaPygmy", "Mandenka", "Papuan", "San", "Yoruba", "BiakaPygmy", "Lahu", "Mandenka", "San", "Yoruba", "Bedouin", "Kalash", "Palestinian", "Russian", "Uygur", "Druze", "Mozabite", "Palestinian", "Russian", "Mandenka", "MbutiPygmy", "San", "Cambodian", "Kalash", "Lahu", "Pima", "Daur", "Melanesian", "Mozabite", "Pima", "Yakut", "Yi", "Maya", "Pima", "Yi", "Mongola", "Yakut", "Yi", "Kalash", "Palestinian", "Russian", "Palestinian", "Papuan", "Yakut", "MbutiPygmy", "Mongola", "Palestinian", "San", "Yi", "Mozabite", "Yoruba", "Mongola", "Uygur", "San", "Yoruba", "Papuan", "Yi", "Pima", "Uygur", "Yakut", "Palestinian", "Russian", "Yakut", "Yi"],
  "weights": [2.4334, 1.7921, 1.9649, 2.0387, 1.8152, 1.934, 3.0399, 2.2328, 5.63, 2.7585, 2.1798, 2.2402, 6.6144, 5.1064, 6.5732, 12.0217, 4.8827, 5.0194, 6.6688, 4.1056, 10.5759, 3.7065, 2.3976, 2.7223, 2.3412, 2.3965, 3.3609, 1.6669, 2.5101, 1.5843, 1.848, 4.6485, 4.0221, 10.3934, 3.3248, 3.0551, 4.9201, 4.3127, 2.047, 2.579, 4.5716, 3.2158, 2.4238, 2.0119, 1.5201, 2.9896, 2.7776, 1.573, 2.0013, 2.3822, 2.5641, 1.7994, 1.8007, 3.0294, 4.3436, 3.3686, 6.9547, 4.8103, 5.1229, 12.363, 4.2887, 5.0939, 2.9519, 3.519, 3.4172, 9.245, 5.0939, 2.6651, 2.4928, 4.5801, 2.9585, 2.4987, 2.7504, 1.9387, 3.6663, 3.125],
  "loci": ["rs779357", "rs13400830", "rs779368", "rs779374", "rs7587118", "rs779376", "rs779377", "rs983037", "rs779379", "rs779388", "rs17381690", "rs779391", "rs779392", "rs999059", "rs779408", "rs16859555", "rs779411", "rs4143810", "rs1402545", "rs7581987", "rs10165801", "rs11688528", "rs12991972", "rs4669900", "rs7590964", "rs12471046", "rs1154841", "rs2380457", "rs12692488", "rs2138500", "rs1516289", "rs7579161", "rs10929842", "rs16859638", "rs7567155", "rs4668795", "rs1818595", "rs16859682", "rs16859684", "rs1356224"]
}
