{
  "id": "EdgeSet0902",
  "sources": ["Adygei", "Adygei", "Adygei", "Adygei", "Balochi", "Balochi", "Balochi", "Balochi", "BantuKenya", "BantuKenya", "BantuKenya", "BantuKenya", "BantuKenya", "BantuSouthAfrica", "BantuSouthAfrica", "BantuSouthAfrica", "BantuSouthAfrica", "BantuSouthAfrica", "Basque", "Basque", "Basque", "Bedouin", "Bedouin", "Bedouin", "Bedouin", "BiakaPygmy", "BiakaPygmy", "Burusho", "Burusho", "Burusho", "Burusho", "Burusho", "Cambodian", "Cambodian", "Cambodian", "Cambodian", "Colombian", "Colombian", "Daur", "Daur", "Daur", "Daur", "Daur", "Daur", "Druze", "Druze", "Druze", "Kalash", "Lahu", "Lahu", "Lahu", "Mandenka", "Mandenka", "Maya", "MbutiPygmy", "Melanesian", "Melanesian", "Melanesian", "Mongola", "Mozabite", "Mozabite", "Palestinian", "Papuan", "San", "Uygur"],
  "targets": ["Balochi", "Basque", "Palestinian", "Russian", "Basque", "Kalash", "Uygur", "Yi", "BiakaPygmy", "Mandenka", "MbutiPygmy", "San", "Yoruba", "BiakaPygmy", "Mandenka", "Melanesian", "San", "Yoruba", "Druze", "Mozabite", "Russian", "Druze", "Kalash", "Palestinian", "Uygur", "MbutiPygmy", "Yoruba", "Daur", "Kalash", "Maya", "Palestinian", "Uygur", "Lahu", "Melanesian", "Papuan", "Yi", "Maya", "Pima", "Druze", "Kalash", "Mongola", "Palestinian", "Uygur", "Yakut", "Kalash", "Mozabite", "Palestinian", "Palestinian", "Papuan", "Yakut", "Yi", "MbutiPygmy", "Yoruba", "Pima", "Papuan", "Mongola", "Papuan", "Yi", "Yi", "Palestinian", "Uygur", "Uygur", "Russian", "Yakut", "Yakut"],
  "weights": [2.3862, 2.9001, 2.2733, 4.6104, 3.5274, 2.22, 2.2499, 2.6433, 4.6078, 3.5528, 5.152, 4.989, 3.6431, 4.6749, 4.6512, 7.43, 5.586, 4.1304, 3.069, 3.5501, 4.3402, 1.7992, 1.8021, 1.6475, 1.7282, 6.0846, 4.4085, 2.3195, 1.9942, 2.7208, 2.3854, 2.2916, 2.6218, 4.6321, 7.7246, 2.7408, 1.3241, 0.7619, 2.9671, 2.3807, 2.9081, 3.3079, 2.5417, 2.7942, 1.9769, 2.2384, 1.9577, 2.1055, 8.1589, 3.4746, 3.2924, 4.9771, 2.8076, 1.6158, 10.0657, 5.1189, 6.7231, 5.4396, 2.5621, 2.327, 2.562, 2.0243, 11.08, 6.0417, 3.588],
  "loci": ["rs4907251", "rs7594727", "rs6748234", "rs6576987", "rs6576989", "rs4907254", "rs4907203", "rs4907206", "rs6717064", "rs6732237", "rs11900466", "rs3903548", "rs10874468", "rs7594227", "rs1796028", "rs1796043", "rs1257017", "rs1257016", "rs1796048", "rs1257029", "rs1257026", "rs17636359", "rs1256992", "rs1256991", "rs6744498", "rs11903930", "rs10179966", "rs4264593", "rs10207116", "rs12989766", "rs7598442", "rs11691779", "rs1800649", "rs1470625", "rs11692435", "rs11123849", "rs6745653", "rs17028640", "rs11123861", "rs17695937"]
}
