{
  "id": "EdgeSet0963",
  "sources": ["Adygei", "Adygei", "Adygei", "Adygei", "Adygei", "Adygei", "Adygei", "Balochi", "Balochi", "Balochi", "BantuKenya", "BantuKenya", "BantuKenya", "BantuKenya", "BantuSouthAfrica", "BantuSouthAfrica", "BantuSouthAfrica", "BantuSouthAfrica", "Basque", "Basque", "Basque", "Bedouin", "Bedouin", "Bedouin", "Bedouin", "BiakaPygmy", "BiakaPygmy", "BiakaPygmy", "BiakaPygmy", "Burusho", "Burusho", "Cambodian", "Cambodian", "Cambodian", "Colombian", "Colombian", "Daur", "Daur", "Daur", "Druze", "Druze", "Kalash", "Kalash", "Kalash", "Lahu", "Lahu", "Lahu", "Lahu", "Lahu", "Mandenka", "Mandenka", "Maya", "Maya", "MbutiPygmy", "MbutiPygmy", "Melanesian", "Melanesian", "Melanesian", "Mongola", "Mozabite", "Mozabite", "Palestinian", "Palestinian", "Papuan"],
  "targets": ["BantuKenya", "Basque", "Burusho", "Druze", "Palestinian", "Russian", "Uygur", "Burusho", "Kalash", "Palestinian", "BantuSouthAfrica", "Colombian", "Mandenka", "Yoruba", "BiakaPygmy", "Mandenka", "San", "Yoruba", "Burusho", "Papuan", "Russian", "Druze", "Mozabite", "Palestinian", "Russian", "Mandenka", "MbutiPygmy", "San", "Yoruba", "Kalash", "Palestinian", "Kalash", "Uygur", "Yi", "Maya", "Pima", "Mongola", "Russian", "Yakut", "Mozabite", "Palestinian", "Melanesian", "Mongola", "Papuan", "Mongola", "Papuan", "Pima", "Yakut", "Yi", "MbutiPygmy", "Yoruba", "Pima", "Uygur", "San", "Yoruba", "Mongola", "Papuan", "Yakut", "Yi", "Russian", "Yoruba", "Russian", "Uygur", "Pima"],
  "weights": [6.9183, 3.234, 2.7111, 2.9275, 2.875, 3.235, 3.7213, 2.6044, 2.7804, 2.3779, 5.0473, 7.1977, 4.5226, 4.244, 4.234, 3.249, 6.0798, 3.2646, 3.4683, 5.2538, 2.5251, 2.1361, 2.1104, 2.208, 2.5526, 3.0483, 4.3792, 5.0018, 3.2235, 3.3653, 2.7011, 3.1279, 1.5257, 2.9456, 3.4284, 3.617, 3.838, 4.2485, 3.4991, 2.5099, 2.3428, 4.0584, 3.6817, 5.0049, 3.4713, 5.1127, 4.4759, 2.2323, 3.6521, 4.2591, 1.9026, 3.3199, 2.4642, 4.5102, 4.5781, 3.9598, 3.8059, 4.7109, 3.0637, 2.9315, 3.8157, 2.782, 3.0303, 6.0942],
  "loci": ["rs1114769", "rs1437400", "rs6761331", "rs2679882", "rs2679870", "rs6543284", "rs2460257", "rs6709948", "rs7355418", "rs2679852", "rs2679851", "rs6736495", "rs2576797", "rs2376400", "rs2438090", "rs2576791", "rs7557916", "rs2576783", "rs6754553", "rs17030689", "rs11683715", "rs6716397", "rs7584136", "rs6705097", "rs6712932", "rs10210149", "rs11677719", "rs12478256", "rs1545122", "rs11695535", "rs881706", "rs17687727", "rs4851055", "rs12471644", "rs17636747", "rs6718019", "rs2438085", "rs2460255", "rs11685266", "rs2241797"]
}
