{
  "id": "EdgeSet0221",
  "sources": ["Adygei", "Adygei", "Adygei", "Adygei", "Adygei", "Balochi", "Balochi", "Balochi", "Balochi", "Balochi", "BantuKenya", "BantuKenya", "BantuKenya", "BantuSouthAfrica", "BantuSouthAfrica", "BantuSouthAfrica", "Basque", "Basque", "Basque", "Basque", "Basque", "Basque", "Basque", "Bedouin", "Bedouin", "Bedouin", "Bedouin", "BiakaPygmy", "BiakaPygmy", "Burusho", "Burusho", "Burusho", "Cambodian", "Cambodian", "Cambodian", "Cambodian", "Cambodian", "Cambodian", "Colombian", "Colombian", "Colombian", "Colombian", "Daur", "Daur", "Druze", "Druze", "Druze", "Kalash", "Kalash", "Lahu", "Lahu", "Lahu", "Lahu", "Mandenka", "Mandenka", "Mandenka", "Maya", "Maya", "Maya", "MbutiPygmy", "Melanesian", "Melanesian", "Mongola", "Mongola", "Mongola", "Mozabite", "Palestinian", "Pima", "Pima", "San", "Yakut"],
  "targets": ["Balochi", "Basque", "Burusho", "Palestinian", "Russian", "Basque", "Bedouin", "Druze", "Kalash", "Uygur", "BantuSouthAfrica", "BiakaPygmy", "Mandenka", "BiakaPygmy", "MbutiPygmy", "San", "Bedouin", "Burusho", "Druze", "Lahu", "Mozabite", "Palestinian", "Pima", "Mozabite", "Palestinian", "Russian", "Yoruba", "Mandenka", "MbutiPygmy", "Kalash", "Russian", "Yakut", "Colombian", "Daur", "Kalash", "Lahu", "Pima", "Uygur", "Daur", "Maya", "Mozabite", "Yi", "Maya", "Mongola", "Mozabite", "Palestinian", "Uygur", "Lahu", "Pima", "MbutiPygmy", "Melanesian", "San", "Yakut", "Russian", "San", "Yoruba", "Pima", "Yakut", "Yi", "San", "Papuan", "Yi", "Papuan", "Uygur", "Yi", "Yoruba", "Russian", "San", "Uygur", "Yoruba", "Yi"],
  "weights": [3.6977, 2.8934, 2.7032, 2.7059, 2.9602, 2.6804, 2.7045, 2.0191, 3.6157, 2.3438, 3.0309, 3.3244, 2.6287, 3.4197, 4.0584, 6.3016, 2.7012, 3.7268, 2.3616, 4.7543, 2.6097, 2.6102, 4.1166, 2.1265, 2.071, 3.8341, 3.4086, 3.0903, 4.9997, 3.8159, 2.7947, 3.7937, 3.0946, 2.3626, 5.1203, 4.3197, 3.1509, 2.101, 2.4394, 2.6043, 4.8358, 2.71, 1.9667, 2.1274, 1.9381, 1.84, 2.2672, 5.2314, 4.8959, 7.4582, 4.0814, 8.3544, 3.7282, 4.306, 6.7486, 2.93, 3.2639, 2.6362, 2.0685, 7.4814, 1.7638, 2.5669, 3.2422, 2.0973, 2.0717, 3.1456, 2.9481, 7.9329, 2.6565, 6.6992, 2.1115],
  "loci": ["rs3924843", "rs10856796", "rs4358082", "rs6531222", "rs7581159", "rs2881925", "rs6749689", "rs4432408", "rs3771254", "rs2015110", "rs3771240", "rs1106111", "rs7563245", "rs2110410", "rs1043419", "rs10164749", "rs989982", "rs7579477", "rs11096655", "rs17623996", "rs6748274", "rs10192042", "rs6741559", "rs6706872", "rs10195153", "rs6730690", "rs4666383", "rs343161", "rs10514649", "rs10172007", "rs1032075", "rs343155", "rs10205683", "rs343141", "rs6710671", "rs4666390", "rs2128833", "rs6709280", "rs10186941", "rs6721647"]
}
