{
  "id": "EdgeSet0040",
  "sources": ["Adygei", "Adygei", "Adygei", "Adygei", "Adygei", "Balochi", "Balochi", "Balochi", "Balochi", "BantuKenya", "BantuKenya", "BantuKenya", "BantuSouthAfrica", "BantuSouthAfrica", "BantuSouthAfrica", "BantuSouthAfrica", "Basque", "Basque", "Basque", "Basque", "Basque", "Basque", "Bedouin", "Bedouin", "Bedouin", "Bedouin", "Bedouin", "BiakaPygmy", "BiakaPygmy", "BiakaPygmy", "Burusho", "Burusho", "Burusho", "Cambodian", "Cambodian", "Cambodian", "Colombian", "Colombian", "Colombian", "Colombian", "Daur", "Daur", "Daur", "Daur", "Daur", "Druze", "Druze", "Druze", "Kalash", "Kalash", "Kalash", "Kalash", "Lahu", "Lahu", "Lahu", "Mandenka", "Mandenka", "Maya", "Maya", "Maya", "MbutiPygmy", "Melanesian", "Melanesian", "Melanesian", "Mongola", "Mongola", "Mongola", "Mongola", "Mozabite", "Mozabite", "Palestinian", "Papuan", "Russian", "Uygur", "Yakut"],
  "targets": ["Bedouin", "Druze", "Kalash", "Mongola", "Palestinian", "Basque", "Bedouin", "Burusho", "Kalash", "Mandenka", "Mozabite", "Yoruba", "Cambodian", "Mandenka", "San", "Yoruba", "Bedouin", "Cambodian", "Colombian", "Druze", "Palestinian", "Russian", "Burusho", "Druze", "Kalash", "Mozabite", "Palestinian", "MbutiPygmy", "San", "Yoruba", "Mongola", "Palestinian", "Uygur", "Druze", "Lahu", "Mongola", "Maya", "Papuan", "Pima", "Yakut", "Lahu", "Mongola", "Uygur", "Yakut", "Yi", "Kalash", "Mozabite", "Palestinian", "Maya", "Papuan", "Pima", "Yakut", "Melanesian", "Mongola", "Yi", "Mozabite", "Yoruba", "Melanesian", "Pima", "Yakut", "San", "Papuan", "Russian", "Yakut", "Russian", "Uygur", "Yakut", "Yi", "Russian", "Yi", "Russian", "Yakut", "Uygur", "Yakut", "Yi"],
  "weights": [2.1181, 1.9513, 2.5174, 4.1649, 2.0442, 3.2383, 2.6578, 2.5402, 2.6277, 2.8591, 3.4895, 2.9428, 4.9053, 2.7378, 5.2668, 2.7093, 2.9401, 5.3955, 4.8077, 2.9696, 2.8655, 3.5479, 3.4957, 1.983, 2.679, 2.4488, 1.6779, 3.8916, 4.6441, 3.2918, 3.2952, 3.031, 2.74, 3.7998, 3.2828, 2.6213, 2.8826, 5.0289, 2.5148, 4.014, 2.2166, 2.068, 2.184, 2.7137, 2.0955, 2.5955, 2.4519, 1.9368, 4.9017, 4.4261, 4.2625, 3.6375, 3.8028, 2.2563, 2.2426, 3.6336, 1.9001, 5.1761, 3.1358, 4.2233, 5.6457, 4.1131, 4.5448, 3.7235, 3.4457, 2.0319, 2.6757, 2.0346, 3.1127, 3.9144, 2.8217, 3.5294, 2.6334, 2.6007, 3.0567],
  "loci": ["rs4849997", "rs4849999", "rs4850000", "rs766904", "rs11123620", "rs2313468", "rs7591808", "rs12616876", "rs883258", "rs4850005", "rs6729762", "rs4371367", "rs6735949", "rs4850016", "rs1472240", "rs12479123", "rs12464708", "rs11901335", "rs6745246", "rs4850022", "rs6542667", "rs10208712", "rs4372915", "rs4849939", "rs13385315", "rs6542668", "rs4850024", "rs934757", "rs1389582", "rs1437695", "rs10210008", "rs17510511", "rs10195773", "rs2196649", "rs12478006", "rs1014082", "rs2164793", "rs4849943", "rs1024026", "rs1024027"]
}
