{
  "id": "EdgeSet0430",
  "sources": ["Adygei", "Adygei", "Adygei", "Adygei", "Adygei", "Balochi", "Balochi", "Balochi", "Balochi", "Balochi", "Balochi", "Balochi", "BantuKenya", "BantuKenya", "BantuKenya", "BantuKenya", "BantuKenya", "BantuSouthAfrica", "BantuSouthAfrica", "BantuSouthAfrica", "BantuSouthAfrica", "Basque", "Basque", "Basque", "Bedouin", "Bedouin", "Bedouin", "Bedouin", "BiakaPygmy", "BiakaPygmy", "BiakaPygmy", "Burusho", "Burusho", "Burusho", "Cambodian", "Cambodian", "Cambodian", "Cambodian", "Cambodian", "Colombian", "Colombian", "Colombian", "Colombian", "Colombian", "Daur", "Daur", "Daur", "Daur", "Daur", "Daur", "Druze", "Druze", "Kalash", "Kalash", "Lahu", "Lahu", "Lahu", "Lahu", "Lahu", "Lahu", "Mandenka", "Mandenka", "Mandenka", "Mandenka", "Maya", "Maya", "MbutiPygmy", "MbutiPygmy", "Melanesian", "Melanesian", "Mongola", "Mongola", "Mongola", "Mozabite", "Papuan", "Papuan", "Russian", "Uygur", "Yakut"],
  "targets": ["Balochi", "Basque", "Druze", "Kalash", "Lahu", "Basque", "Bedouin", "Druze", "Kalash", "Mozabite", "Palestinian", "Russian", "BantuSouthAfrica", "BiakaPygmy", "Mandenka", "San", "Yoruba", "BiakaPygmy", "Mandenka", "San", "Yoruba", "Mozabite", "Russian", "Yi", "Druze", "Kalash", "Mozabite", "Palestinian", "Mandenka", "MbutiPygmy", "San", "Kalash", "Mongola", "Papuan", "Maya", "Melanesian", "Mongola", "Papuan", "Yi", "Daur", "Maya", "Melanesian", "Pima", "Yi", "Druze", "Lahu", "Maya", "Melanesian", "Papuan", "Yi", "Kalash", "Palestinian", "Russian", "San", "Melanesian", "Mongola", "Russian", "Uygur", "Yakut", "Yi", "MbutiPygmy", "Mozabite", "San", "Yoruba", "Melanesian", "Pima", "San", "Yoruba", "Mongola", "Papuan", "Palestinian", "Papuan", "Yakut", "Palestinian", "Pima", "Yi", "Yi", "Yakut", "Yi"],
  "weights": [2.1398, 3.1002, 1.957, 2.5424, 3.8532, 3.0625, 2.2068, 2.1544, 3.3617, 2.2587, 2.0638, 2.9335, 4.9494, 4.7278, 3.939, 8.3791, 3.9927, 4.6816, 4.3852, 8.5592, 3.996, 3.3742, 2.7768, 4.8467, 1.9067, 2.5082, 2.435, 2.2369, 4.1381, 4.8733, 7.9971, 2.776, 3.2512, 3.4414, 2.4245, 2.3073, 2.7343, 2.8259, 2.8399, 3.3227, 2.6019, 3.2949, 2.7663, 4.2651, 3.8084, 2.5594, 2.538, 2.6158, 3.8456, 2.6897, 2.5944, 1.9565, 3.4661, 9.1325, 2.8589, 2.9635, 3.2537, 2.3021, 2.0387, 2.772, 5.0706, 4.3152, 8.2254, 3.2351, 1.9788, 2.9498, 9.7919, 5.1725, 2.9796, 2.4901, 4.3667, 3.5171, 2.4733, 2.5189, 3.648, 4.3968, 3.5211, 1.7657, 2.2444],
  "loci": ["rs4245774", "rs1396141", "rs11893342", "rs10495889", "rs12618215", "rs2063178", "rs2063177", "rs13015139", "rs12616189", "rs6758388", "rs7561570", "rs7578278", "rs4468861", "rs12620138", "rs1030499", "rs6740655", "rs2195496", "rs7574843", "rs1920480", "rs7556765", "rs12471180", "rs2163050", "rs12989506", "rs7603075", "rs1560260", "rs1560258", "rs1920502", "rs17028106", "rs2374292", "rs13023970", "rs17028152", "rs4952494", "rs10208472", "rs2059917", "rs2059916", "rs10490655", "rs7599367", "rs1920509", "rs10183045", "rs13026456"]
}
