{
  "id": "EdgeSet0020",
  "sources": ["Adygei", "Adygei", "Adygei", "Adygei", "Adygei", "Adygei", "Adygei", "Balochi", "Balochi", "Balochi", "Balochi", "Balochi", "Balochi", "Balochi", "BantuKenya", "BantuKenya", "BantuKenya", "BantuKenya", "BantuKenya", "BantuSouthAfrica", "BantuSouthAfrica", "BantuSouthAfrica", "BantuSouthAfrica", "Basque", "Basque", "Basque", "Bedouin", "Bedouin", "Bedouin", "Bedouin", "BiakaPygmy", "BiakaPygmy", "BiakaPygmy", "BiakaPygmy", "BiakaPygmy", "Burusho", "Burusho", "Burusho", "Cambodian", "Cambodian", "Cambodian", "Cambodian", "Cambodian", "Colombian", "Colombian", "Colombian", "Daur", "Daur", "Daur", "Daur", "Druze", "Druze", "Druze", "Kalash", "Kalash", "Kalash", "Lahu", "Lahu", "Mandenka", "Maya", "MbutiPygmy", "MbutiPygmy", "Melanesian", "Mongola", "Mongola", "Mozabite", "Papuan", "Papuan", "Pima", "Pima", "Uygur", "Yakut"],
  "targets": ["Balochi", "Basque", "Burusho", "Daur", "Druze", "Palestinian", "Russian", "Burusho", "Cambodian", "Daur", "Kalash", "Palestinian", "Russian", "Uygur", "BantuSouthAfrica", "Basque", "Mandenka", "MbutiPygmy", "Yoruba", "BiakaPygmy", "Mandenka", "San", "Yoruba", "Lahu", "Maya", "Uygur", "Druze", "Kalash", "Mozabite", "Palestinian", "Mandenka", "MbutiPygmy", "San", "Uygur", "Yoruba", "Daur", "Kalash", "Papuan", "Colombian", "Daur", "Lahu", "Mongola", "Yi", "Maya", "Papuan", "Pima", "Lahu", "Mongola", "Yakut", "Yi", "Kalash", "Mozabite", "Uygur", "Melanesian", "Uygur", "Yi", "Russian", "Yakut", "Yoruba", "Pima", "Melanesian", "San", "Papuan", "Yakut", "Yi", "Uygur", "Pima", "Yi", "Russian", "Yi", "Yakut", "Yi"],
  "weights": [2.6414, 2.8946, 2.7587, 4.1277, 2.2358, 2.4018, 2.1259, 2.3446, 3.9829, 4.1693, 2.4063, 2.3341, 3.0672, 2.6832, 3.2212, 4.1485, 2.5625, 6.3401, 2.804, 3.8907, 3.5205, 5.7036, 3.293, 4.4018, 5.2099, 2.9915, 1.5867, 2.2893, 1.897, 2.0344, 3.641, 6.0891, 5.075, 5.7742, 3.026, 3.4322, 2.5246, 4.5555, 5.2196, 3.4747, 4.423, 3.2677, 3.4798, 2.4379, 5.997, 3.2081, 4.0699, 2.648, 2.5456, 3.1051, 2.2517, 2.0157, 2.1071, 5.4034, 2.6744, 3.8285, 4.8637, 3.8602, 2.6311, 3.3677, 9.5668, 6.0007, 4.3603, 2.4962, 3.0757, 2.5894, 6.0757, 5.0053, 5.2419, 4.8453, 2.738, 2.3653],
  "loci": ["rs1421614", "rs751150", "rs1620250", "rs12614597", "rs17247366", "rs2637549", "rs2042142", "rs3748985", "rs1465389", "rs17338519", "rs17338512", "rs12467137", "rs17039365", "rs7596980", "rs6748501", "rs11887279", "rs1990855", "rs7420242", "rs13414323", "rs6548123", "rs10865533", "rs1465388", "rs17338414", "rs4853946", "rs17247253", "rs7582260", "rs9808093", "rs10181194", "rs7600426", "rs12470297", "rs7601823", "rs7568465", "rs10519519", "rs7588195", "rs10190125", "rs7581288", "rs7588535", "rs6705095", "rs3749053", "rs10495487"]
}
