{
  "id": "EdgeSet0990",
  "sources": ["Adygei", "Adygei", "Adygei", "Adygei", "Balochi", "Balochi", "Balochi", "Balochi", "Balochi", "Balochi", "BantuKenya", "BantuKenya", "BantuKenya", "BantuKenya", "BantuKenya", "BantuSouthAfrica", "BantuSouthAfrica", "BantuSouthAfrica", "BantuSouthAfrica", "BantuSouthAfrica", "Basque", "Basque", "Basque", "Bedouin", "Bedouin", "Bedouin", "Bedouin", "BiakaPygmy", "BiakaPygmy", "BiakaPygmy", "BiakaPygmy", "BiakaPygmy", "Burusho", "Burusho", "Burusho", "Cambodian", "Cambodian", "Cambodian", "Cambodian", "Colombian", "Colombian", "Colombian", "Colombian", "Daur", "Daur", "Daur", "Daur", "Daur", "Daur", "Druze", "Druze", "Druze", "Kalash", "Lahu", "Lahu", "Lahu", "Lahu", "Lahu", "Mandenka", "Maya", "Maya", "MbutiPygmy", "Melanesian", "Melanesian", "Melanesian", "Melanesian", "Mozabite", "Mozabite", "Palestinian", "Pima", "Uygur", "Yakut"],
  "targets": ["Basque", "Bedouin", "Kalash", "Yakut", "Basque", "Burusho", "Colombian", "Druze", "Maya", "Palestinian", "BiakaPygmy", "Mandenka", "MbutiPygmy", "San", "Yoruba", "Mandenka", "MbutiPygmy", "Mozabite", "San", "Yoruba", "Bedouin", "Druze", "Russian", "Druze", "Mozabite", "Palestinian", "Russian", "Mandenka", "MbutiPygmy", "Mozabite", "San", "Yoruba", "Mongola", "Palestinian", "Papuan", "Kalash", "Mongola", "Russian", "Uygur", "Daur", "Maya", "Mongola", "Papuan", "Lahu", "Maya", "Mongola", "Uygur", "Yakut", "Yi", "Palestinian", "Uygur", "Yakut", "Russian", "Melanesian", "Mongola", "Papuan", "Uygur", "Yakut", "MbutiPygmy", "Mongola", "Pima", "San", "Mongola", "Papuan", "Uygur", "Yi", "Palestinian", "Yakut", "Russian", "Russian", "Yi", "Yi"],
  "weights": [2.7207, 2.5881, 3.2569, 3.365, 3.0427, 2.8477, 4.9391, 2.6381, 4.4375, 2.4477, 2.9498, 2.7142, 3.819, 6.9704, 2.7744, 3.7698, 4.6933, 4.6951, 6.7394, 3.2422, 2.1747, 2.2107, 2.1019, 1.8102, 2.7574, 2.0489, 2.0548, 3.2105, 3.8507, 4.2348, 7.1056, 3.6329, 3.1406, 3.0448, 5.0637, 2.8966, 2.746, 3.0522, 2.657, 4.6829, 4.624, 4.7036, 7.294, 2.5965, 3.5898, 2.7258, 2.6907, 2.2321, 2.2421, 2.0025, 2.6939, 3.8475, 2.9242, 3.3164, 2.8856, 3.7377, 4.0755, 2.3732, 3.6884, 5.3317, 3.6058, 7.2333, 3.8754, 2.8535, 4.3305, 3.0094, 2.5753, 3.5042, 2.2274, 3.6548, 3.1232, 2.5888],
  "loci": ["rs328026", "rs6725400", "rs1155886", "rs1630759", "rs328035", "rs6542736", "rs4972265", "rs167869", "rs11123675", "rs17021811", "rs831990", "rs6542737", "rs1441855", "rs6716554", "rs6721061", "rs1365810", "rs6542745", "rs10206685", "rs10170368", "rs1427339", "rs6721036", "rs13020302", "rs13014176", "rs3806536", "rs333236", "rs333234", "rs1013940", "rs4676169", "rs11685873", "rs3731683", "rs2450282", "rs333224", "rs6753886", "rs333228", "rs10496417", "rs12469531", "rs7600577", "rs12712007", "rs12617914", "rs1486197"]
}
