{
  "id": "EdgeSet0295",
  "sources": ["Adygei", "Adygei", "Adygei", "Adygei", "Adygei", "Adygei", "Balochi", "Balochi", "Balochi", "Balochi", "Balochi", "Balochi", "BantuKenya", "BantuKenya", "BantuKenya", "BantuKenya", "BantuSouthAfrica", "BantuSouthAfrica", "BantuSouthAfrica", "BantuSouthAfrica", "Basque", "Basque", "Basque", "Basque", "Bedouin", "Bedouin", "Bedouin", "Bedouin", "Bedouin", "BiakaPygmy", "BiakaPygmy", "BiakaPygmy", "Burusho", "Burusho", "Burusho", "Burusho", "Burusho", "Cambodian", "Cambodian", "Cambodian", "Cambodian", "Cambodian", "Colombian", "Colombian", "Colombian", "Colombian", "Daur", "Daur", "Daur", "Daur", "Daur", "Daur", "Druze", "Druze", "Druze", "Kalash", "Kalash", "Lahu", "Lahu", "Lahu", "Mandenka", "Mandenka", "Maya", "Maya", "Maya", "MbutiPygmy", "MbutiPygmy", "MbutiPygmy", "Melanesian", "Melanesian", "Melanesian", "Mongola", "Mongola", "Mongola", "Mongola", "Mongola", "Mozabite", "Pima", "Russian", "San", "Uygur", "Yakut"],
  "targets": ["Balochi", "Basque", "Burusho", "Colombian", "Kalash", "Palestinian", "Basque", "Bedouin", "Cambodian", "Druze", "Kalash", "Lahu", "BantuSouthAfrica", "Mandenka", "San", "Yoruba", "MbutiPygmy", "Mozabite", "San", "Yoruba", "Bedouin", "Kalash", "Mozabite", "Russian", "Druze", "Mandenka", "Mozabite", "Palestinian", "Russian", "MbutiPygmy", "San", "Yoruba", "Colombian", "Melanesian", "Mozabite", "Uygur", "Yi", "Lahu", "Melanesian", "Mozabite", "Papuan", "Russian", "Maya", "Pima", "Russian", "Yakut", "Kalash", "Lahu", "Mongola", "Uygur", "Yakut", "Yi", "Kalash", "Palestinian", "Russian", "Palestinian", "Uygur", "MbutiPygmy", "Yakut", "Yi", "San", "Yoruba", "Mongola", "Pima", "Russian", "Papuan", "San", "Uygur", "Papuan", "Pima", "Uygur", "Papuan", "Pima", "Uygur", "Yakut", "Yi", "Russian", "Yi", "Yakut", "Yakut", "Yi", "Yi"],
  "weights": [2.2411, 2.4793, 3.1222, 4.1387, 2.6504, 2.0199, 1.8226, 1.583, 2.6383, 1.7953, 2.0015, 3.1274, 5.0343, 4.4031, 7.767, 4.0786, 8.2688, 6.1994, 8.4624, 5.0163, 1.9455, 2.321, 2.7162, 2.2609, 1.8113, 3.727, 2.2477, 1.9543, 2.3845, 4.9278, 6.1806, 4.7708, 3.9789, 3.8465, 3.7044, 2.7375, 3.3799, 2.5233, 3.3511, 4.4517, 3.7638, 3.2332, 4.4574, 3.8291, 4.2225, 4.9235, 3.1392, 2.6279, 2.4129, 2.6294, 3.0834, 2.4772, 2.3572, 1.6554, 2.3202, 2.9082, 2.3827, 8.2595, 3.4656, 2.8162, 7.2966, 1.9809, 3.8248, 2.8252, 4.3452, 8.7553, 8.8105, 8.8097, 3.8065, 3.8161, 3.3736, 3.9223, 3.2009, 2.967, 3.5139, 2.9392, 3.0143, 3.1465, 4.4134, 9.152, 2.8547, 3.6024],
  "loci": ["rs11890341", "rs11893367", "rs12988134", "rs17007998", "rs1534544", "rs6751302", "rs12621597", "rs12714279", "rs4633880", "rs10186332", "rs12469277", "rs4666212", "rs13415294", "rs4322800", "rs11127220", "rs7591913", "rs6740617", "rs4372837", "rs7590571", "rs11690456", "rs4514836", "rs6547924", "rs4233734", "rs7592961", "rs4555301", "rs4350701", "rs11679288", "rs7421353", "rs11897469", "rs11689426", "rs7606967", "rs11898966", "rs11685486", "rs6722838", "rs6723056", "rs7590597", "rs4322797", "rs11127224", "rs4456659", "rs4341891"]
}
