{
  "id": "EdgeSet0172",
  "sources": ["Adygei", "Adygei", "Adygei", "Adygei", "Adygei", "Balochi", "Balochi", "Balochi", "Balochi", "BantuKenya", "BantuKenya", "BantuKenya", "BantuKenya", "BantuKenya", "BantuSouthAfrica", "BantuSouthAfrica", "BantuSouthAfrica", "Basque", "Basque", "Basque", "Basque", "Bedouin", "Bedouin", "Bedouin", "Bedouin", "Bedouin", "Bedouin", "BiakaPygmy", "BiakaPygmy", "BiakaPygmy", "Burusho", "Burusho", "Burusho", "Cambodian", "Cambodian", "Cambodian", "Cambodian", "Cambodian", "Cambodian", "Colombian", "Colombian", "Colombian", "Colombian", "Colombian", "Colombian", "Daur", "Daur", "Daur", "Daur", "Druze", "Kalash", "Kalash", "Kalash", "Lahu", "Lahu", "Lahu", "Mandenka", "Maya", "Maya", "Maya", "MbutiPygmy", "Melanesian", "Melanesian", "Melanesian", "Melanesian", "Mongola", "Mongola", "Mozabite", "Palestinian", "Papuan", "Papuan", "Pima", "Pima", "Russian"],
  "targets": ["Basque", "Druze", "Lahu", "Palestinian", "Russian", "Bedouin", "Burusho", "Druze", "Kalash", "BantuSouthAfrica", "MbutiPygmy", "San", "Uygur", "Yoruba", "Mozabite", "San", "Yoruba", "Bedouin", "Burusho", "Druze", "Yakut", "Colombian", "Druze", "Kalash", "Mozabite", "Palestinian", "Uygur", "Mandenka", "MbutiPygmy", "San", "Kalash", "Papuan", "Yakut", "Daur", "Lahu", "Papuan", "Uygur", "Yakut", "Yi", "Daur", "Maya", "MbutiPygmy", "Mongola", "Pima", "Yi", "Lahu", "Mongola", "Uygur", "Yi", "Russian", "MbutiPygmy", "Mozabite", "Papuan", "Palestinian", "Yakut", "Yi", "Yoruba", "Melanesian", "Palestinian", "Pima", "San", "Mongola", "Papuan", "Yakut", "Yi", "Uygur", "Yakut", "Russian", "Russian", "Yakut", "Yi", "San", "Yakut", "Uygur"],
  "weights": [2.0619, 1.7889, 2.9691, 2.0326, 2.1159, 2.0993, 2.5775, 2.0554, 2.8385, 3.4303, 6.6189, 6.4502, 5.1015, 3.5841, 4.2448, 5.739, 3.8153, 2.0861, 2.3953, 1.8972, 3.1488, 4.653, 2.0622, 2.7396, 2.3738, 1.5626, 3.1058, 4.1444, 6.9246, 6.2495, 3.5295, 4.5288, 3.2301, 2.1726, 2.7973, 4.7261, 3.4552, 4.1809, 2.9066, 3.8119, 3.3954, 8.7259, 4.1915, 4.0475, 4.5234, 2.6262, 2.4803, 3.1124, 2.7531, 1.8851, 7.9348, 3.2898, 5.3624, 2.8372, 3.2104, 2.769, 1.9299, 4.0215, 2.9013, 2.4794, 8.3782, 3.1204, 4.0598, 2.8034, 3.2682, 3.2205, 3.1795, 2.2339, 2.0101, 4.0059, 4.3739, 7.7584, 4.3406, 2.969],
  "loci": ["rs7571026", "rs1895135", "rs4668968", "rs10929382", "rs751310", "rs10174314", "rs6705499", "rs10204448", "rs1345564", "rs6431735", "rs4668976", "rs2693010", "rs12464087", "rs2544535", "rs6706165", "rs2693025", "rs1477253", "rs1981806", "rs11895482", "rs2693019", "rs1363058", "rs2544529", "rs4668989", "rs10929389", "rs2380674", "rs1121915", "rs1121916", "rs2380677", "rs16863041", "rs11894034", "rs10185339", "rs2380680", "rs7604003", "rs9678924", "rs12476664", "rs11687741", "rs7583876", "rs4669001", "rs2380695", "rs7595922"]
}
