{
  "id": "EdgeSet0504",
  "sources": ["Adygei", "Adygei", "Adygei", "Adygei", "Adygei", "Adygei", "Adygei", "Balochi", "Balochi", "Balochi", "Balochi", "Balochi", "Balochi", "BantuKenya", "BantuKenya", "BantuKenya", "BantuKenya", "BantuKenya", "BantuSouthAfrica", "BantuSouthAfrica", "BantuSouthAfrica", "Basque", "Basque", "Basque", "Basque", "Basque", "Basque", "Bedouin", "Bedouin", "Bedouin", "Bedouin", "Bedouin", "Bedouin", "BiakaPygmy", "BiakaPygmy", "BiakaPygmy", "BiakaPygmy", "BiakaPygmy", "Burusho", "Burusho", "Burusho", "Burusho", "Burusho", "Burusho", "Cambodian", "Cambodian", "Cambodian", "Colombian", "Colombian", "Colombian", "Colombian", "Daur", "Daur", "Daur", "Daur", "Daur", "Druze", "Druze", "Druze", "Druze", "Kalash", "Kalash", "Kalash", "Kalash", "Kalash", "Lahu", "Lahu", "Lahu", "Lahu", "Mandenka", "Maya", "Maya", "MbutiPygmy", "Melanesian", "Mongola", "Mongola", "Mongola", "Mozabite", "Papuan", "Pima", "Pima"],
  "targets": ["Basque", "Burusho", "Cambodian", "Druze", "Mongola", "Mozabite", "Palestinian", "Bedouin", "Burusho", "Cambodian", "Druze", "Kalash", "Papuan", "BiakaPygmy", "Kalash", "Mandenka", "MbutiPygmy", "Yoruba", "BiakaPygmy", "San", "Yoruba", "Bedouin", "Kalash", "Palestinian", "Pima", "Russian", "Uygur", "Burusho", "Druze", "Mozabite", "Palestinian", "Papuan", "Russian", "Lahu", "Mandenka", "MbutiPygmy", "San", "Yakut", "Cambodian", "Lahu", "Melanesian", "Mongola", "Papuan", "Pima", "Mongola", "Papuan", "Uygur", "Daur", "Maya", "Russian", "San", "Lahu", "Mongola", "Papuan", "Uygur", "Yi", "Mozabite", "Palestinian", "Pima", "Russian", "Lahu", "Melanesian", "Mozabite", "Pima", "Russian", "Melanesian", "Mongola", "Mozabite", "Uygur", "Yoruba", "Pima", "Yakut", "San", "Papuan", "Uygur", "Yakut", "Yi", "Palestinian", "Yi", "Uygur", "Yi"],
  "weights": [2.4795, 2.416, 2.8954, 2.043, 3.1617, 1.9834, 2.048, 2.2021, 2.4716, 2.9372, 2.2607, 2.9549, 4.271, 4.4326, 5.9068, 3.9451, 5.3422, 3.4658, 4.5916, 6.8413, 3.0506, 1.9963, 2.7236, 2.0121, 3.6376, 2.2244, 3.2873, 2.3061, 1.688, 1.7671, 1.8159, 4.7555, 2.192, 5.6038, 4.2734, 6.1873, 5.2504, 5.8204, 2.5115, 3.1211, 4.1555, 2.7809, 4.7743, 4.6103, 2.3944, 3.8838, 2.4709, 4.1536, 3.5262, 3.7378, 7.524, 3.4957, 2.4704, 3.5001, 2.6963, 2.5948, 1.6768, 1.8921, 3.2892, 2.3356, 3.8251, 4.2105, 2.5804, 3.8854, 2.9319, 4.1206, 3.2986, 4.3502, 3.3431, 3.2885, 4.499, 3.1174, 8.1504, 5.5503, 2.7943, 3.42, 3.1387, 1.6329, 4.0106, 4.3398, 4.3727],
  "loci": ["rs919883", "rs7565217", "rs3814036", "rs6713052", "rs12373778", "rs10084454", "rs6761572", "rs4952862", "rs1865257", "rs10495942", "rs4953447", "rs7593339", "rs17036168", "rs2436772", "rs10460536", "rs2692215", "rs13393256", "rs11125114", "rs4953456", "rs919878", "rs6704853", "rs919885", "rs9973700", "rs7569495", "rs1046263", "rs1046267", "rs10495943", "rs1474396", "rs3739098", "rs11900463", "rs7420764", "rs4952868", "rs4953463", "rs2347604", "rs12470974", "rs2347611", "rs11897605", "rs12988606", "rs17036272", "rs10210315"]
}
