{
  "id": "EdgeSet0411",
  "sources": ["Adygei", "Adygei", "Adygei", "Adygei", "Adygei", "Adygei", "Balochi", "Balochi", "Balochi", "Balochi", "BantuKenya", "BantuKenya", "BantuKenya", "BantuKenya", "BantuKenya", "BantuKenya", "BantuSouthAfrica", "BantuSouthAfrica", "BantuSouthAfrica", "Basque", "Basque", "Bedouin", "Bedouin", "Bedouin", "Bedouin", "Bedouin", "BiakaPygmy", "BiakaPygmy", "BiakaPygmy", "BiakaPygmy", "Burusho", "Burusho", "Cambodian", "Cambodian", "Cambodian", "Cambodian", "Cambodian", "Colombian", "Colombian", "Colombian", "Colombian", "Colombian", "Colombian", "Daur", "Daur", "Daur", "Daur", "Daur", "Daur", "Daur", "Druze", "Druze", "Kalash", "Kalash", "Kalash", "Lahu", "Lahu", "Lahu", "Lahu", "Mandenka", "Mandenka", "Maya", "MbutiPygmy", "Melanesian", "Mongola", "Mongola", "Mongola", "Mozabite", "Palestinian", "Palestinian", "Papuan", "Russian", "Russian", "San", "Yakut"],
  "targets": ["Basque", "Burusho", "Kalash", "Maya", "Mozabite", "Russian", "Basque", "Burusho", "Druze", "Melanesian", "BantuSouthAfrica", "BiakaPygmy", "Mandenka", "MbutiPygmy", "San", "Yoruba", "Mandenka", "MbutiPygmy", "Yoruba", "Colombian", "Mongola", "Druze", "Melanesian", "Mozabite", "Palestinian", "Yi", "Mandenka", "MbutiPygmy", "San", "Yoruba", "Cambodian", "Mongola", "Lahu", "Maya", "Melanesian", "Palestinian", "Uygur", "Lahu", "Maya", "Mongola", "Papuan", "Pima", "Yi", "Lahu", "Maya", "Mongola", "Papuan", "Russian", "Yakut", "Yi", "Kalash", "Palestinian", "Maya", "Palestinian", "Yakut", "Melanesian", "Mongola", "Yakut", "Yi", "MbutiPygmy", "Yoruba", "Pima", "Yakut", "Mozabite", "Papuan", "Uygur", "Yakut", "Yoruba", "Russian", "Yi", "San", "Uygur", "Yakut", "Yoruba", "Yi"],
  "weights": [2.1753, 3.0296, 2.9417, 3.3824, 3.0193, 2.4926, 2.3399, 2.8788, 2.1125, 2.5869, 4.3319, 3.9122, 3.6065, 4.6655, 5.6136, 3.6777, 3.6755, 4.8704, 4.732, 3.0954, 3.4915, 2.0615, 2.6395, 2.5888, 1.839, 3.2277, 3.5747, 4.0842, 6.1408, 4.4266, 2.3029, 4.0837, 2.807, 3.3225, 3.022, 2.5166, 2.3488, 3.144, 2.4823, 2.7901, 5.1334, 2.0567, 2.8425, 2.956, 4.8748, 3.146, 5.6446, 3.695, 3.0913, 3.6254, 2.5258, 2.1106, 3.7048, 2.6441, 3.8202, 3.406, 2.5358, 3.5441, 3.0763, 4.0208, 3.9529, 2.356, 6.7648, 2.8424, 4.7444, 2.4434, 2.9615, 4.819, 2.4562, 4.1334, 8.5687, 2.3422, 3.6709, 5.618, 4.7282],
  "loci": ["rs2716716", "rs10208929", "rs2540255", "rs2540249", "rs13427136", "rs2716694", "rs2160199", "rs2110658", "rs13401182", "rs7565954", "rs2716726", "rs2716727", "rs2540228", "rs7570829", "rs6749057", "rs6722610", "rs12624217", "rs12470473", "rs7586524", "rs6713077", "rs10490335", "rs11124697", "rs2192705", "rs13430309", "rs9679549", "rs1541564", "rs6708332", "rs12475386", "rs7562741", "rs17024493", "rs7597754", "rs10203825", "rs4670981", "rs12469949", "rs13385450", "rs13385459", "rs731353", "rs731352", "rs13415008", "rs2888638"]
}
