{
  "id": "EdgeSet0637",
  "sources": ["Adygei", "Adygei", "Adygei", "Adygei", "Adygei", "Adygei", "Balochi", "Balochi", "Balochi", "Balochi", "Balochi", "Balochi", "BantuKenya", "BantuKenya", "BantuKenya", "BantuKenya", "BantuSouthAfrica", "BantuSouthAfrica", "BantuSouthAfrica", "Basque", "Basque", "Basque", "Basque", "Bedouin", "Bedouin", "Bedouin", "Bedouin", "BiakaPygmy", "BiakaPygmy", "BiakaPygmy", "Burusho", "Burusho", "Burusho", "Burusho", "Cambodian", "Cambodian", "Cambodian", "Cambodian", "Colombian", "Colombian", "Colombian", "Daur", "Daur", "Daur", "Daur", "Druze", "Druze", "Druze", "Druze", "Druze", "Kalash", "Kalash", "Lahu", "Lahu", "Lahu", "Mandenka", "Mandenka", "Mandenka", "Maya", "Melanesian", "Mongola", "Mongola", "Mongola", "Mozabite", "Palestinian", "Papuan", "Pima", "Uygur", "Uygur", "Yakut"],
  "targets": ["Balochi", "Basque", "Daur", "Kalash", "Mozabite", "Palestinian", "Burusho", "Druze", "Maya", "Mozabite", "Pima", "Russian", "BantuSouthAfrica", "Mandenka", "Mozabite", "Yoruba", "BiakaPygmy", "San", "Yoruba", "Burusho", "Lahu", "MbutiPygmy", "Russian", "Druze", "Mozabite", "Palestinian", "Yakut", "Mandenka", "MbutiPygmy", "San", "Lahu", "Mozabite", "Palestinian", "Russian", "Lahu", "Maya", "Papuan", "Yi", "Maya", "Pima", "Yakut", "Melanesian", "Uygur", "Yakut", "Yi", "Kalash", "Lahu", "Mongola", "Palestinian", "Pima", "Melanesian", "Uygur", "Mongola", "Pima", "San", "MbutiPygmy", "Mozabite", "Yoruba", "Yakut", "Papuan", "Mozabite", "Uygur", "Yi", "Russian", "Russian", "San", "Yi", "Yakut", "Yi", "Yi"],
  "weights": [2.4748, 2.8989, 3.1251, 2.4674, 2.597, 1.7782, 3.322, 2.7054, 4.0751, 3.0634, 4.5242, 2.6622, 3.2541, 2.5747, 4.0528, 3.0529, 4.3965, 7.5552, 2.4669, 3.0603, 5.1773, 5.2828, 2.2598, 1.9793, 2.4201, 1.3772, 3.2916, 4.3106, 4.7251, 5.9994, 4.6792, 3.9691, 2.7567, 2.7859, 5.265, 3.5242, 4.9958, 3.239, 1.5446, 4.6106, 3.4427, 5.893, 2.6406, 3.009, 2.8526, 2.7147, 4.724, 3.8731, 1.6179, 4.3082, 6.0858, 3.3278, 5.0121, 6.0091, 9.7478, 3.4086, 3.8647, 2.6052, 3.3794, 4.3413, 3.5094, 2.1746, 3.1723, 2.4778, 1.9471, 9.9477, 4.1642, 2.8909, 2.5887, 3.0876],
  "loci": ["rs10490113", "rs1861142", "rs4325734", "rs7586283", "rs1861149", "rs6545731", "rs10169309", "rs12467050", "rs1861145", "rs12622464", "rs13421114", "rs11125786", "rs11679178", "rs2561883", "rs1344459", "rs10490114", "rs13383367", "rs2430389", "rs17644588", "rs17644631", "rs2058586", "rs4432437", "rs7577424", "rs6750614", "rs6545738", "rs6749972", "rs6725245", "rs11902818", "rs6737829", "rs12464531", "rs6741153", "rs887941", "rs11695340", "rs1012570", "rs10211239", "rs1015592", "rs1558600", "rs17050199", "rs6709829", "rs7565212"]
}
