{
  "id": "EdgeSet0553",
  "sources": ["Adygei", "Adygei", "Adygei", "Adygei", "Adygei", "Balochi", "Balochi", "Balochi", "Balochi", "Balochi", "Balochi", "BantuKenya", "BantuKenya", "BantuKenya", "BantuKenya", "BantuKenya", "BantuSouthAfrica", "BantuSouthAfrica", "BantuSouthAfrica", "BantuSouthAfrica", "BantuSouthAfrica", "Basque", "Basque", "Basque", "Bedouin", "Bedouin", "Bedouin", "Bedouin", "Bedouin", "BiakaPygmy", "BiakaPygmy", "BiakaPygmy", "BiakaPygmy", "Burusho", "Burusho", "Burusho", "Burusho", "Cambodian", "Cambodian", "Cambodian", "Cambodian", "Colombian", "Colombian", "Colombian", "Daur", "Daur", "Daur", "Daur", "Daur", "Daur", "Druze", "Druze", "Druze", "Kalash", "Kalash", "Kalash", "Kalash", "Kalash", "Lahu", "Lahu", "Lahu", "Lahu", "Mandenka", "Maya", "Maya", "MbutiPygmy", "MbutiPygmy", "MbutiPygmy", "Melanesian", "Melanesian", "Mongola", "Mongola", "Mozabite", "Palestinian", "Palestinian", "Palestinian", "Papuan", "Pima", "Russian", "Russian", "San"],
  "targets": ["Basque", "Druze", "Mozabite", "Palestinian", "Uygur", "Bedouin", "Cambodian", "Maya", "Mozabite", "Russian", "Uygur", "BantuSouthAfrica", "BiakaPygmy", "Mandenka", "MbutiPygmy", "Melanesian", "Colombian", "MbutiPygmy", "Mozabite", "San", "Yoruba", "Bedouin", "Druze", "Russian", "Cambodian", "Druze", "Maya", "Mozabite", "Russian", "Mandenka", "MbutiPygmy", "San", "Yoruba", "Kalash", "Lahu", "Mozabite", "Palestinian", "Melanesian", "Papuan", "Uygur", "Yi", "Maya", "Pima", "Yi", "Kalash", "Maya", "Melanesian", "Mongola", "Russian", "Yi", "Palestinian", "Russian", "Uygur", "Maya", "Melanesian", "Palestinian", "Papuan", "Yi", "Pima", "Uygur", "Yakut", "Yi", "Yoruba", "Papuan", "Pima", "Melanesian", "Papuan", "San", "Papuan", "San", "Uygur", "Yakut", "San", "Russian", "Uygur", "Yoruba", "Yi", "Yi", "Yakut", "Yi", "Yi"],
  "weights": [2.2102, 1.8599, 2.7882, 2.1195, 2.3546, 2.0097, 2.2207, 2.5319, 2.5288, 2.1505, 1.7704, 4.7417, 3.8772, 3.0209, 4.417, 5.6486, 6.1534, 5.2661, 4.9081, 7.3454, 4.0628, 2.3244, 1.9205, 2.7608, 3.0209, 1.6833, 2.8109, 2.573, 2.3435, 3.3544, 4.1914, 6.3263, 3.4581, 3.0009, 3.6465, 2.9171, 2.7674, 4.1252, 3.6688, 1.7687, 2.9806, 2.9423, 1.5055, 3.2435, 3.7233, 2.6664, 5.6471, 2.4283, 2.894, 2.6847, 2.233, 2.3625, 2.129, 3.6384, 4.8937, 3.3695, 4.5463, 4.5679, 3.4662, 2.9632, 3.4235, 2.9064, 3.2841, 5.0775, 2.6079, 5.1078, 4.7187, 7.1457, 4.3537, 7.5509, 2.2985, 1.7551, 5.5995, 2.4374, 2.9585, 4.5439, 4.1962, 3.1383, 3.9976, 4.1097, 6.731],
  "loci": ["rs17041596", "rs1008618", "rs17589784", "rs6717556", "rs17041624", "rs2110988", "rs11901704", "rs2110989", "rs10490136", "rs1111200", "rs10207678", "rs1919430", "rs13406144", "rs1206401", "rs13420278", "rs17525600", "rs10184263", "rs2540989", "rs6722213", "rs1206397", "rs1528800", "rs11888857", "rs11125351", "rs1528799", "rs1528798", "rs984795", "rs991900", "rs991901", "rs2160407", "rs1406422", "rs11125352", "rs6739416", "rs6739884", "rs6705941", "rs6706076", "rs1919419", "rs13386519", "rs12995616", "rs6725779", "rs1919420"]
}
