{
  "id": "EdgeSet0743",
  "sources": ["Adygei", "Adygei", "Adygei", "Adygei", "Adygei", "Adygei", "Balochi", "Balochi", "Balochi", "Balochi", "Balochi", "Balochi", "BantuKenya", "BantuKenya", "BantuKenya", "BantuKenya", "BantuKenya", "BantuSouthAfrica", "BantuSouthAfrica", "BantuSouthAfrica", "BantuSouthAfrica", "BantuSouthAfrica", "BantuSouthAfrica", "Basque", "Basque", "Basque", "Basque", "Bedouin", "Bedouin", "Bedouin", "Bedouin", "Bedouin", "Bedouin", "BiakaPygmy", "BiakaPygmy", "Burusho", "Burusho", "Burusho", "Burusho", "Burusho", "Cambodian", "Cambodian", "Cambodian", "Cambodian", "Cambodian", "Cambodian", "Colombian", "Colombian", "Colombian", "Colombian", "Daur", "Daur", "Druze", "Druze", "Druze", "Kalash", "Kalash", "Kalash", "Kalash", "Lahu", "Mandenka", "Mandenka", "Mandenka", "Mandenka", "Mandenka", "Maya", "Maya", "Maya", "Maya", "MbutiPygmy", "Melanesian", "Melanesian", "Mongola", "Mongola", "Mozabite", "Mozabite", "Mozabite", "Palestinian", "Papuan", "Uygur", "Uygur", "Yakut"],
  "targets": ["Balochi", "Cambodian", "Kalash", "Palestinian", "Papuan", "Russian", "BantuKenya", "Bedouin", "Burusho", "Druze", "Russian", "Yakut", "BantuSouthAfrica", "BiakaPygmy", "Melanesian", "San", "Yoruba", "BiakaPygmy", "Lahu", "Mandenka", "MbutiPygmy", "San", "Yoruba", "Burusho", "Pima", "Russian", "San", "Druze", "Kalash", "Mozabite", "Palestinian", "Russian", "Yi", "MbutiPygmy", "Yoruba", "Cambodian", "Maya", "Palestinian", "Russian", "Uygur", "Daur", "Lahu", "Melanesian", "Russian", "Uygur", "Yi", "Maya", "Mongola", "Pima", "Uygur", "Mongola", "Yakut", "Kalash", "Maya", "Russian", "Lahu", "Palestinian", "Papuan", "Pima", "Melanesian", "MbutiPygmy", "Melanesian", "Mozabite", "San", "Yoruba", "Papuan", "Pima", "Uygur", "Yi", "Melanesian", "Papuan", "San", "Yakut", "Yi", "Palestinian", "Papuan", "San", "Uygur", "Uygur", "Yakut", "Yi", "Yi"],
  "weights": [2.2483, 2.7664, 2.2207, 1.7649, 2.9633, 1.708, 5.3543, 1.9872, 2.7662, 2.345, 1.9636, 2.8462, 3.9916, 4.4782, 5.8564, 7.0097, 2.7048, 4.7709, 6.535, 4.117, 4.7443, 6.7082, 3.1585, 3.2737, 5.453, 3.0358, 7.8808, 1.7897, 2.028, 2.8492, 1.6062, 1.7243, 2.2902, 5.0076, 3.8986, 3.0968, 2.7586, 2.3244, 2.4413, 2.2174, 3.0475, 3.5528, 4.2278, 3.2863, 2.2944, 2.7754, 3.3765, 4.6695, 4.5785, 4.3852, 1.5323, 1.5801, 2.3342, 3.8737, 1.8388, 4.0759, 1.8467, 3.1684, 4.4096, 4.8899, 4.5023, 6.6834, 4.3276, 6.5508, 2.9096, 3.2168, 3.9468, 2.3664, 2.5084, 6.635, 4.2734, 7.8753, 1.8371, 2.522, 2.9323, 3.7892, 6.5111, 1.9385, 2.8404, 2.0474, 1.9588, 2.2391],
  "loci": ["rs3771450", "rs3771449", "rs11126290", "rs7597992", "rs3755366", "rs3755365", "rs2052273", "rs3771442", "rs3771437", "rs17006233", "rs3771434", "rs7584508", "rs1030044", "rs4852706", "rs11126291", "rs6707907", "rs1861451", "rs3755351", "rs17717177", "rs17006285", "rs3771408", "rs13416248", "rs6707940", "rs7596564", "rs2080393", "rs2080394", "rs10184254", "rs716685", "rs11684667", "rs6546640", "rs6712273", "rs2287101", "rs17656058", "rs722896", "rs2075221", "rs1548888", "rs13015305", "rs10206319", "rs13421115", "rs2080390"]
}
