{
  "id": "EdgeSet0563",
  "sources": ["Adygei", "Adygei", "Adygei", "Adygei", "Adygei", "Adygei", "Balochi", "Balochi", "Balochi", "Balochi", "Balochi", "BantuKenya", "BantuKenya", "BantuKenya", "BantuKenya", "BantuSouthAfrica", "BantuSouthAfrica", "BantuSouthAfrica", "BantuSouthAfrica", "BantuSouthAfrica", "Basque", "Basque", "Basque", "Basque", "Basque", "Bedouin", "Bedouin", "Bedouin", "Bedouin", "BiakaPygmy", "BiakaPygmy", "BiakaPygmy", "Burusho", "Burusho", "Burusho", "Cambodian", "Cambodian", "Cambodian", "Cambodian", "Colombian", "Colombian", "Daur", "Daur", "Daur", "Druze", "Druze", "Kalash", "Kalash", "Lahu", "Lahu", "Lahu", "Lahu", "Lahu", "Mandenka", "Mandenka", "Mandenka", "Maya", "Maya", "MbutiPygmy", "MbutiPygmy", "Melanesian", "Melanesian", "Mongola", "Mongola", "Mozabite", "Mozabite", "Palestinian", "Papuan", "Pima", "Pima", "Russian", "Uygur"],
  "targets": ["Balochi", "Bedouin", "Druze", "Kalash", "Russian", "Uygur", "Bedouin", "Kalash", "Mongola", "Mozabite", "Papuan", "BantuSouthAfrica", "BiakaPygmy", "MbutiPygmy", "Yoruba", "BiakaPygmy", "Mandenka", "MbutiPygmy", "San", "Yoruba", "Bedouin", "Druze", "Mozabite", "Pima", "Russian", "Druze", "Kalash", "Mozabite", "Palestinian", "MbutiPygmy", "Mongola", "Yoruba", "Druze", "Kalash", "Uygur", "Daur", "Lahu", "Mongola", "Yakut", "Maya", "Pima", "Kalash", "Pima", "Yi", "Kalash", "Mozabite", "Palestinian", "Russian", "Mongola", "Papuan", "Uygur", "Yakut", "Yi", "MbutiPygmy", "San", "Yoruba", "Pima", "Yakut", "San", "Yoruba", "Papuan", "San", "Yakut", "Yi", "Palestinian", "Russian", "Russian", "San", "Russian", "Yakut", "Uygur", "Yakut"],
  "weights": [2.0914, 1.8423, 2.1953, 2.2384, 1.9088, 2.7587, 1.8749, 2.4279, 4.0159, 2.6769, 5.838, 3.9035, 4.2859, 4.2193, 2.8573, 5.2128, 4.2284, 4.6771, 8.2732, 3.858, 2.1054, 2.3832, 2.6959, 4.6257, 2.0761, 1.6958, 2.2238, 1.9392, 1.895, 4.3655, 6.2037, 3.8906, 2.6422, 2.6576, 2.815, 3.4829, 3.6065, 3.7153, 3.3503, 1.5241, 3.3568, 3.1818, 4.5824, 2.5813, 2.9461, 2.1549, 2.3959, 1.9327, 4.3645, 6.3175, 4.3075, 5.1906, 2.9954, 3.9762, 9.141, 3.1116, 3.6282, 3.52, 9.6843, 3.5404, 4.6809, 12.0798, 3.7059, 3.1564, 2.2589, 2.9752, 1.874, 11.4711, 4.5974, 4.0773, 2.3932, 3.244],
  "loci": ["rs12713170", "rs4971587", "rs10496005", "rs2355799", "rs10181636", "rs4625950", "rs12713175", "rs2355803", "rs12619784", "rs11678412", "rs4971790", "rs12611635", "rs7563687", "rs2355807", "rs11676671", "rs4356688", "rs6717734", "rs13029158", "rs4270386", "rs11892271", "rs1922192", "rs2103389", "rs1922197", "rs6731958", "rs3950253", "rs12470133", "rs17042626", "rs17042629", "rs6754708", "rs1922187", "rs17042637", "rs4303750", "rs2141843", "rs2077790", "rs11125414", "rs1344105", "rs12615485", "rs2178649", "rs6735211", "rs13390179"]
}
