{
  "id": "EdgeSet0139",
  "sources": ["Adygei", "Adygei", "Adygei", "Adygei", "Adygei", "Adygei", "Adygei", "Balochi", "Balochi", "Balochi", "Balochi", "Balochi", "BantuKenya", "BantuKenya", "BantuKenya", "BantuKenya", "BantuKenya", "BantuSouthAfrica", "BantuSouthAfrica", "BantuSouthAfrica", "BantuSouthAfrica", "Basque", "Basque", "Basque", "Basque", "Basque", "Basque", "Basque", "Bedouin", "Bedouin", "Bedouin", "BiakaPygmy", "BiakaPygmy", "BiakaPygmy", "BiakaPygmy", "Burusho", "Burusho", "Burusho", "Burusho", "Burusho", "Burusho", "Burusho", "Cambodian", "Cambodian", "Cambodian", "Cambodian", "Colombian", "Colombian", "Colombian", "Daur", "Daur", "Daur", "Daur", "Daur", "Daur", "Druze", "Druze", "Kalash", "Kalash", "Kalash", "Kalash", "Lahu", "Lahu", "Lahu", "Mandenka", "Mandenka", "Maya", "Maya", "Maya", "Maya", "MbutiPygmy", "MbutiPygmy", "Melanesian", "Melanesian", "Mongola", "Mongola", "Mozabite", "Mozabite", "Mozabite", "Palestinian", "Palestinian", "Papuan", "Papuan", "Pima", "Russian", "San", "Uygur", "Uygur"],
  "targets": ["Balochi", "Bedouin", "Druze", "MbutiPygmy", "Mozabite", "Papuan", "Russian", "Basque", "Cambodian", "Druze", "Melanesian", "Uygur", "BantuSouthAfrica", "BiakaPygmy", "Mandenka", "MbutiPygmy", "Yoruba", "BiakaPygmy", "Mandenka", "MbutiPygmy", "Yoruba", "Cambodian", "Melanesian", "Papuan", "Pima", "Russian", "Yakut", "Yi", "Druze", "Mozabite", "Yoruba", "Cambodian", "Mandenka", "MbutiPygmy", "San", "Daur", "Kalash", "Lahu", "Melanesian", "Mongola", "Palestinian", "Yakut", "Daur", "Kalash", "Lahu", "Yi", "Daur", "Maya", "Pima", "Kalash", "Lahu", "Melanesian", "Mongola", "Uygur", "Yakut", "Palestinian", "Russian", "Lahu", "Maya", "Mongola", "Russian", "Mongola", "Papuan", "Yakut", "San", "Yoruba", "Palestinian", "Pima", "Uygur", "Yi", "San", "Yoruba", "Papuan", "Uygur", "Papuan", "Yi", "Palestinian", "Uygur", "Yoruba", "Russian", "Yakut", "Yakut", "Yi", "San", "Yakut", "Yakut", "Yakut", "Yi"],
  "weights": [1.9165, 1.7355, 1.5408, 5.2546, 2.1942, 3.6179, 2.0507, 1.9371, 2.7833, 1.7365, 2.3082, 2.0021, 3.6236, 5.79, 2.7033, 4.8834, 3.4078, 6.0005, 3.3708, 5.0023, 3.7132, 3.8772, 2.8874, 2.9185, 5.1009, 1.999, 2.8248, 2.7082, 1.5128, 1.8304, 4.7196, 7.5227, 5.8918, 5.7884, 9.3423, 3.124, 3.5899, 4.1302, 2.823, 3.9677, 2.5166, 2.7382, 3.3753, 3.8374, 3.7115, 2.8336, 4.567, 3.8688, 3.2058, 4.3631, 2.6568, 2.8306, 3.9716, 2.5277, 2.9409, 1.7694, 1.887, 4.4192, 3.662, 4.5935, 3.4477, 4.2797, 3.2225, 3.3811, 9.4102, 3.1055, 2.9181, 3.6898, 3.0342, 3.1323, 9.1803, 4.5783, 2.4319, 2.3012, 4.0488, 4.6733, 2.1082, 3.4258, 4.648, 2.0961, 3.0508, 2.7015, 2.8199, 9.8847, 3.1014, 9.0011, 2.1158, 2.1802],
  "loci": ["rs916522", "rs12692461", "rs934857", "rs1971516", "rs7558848", "rs13399680", "rs731395", "rs6432266", "rs3954862", "rs3906767", "rs10197240", "rs12617169", "rs13000342", "rs13394440", "rs4669821", "rs6432267", "rs4669825", "rs10170534", "rs10803744", "rs6432268", "rs10495594", "rs995961", "rs2602615", "rs6432270", "rs1869381", "rs2380421", "rs1869382", "rs2380422", "rs1542327", "rs13006430", "rs1453487", "rs1453488", "rs4669834", "rs7587168", "rs10197467", "rs4669835", "rs11673803", "rs12992291", "rs1157515", "rs1020605"]
}
