{
  "id": "EdgeSet0729",
  "sources": ["Adygei", "Adygei", "Adygei", "Adygei", "Adygei", "Balochi", "Balochi", "Balochi", "Balochi", "Balochi", "BantuKenya", "BantuKenya", "BantuKenya", "BantuKenya", "BantuKenya", "BantuKenya", "BantuKenya", "BantuSouthAfrica", "BantuSouthAfrica", "BantuSouthAfrica", "Basque", "Basque", "Basque", "Basque", "Basque", "Bedouin", "Bedouin", "Bedouin", "Bedouin", "BiakaPygmy", "BiakaPygmy", "BiakaPygmy", "BiakaPygmy", "Burusho", "Burusho", "Burusho", "Burusho", "Burusho", "Cambodian", "Cambodian", "Cambodian", "Cambodian", "Cambodian", "Colombian", "Colombian", "Colombian", "Daur", "Daur", "Daur", "Daur", "Druze", "Druze", "Druze", "Kalash", "Kalash", "Kalash", "Kalash", "Lahu", "Lahu", "Mandenka", "Mandenka", "Mandenka", "Maya", "Maya", "MbutiPygmy", "MbutiPygmy", "Melanesian", "Melanesian", "Melanesian", "Mongola", "Mongola", "Mongola", "Palestinian", "Papuan", "Pima", "Russian", "Uygur"],
  "targets": ["Balochi", "Basque", "Bedouin", "Kalash", "Russian", "Bedouin", "Druze", "Kalash", "Palestinian", "Russian", "BantuSouthAfrica", "Mandenka", "MbutiPygmy", "Mozabite", "Pima", "San", "Yoruba", "BiakaPygmy", "San", "Yoruba", "Bedouin", "Druze", "Palestinian", "Russian", "Uygur", "Burusho", "Kalash", "Mozabite", "Palestinian", "Lahu", "Mandenka", "MbutiPygmy", "San", "Druze", "Melanesian", "Russian", "Uygur", "Yi", "Kalash", "Lahu", "Maya", "Uygur", "Yakut", "Maya", "Papuan", "Pima", "Mongola", "Uygur", "Yakut", "Yi", "Lahu", "Palestinian", "Russian", "Mozabite", "Palestinian", "Papuan", "Yi", "Pima", "Yi", "MbutiPygmy", "Mozabite", "Yoruba", "Mongola", "Pima", "San", "Yoruba", "Papuan", "Russian", "Uygur", "Uygur", "Yakut", "Yi", "Yakut", "Pima", "San", "Yakut", "Yakut"],
  "weights": [2.5645, 2.355, 2.2031, 2.8415, 2.5265, 2.1515, 2.2812, 2.0364, 2.164, 2.3868, 4.6539, 3.6471, 5.1133, 3.8602, 6.3022, 6.6436, 3.4123, 6.1629, 6.9745, 3.2187, 2.1663, 2.3772, 2.1028, 1.9956, 3.0595, 2.7801, 2.4956, 2.735, 1.8551, 7.7037, 5.4139, 5.4068, 7.3733, 2.8404, 4.1373, 2.9947, 2.5255, 3.5331, 3.1916, 3.2847, 3.3198, 3.0478, 3.2212, 2.7741, 4.9823, 5.5888, 2.2976, 3.0845, 2.9297, 2.7209, 4.2486, 2.0636, 2.3111, 3.8892, 2.4603, 4.2113, 3.4939, 6.2846, 2.8706, 4.874, 3.8796, 2.854, 3.488, 4.9026, 7.8949, 5.0563, 3.9427, 3.6517, 4.0828, 2.6833, 2.6188, 2.5864, 3.3156, 6.544, 8.8536, 3.6058, 2.79],
  "loci": ["rs12465132", "rs4618092", "rs6546477", "rs7601505", "rs4315565", "rs6727307", "rs13030844", "rs4854537", "rs7424907", "rs4854538", "rs7569175", "rs6546480", "rs7591556", "rs10167468", "rs4854472", "rs4527239", "rs10203421", "rs7600244", "rs1106518", "rs4435491", "rs4542888", "rs6710260", "rs4241349", "rs10179227", "rs4555379", "rs11689690", "rs12713671", "rs4263144", "rs4854547", "rs6710147", "rs7584948", "rs4358156", "rs11897924", "rs11673753", "rs3890787", "rs4854550", "rs6708226", "rs12105268", "rs13016276", "rs11126220"]
}
