{
  "id": "EdgeSet0938",
  "sources": ["Adygei", "Adygei", "Adygei", "Adygei", "Adygei", "Adygei", "Balochi", "Balochi", "Balochi", "Balochi", "Balochi", "Balochi", "BantuKenya", "BantuKenya", "BantuKenya", "BantuKenya", "BantuKenya", "BantuKenya", "BantuSouthAfrica", "BantuSouthAfrica", "BantuSouthAfrica", "BantuSouthAfrica", "BantuSouthAfrica", "Basque", "Basque", "Basque", "Basque", "Bedouin", "Bedouin", "Bedouin", "Bedouin", "Bedouin", "Bedouin", "BiakaPygmy", "BiakaPygmy", "BiakaPygmy", "BiakaPygmy", "Burusho", "Burusho", "Burusho", "Cambodian", "Cambodian", "Cambodian", "Cambodian", "Cambodian", "Colombian", "Colombian", "Daur", "Daur", "Daur", "Daur", "Daur", "Druze", "Druze", "Kalash", "Lahu", "Lahu", "Lahu", "Mandenka", "Mandenka", "Maya", "MbutiPygmy", "MbutiPygmy", "Melanesian", "Melanesian", "Mongola", "Mozabite", "Mozabite", "Mozabite", "Palestinian", "Palestinian", "Pima"],
  "targets": ["Bedouin", "Cambodian", "Druze", "Kalash", "Mozabite", "Palestinian", "Basque", "Kalash", "Melanesian", "Palestinian", "Russian", "Uygur", "BantuSouthAfrica", "Mandenka", "MbutiPygmy", "Mozabite", "San", "Yoruba", "BiakaPygmy", "Mandenka", "MbutiPygmy", "San", "Yoruba", "Bedouin", "Burusho", "Lahu", "Russian", "Colombian", "Druze", "Kalash", "Mozabite", "Palestinian", "Uygur", "Burusho", "MbutiPygmy", "Papuan", "Pima", "Kalash", "Lahu", "Uygur", "Druze", "Lahu", "Melanesian", "Mongola", "Yi", "Kalash", "Maya", "Maya", "Melanesian", "Mongola", "Yakut", "Yi", "Palestinian", "Russian", "Uygur", "Mongola", "Uygur", "Yi", "Mozabite", "Yoruba", "Pima", "San", "Yoruba", "Papuan", "San", "Yakut", "Palestinian", "Russian", "Uygur", "Papuan", "Yoruba", "San"],
  "weights": [1.9634, 3.0301, 2.1149, 2.1191, 2.4745, 1.9058, 2.4312, 2.2787, 4.7957, 2.2721, 2.3613, 2.621, 2.999, 3.1116, 2.6038, 3.8117, 6.9062, 3.1088, 4.3323, 3.1636, 2.7007, 6.6686, 3.2009, 2.3119, 2.7643, 2.6282, 2.2883, 3.11, 2.1069, 2.4582, 2.1932, 1.6989, 2.3192, 6.0011, 4.3841, 6.9257, 6.9533, 2.8644, 2.328, 3.6587, 3.8222, 2.5743, 4.8393, 2.9543, 3.2475, 3.5924, 2.31, 4.0554, 5.2644, 2.6244, 3.0728, 3.8798, 1.9504, 2.283, 2.8175, 3.0243, 2.4419, 3.0383, 3.2319, 2.7111, 2.8754, 6.8176, 3.1041, 4.3581, 8.9606, 2.2875, 2.1438, 2.8962, 2.4415, 5.176, 3.646, 9.8625],
  "loci": ["rs933493", "rs963399", "rs10490571", "rs13029804", "rs6729953", "rs12712127", "rs887998", "rs6727859", "rs6713468", "rs10172039", "rs4851541", "rs12619383", "rs2310186", "rs4851543", "rs6759556", "rs11883987", "rs1558642", "rs3917225", "rs949963", "rs3917335", "rs2287047", "rs3917254", "rs3917289", "rs3917292", "rs3917296", "rs951193", "rs3917301", "rs3917304", "rs3771200", "rs3171845", "rs3917329", "rs6744454", "rs1030021", "rs11904409", "rs12474258", "rs1922296", "rs1922289", "rs11686153", "rs1922294", "rs3771188"]
}
