{
  "id": "EdgeSet0169",
  "sources": ["Adygei", "Adygei", "Adygei", "Adygei", "Adygei", "Adygei", "Balochi", "Balochi", "Balochi", "Balochi", "Balochi", "BantuKenya", "BantuKenya", "BantuKenya", "BantuKenya", "BantuKenya", "BantuKenya", "BantuSouthAfrica", "BantuSouthAfrica", "BantuSouthAfrica", "BantuSouthAfrica", "Basque", "Basque", "Basque", "Basque", "Bedouin", "Bedouin", "Bedouin", "Bedouin", "BiakaPygmy", "BiakaPygmy", "Burusho", "Burusho", "Burusho", "Cambodian", "Cambodian", "Cambodian", "Cambodian", "Cambodian", "Colombian", "Colombian", "Colombian", "Colombian", "Daur", "Daur", "Daur", "Daur", "Daur", "Daur", "Druze", "Druze", "Kalash", "Kalash", "Lahu", "Lahu", "Lahu", "Mandenka", "Maya", "Maya", "Maya", "MbutiPygmy", "Melanesian", "Mongola", "Mozabite", "Mozabite", "Mozabite", "Palestinian", "Papuan", "Papuan", "Pima", "Russian", "Uygur", "Yakut"],
  "targets": ["Balochi", "Burusho", "Druze", "Kalash", "Mozabite", "Russian", "Druze", "Kalash", "Palestinian", "Pima", "Russian", "BantuSouthAfrica", "BiakaPygmy", "Mandenka", "MbutiPygmy", "Mozabite", "Yoruba", "BiakaPygmy", "MbutiPygmy", "San", "Yoruba", "Bedouin", "Druze", "Palestinian", "Russian", "Druze", "Kalash", "Palestinian", "Russian", "MbutiPygmy", "San", "Colombian", "Kalash", "Russian", "Daur", "Kalash", "Lahu", "Melanesian", "Papuan", "Kalash", "Maya", "Pima", "Russian", "Lahu", "Mandenka", "Mongola", "Uygur", "Yakut", "Yi", "Mozabite", "Russian", "Mozabite", "Palestinian", "Melanesian", "Mongola", "Yakut", "Yoruba", "Melanesian", "Papuan", "Pima", "San", "Papuan", "Yi", "Palestinian", "Papuan", "Yoruba", "Russian", "Pima", "Uygur", "Uygur", "Uygur", "Yakut", "Yi"],
  "weights": [2.0472, 2.4342, 1.9191, 2.5485, 2.5466, 2.2677, 1.8983, 2.6544, 2.0297, 3.2634, 2.8429, 4.9287, 4.8003, 4.2641, 5.8166, 5.0203, 3.7326, 4.9082, 6.0545, 6.2004, 4.3156, 1.8487, 1.7834, 2.3371, 2.0288, 1.2693, 3.5327, 1.9857, 2.0068, 3.9754, 4.1805, 3.5225, 2.4629, 2.3518, 3.7275, 3.6744, 3.2459, 2.4077, 2.9653, 3.8529, 2.0051, 2.8199, 3.1281, 3.9128, 5.9665, 3.7483, 3.966, 3.3411, 3.7702, 2.3031, 1.9429, 3.1379, 3.0636, 3.5737, 3.8398, 2.8124, 2.5605, 2.6982, 2.6473, 2.2696, 4.7978, 1.7532, 2.4085, 2.4782, 3.9444, 3.8687, 2.4444, 2.7775, 2.6321, 2.8129, 2.8424, 3.2829, 3.2292],
  "loci": ["rs962616", "rs7598652", "rs10929359", "rs10173491", "rs759806", "rs16862519", "rs3731997", "rs13015492", "rs13391501", "rs1035246", "rs6749663", "rs4668449", "rs2031011", "rs7586201", "rs11676115", "rs4668909", "rs4668911", "rs741437", "rs7575425", "rs17391264", "rs2287270", "rs7581919", "rs13029846", "rs13389802", "rs6734024", "rs3755132", "rs2302930", "rs6717251", "rs7594193", "rs3770467", "rs16862807", "rs2287637", "rs807597", "rs753383", "rs807576", "rs876718", "rs807571", "rs10177349", "rs7579979", "rs8179514"]
}
