{
  "id": "EdgeSet0315",
  "sources": ["Adygei", "Adygei", "Adygei", "Adygei", "Adygei", "Adygei", "Balochi", "Balochi", "Balochi", "Balochi", "Balochi", "BantuKenya", "BantuKenya", "BantuKenya", "BantuSouthAfrica", "BantuSouthAfrica", "BantuSouthAfrica", "BantuSouthAfrica", "Basque", "Basque", "Basque", "Basque", "Basque", "Bedouin", "Bedouin", "Bedouin", "BiakaPygmy", "BiakaPygmy", "BiakaPygmy", "BiakaPygmy", "Burusho", "Burusho", "Burusho", "Burusho", "Cambodian", "Cambodian", "Cambodian", "Cambodian", "Cambodian", "Cambodian", "Colombian", "Colombian", "Colombian", "Daur", "Daur", "Daur", "Daur", "Daur", "Druze", "Kalash", "Kalash", "Lahu", "Lahu", "Lahu", "Lahu", "Mandenka", "Maya", "Maya", "MbutiPygmy", "MbutiPygmy", "MbutiPygmy", "Melanesian", "Mongola", "Mozabite", "Papuan", "Pima", "Uygur", "Uygur", "Yakut"],
  "targets": ["Balochi", "Bedouin", "Druze", "Kalash", "Russian", "Uygur", "Bedouin", "Druze", "Kalash", "Mongola", "Palestinian", "BantuSouthAfrica", "BiakaPygmy", "Yoruba", "Burusho", "Mandenka", "MbutiPygmy", "San", "Druze", "Melanesian", "Mozabite", "Pima", "Russian", "Druze", "Mozabite", "Palestinian", "Mandenka", "MbutiPygmy", "Palestinian", "San", "Kalash", "Mozabite", "Russian", "Uygur", "Daur", "Kalash", "Lahu", "Mongola", "Uygur", "Yi", "Druze", "Maya", "Pima", "Maya", "Mongola", "Russian", "Uygur", "Yakut", "Kalash", "Mongola", "Uygur", "Mongola", "Mozabite", "Uygur", "Yi", "Yoruba", "Pima", "Russian", "Pima", "Yi", "Yoruba", "Papuan", "Uygur", "Palestinian", "Yi", "San", "Yakut", "Yi", "Yi"],
  "weights": [2.2076, 2.251, 2.1112, 2.801, 2.385, 2.9513, 1.912, 1.785, 2.6152, 3.3019, 1.9928, 3.4431, 3.7466, 2.4062, 6.4676, 3.9635, 6.3032, 6.6907, 2.1844, 5.5198, 2.587, 3.7924, 2.5626, 1.4673, 2.2673, 1.3662, 3.3813, 5.7644, 4.2067, 7.114, 3.694, 3.4593, 3.4911, 5.09, 2.9326, 3.4252, 3.376, 2.7346, 2.7519, 3.9789, 3.2846, 1.175, 3.3217, 3.9676, 2.5071, 3.8419, 3.022, 3.4617, 3.2356, 3.5888, 3.4212, 4.0969, 3.9352, 4.6084, 4.5689, 2.2053, 3.153, 3.0542, 7.9516, 8.2496, 6.0683, 3.0296, 2.3992, 2.5023, 5.5151, 7.7215, 3.5381, 4.1125, 4.2876],
  "loci": ["rs1402049", "rs6732918", "rs1915126", "rs6709502", "rs1520319", "rs10203688", "rs17010323", "rs7597567", "rs1915127", "rs1879282", "rs6548038", "rs939370", "rs7562766", "rs7560096", "rs17010374", "rs4410329", "rs4952185", "rs2364430", "rs929910", "rs10490517", "rs6727228", "rs2194452", "rs2042491", "rs1862960", "rs3755527", "rs10184608", "rs2194450", "rs11127291", "rs12623781", "rs6743595", "rs3732337", "rs17321093", "rs1559497", "rs17393065", "rs4952192", "rs10204076", "rs7572773", "rs2288101", "rs17010471", "rs6718262"]
}
