{
  "id": "EdgeSet0651",
  "sources": ["Adygei", "Adygei", "Adygei", "Adygei", "Adygei", "Adygei", "Adygei", "Balochi", "Balochi", "Balochi", "Balochi", "Balochi", "BantuKenya", "BantuKenya", "BantuKenya", "BantuKenya", "BantuKenya", "BantuSouthAfrica", "BantuSouthAfrica", "BantuSouthAfrica", "BantuSouthAfrica", "Basque", "Basque", "Basque", "Bedouin", "Bedouin", "Bedouin", "Bedouin", "BiakaPygmy", "BiakaPygmy", "BiakaPygmy", "Burusho", "Burusho", "Burusho", "Cambodian", "Cambodian", "Cambodian", "Cambodian", "Cambodian", "Cambodian", "Colombian", "Colombian", "Colombian", "Daur", "Daur", "Daur", "Druze", "Druze", "Druze", "Druze", "Kalash", "Kalash", "Kalash", "Kalash", "Lahu", "Lahu", "Mandenka", "Maya", "Maya", "MbutiPygmy", "MbutiPygmy", "Melanesian", "Melanesian", "Melanesian", "Mongola", "Mongola", "Mongola", "Papuan", "Papuan", "Papuan", "Pima", "Pima", "Russian"],
  "targets": ["Balochi", "Burusho", "Daur", "Kalash", "Palestinian", "Papuan", "Uygur", "Bedouin", "Burusho", "Kalash", "Yakut", "Yoruba", "BantuSouthAfrica", "BiakaPygmy", "Mandenka", "Mozabite", "Yoruba", "Mandenka", "MbutiPygmy", "Pima", "San", "Druze", "Palestinian", "Russian", "Druze", "Palestinian", "Russian", "Uygur", "MbutiPygmy", "San", "Yoruba", "Melanesian", "San", "Yakut", "Lahu", "Maya", "Melanesian", "Mongola", "Pima", "Yi", "Daur", "Maya", "Pima", "Mongola", "Yakut", "Yi", "Mozabite", "Palestinian", "Russian", "San", "Maya", "Melanesian", "Papuan", "Uygur", "Papuan", "Yakut", "Yoruba", "Mongola", "Yakut", "San", "Yoruba", "Pima", "San", "Yi", "Uygur", "Yakut", "Yi", "Pima", "Uygur", "Yakut", "San", "Uygur", "San"],
  "weights": [2.6947, 3.2492, 3.3377, 3.2486, 2.5896, 4.0283, 2.7886, 2.8597, 2.5758, 2.7117, 2.659, 4.115, 4.8937, 3.2833, 3.2683, 3.6163, 2.9389, 4.2072, 4.9435, 7.3297, 8.7712, 2.4508, 2.7236, 2.2642, 2.0172, 2.1587, 2.2952, 2.89, 4.3618, 8.4813, 3.5284, 3.6619, 8.5974, 2.838, 2.5923, 3.6748, 3.0249, 2.266, 5.0084, 2.5577, 1.8817, 1.0179, 3.8524, 1.7358, 1.8799, 2.3324, 2.378, 1.9676, 2.4575, 8.5399, 3.1941, 3.4043, 2.492, 2.7069, 1.7093, 1.887, 2.7861, 2.3072, 1.7121, 8.1037, 4.1889, 6.2203, 9.0377, 3.7699, 2.8486, 2.1474, 2.4625, 4.3374, 2.3857, 2.1967, 9.8837, 4.449, 8.458],
  "loci": ["rs842764", "rs842762", "rs865210", "rs881952", "rs17031423", "rs2420382", "rs1344915", "rs17537498", "rs934797", "rs13411201", "rs10198826", "rs13006409", "rs7589998", "rs17537701", "rs6710364", "rs3796067", "rs12713426", "rs7576218", "rs7579240", "rs1866207", "rs9309330", "rs2099613", "rs11687809", "rs10496089", "rs7600065", "rs11890393", "rs11678813", "rs9989783", "rs17033754", "rs9989794", "rs13034020", "rs6545832", "rs11695818", "rs1432295", "rs4462771", "rs4672410", "rs1177204", "rs1177209", "rs702873", "rs2901182"]
}
