{
  "id": "EdgeSet0579",
  "sources": ["Adygei", "Adygei", "Adygei", "Adygei", "Adygei", "Adygei", "Adygei", "Adygei", "Adygei", "Balochi", "Balochi", "Balochi", "BantuKenya", "BantuKenya", "BantuKenya", "BantuKenya", "BantuSouthAfrica", "BantuSouthAfrica", "BantuSouthAfrica", "BantuSouthAfrica", "BantuSouthAfrica", "BantuSouthAfrica", "Basque", "Basque", "Basque", "Bedouin", "Bedouin", "Bedouin", "Bedouin", "Bedouin", "BiakaPygmy", "BiakaPygmy", "Burusho", "Burusho", "Burusho", "Cambodian", "Cambodian", "Cambodian", "Cambodian", "Cambodian", "Cambodian", "Colombian", "Colombian", "Colombian", "Colombian", "Colombian", "Daur", "Daur", "Daur", "Daur", "Daur", "Druze", "Druze", "Druze", "Kalash", "Kalash", "Lahu", "Lahu", "Lahu", "Mandenka", "Mandenka", "Maya", "Maya", "Maya", "Maya", "MbutiPygmy", "MbutiPygmy", "MbutiPygmy", "Melanesian", "Melanesian", "Mongola", "Mongola", "Mongola", "Mongola", "Mozabite", "Mozabite", "Papuan", "Russian", "Russian", "Uygur"],
  "targets": ["Balochi", "Basque", "Daur", "Kalash", "Mozabite", "Palestinian", "Pima", "Uygur", "Yakut", "Druze", "Palestinian", "Papuan", "BantuSouthAfrica", "Mandenka", "San", "Yoruba", "BiakaPygmy", "Burusho", "Mandenka", "MbutiPygmy", "San", "Yoruba", "Druze", "Maya", "Russian", "Druze", "Mozabite", "Palestinian", "Papuan", "Russian", "MbutiPygmy", "Yoruba", "Melanesian", "Russian", "Yi", "Daur", "Mongola", "Papuan", "Pima", "Uygur", "Yi", "Lahu", "Mandenka", "Maya", "Pima", "San", "Lahu", "Maya", "Palestinian", "Pima", "Uygur", "Kalash", "Mozabite", "Palestinian", "Palestinian", "Papuan", "Mozabite", "Yakut", "Yi", "MbutiPygmy", "Yoruba", "Mongola", "Pima", "Russian", "Yi", "Melanesian", "San", "Yoruba", "Papuan", "San", "Pima", "Russian", "Uygur", "Yakut", "Palestinian", "Uygur", "Yakut", "San", "Yakut", "Yakut"],
  "weights": [2.2528, 2.2964, 2.3146, 1.9134, 2.1595, 2.0215, 3.8874, 1.7431, 1.9598, 2.3071, 2.1243, 2.44, 4.9319, 3.9238, 7.6904, 3.7309, 5.0278, 6.8567, 4.6898, 4.777, 5.9308, 4.1705, 2.7002, 3.357, 3.1759, 1.6109, 2.1193, 1.7377, 2.5797, 4.5097, 3.9036, 3.5254, 4.6151, 4.1299, 3.5821, 2.5655, 2.2223, 2.5013, 3.2277, 2.0674, 2.9116, 7.2184, 6.572, 3.8143, 4.5338, 9.3578, 4.3509, 3.0852, 3.1871, 3.1559, 2.2225, 1.9669, 1.961, 1.6148, 2.0719, 2.2094, 5.66, 4.2989, 4.4959, 3.6452, 2.2593, 4.0597, 2.9713, 4.0759, 4.6905, 4.915, 6.8181, 3.1406, 3.9835, 8.3678, 3.2034, 3.2236, 1.6405, 2.2441, 1.8353, 2.4706, 2.3598, 8.9849, 2.8083, 1.8584],
  "loci": ["rs2172645", "rs2131786", "rs1565798", "rs1521943", "rs1521942", "rs17044683", "rs4672420", "rs17044715", "rs1389572", "rs13025722", "rs1402901", "rs745685", "rs10204358", "rs903231", "rs7567601", "rs1318578", "rs6727792", "rs6545350", "rs10164725", "rs9677678", "rs10177230", "rs11900008", "rs4672456", "rs11887670", "rs4671413", "rs1602986", "rs2357359", "rs6749477", "rs11902012", "rs10166049", "rs17516503", "rs2287511", "rs6746107", "rs10460550", "rs718349", "rs7566120", "rs2111856", "rs6739882", "rs10192011", "rs12622794"]
}
