{
  "id": "EdgeSet0460",
  "sources": ["Adygei", "Adygei", "Adygei", "Adygei", "Adygei", "Adygei", "Adygei", "Balochi", "Balochi", "Balochi", "Balochi", "BantuKenya", "BantuKenya", "BantuKenya", "BantuKenya", "BantuKenya", "BantuKenya", "BantuSouthAfrica", "BantuSouthAfrica", "BantuSouthAfrica", "BantuSouthAfrica", "Basque", "Bedouin", "Bedouin", "Bedouin", "Bedouin", "Bedouin", "BiakaPygmy", "BiakaPygmy", "BiakaPygmy", "Burusho", "Burusho", "Burusho", "Burusho", "Burusho", "Cambodian", "Cambodian", "Cambodian", "Cambodian", "Colombian", "Colombian", "Colombian", "Daur", "Daur", "Daur", "Druze", "Druze", "Druze", "Kalash", "Kalash", "Kalash", "Kalash", "Kalash", "Lahu", "Lahu", "Mandenka", "Mandenka", "Mandenka", "Maya", "Maya", "Maya", "Maya", "MbutiPygmy", "MbutiPygmy", "Melanesian", "Melanesian", "Mongola", "Mongola", "Mongola", "Papuan", "Pima", "San"],
  "targets": ["Balochi", "Basque", "Bedouin", "Daur", "Druze", "Melanesian", "Uygur", "Basque", "Kalash", "Melanesian", "Palestinian", "BantuSouthAfrica", "BiakaPygmy", "Mandenka", "MbutiPygmy", "San", "Yoruba", "BiakaPygmy", "Mandenka", "MbutiPygmy", "Yoruba", "Mozabite", "Burusho", "Druze", "Mozabite", "Palestinian", "Russian", "Mandenka", "MbutiPygmy", "San", "Colombian", "Druze", "Mozabite", "Papuan", "Russian", "Daur", "Lahu", "Maya", "Yi", "Maya", "Pima", "Yi", "Lahu", "Uygur", "Yakut", "Palestinian", "Russian", "Uygur", "Mongola", "Mozabite", "Palestinian", "Russian", "Uygur", "Papuan", "Yakut", "MbutiPygmy", "Mozabite", "Yoruba", "Mongola", "Pima", "Uygur", "Yi", "San", "Yoruba", "Papuan", "San", "Pima", "Yakut", "Yi", "Yakut", "Uygur", "Yoruba"],
  "weights": [2.1062, 3.4966, 1.9025, 2.4567, 2.0611, 4.5054, 2.1594, 3.1936, 2.3527, 3.7879, 2.1386, 3.7775, 5.9004, 4.1472, 4.0055, 7.3458, 3.2849, 5.6954, 3.799, 4.0733, 3.2924, 3.6286, 2.5364, 1.7842, 2.091, 1.8262, 1.8517, 6.3149, 6.1361, 7.7424, 4.2262, 2.5345, 3.7177, 3.7545, 2.4841, 2.2608, 3.7035, 2.7171, 1.9223, 3.0609, 3.2363, 3.6062, 3.8214, 2.5569, 2.35, 1.7441, 1.7232, 2.3437, 3.254, 2.909, 2.6908, 3.1014, 2.2507, 5.033, 4.0315, 4.114, 5.4329, 3.7007, 2.4774, 3.2565, 2.5053, 2.3232, 7.5926, 4.1339, 3.1099, 9.281, 3.6927, 2.4591, 1.9626, 3.7461, 3.409, 7.5835],
  "loci": ["rs10166397", "rs896989", "rs2333821", "rs4047536", "rs754302", "rs12623435", "rs7601979", "rs10180864", "rs10193444", "rs7593987", "rs17425541", "rs17032022", "rs7595470", "rs10495915", "rs6730278", "rs4952703", "rs2053456", "rs11124980", "rs17032055", "rs9752494", "rs1837705", "rs7598019", "rs2340814", "rs17425932", "rs713446", "rs713447", "rs10194161", "rs4952709", "rs4953081", "rs7580016", "rs2005203", "rs17607721", "rs698761", "rs4953085", "rs9309116", "rs4953089", "rs12472538", "rs7596887", "rs11680553", "rs698774"]
}
