{
  "id": "EdgeSet0749",
  "sources": ["Adygei", "Adygei", "Adygei", "Adygei", "Balochi", "Balochi", "Balochi", "Balochi", "BantuKenya", "BantuKenya", "BantuKenya", "BantuKenya", "BantuKenya", "BantuSouthAfrica", "BantuSouthAfrica", "BantuSouthAfrica", "BantuSouthAfrica", "Basque", "Basque", "Basque", "Bedouin", "Bedouin", "Bedouin", "Bedouin", "BiakaPygmy", "BiakaPygmy", "BiakaPygmy", "Burusho", "Burusho", "Burusho", "Burusho", "Cambodian", "Cambodian", "Cambodian", "Cambodian", "Colombian", "Colombian", "Colombian", "Colombian", "Daur", "Daur", "Daur", "Daur", "Daur", "Daur", "Kalash", "Kalash", "Kalash", "Lahu", "Lahu", "Lahu", "Lahu", "Mandenka", "Mandenka", "Maya", "MbutiPygmy", "Melanesian", "Mongola", "Mongola", "Mozabite", "Palestinian", "Papuan", "Pima", "Pima", "Russian", "Uygur", "Yakut"],
  "targets": ["Druze", "Mozabite", "Palestinian", "Russian", "Basque", "Bedouin", "Druze", "Palestinian", "BantuSouthAfrica", "BiakaPygmy", "MbutiPygmy", "San", "Yoruba", "BiakaPygmy", "Cambodian", "Kalash", "Mandenka", "Bedouin", "Mozabite", "Papuan", "Druze", "Mozabite", "Palestinian", "Russian", "MbutiPygmy", "San", "Yoruba", "Kalash", "Lahu", "Papuan", "Yakut", "Daur", "Lahu", "Uygur", "Yi", "Maya", "MbutiPygmy", "Pima", "San", "Lahu", "Mongola", "Pima", "Uygur", "Yakut", "Yi", "Melanesian", "Mozabite", "Palestinian", "Melanesian", "Papuan", "Uygur", "Yi", "MbutiPygmy", "Yoruba", "Pima", "San", "Papuan", "Uygur", "Yakut", "Yoruba", "Russian", "San", "Yakut", "Yi", "Uygur", "Yakut", "Yi"],
  "weights": [1.614, 1.9829, 1.8502, 1.6787, 2.3154, 1.2538, 1.514, 1.8835, 5.7378, 5.3565, 6.5173, 8.9459, 3.8198, 4.3526, 5.0685, 4.487, 3.7348, 1.9613, 2.1277, 3.6595, 1.0712, 1.4212, 1.6039, 1.783, 6.2059, 8.1181, 4.1847, 2.8081, 4.2066, 3.4656, 3.7881, 2.9726, 2.8373, 2.7327, 3.5663, 4.3544, 11.7465, 4.7648, 12.3872, 2.3997, 2.7778, 4.5316, 2.0655, 2.1439, 2.847, 3.3823, 2.1889, 2.0863, 3.4533, 3.2307, 2.5954, 3.036, 6.4331, 2.7308, 2.6605, 9.7208, 2.1074, 3.1652, 2.5013, 2.6584, 1.7929, 8.0797, 4.3789, 5.3738, 2.318, 2.4053, 3.4423],
  "loci": ["rs6574", "rs357741", "rs7597832", "rs357728", "rs6742205", "rs10496182", "rs397458", "rs413693", "rs412014", "rs429598", "rs17429668", "rs357762", "rs12615297", "rs4386349", "rs11692793", "rs2418896", "rs741472", "rs4852771", "rs10514625", "rs4852772", "rs763713", "rs7595018", "rs9309448", "rs6713034", "rs1870384", "rs17006813", "rs12476972", "rs2609505", "rs2542540", "rs6725892", "rs2542547", "rs12475571", "rs7581030", "rs2670752", "rs2542501", "rs17006902", "rs2542505", "rs11691076", "rs2542509", "rs10210436"]
}
