{
  "id": "EdgeSet0630",
  "sources": ["Adygei", "Adygei", "Adygei", "Adygei", "Adygei", "Adygei", "Balochi", "Balochi", "Balochi", "Balochi", "BantuKenya", "BantuKenya", "BantuKenya", "BantuKenya", "BantuKenya", "BantuKenya", "BantuSouthAfrica", "BantuSouthAfrica", "BantuSouthAfrica", "BantuSouthAfrica", "BantuSouthAfrica", "Basque", "Basque", "Basque", "Basque", "Basque", "Basque", "Bedouin", "Bedouin", "Bedouin", "Bedouin", "Bedouin", "BiakaPygmy", "BiakaPygmy", "BiakaPygmy", "BiakaPygmy", "Burusho", "Burusho", "Burusho", "Cambodian", "Cambodian", "Cambodian", "Cambodian", "Colombian", "Colombian", "Colombian", "Colombian", "Colombian", "Daur", "Daur", "Daur", "Druze", "Druze", "Druze", "Kalash", "Kalash", "Lahu", "Lahu", "Mandenka", "Mandenka", "Maya", "Maya", "Maya", "MbutiPygmy", "MbutiPygmy", "Melanesian", "Melanesian", "Mongola", "Mongola", "Mongola", "Mongola", "Palestinian", "Papuan", "Russian", "Uygur", "Uygur"],
  "targets": ["Balochi", "Burusho", "Kalash", "Palestinian", "Pima", "Russian", "Bedouin", "Colombian", "Kalash", "Papuan", "BantuSouthAfrica", "Mandenka", "MbutiPygmy", "Melanesian", "Mozabite", "Yoruba", "BiakaPygmy", "Cambodian", "Colombian", "San", "Yoruba", "Burusho", "Lahu", "Maya", "Melanesian", "Russian", "Uygur", "Druze", "Mozabite", "Palestinian", "Papuan", "Uygur", "Mandenka", "MbutiPygmy", "Papuan", "Yoruba", "Kalash", "Palestinian", "Pima", "Lahu", "Maya", "Russian", "Yi", "Lahu", "Maya", "Mongola", "Pima", "Yi", "Mongola", "Pima", "Yakut", "Kalash", "Melanesian", "Papuan", "Maya", "Russian", "Melanesian", "Yakut", "MbutiPygmy", "Yoruba", "Pima", "Uygur", "Yakut", "San", "Yoruba", "Papuan", "San", "Pima", "Uygur", "Yakut", "Yi", "Uygur", "Yi", "Yakut", "Yakut", "Yi"],
  "weights": [2.2812, 2.433, 2.1455, 2.3584, 4.014, 2.3617, 2.1809, 6.2242, 2.5224, 3.7869, 4.8604, 4.0958, 4.0422, 6.13, 4.5816, 3.6587, 5.3246, 6.0102, 8.4065, 6.6378, 3.5842, 2.5002, 4.2517, 4.9434, 4.3178, 2.8077, 3.5793, 2.311, 1.9356, 2.0294, 3.3535, 2.3869, 4.6378, 4.2902, 6.3252, 3.9579, 2.4975, 2.4319, 3.6524, 4.5607, 5.2103, 3.6589, 2.9458, 5.7614, 6.2158, 5.9137, 6.0118, 6.2111, 2.7427, 3.1832, 2.2831, 2.1139, 3.4023, 2.9276, 5.5903, 2.4045, 4.9523, 3.8614, 3.5586, 3.3149, 3.8152, 3.6931, 3.6472, 4.7912, 3.0642, 4.5422, 7.6634, 3.5975, 2.3197, 3.1289, 2.8832, 2.3795, 3.2869, 4.2876, 2.7322, 2.6158],
  "loci": ["rs17269126", "rs6545689", "rs12052329", "rs12619586", "rs6545694", "rs1861415", "rs2041813", "rs4672252", "rs1922786", "rs10187702", "rs7591633", "rs12468708", "rs11693731", "rs10490092", "rs17049683", "rs10865306", "rs1981731", "rs10490093", "rs1950160", "rs1861410", "rs4671328", "rs1796434", "rs2708149", "rs2708146", "rs17049709", "rs6741951", "rs12986742", "rs6759519", "rs10176091", "rs10490095", "rs10210385", "rs10204566", "rs6747219", "rs17049738", "rs6719884", "rs7597339", "rs2862733", "rs2160206", "rs10182324", "rs7593324"]
}
