{
  "id": "EdgeSet0467",
  "sources": ["Adygei", "Adygei", "Adygei", "Adygei", "Adygei", "Adygei", "Adygei", "Balochi", "Balochi", "Balochi", "Balochi", "BantuKenya", "BantuKenya", "BantuKenya", "BantuKenya", "BantuKenya", "BantuKenya", "BantuSouthAfrica", "BantuSouthAfrica", "BantuSouthAfrica", "BantuSouthAfrica", "Basque", "Basque", "Basque", "Basque", "Basque", "Basque", "Bedouin", "Bedouin", "Bedouin", "Bedouin", "BiakaPygmy", "BiakaPygmy", "Burusho", "Burusho", "Burusho", "Burusho", "Burusho", "Cambodian", "Cambodian", "Cambodian", "Cambodian", "Colombian", "Colombian", "Colombian", "Colombian", "Daur", "Daur", "Daur", "Daur", "Kalash", "Kalash", "Kalash", "Lahu", "Lahu", "Lahu", "Mandenka", "Mandenka", "Mandenka", "Maya", "Maya", "MbutiPygmy", "MbutiPygmy", "Melanesian", "Melanesian", "Melanesian", "Melanesian", "Mongola", "Mongola", "Mongola", "Mozabite", "Papuan", "Papuan", "Pima", "Pima", "Russian", "Uygur"],
  "targets": ["Balochi", "Basque", "Bedouin", "Druze", "Russian", "Yakut", "Yi", "Colombian", "Druze", "Lahu", "Uygur", "BantuSouthAfrica", "BiakaPygmy", "Mandenka", "Pima", "San", "Yoruba", "BiakaPygmy", "Mandenka", "MbutiPygmy", "Yoruba", "Bedouin", "Druze", "Melanesian", "Mozabite", "Palestinian", "San", "Maya", "Mozabite", "Palestinian", "Yakut", "Mozabite", "San", "Cambodian", "Daur", "Druze", "Papuan", "Yakut", "Colombian", "Daur", "Melanesian", "Pima", "Daur", "Maya", "Melanesian", "Mongola", "Kalash", "Lahu", "Mongola", "Yi", "Lahu", "Palestinian", "Russian", "Russian", "Uygur", "Yi", "MbutiPygmy", "Mozabite", "Yoruba", "Pima", "Yakut", "San", "Yi", "Mozabite", "Papuan", "San", "Yi", "Pima", "Yakut", "Yi", "Palestinian", "Uygur", "Yi", "Russian", "Yi", "Uygur", "Yi"],
  "weights": [2.4384, 2.5978, 2.8696, 2.3423, 3.4334, 3.9591, 4.8603, 4.0833, 2.2521, 3.2403, 2.8926, 2.7975, 2.8385, 2.7268, 4.9694, 6.362, 2.4206, 2.9933, 2.8054, 3.9251, 2.7349, 2.291, 1.901, 4.8215, 2.5092, 2.0495, 7.7448, 3.3489, 2.2277, 1.3982, 4.3534, 4.6797, 5.8572, 2.9732, 3.2867, 2.9475, 4.8453, 4.5236, 3.824, 2.5875, 4.3758, 3.0607, 2.7137, 2.0978, 5.0594, 2.4691, 3.1807, 2.8766, 1.7167, 2.6413, 3.4843, 2.4104, 3.8095, 4.8284, 3.0347, 2.8393, 3.9662, 3.4604, 2.0544, 3.4199, 2.8582, 4.9636, 5.4448, 4.8555, 4.5837, 9.0505, 5.9611, 2.771, 2.8996, 2.5777, 2.0194, 4.5399, 4.8158, 4.3507, 2.9201, 3.8467, 3.2636],
  "loci": ["rs163521", "rs163522", "rs503982", "rs3738976", "rs163525", "rs2271623", "rs1561227", "rs2673270", "rs173076", "rs2048774", "rs1983312", "rs4953156", "rs163507", "rs908279", "rs4953161", "rs535137", "rs541473", "rs486218", "rs486930", "rs4953167", "rs2917765", "rs2917768", "rs12622589", "rs6724823", "rs1447106", "rs2959265", "rs11898689", "rs2959262", "rs17032936", "rs17032940", "rs13005516", "rs4953174", "rs1447107", "rs921120", "rs13410828", "rs2959259", "rs4355165", "rs13024962", "rs2944665", "rs6723092"]
}
