{
  "id": "EdgeSet0352",
  "sources": ["Adygei", "Adygei", "Adygei", "Adygei", "Adygei", "Adygei", "Balochi", "Balochi", "Balochi", "Balochi", "Balochi", "BantuKenya", "BantuKenya", "BantuKenya", "BantuKenya", "BantuKenya", "BantuSouthAfrica", "BantuSouthAfrica", "BantuSouthAfrica", "BantuSouthAfrica", "Basque", "Basque", "Basque", "Basque", "Basque", "Basque", "Basque", "Bedouin", "Bedouin", "Bedouin", "Bedouin", "BiakaPygmy", "BiakaPygmy", "BiakaPygmy", "Burusho", "Burusho", "Burusho", "Burusho", "Burusho", "Cambodian", "Cambodian", "Cambodian", "Cambodian", "Cambodian", "Colombian", "Colombian", "Colombian", "Daur", "Daur", "Daur", "Daur", "Daur", "Druze", "Druze", "Druze", "Kalash", "Kalash", "Lahu", "Lahu", "Lahu", "Lahu", "Mandenka", "Mandenka", "Mandenka", "Maya", "Maya", "MbutiPygmy", "Melanesian", "Melanesian", "Melanesian", "Mongola", "Mongola", "Mongola", "Mongola", "Mongola", "Mozabite", "Mozabite", "Palestinian", "Palestinian", "Palestinian", "Papuan", "Pima", "Russian", "San"],
  "targets": ["Balochi", "Bedouin", "Kalash", "Palestinian", "Pima", "Russian", "Basque", "Burusho", "Druze", "Kalash", "Papuan", "BantuSouthAfrica", "BiakaPygmy", "Mandenka", "Mozabite", "Yoruba", "BiakaPygmy", "Mandenka", "MbutiPygmy", "Yoruba", "Cambodian", "Colombian", "Druze", "Kalash", "Palestinian", "Russian", "Uygur", "Burusho", "Druze", "Palestinian", "Yoruba", "MbutiPygmy", "San", "Yoruba", "Cambodian", "Colombian", "Kalash", "Maya", "Pima", "Daur", "Lahu", "MbutiPygmy", "Mongola", "Yakut", "Maya", "Pima", "Yi", "Lahu", "Melanesian", "San", "Yakut", "Yi", "Maya", "Melanesian", "Yi", "Palestinian", "Pima", "Maya", "Mongola", "Yakut", "Yi", "MbutiPygmy", "San", "Yoruba", "Melanesian", "San", "San", "Papuan", "San", "Yi", "Mozabite", "Papuan", "Russian", "Uygur", "Yakut", "Palestinian", "Russian", "Pima", "Russian", "Uygur", "Yi", "Yi", "Uygur", "Yoruba"],
  "weights": [2.7096, 1.9872, 2.4917, 2.1478, 3.27, 2.0062, 2.8754, 3.7089, 2.8485, 3.1565, 3.6243, 4.4768, 5.0427, 4.255, 4.5143, 3.9582, 5.1658, 5.0562, 5.5183, 4.7835, 3.231, 3.5854, 2.659, 3.9339, 2.6528, 2.3418, 2.5305, 3.4501, 1.9687, 1.7417, 3.7722, 4.8512, 6.5265, 5.1223, 3.6773, 3.484, 3.5407, 4.2824, 3.1896, 2.6997, 2.6098, 6.0385, 2.5891, 2.6552, 3.5861, 2.757, 3.0191, 2.6116, 2.8175, 6.321, 2.5274, 2.5082, 4.6846, 3.3851, 4.4121, 2.8747, 3.1961, 4.7065, 2.6616, 2.7818, 3.0973, 4.8709, 6.0694, 2.8021, 4.1325, 7.1587, 5.4722, 3.1645, 6.1153, 2.909, 3.2161, 4.0577, 2.3315, 2.1021, 1.9911, 2.1341, 2.3783, 4.1623, 2.0015, 2.5397, 4.0599, 2.7114, 2.1924, 6.23],
  "loci": ["rs4670335", "rs12472207", "rs17014891", "rs6718538", "rs9308948", "rs17014921", "rs4670078", "rs10490441", "rs2216491", "rs2371922", "rs13407683", "rs6733379", "rs10177156", "rs10192622", "rs25440", "rs249092", "rs12613086", "rs9308949", "rs249093", "rs6744507", "rs4327215", "rs3842903", "rs249112", "rs3910279", "rs12611615", "rs17486979", "rs4670344", "rs12712378", "rs6543823", "rs1368934", "rs10495813", "rs1434143", "rs10495815", "rs7563572", "rs10166784", "rs13005810", "rs1368936", "rs7600640", "rs10495818", "rs17015178"]
}
