{
  "id": "EdgeSet0975",
  "sources": ["Adygei", "Adygei", "Adygei", "Adygei", "Adygei", "Adygei", "Balochi", "Balochi", "Balochi", "Balochi", "Balochi", "Balochi", "BantuKenya", "BantuKenya", "BantuKenya", "BantuKenya", "BantuKenya", "BantuKenya", "BantuSouthAfrica", "BantuSouthAfrica", "BantuSouthAfrica", "BantuSouthAfrica", "BantuSouthAfrica", "BantuSouthAfrica", "Basque", "Basque", "Basque", "Basque", "Basque", "Basque", "Bedouin", "Bedouin", "Bedouin", "Bedouin", "BiakaPygmy", "BiakaPygmy", "BiakaPygmy", "BiakaPygmy", "BiakaPygmy", "Burusho", "Burusho", "Burusho", "Burusho", "Burusho", "Cambodian", "Cambodian", "Cambodian", "Cambodian", "Cambodian", "Cambodian", "Colombian", "Colombian", "Colombian", "Colombian", "Daur", "Daur", "Daur", "Daur", "Druze", "Druze", "Kalash", "Kalash", "Lahu", "Lahu", "Lahu", "Lahu", "Mandenka", "Mandenka", "Mandenka", "Maya", "Maya", "MbutiPygmy", "MbutiPygmy", "Melanesian", "Melanesian", "Mongola", "Mongola", "Mozabite", "Palestinian", "Papuan", "Pima", "Uygur", "Uygur"],
  "targets": ["Balochi", "Basque", "Bedouin", "Druze", "Palestinian", "Russian", "Bedouin", "Burusho", "Daur", "Druze", "Kalash", "Uygur", "Mandenka", "Maya", "MbutiPygmy", "Melanesian", "Mozabite", "San", "BiakaPygmy", "Kalash", "Mandenka", "Melanesian", "San", "Yoruba", "Burusho", "Cambodian", "Mozabite", "Russian", "Yakut", "Yi", "Druze", "Kalash", "Mozabite", "Palestinian", "MbutiPygmy", "Palestinian", "Russian", "San", "Yoruba", "Kalash", "Mozabite", "San", "Uygur", "Yakut", "Kalash", "Lahu", "Mongola", "Uygur", "Yakut", "Yi", "Lahu", "Maya", "Pima", "Yi", "Lahu", "Maya", "Papuan", "Yi", "Palestinian", "Russian", "Russian", "Yi", "Mongola", "Papuan", "Pima", "Yakut", "MbutiPygmy", "Yakut", "Yoruba", "Mongola", "Yakut", "San", "Yoruba", "Papuan", "Pima", "Papuan", "Yi", "Yoruba", "Russian", "Pima", "Yi", "Yakut", "Yi"],
  "weights": [2.1241, 2.5536, 2.2836, 2.2397, 2.2945, 2.5257, 2.0504, 2.6438, 2.9631, 2.167, 2.3459, 2.6475, 3.6173, 5.8429, 4.4231, 6.1913, 4.5037, 5.2895, 3.7354, 4.6493, 3.2864, 5.9211, 6.2412, 3.6563, 3.2923, 3.1612, 2.6287, 2.8393, 3.4403, 4.1086, 2.2121, 3.1755, 2.0415, 2.1785, 2.7128, 3.6251, 3.9138, 5.3959, 3.2247, 2.6697, 3.7576, 6.6739, 2.8495, 3.1323, 2.6414, 2.6303, 2.4644, 2.4022, 2.4704, 2.2685, 4.1504, 2.4914, 5.1374, 3.4942, 2.8684, 3.5966, 3.8311, 2.3434, 1.7349, 2.5339, 2.8138, 2.8438, 3.161, 3.9673, 5.5171, 2.9205, 3.4838, 5.0885, 2.2994, 3.6564, 3.2685, 5.3612, 3.3456, 4.7225, 5.2988, 3.3316, 2.6518, 2.5481, 2.2041, 5.3852, 5.1695, 2.3237, 2.4718],
  "loci": ["rs11675026", "rs1111513", "rs6755684", "rs6726474", "rs6729693", "rs6742317", "rs6543356", "rs1109164", "rs3860448", "rs1669539", "rs1669536", "rs1669508", "rs1669492", "rs1647681", "rs1232799", "rs10490701", "rs10182846", "rs1647695", "rs17032192", "rs2377442", "rs2377443", "rs6726744", "rs6708041", "rs4851911", "rs12612811", "rs6543371", "rs12465304", "rs2377445", "rs11893869", "rs7584098", "rs7595084", "rs17032247", "rs4255978", "rs2377446", "rs7584287", "rs4851916", "rs2377451", "rs7601269", "rs11695995", "rs6543374"]
}
