{
  "id": "EdgeSet0104",
  "sources": ["Adygei", "Adygei", "Adygei", "Adygei", "Adygei", "Adygei", "Adygei", "Balochi", "Balochi", "Balochi", "Balochi", "BantuKenya", "BantuKenya", "BantuKenya", "BantuKenya", "BantuSouthAfrica", "BantuSouthAfrica", "BantuSouthAfrica", "Basque", "Basque", "Basque", "Bedouin", "Bedouin", "Bedouin", "Bedouin", "BiakaPygmy", "BiakaPygmy", "BiakaPygmy", "Burusho", "Burusho", "Burusho", "Cambodian", "Cambodian", "Cambodian", "Cambodian", "Cambodian", "Cambodian", "Colombian", "Colombian", "Colombian", "Daur", "Daur", "Daur", "Daur", "Druze", "Druze", "Druze", "Kalash", "Kalash", "Kalash", "Kalash", "Lahu", "Lahu", "Lahu", "Lahu", "Mandenka", "Mandenka", "Mandenka", "Maya", "Maya", "Melanesian", "Mozabite", "Palestinian", "Papuan", "Pima", "Russian", "Uygur", "Uygur", "Yakut"],
  "targets": ["Balochi", "Basque", "Bedouin", "Burusho", "Cambodian", "Maya", "Yakut", "Basque", "Burusho", "Druze", "Russian", "BantuSouthAfrica", "BiakaPygmy", "Mandenka", "Yoruba", "BiakaPygmy", "MbutiPygmy", "San", "Burusho", "Mongola", "Mozabite", "Druze", "Mozabite", "Palestinian", "Uygur", "MbutiPygmy", "San", "Yoruba", "Kalash", "Mozabite", "Russian", "Lahu", "Melanesian", "Mongola", "Uygur", "Yakut", "Yi", "Lahu", "Maya", "Pima", "Lahu", "Mongola", "Pima", "Yi", "Kalash", "Palestinian", "Russian", "Mongola", "Palestinian", "Russian", "Uygur", "Maya", "Mongola", "Pima", "Yi", "MbutiPygmy", "Mozabite", "Yoruba", "Pima", "Yakut", "Papuan", "Russian", "Russian", "San", "Yakut", "Uygur", "Yakut", "Yi", "Yi"],
  "weights": [2.1442, 2.4019, 2.1245, 2.9536, 1.9845, 3.0819, 1.7297, 1.9773, 1.6975, 1.8208, 1.6445, 4.6607, 4.18, 4.447, 3.4846, 5.2919, 6.9559, 12.8066, 2.5158, 3.677, 2.6652, 1.7834, 2.3094, 1.3879, 1.9129, 5.429, 11.8952, 4.4345, 2.749, 2.3949, 1.9908, 2.1159, 4.3961, 2.8108, 1.6588, 1.5325, 1.4268, 3.2962, 2.537, 3.3976, 2.4105, 2.8898, 2.8249, 2.4499, 2.1864, 1.4878, 1.8538, 3.5117, 2.184, 2.7341, 2.0949, 3.05, 2.8543, 4.2175, 2.206, 7.637, 4.7715, 3.8302, 2.9001, 2.3079, 3.1368, 2.3805, 1.8194, 13.6046, 3.2186, 1.9427, 1.4499, 1.9157, 1.7635],
  "loci": ["rs12615983", "rs12622238", "rs9287705", "rs12479189", "rs2666205", "rs11897394", "rs2136842", "rs2271333", "rs6758205", "rs2666214", "rs11688860", "rs1510796", "rs2709590", "rs2709587", "rs2666217", "rs2666219", "rs7600853", "rs7605582", "rs10192751", "rs10193254", "rs4669381", "rs12472609", "rs7588636", "rs3811600", "rs6715973", "rs13398941", "rs10203328", "rs12475160", "rs7569295", "rs10200984", "rs10929574", "rs2715865", "rs2709591", "rs2709576", "rs2709580", "rs10182138", "rs2715861", "rs10186062", "rs10593", "rs4798"]
}
