{
  "id": "EdgeSet0451",
  "sources": ["Adygei", "Adygei", "Adygei", "Adygei", "Adygei", "Adygei", "Adygei", "Balochi", "Balochi", "Balochi", "Balochi", "Balochi", "Balochi", "Balochi", "BantuKenya", "BantuKenya", "BantuKenya", "BantuKenya", "BantuKenya", "BantuSouthAfrica", "BantuSouthAfrica", "BantuSouthAfrica", "Basque", "Basque", "Basque", "Basque", "Basque", "Basque", "Basque", "Bedouin", "Bedouin", "Bedouin", "Bedouin", "Bedouin", "BiakaPygmy", "BiakaPygmy", "BiakaPygmy", "Burusho", "Burusho", "Burusho", "Cambodian", "Cambodian", "Cambodian", "Cambodian", "Cambodian", "Colombian", "Colombian", "Colombian", "Colombian", "Daur", "Daur", "Druze", "Druze", "Druze", "Druze", "Druze", "Druze", "Kalash", "Lahu", "Lahu", "Lahu", "Lahu", "Mandenka", "Mandenka", "Maya", "MbutiPygmy", "MbutiPygmy", "Melanesian", "Melanesian", "Melanesian", "Mongola", "Mozabite", "Mozabite", "Mozabite", "Russian", "Russian", "San", "Uygur", "Yakut"],
  "targets": ["Balochi", "Kalash", "Maya", "Melanesian", "Mozabite", "Russian", "Uygur", "BantuKenya", "Basque", "Bedouin", "Daur", "Palestinian", "San", "Yi", "BiakaPygmy", "Druze", "Kalash", "Mandenka", "MbutiPygmy", "BiakaPygmy", "Mongola", "San", "Bedouin", "Burusho", "Druze", "Kalash", "Lahu", "Palestinian", "Russian", "Burusho", "Melanesian", "Mozabite", "Palestinian", "Russian", "Mandenka", "MbutiPygmy", "San", "Maya", "San", "Yakut", "Daur", "Lahu", "Pima", "Uygur", "Yi", "Maya", "Pima", "Uygur", "Yakut", "Yakut", "Yi", "Kalash", "Mongola", "Mozabite", "Palestinian", "Papuan", "Russian", "Lahu", "Melanesian", "Papuan", "Yakut", "Yi", "MbutiPygmy", "Yoruba", "Pima", "San", "Yoruba", "Papuan", "Pima", "Russian", "Yakut", "Palestinian", "Papuan", "Yoruba", "Uygur", "Yakut", "Yi", "Yi", "Yi"],
  "weights": [3.928, 2.6141, 3.6001, 3.8046, 3.1217, 2.7096, 2.83, 5.422, 3.5806, 3.1918, 5.5933, 3.1572, 11.06, 4.8119, 4.6151, 5.1745, 4.683, 3.7814, 5.0245, 4.5544, 4.2708, 10.2829, 2.1991, 2.8081, 1.9821, 2.6216, 3.4901, 2.1345, 2.3947, 2.7045, 2.7948, 2.2675, 1.5779, 2.2588, 3.5994, 5.057, 9.3658, 3.9074, 9.9322, 4.1092, 2.1613, 2.3602, 2.2704, 2.157, 1.801, 0.9972, 1.0746, 3.0295, 2.467, 2.0302, 2.1189, 2.3992, 4.3715, 2.5888, 1.6645, 3.1217, 2.1869, 2.6697, 2.3174, 2.4679, 2.0443, 2.2501, 4.0779, 3.0564, 1.1527, 9.1828, 4.1237, 2.7712, 2.9832, 2.7338, 2.3208, 2.3016, 3.4741, 3.9062, 2.5171, 2.7077, 10.8064, 2.2687, 2.1179],
  "loci": ["rs7599781", "rs3884504", "rs17030870", "rs12478601", "rs7578597", "rs6753942", "rs6708660", "rs17031016", "rs6742108", "rs1873555", "rs6725776", "rs10211106", "rs3752355", "rs11899823", "rs10495903", "rs10179648", "rs12474030", "rs11897432", "rs17031095", "rs10182489", "rs12467420", "rs17031110", "rs7558302", "rs6725688", "rs11886047", "rs6753358", "rs4577327", "rs6740739", "rs6710610", "rs13412979", "rs12473033", "rs6750909", "rs17335631", "rs7571775", "rs7583898", "rs7594100", "rs17413944", "rs11124948", "rs2163652", "rs3828297"]
}
