{
  "id": "EdgeSet0119",
  "sources": ["Adygei", "Adygei", "Adygei", "Adygei", "Adygei", "Adygei", "Balochi", "Balochi", "Balochi", "BantuKenya", "BantuKenya", "BantuKenya", "BantuKenya", "BantuSouthAfrica", "BantuSouthAfrica", "BantuSouthAfrica", "BantuSouthAfrica", "Basque", "Basque", "Basque", "Basque", "Bedouin", "Bedouin", "BiakaPygmy", "BiakaPygmy", "BiakaPygmy", "BiakaPygmy", "Burusho", "Burusho", "Cambodian", "Cambodian", "Cambodian", "Cambodian", "Cambodian", "Cambodian", "Cambodian", "Colombian", "Colombian", "Colombian", "Daur", "Daur", "Daur", "Daur", "Druze", "Druze", "Druze", "Kalash", "Kalash", "Kalash", "Kalash", "Lahu", "Lahu", "Lahu", "Lahu", "Lahu", "Mandenka", "Mandenka", "Maya", "Maya", "Maya", "MbutiPygmy", "MbutiPygmy", "Melanesian", "Melanesian", "Mongola", "Mongola", "Mongola", "Mongola", "Mongola", "Mozabite", "Palestinian", "Papuan", "Russian", "Uygur"],
  "targets": ["Burusho", "Cambodian", "Druze", "Kalash", "Palestinian", "Pima", "Burusho", "Palestinian", "Uygur", "BantuSouthAfrica", "Cambodian", "MbutiPygmy", "Yoruba", "BiakaPygmy", "Mandenka", "San", "Yoruba", "Bedouin", "Mozabite", "Papuan", "Russian", "Druze", "Palestinian", "Daur", "Mandenka", "MbutiPygmy", "San", "Palestinian", "Uygur", "Daur", "Lahu", "Papuan", "Pima", "Uygur", "Yakut", "Yi", "Lahu", "Maya", "Pima", "Maya", "Uygur", "Yakut", "Yi", "Kalash", "Palestinian", "Russian", "Mozabite", "Palestinian", "Pima", "Russian", "Maya", "Mongola", "Pima", "Yakut", "Yi", "San", "Yoruba", "Pima", "Russian", "Yi", "San", "Yoruba", "Papuan", "Yakut", "Mozabite", "Pima", "Uygur", "Yakut", "Yi", "Russian", "Russian", "Yakut", "Yi", "Yakut"],
  "weights": [3.6357, 4.1019, 2.6285, 2.6947, 2.5761, 3.4065, 3.1394, 2.392, 3.2522, 4.0085, 5.5716, 4.7279, 3.1987, 4.3105, 3.672, 7.0893, 4.2395, 2.3899, 2.2902, 5.4724, 2.8086, 1.4483, 1.5554, 5.4861, 4.2447, 4.6358, 7.0438, 2.8942, 3.6623, 3.1599, 3.5408, 4.9638, 4.2177, 3.2408, 2.959, 3.5809, 5.412, 2.7014, 3.9114, 4.5006, 2.8064, 2.6315, 2.6304, 2.4, 1.9033, 2.4688, 2.3632, 2.567, 3.5539, 2.23, 5.851, 3.4983, 4.2305, 3.3859, 4.0273, 7.4252, 3.5146, 3.6779, 4.3458, 4.7546, 7.2246, 5.1175, 2.3538, 3.9398, 3.9219, 3.2606, 2.6158, 2.8746, 3.0627, 2.5421, 3.0907, 4.2859, 3.7449, 2.8608],
  "loci": ["rs11686084", "rs818155", "rs818154", "rs2430426", "rs13004435", "rs818185", "rs13018228", "rs7609435", "rs6710665", "rs17436529", "rs10185605", "rs1405950", "rs12466300", "rs2463460", "rs16856345", "rs13005655", "rs16856347", "rs2540275", "rs1641144", "rs1641147", "rs1641149", "rs1728143", "rs1641152", "rs1641153", "rs1527884", "rs12613865", "rs4669588", "rs4668687", "rs4669589", "rs11883805", "rs1918704", "rs1918705", "rs1534398", "rs2357649", "rs16856412", "rs6730897", "rs10929675", "rs759400", "rs4668690", "rs2287059"]
}
