{
  "id": "EdgeSet0165",
  "sources": ["Adygei", "Adygei", "Adygei", "Adygei", "Adygei", "Adygei", "Balochi", "Balochi", "Balochi", "Balochi", "Balochi", "BantuKenya", "BantuKenya", "BantuKenya", "BantuKenya", "BantuKenya", "BantuKenya", "BantuSouthAfrica", "BantuSouthAfrica", "BantuSouthAfrica", "BantuSouthAfrica", "BantuSouthAfrica", "Basque", "Basque", "Basque", "Basque", "Bedouin", "Bedouin", "BiakaPygmy", "BiakaPygmy", "BiakaPygmy", "Burusho", "Burusho", "Burusho", "Burusho", "Burusho", "Burusho", "Cambodian", "Cambodian", "Cambodian", "Cambodian", "Colombian", "Colombian", "Daur", "Daur", "Daur", "Druze", "Druze", "Druze", "Kalash", "Kalash", "Kalash", "Kalash", "Lahu", "Mandenka", "Mandenka", "Mandenka", "Maya", "Maya", "MbutiPygmy", "MbutiPygmy", "Melanesian", "Melanesian", "Mongola", "Mongola", "Mongola", "Mozabite", "Mozabite", "Mozabite", "Russian", "Russian", "San"],
  "targets": ["Balochi", "Basque", "Bedouin", "Druze", "Kalash", "Uygur", "Bedouin", "Kalash", "Mongola", "Palestinian", "Uygur", "BantuSouthAfrica", "Lahu", "Mandenka", "MbutiPygmy", "San", "Yoruba", "BiakaPygmy", "Mandenka", "MbutiPygmy", "San", "Yoruba", "Bedouin", "Lahu", "Mozabite", "Russian", "Burusho", "Palestinian", "MbutiPygmy", "San", "Yoruba", "Druze", "Lahu", "Melanesian", "Palestinian", "Russian", "Uygur", "Daur", "Lahu", "Mongola", "Yi", "Maya", "Pima", "Mongola", "Uygur", "Yakut", "Kalash", "Palestinian", "Russian", "Lahu", "Palestinian", "Papuan", "Yakut", "Yi", "MbutiPygmy", "San", "Yoruba", "Pima", "Yakut", "San", "Yoruba", "Papuan", "San", "Papuan", "Uygur", "Yi", "Palestinian", "Russian", "Yoruba", "Uygur", "Yi", "Yoruba"],
  "weights": [2.1065, 2.4078, 1.6136, 1.806, 2.6044, 2.1974, 1.8623, 2.6019, 3.9473, 2.1589, 3.2344, 4.138, 5.6448, 4.206, 5.4922, 7.7925, 3.6646, 3.9271, 4.1232, 5.023, 7.613, 3.408, 1.9479, 4.1118, 2.3412, 2.1023, 2.1063, 1.8218, 5.263, 7.8734, 3.8618, 2.7739, 4.1711, 4.4031, 2.9912, 1.9847, 2.772, 3.2263, 3.6346, 2.9545, 2.8182, 2.8888, 1.7494, 2.5654, 2.4774, 1.992, 2.2811, 1.9785, 2.1885, 4.4462, 2.7055, 4.9812, 3.5846, 3.2813, 5.6756, 8.4372, 3.5156, 3.1087, 3.5937, 8.7155, 5.142, 2.5624, 9.474, 4.3609, 2.568, 2.152, 1.964, 1.9457, 4.1646, 2.2919, 2.5944, 8.8749],
  "loci": ["rs11903422", "rs1560443", "rs1594420", "rs4670047", "rs6748204", "rs7587023", "rs6740792", "rs12620296", "rs1344741", "rs4668844", "rs10198232", "rs6432496", "rs1367482", "rs6748326", "rs11889589", "rs1367484", "rs4374335", "rs12619056", "rs6720338", "rs4668861", "rs1430805", "rs2033351", "rs1430804", "rs1430802", "rs1816319", "rs2112107", "rs1178199", "rs4668432", "rs11890954", "rs13391879", "rs12624183", "rs10211655", "rs12464454", "rs1560445", "rs6716200", "rs2380631", "rs7598924", "rs1990851", "rs2380638", "rs2080807"]
}
