{
  "id": "EdgeSet0765",
  "sources": ["Adygei", "Adygei", "Adygei", "Adygei", "Adygei", "Adygei", "Adygei", "Adygei", "Balochi", "Balochi", "Balochi", "Balochi", "Balochi", "BantuKenya", "BantuKenya", "BantuKenya", "BantuKenya", "BantuSouthAfrica", "BantuSouthAfrica", "BantuSouthAfrica", "BantuSouthAfrica", "BantuSouthAfrica", "Basque", "Basque", "Basque", "Bedouin", "Bedouin", "Bedouin", "Bedouin", "BiakaPygmy", "BiakaPygmy", "BiakaPygmy", "Burusho", "Burusho", "Burusho", "Cambodian", "Cambodian", "Cambodian", "Cambodian", "Cambodian", "Colombian", "Colombian", "Colombian", "Colombian", "Daur", "Daur", "Daur", "Daur", "Druze", "Druze", "Kalash", "Kalash", "Lahu", "Lahu", "Lahu", "Mandenka", "Maya", "Maya", "Maya", "MbutiPygmy", "Melanesian", "Melanesian", "Mongola", "Mongola", "Mongola", "Mozabite", "Russian", "Uygur", "Uygur"],
  "targets": ["Basque", "Bedouin", "Druze", "Kalash", "Palestinian", "Russian", "Yakut", "Yi", "BiakaPygmy", "Burusho", "Druze", "Kalash", "Melanesian", "BantuSouthAfrica", "BiakaPygmy", "Mandenka", "Yoruba", "BiakaPygmy", "Burusho", "Mandenka", "MbutiPygmy", "San", "Lahu", "Russian", "Yakut", "Druze", "Kalash", "Palestinian", "Papuan", "Burusho", "MbutiPygmy", "Yoruba", "Kalash", "Lahu", "Yi", "Daur", "Lahu", "Uygur", "Yakut", "Yi", "Daur", "Lahu", "Maya", "Pima", "Mongola", "San", "Yakut", "Yi", "Mongola", "Yakut", "Melanesian", "Palestinian", "Melanesian", "Mongola", "Yakut", "Yoruba", "Pima", "San", "Uygur", "San", "Papuan", "Yi", "Papuan", "Yakut", "Yi", "Yoruba", "Uygur", "Yakut", "Yi"],
  "weights": [2.2127, 1.7851, 1.4225, 1.8413, 1.6872, 2.4567, 2.1942, 4.3249, 5.2301, 3.4844, 2.1038, 2.4809, 3.7665, 4.8712, 4.1418, 4.168, 3.2402, 4.3599, 6.4841, 4.6244, 4.4204, 5.5021, 2.8522, 1.8846, 2.7459, 2.0013, 2.0759, 1.464, 2.8878, 7.1645, 3.5276, 2.7971, 3.5737, 3.6568, 4.9893, 2.1549, 1.9456, 3.372, 2.1205, 2.9744, 3.7812, 3.2986, 4.6546, 3.1746, 1.6566, 6.7176, 2.1149, 3.0335, 2.4265, 2.8241, 3.7695, 1.9654, 3.6684, 1.6145, 2.0105, 2.537, 3.0111, 6.7834, 6.2983, 5.401, 3.4563, 4.8106, 3.3016, 1.8514, 2.9037, 3.6936, 3.8715, 3.0598, 4.3665],
  "loci": ["rs7557285", "rs2303905", "rs11893547", "rs11559241", "rs1474298", "rs7557055", "rs502930", "rs7609407", "rs546576", "rs1522928", "rs6711843", "rs869927", "rs10191517", "rs6718864", "rs6546824", "rs6720094", "rs4641966", "rs6748040", "rs17008991", "rs11883989", "rs3813227", "rs2421549", "rs6546835", "rs2901438", "rs10519309", "rs10496191", "rs2037814", "rs6546838", "rs6749680", "rs3820700", "rs2056486", "rs11890811", "rs13384952", "rs1589576", "rs13008860", "rs10198549", "rs1052161", "rs17349853", "rs4852937", "rs12472502"]
}
