{
  "id": "EdgeSet0312",
  "sources": ["Adygei", "Adygei", "Adygei", "Adygei", "Adygei", "Adygei", "Balochi", "Balochi", "Balochi", "BantuKenya", "BantuKenya", "BantuKenya", "BantuKenya", "BantuKenya", "BantuSouthAfrica", "BantuSouthAfrica", "BantuSouthAfrica", "BantuSouthAfrica", "BantuSouthAfrica", "BantuSouthAfrica", "BantuSouthAfrica", "Basque", "Basque", "Basque", "Basque", "Basque", "Basque", "Basque", "Bedouin", "Bedouin", "Bedouin", "Bedouin", "Bedouin", "BiakaPygmy", "BiakaPygmy", "Burusho", "Burusho", "Burusho", "Burusho", "Burusho", "Burusho", "Cambodian", "Cambodian", "Cambodian", "Cambodian", "Cambodian", "Colombian", "Colombian", "Colombian", "Daur", "Daur", "Daur", "Daur", "Druze", "Druze", "Druze", "Druze", "Lahu", "Lahu", "Lahu", "Lahu", "Mandenka", "Mandenka", "Mandenka", "Maya", "Maya", "MbutiPygmy", "MbutiPygmy", "Melanesian", "Melanesian", "Melanesian", "Mongola", "Mongola", "Mongola", "Mozabite", "Palestinian", "Papuan", "Papuan", "Uygur", "Uygur"],
  "targets": ["Balochi", "Burusho", "Daur", "Druze", "Mongola", "Palestinian", "Kalash", "Palestinian", "Russian", "Bedouin", "BiakaPygmy", "Mandenka", "Papuan", "Yoruba", "BiakaPygmy", "Colombian", "Mandenka", "MbutiPygmy", "Russian", "San", "Yoruba", "Bedouin", "Druze", "Mozabite", "Palestinian", "Pima", "Russian", "Yi", "Druze", "Lahu", "Mozabite", "Palestinian", "Russian", "MbutiPygmy", "San", "Daur", "Druze", "Kalash", "Lahu", "Palestinian", "Yakut", "Daur", "Lahu", "Papuan", "Uygur", "Yi", "Maya", "Mongola", "Pima", "Druze", "Mongola", "Pima", "Yakut", "Kalash", "Palestinian", "Yakut", "Yi", "Mongola", "San", "Uygur", "Yi", "MbutiPygmy", "Melanesian", "Yoruba", "Pima", "Uygur", "Melanesian", "San", "Pima", "Yakut", "Yi", "Palestinian", "Pima", "Yi", "Russian", "Russian", "Yakut", "Yi", "Yi", "Yoruba"],
  "weights": [1.9512, 1.9141, 2.2089, 1.8209, 3.0183, 2.0901, 2.7836, 2.3623, 2.5218, 3.5101, 4.9556, 3.603, 4.9606, 2.7247, 5.3704, 7.457, 4.7484, 6.8335, 4.902, 10.2803, 4.5665, 1.9639, 1.7368, 2.5403, 2.0678, 2.94, 2.0065, 3.8569, 1.8677, 5.4317, 2.4396, 1.7811, 2.0729, 5.6717, 9.2649, 2.3325, 1.763, 2.4498, 4.8638, 2.2385, 2.8862, 3.0283, 3.7604, 3.3982, 3.0212, 3.0322, 2.309, 4.0398, 3.3981, 2.0074, 2.5711, 2.6575, 2.3967, 2.5152, 1.901, 2.6551, 2.9255, 4.7681, 10.8565, 4.3768, 4.0351, 6.5758, 4.5782, 2.7376, 2.686, 3.9854, 8.9282, 10.6378, 3.9074, 3.9123, 3.774, 3.7327, 2.1861, 3.2078, 2.5976, 2.2081, 4.4111, 3.3401, 3.0016, 5.1896],
  "loci": ["rs2602777", "rs2257140", "rs2602772", "rs6713112", "rs6739960", "rs6719376", "rs2248973", "rs2593477", "rs1562417", "rs547773", "rs543134", "rs497707", "rs2609942", "rs12986790", "rs472161", "rs482528", "rs17010046", "rs486803", "rs751062", "rs6748488", "rs2593430", "rs9679386", "rs11887038", "rs2593434", "rs7607943", "rs2681677", "rs2276568", "rs477229", "rs509380", "rs1879276", "rs7566361", "rs2609913", "rs2609914", "rs10153751", "rs1715819", "rs2253464", "rs7567391", "rs479103", "rs2253121", "rs10211389"]
}
