{
  "id": "EdgeSet0217",
  "sources": ["Adygei", "Adygei", "Adygei", "Adygei", "Adygei", "Balochi", "Balochi", "BantuKenya", "BantuKenya", "BantuKenya", "BantuKenya", "BantuKenya", "BantuSouthAfrica", "BantuSouthAfrica", "BantuSouthAfrica", "Basque", "Basque", "Basque", "Bedouin", "Bedouin", "Bedouin", "Bedouin", "Bedouin", "BiakaPygmy", "BiakaPygmy", "BiakaPygmy", "Burusho", "Burusho", "Burusho", "Burusho", "Burusho", "Cambodian", "Cambodian", "Cambodian", "Cambodian", "Cambodian", "Colombian", "Colombian", "Colombian", "Colombian", "Daur", "Daur", "Daur", "Daur", "Daur", "Daur", "Druze", "Druze", "Kalash", "Kalash", "Lahu", "Lahu", "Lahu", "Lahu", "Mandenka", "Mandenka", "Maya", "Maya", "MbutiPygmy", "MbutiPygmy", "Melanesian", "Melanesian", "Melanesian", "Mongola", "Mongola", "Mongola", "Mozabite", "Mozabite", "Mozabite", "Papuan", "Papuan", "Russian", "Russian", "Uygur", "Yakut"],
  "targets": ["Basque", "Druze", "Kalash", "Palestinian", "Pima", "Bedouin", "Palestinian", "BantuSouthAfrica", "MbutiPygmy", "Mozabite", "San", "Yoruba", "BiakaPygmy", "Mandenka", "San", "Druze", "Maya", "Russian", "Druze", "Melanesian", "Mozabite", "Palestinian", "Yakut", "MbutiPygmy", "San", "Yoruba", "Melanesian", "Mozabite", "Pima", "Uygur", "Yi", "Lahu", "Papuan", "Uygur", "Yakut", "Yi", "Maya", "Mongola", "Pima", "San", "Lahu", "Papuan", "Russian", "Uygur", "Yakut", "Yi", "Palestinian", "Yakut", "Melanesian", "Papuan", "Mongola", "Papuan", "Russian", "Yakut", "Mozabite", "Yoruba", "Pima", "Yakut", "Papuan", "San", "Papuan", "Russian", "San", "Uygur", "Yakut", "Yi", "Palestinian", "Yakut", "Yoruba", "Pima", "Uygur", "Uygur", "Yi", "Yi", "Yi"],
  "weights": [1.687, 1.9096, 3.8023, 2.2689, 3.5231, 2.0582, 1.8719, 3.6886, 5.5824, 4.1619, 6.4762, 2.5134, 3.0582, 3.6735, 6.3429, 1.941, 2.6972, 2.7669, 2.194, 4.5308, 2.6074, 1.531, 2.9258, 6.2025, 5.7238, 3.6415, 5.0838, 3.3417, 3.607, 2.9694, 3.3074, 2.1815, 4.1087, 2.3323, 2.6158, 2.6302, 2.7063, 3.9526, 3.7536, 8.154, 2.8916, 4.6948, 2.6576, 2.9448, 3.4067, 3.265, 2.0109, 3.3224, 5.8786, 5.5483, 2.6693, 4.2248, 2.4067, 2.385, 3.4497, 2.1722, 2.5947, 3.3205, 9.1061, 8.7859, 5.8677, 5.7342, 8.7186, 2.4627, 2.8899, 2.5353, 2.5242, 4.0532, 3.6248, 5.7101, 4.0621, 2.4237, 2.8506, 2.5308, 3.0743],
  "loci": ["rs7595902", "rs3731670", "rs3731669", "rs13028359", "rs4035116", "rs893400", "rs17689262", "rs7590829", "rs4468781", "rs10204428", "rs12466802", "rs13432782", "rs2278525", "rs16987205", "rs1370587", "rs16987206", "rs2028206", "rs3731661", "rs1056233", "rs1191778", "rs11096632", "rs2028208", "rs12990087", "rs10169398", "rs2045779", "rs3731663", "rs3795965", "rs11681705", "rs3731667", "rs10856792", "rs12478941", "rs1191812", "rs1191818", "rs1147116", "rs13010075", "rs12476858", "rs12472043", "rs1513831", "rs11694170", "rs16987337"]
}
