{
  "id": "EdgeSet0564",
  "sources": ["Adygei", "Adygei", "Adygei", "Adygei", "Adygei", "Adygei", "Adygei", "Balochi", "Balochi", "Balochi", "Balochi", "Balochi", "Balochi", "BantuKenya", "BantuKenya", "BantuKenya", "BantuKenya", "BantuSouthAfrica", "BantuSouthAfrica", "BantuSouthAfrica", "BantuSouthAfrica", "Basque", "Basque", "Basque", "Basque", "Bedouin", "Bedouin", "Bedouin", "Bedouin", "BiakaPygmy", "BiakaPygmy", "Burusho", "Burusho", "Burusho", "Cambodian", "Cambodian", "Cambodian", "Cambodian", "Colombian", "Colombian", "Colombian", "Daur", "Daur", "Daur", "Daur", "Druze", "Druze", "Kalash", "Kalash", "Lahu", "Lahu", "Mandenka", "Mandenka", "Maya", "Maya", "Maya", "Maya", "MbutiPygmy", "Melanesian", "Mongola", "Mongola", "Mozabite", "Mozabite", "Palestinian", "Papuan", "Pima", "Russian", "Uygur", "Yakut"],
  "targets": ["Balochi", "Basque", "Bedouin", "Kalash", "Russian", "Uygur", "Yi", "Basque", "Burusho", "Daur", "Mongola", "Papuan", "Russian", "BantuSouthAfrica", "BiakaPygmy", "Mandenka", "Yoruba", "BiakaPygmy", "Mandenka", "MbutiPygmy", "San", "Burusho", "Druze", "Palestinian", "Russian", "Druze", "Kalash", "Lahu", "Palestinian", "MbutiPygmy", "Yoruba", "Cambodian", "Daur", "Kalash", "Lahu", "Mongola", "Uygur", "Yakut", "Maya", "Pima", "San", "Mongola", "Russian", "Uygur", "Yi", "Lahu", "Mozabite", "Palestinian", "Yi", "Papuan", "Yi", "MbutiPygmy", "Yoruba", "Mongola", "Mozabite", "Pima", "Yakut", "Yoruba", "Papuan", "Uygur", "Yakut", "Palestinian", "Uygur", "Russian", "San", "Uygur", "Uygur", "Yakut", "Yi"],
  "weights": [1.8493, 2.0138, 1.9855, 2.3432, 2.2078, 2.4497, 2.3677, 1.7126, 2.0556, 2.1874, 3.0807, 5.8465, 2.15, 4.5168, 4.36, 3.5028, 3.376, 4.2263, 4.4428, 4.1476, 7.9842, 2.1541, 2.2439, 2.034, 2.1929, 2.2348, 2.3991, 5.4724, 1.8103, 3.9212, 3.6649, 3.0664, 2.5007, 2.6078, 3.9985, 3.4105, 2.8667, 3.2721, 4.4316, 4.5026, 11.4193, 3.0868, 2.6643, 2.4452, 2.2687, 4.8019, 2.4615, 2.2125, 2.8178, 6.5405, 3.8847, 4.3003, 2.9821, 3.9068, 3.6938, 1.8754, 3.4562, 3.3469, 4.0686, 3.0996, 3.3368, 2.2607, 3.7237, 2.2641, 11.8967, 3.2046, 2.5667, 2.9784, 2.7575],
  "loci": ["rs1922192", "rs2103389", "rs1922197", "rs6731958", "rs3950253", "rs12470133", "rs17042626", "rs17042629", "rs6754708", "rs1922187", "rs17042637", "rs4303750", "rs2141843", "rs2077790", "rs11125414", "rs1344105", "rs12615485", "rs2178649", "rs6735211", "rs13390179", "rs2141844", "rs13417515", "rs12621157", "rs11885364", "rs13389926", "rs17042688", "rs2464650", "rs6709386", "rs7607212", "rs1922210", "rs6715421", "rs2032993", "rs12464727", "rs12468211", "rs17730780", "rs3111858", "rs13018183", "rs2727876", "rs2727875", "rs1424794"]
}
