{
  "id": "EdgeSet0919",
  "sources": ["Adygei", "Adygei", "Adygei", "Adygei", "Adygei", "Adygei", "Balochi", "Balochi", "Balochi", "Balochi", "Balochi", "Balochi", "Balochi", "BantuKenya", "BantuKenya", "BantuKenya", "BantuKenya", "BantuSouthAfrica", "BantuSouthAfrica", "BantuSouthAfrica", "BantuSouthAfrica", "Basque", "Basque", "Basque", "Basque", "Basque", "Basque", "Bedouin", "Bedouin", "Bedouin", "Bedouin", "Bedouin", "Bedouin", "Bedouin", "BiakaPygmy", "BiakaPygmy", "BiakaPygmy", "Burusho", "Burusho", "Cambodian", "Cambodian", "Cambodian", "Colombian", "Colombian", "Daur", "Daur", "Daur", "Daur", "Druze", "Druze", "Druze", "Druze", "Kalash", "Kalash", "Kalash", "Lahu", "Lahu", "Lahu", "Mandenka", "Maya", "MbutiPygmy", "MbutiPygmy", "Melanesian", "Melanesian", "Melanesian", "Mongola", "Mongola", "Mongola", "Mozabite", "Mozabite", "Palestinian", "Palestinian", "Palestinian", "Papuan", "Papuan", "San"],
  "targets": ["Burusho", "Cambodian", "Mongola", "Mozabite", "Palestinian", "Yakut", "Bedouin", "Burusho", "Druze", "Kalash", "Palestinian", "Uygur", "Yakut", "BantuSouthAfrica", "Mandenka", "San", "Yoruba", "Mandenka", "MbutiPygmy", "San", "Yoruba", "Burusho", "Kalash", "Mozabite", "Papuan", "Russian", "Yi", "Cambodian", "Druze", "Mozabite", "Palestinian", "Russian", "Uygur", "Yakut", "Mandenka", "MbutiPygmy", "Yoruba", "Cambodian", "Mozabite", "Lahu", "Melanesian", "Papuan", "Maya", "Pima", "Melanesian", "Uygur", "Yakut", "Yi", "Kalash", "Mongola", "Palestinian", "Uygur", "Mozabite", "Palestinian", "Russian", "Melanesian", "Mongola", "Yi", "Yoruba", "Pima", "San", "Yoruba", "Papuan", "Pima", "Yakut", "Mozabite", "Uygur", "Yakut", "Palestinian", "Russian", "Russian", "Uygur", "Yi", "Russian", "Uygur", "Yoruba"],
  "weights": [2.4673, 2.1877, 2.5308, 2.1809, 1.6026, 2.4775, 1.7694, 2.1807, 2.0912, 2.4369, 1.5613, 1.8188, 2.3677, 3.9698, 3.1442, 5.9319, 4.0142, 3.4534, 4.3675, 5.5065, 3.1868, 2.3536, 2.831, 2.3039, 4.2275, 2.2418, 3.3539, 2.212, 2.1143, 1.8072, 1.6986, 3.0252, 1.7157, 2.261, 4.2983, 5.8487, 5.4957, 2.8356, 2.424, 2.6335, 3.1112, 2.9588, 2.4183, 2.4415, 2.6548, 2.4908, 2.5111, 2.0357, 2.9745, 2.6464, 1.8605, 1.9951, 3.4884, 2.4509, 2.1366, 3.5259, 2.8978, 2.6064, 3.5244, 1.9514, 5.6889, 5.2029, 3.4066, 5.7711, 2.9795, 3.4259, 2.1616, 2.6175, 1.9709, 2.7382, 2.0403, 1.7741, 3.7902, 4.0074, 3.1687, 6.1718],
  "loci": ["rs4851244", "rs13392222", "rs11695782", "rs4851250", "rs6749757", "rs6743817", "rs17023516", "rs6706188", "rs1437377", "rs2118280", "rs11692215", "rs4851251", "rs17023572", "rs12712066", "rs2009094", "rs17023602", "rs4851262", "rs4851263", "rs6722241", "rs6740838", "rs4556997", "rs11686372", "rs4303732", "rs4851269", "rs1160542", "rs6542920", "rs13010010", "rs6748892", "rs4851274", "rs2067783", "rs4851279", "rs12472141", "rs13397337", "rs4851282", "rs6542925", "rs2309818", "rs764829", "rs764828", "rs4850925", "rs4851287"]
}
