{
  "id": "EdgeSet0153",
  "sources": ["Adygei", "Adygei", "Adygei", "Adygei", "Adygei", "Balochi", "Balochi", "Balochi", "Balochi", "Balochi", "Balochi", "BantuKenya", "BantuKenya", "BantuKenya", "BantuKenya", "BantuKenya", "BantuSouthAfrica", "BantuSouthAfrica", "BantuSouthAfrica", "Basque", "Basque", "Basque", "Basque", "Bedouin", "Bedouin", "Bedouin", "Bedouin", "Bedouin", "Bedouin", "Bedouin", "BiakaPygmy", "BiakaPygmy", "BiakaPygmy", "BiakaPygmy", "Burusho", "Burusho", "Burusho", "Cambodian", "Cambodian", "Cambodian", "Cambodian", "Cambodian", "Colombian", "Colombian", "Colombian", "Colombian", "Daur", "Daur", "Daur", "Daur", "Daur", "Daur", "Druze", "Druze", "Kalash", "Kalash", "Kalash", "Lahu", "Lahu", "Lahu", "Mandenka", "Maya", "Maya", "MbutiPygmy", "MbutiPygmy", "Melanesian", "Melanesian", "Melanesian", "Melanesian", "Mongola", "Mongola", "Mongola", "Mongola", "Mongola", "Mozabite", "Mozabite", "Mozabite", "Mozabite", "Palestinian", "Papuan", "Pima"],
  "targets": ["Burusho", "Cambodian", "Melanesian", "Papuan", "Russian", "Basque", "Bedouin", "Burusho", "Druze", "Melanesian", "Mozabite", "BantuSouthAfrica", "BiakaPygmy", "Mandenka", "MbutiPygmy", "Yoruba", "Mandenka", "MbutiPygmy", "San", "Bedouin", "Druze", "Palestinian", "Pima", "Burusho", "Druze", "Kalash", "Mozabite", "Palestinian", "Russian", "Uygur", "Mandenka", "MbutiPygmy", "San", "Yoruba", "Melanesian", "Pima", "Russian", "Maya", "Mongola", "Pima", "Yakut", "Yi", "Maya", "MbutiPygmy", "Pima", "San", "Lahu", "Mongola", "Pima", "Russian", "Uygur", "Yi", "Palestinian", "Uygur", "Mozabite", "Pima", "Russian", "Mandenka", "Papuan", "San", "Yoruba", "Pima", "Yakut", "Papuan", "San", "Mozabite", "Papuan", "Uygur", "Yi", "Papuan", "Pima", "Uygur", "Yakut", "Yi", "Palestinian", "Russian", "Uygur", "Yi", "Uygur", "Yi", "Uygur"],
  "weights": [2.3625, 4.3584, 2.4026, 4.2969, 1.7901, 1.9166, 1.5721, 2.3382, 1.4915, 1.9843, 1.7473, 4.5246, 4.6265, 4.7397, 7.8387, 4.369, 4.7791, 7.4374, 7.3451, 1.7788, 1.6916, 1.7233, 3.8753, 2.2634, 1.5614, 2.5869, 1.5399, 1.5388, 1.6454, 2.5835, 4.7864, 7.5747, 7.0744, 4.5391, 3.3365, 4.9602, 2.3765, 3.3009, 2.2674, 3.2631, 1.941, 2.7441, 3.146, 10.4534, 4.7415, 8.4384, 4.4959, 1.8352, 3.453, 4.0455, 2.6195, 2.1598, 1.5603, 2.4992, 2.7767, 3.8342, 2.6368, 7.0045, 4.978, 8.6026, 3.4015, 3.2061, 3.2496, 10.2821, 10.0136, 2.3124, 3.8717, 2.1885, 2.7067, 3.5159, 3.7037, 2.7376, 1.5721, 2.158, 1.5763, 1.7269, 2.354, 3.862, 2.3884, 3.6501, 3.343],
  "loci": ["rs6743993", "rs7579751", "rs503989", "rs494516", "rs2163324", "rs7583247", "rs1996956", "rs2177462", "rs13389002", "rs7604694", "rs13405366", "rs7600167", "rs12618935", "rs4668809", "rs6432397", "rs10929869", "rs13029546", "rs6713918", "rs1403967", "rs2221783", "rs1524015", "rs1510834", "rs7599356", "rs2136851", "rs1510822", "rs10929878", "rs10929882", "rs6432404", "rs960755", "rs1510825", "rs1606041", "rs6723675", "rs907168", "rs2380525", "rs2089784", "rs2048401", "rs6737807", "rs6751021", "rs1530560", "rs4233905"]
}
