{
  "id": "EdgeSet0471",
  "sources": ["Adygei", "Adygei", "Adygei", "Adygei", "Adygei", "Adygei", "Adygei", "Balochi", "Balochi", "Balochi", "Balochi", "Balochi", "Balochi", "Balochi", "Balochi", "BantuKenya", "BantuKenya", "BantuKenya", "BantuKenya", "BantuKenya", "BantuKenya", "BantuSouthAfrica", "BantuSouthAfrica", "BantuSouthAfrica", "Basque", "Basque", "Basque", "Basque", "Basque", "Basque", "Bedouin", "Bedouin", "Bedouin", "Bedouin", "Bedouin", "BiakaPygmy", "BiakaPygmy", "BiakaPygmy", "BiakaPygmy", "Burusho", "Burusho", "Cambodian", "Cambodian", "Cambodian", "Cambodian", "Cambodian", "Colombian", "Colombian", "Colombian", "Colombian", "Colombian", "Colombian", "Daur", "Daur", "Daur", "Druze", "Druze", "Kalash", "Kalash", "Kalash", "Kalash", "Kalash", "Lahu", "Lahu", "Mandenka", "Mandenka", "Maya", "Maya", "Maya", "MbutiPygmy", "Melanesian", "Melanesian", "Melanesian", "Mozabite", "Palestinian", "Pima", "Uygur"],
  "targets": ["Basque", "Burusho", "Daur", "Mongola", "Mozabite", "Russian", "Uygur", "Bedouin", "Burusho", "Colombian", "Mozabite", "Palestinian", "Pima", "Russian", "Yi", "BantuSouthAfrica", "BiakaPygmy", "Burusho", "Kalash", "MbutiPygmy", "Yoruba", "Mandenka", "MbutiPygmy", "San", "Bedouin", "Druze", "MbutiPygmy", "Melanesian", "Palestinian", "Yi", "Burusho", "Druze", "Palestinian", "Uygur", "Yoruba", "MbutiPygmy", "Papuan", "San", "Yoruba", "Druze", "Uygur", "Daur", "Lahu", "Mongola", "Papuan", "Yi", "Kalash", "Lahu", "Maya", "Pima", "Russian", "San", "Lahu", "San", "Yakut", "Mongola", "Palestinian", "Melanesian", "Mongola", "Russian", "Yakut", "Yi", "Mandenka", "Yi", "MbutiPygmy", "Yoruba", "Mongola", "Pima", "Yakut", "San", "Papuan", "San", "Yakut", "Palestinian", "Russian", "Uygur", "Yakut"],
  "weights": [3.418, 3.037, 3.4908, 3.0438, 2.863, 2.5274, 2.6354, 2.2732, 2.848, 5.3401, 2.5292, 2.0413, 3.5906, 2.64, 3.0762, 2.8288, 3.6896, 5.3642, 4.9887, 3.7977, 2.5193, 2.6866, 3.8299, 6.2648, 2.6333, 3.1006, 5.5072, 8.1646, 2.8169, 4.0878, 2.8006, 2.342, 1.9997, 2.8054, 3.397, 4.2895, 5.7639, 5.1867, 3.3639, 2.6167, 3.2367, 3.7346, 3.8218, 3.548, 4.8154, 2.9462, 4.8626, 4.7564, 4.6055, 3.9602, 4.7069, 8.7764, 3.9304, 8.3215, 3.3925, 3.2149, 2.1726, 7.7503, 3.7029, 3.1214, 4.2058, 3.8309, 4.6721, 3.3684, 4.2958, 2.6526, 4.1665, 3.2253, 3.9901, 6.8768, 4.0588, 9.876, 8.0548, 2.5625, 2.7252, 3.658, 3.1441],
  "loci": ["rs10206235", "rs1356339", "rs12712937", "rs4953198", "rs7595106", "rs11125005", "rs2342701", "rs10209754", "rs3914642", "rs6720296", "rs2342702", "rs12476824", "rs3851320", "rs13384377", "rs13025039", "rs7569588", "rs10196185", "rs2343408", "rs7586888", "rs12615200", "rs12994487", "rs7580559", "rs3908093", "rs883834", "rs2343411", "rs869183", "rs3937505", "rs7569382", "rs929901", "rs929902", "rs4953216", "rs12466939", "rs7583873", "rs7594273", "rs17033293", "rs7567921", "rs7579209", "rs7605521", "rs17320892", "rs870575"]
}
