{
  "id": "EdgeSet0332",
  "sources": ["Adygei", "Adygei", "Adygei", "Adygei", "Adygei", "Balochi", "Balochi", "Balochi", "Balochi", "Balochi", "BantuKenya", "BantuKenya", "BantuKenya", "BantuKenya", "BantuSouthAfrica", "BantuSouthAfrica", "BantuSouthAfrica", "Basque", "Basque", "Basque", "Basque", "Basque", "Bedouin", "Bedouin", "Bedouin", "Bedouin", "Bedouin", "Bedouin", "BiakaPygmy", "BiakaPygmy", "BiakaPygmy", "BiakaPygmy", "Burusho", "Burusho", "Burusho", "Cambodian", "Cambodian", "Cambodian", "Colombian", "Colombian", "Colombian", "Colombian", "Colombian", "Daur", "Daur", "Daur", "Daur", "Druze", "Druze", "Druze", "Kalash", "Kalash", "Kalash", "Lahu", "Lahu", "Lahu", "Lahu", "Lahu", "Mandenka", "Mandenka", "Mandenka", "Maya", "Maya", "MbutiPygmy", "MbutiPygmy", "Melanesian", "Melanesian", "Mongola", "Mongola", "Mongola", "Mongola", "Mozabite", "Pima", "Russian", "Uygur", "Yakut"],
  "targets": ["Balochi", "Basque", "Burusho", "Palestinian", "Russian", "Maya", "Palestinian", "Pima", "Russian", "Uygur", "BantuSouthAfrica", "BiakaPygmy", "Mandenka", "Yoruba", "Kalash", "Mandenka", "Yoruba", "BiakaPygmy", "Burusho", "Druze", "Maya", "San", "Burusho", "Druze", "Kalash", "Mozabite", "Palestinian", "Russian", "MbutiPygmy", "Melanesian", "Mozabite", "San", "Kalash", "Melanesian", "Uygur", "Colombian", "Lahu", "Yi", "Maya", "Melanesian", "Mongola", "Pima", "Yi", "Lahu", "Mongola", "Yakut", "Yi", "Melanesian", "Palestinian", "Russian", "MbutiPygmy", "Mozabite", "Uygur", "Mozabite", "Papuan", "San", "Yakut", "Yi", "MbutiPygmy", "Mozabite", "Yoruba", "Pima", "Uygur", "San", "Yakut", "Papuan", "San", "Papuan", "Pima", "Uygur", "Yakut", "Palestinian", "Russian", "San", "Yakut", "Yi"],
  "weights": [2.3074, 3.0516, 2.8271, 2.0327, 2.3716, 3.443, 1.9308, 5.2124, 2.7004, 2.7863, 3.3912, 3.7016, 3.5299, 3.349, 5.4595, 3.0636, 2.8457, 5.3238, 3.6261, 2.7224, 4.0009, 9.5067, 3.0886, 1.9963, 2.8583, 2.6963, 1.9634, 2.6735, 5.215, 7.2975, 4.0032, 8.3866, 3.0418, 5.0368, 3.3178, 3.7911, 3.2675, 2.7698, 2.7227, 5.0905, 3.6897, 2.7681, 3.5616, 2.3058, 1.641, 1.7004, 1.7517, 4.5244, 1.7204, 2.2494, 5.6897, 4.2725, 2.9254, 3.851, 3.7998, 9.8895, 2.1037, 1.8497, 4.9574, 3.8705, 2.451, 3.4878, 2.723, 9.3531, 6.0264, 4.7129, 10.6988, 4.6151, 4.1568, 2.4948, 2.4069, 2.4863, 4.1504, 9.3055, 2.2752, 1.5962],
  "loci": ["rs2219232", "rs7578053", "rs6756581", "rs17395936", "rs897509", "rs979050", "rs150703", "rs12618959", "rs150710", "rs150719", "rs7594155", "rs6745339", "rs13029145", "rs4952277", "rs219436", "rs4952324", "rs17396246", "rs150689", "rs17012409", "rs219036", "rs1823870", "rs6714901", "rs10181178", "rs219154", "rs12476061", "rs219158", "rs743237", "rs219174", "rs219176", "rs170167", "rs4952279", "rs4952280", "rs219180", "rs219181", "rs219183", "rs4952281", "rs219186", "rs219195", "rs2123917", "rs219206"]
}
