{
  "id": "EdgeSet0134",
  "sources": ["Adygei", "Adygei", "Adygei", "Adygei", "Balochi", "Balochi", "Balochi", "Balochi", "Balochi", "Balochi", "BantuKenya", "BantuKenya", "BantuKenya", "BantuKenya", "BantuKenya", "BantuSouthAfrica", "BantuSouthAfrica", "BantuSouthAfrica", "Basque", "Basque", "Basque", "Basque", "Basque", "Basque", "Bedouin", "Bedouin", "Bedouin", "Bedouin", "Bedouin", "BiakaPygmy", "BiakaPygmy", "BiakaPygmy", "BiakaPygmy", "Burusho", "Burusho", "Cambodian", "Cambodian", "Cambodian", "Cambodian", "Cambodian", "Cambodian", "Cambodian", "Colombian", "Colombian", "Daur", "Daur", "Daur", "Druze", "Druze", "Kalash", "Kalash", "Lahu", "Lahu", "Lahu", "Mandenka", "Mandenka", "Maya", "Maya", "Maya", "MbutiPygmy", "MbutiPygmy", "MbutiPygmy", "Melanesian", "Melanesian", "Melanesian", "Melanesian", "Mongola", "Mongola", "Mozabite", "Palestinian", "Pima", "Uygur", "Uygur", "Yakut"],
  "targets": ["Burusho", "Druze", "Mozabite", "Russian", "BantuSouthAfrica", "Burusho", "Druze", "Kalash", "Maya", "Uygur", "BiakaPygmy", "Mandenka", "MbutiPygmy", "San", "Yoruba", "BiakaPygmy", "San", "Yoruba", "Kalash", "Mongola", "Mozabite", "Palestinian", "Russian", "Yi", "Burusho", "Druze", "Mozabite", "Palestinian", "Pima", "Mandenka", "MbutiPygmy", "San", "Yoruba", "Kalash", "Uygur", "Colombian", "Daur", "Lahu", "Mongola", "Papuan", "Yakut", "Yi", "Maya", "Yakut", "Lahu", "Melanesian", "Yakut", "Mozabite", "Palestinian", "Melanesian", "Pima", "Mongola", "Yakut", "Yi", "Papuan", "Yoruba", "Melanesian", "Mongola", "Pima", "Palestinian", "San", "Yoruba", "Mongola", "Papuan", "Pima", "Yi", "Yakut", "Yi", "Palestinian", "Russian", "Russian", "Yakut", "Yi", "Yi"],
  "weights": [2.772, 2.3539, 2.4538, 2.9959, 4.8949, 2.9914, 2.5893, 3.1268, 4.338, 3.0193, 4.429, 3.8611, 4.9342, 6.3319, 3.6359, 4.0519, 5.6889, 3.3051, 3.914, 5.0575, 3.272, 3.0397, 3.0644, 4.9006, 3.14, 1.7518, 2.1219, 1.7438, 3.9324, 3.9691, 4.4139, 5.4507, 3.5228, 3.1488, 3.1254, 3.6428, 1.8213, 2.454, 3.1955, 3.2363, 2.4688, 3.0782, 2.7273, 3.4224, 3.2772, 3.4411, 2.5363, 2.0332, 1.854, 4.2298, 3.9037, 3.8992, 3.8111, 3.5091, 5.4109, 2.8719, 4.2849, 4.7244, 3.7491, 6.4155, 5.883, 4.1494, 4.1621, 2.9081, 4.437, 4.0399, 3.1845, 3.3051, 2.2093, 2.7086, 4.2218, 2.9547, 3.6961, 3.1225],
  "loci": ["rs4076055", "rs4315495", "rs7595221", "rs6726960", "rs13013930", "rs11695702", "rs2358126", "rs10520097", "rs2577264", "rs11690125", "rs1050800", "rs11524", "rs2577254", "rs1012566", "rs2118403", "rs6735995", "rs10495585", "rs893352", "rs10209151", "rs953071", "rs2716628", "rs869817", "rs11894033", "rs17546105", "rs7587240", "rs4669784", "rs4296404", "rs2581094", "rs2716651", "rs7607539", "rs966391", "rs2581087", "rs12988353", "rs2581084", "rs16858030", "rs13386620", "rs7590488", "rs2581081", "rs12468031", "rs2581076"]
}
