{
  "id": "EdgeSet0505",
  "sources": ["Adygei", "Adygei", "Adygei", "Adygei", "Adygei", "Adygei", "Balochi", "Balochi", "Balochi", "Balochi", "Balochi", "Balochi", "BantuKenya", "BantuKenya", "BantuKenya", "BantuKenya", "BantuSouthAfrica", "BantuSouthAfrica", "BantuSouthAfrica", "BantuSouthAfrica", "Basque", "Basque", "Basque", "Basque", "Basque", "Bedouin", "Bedouin", "Bedouin", "BiakaPygmy", "BiakaPygmy", "BiakaPygmy", "Burusho", "Burusho", "Burusho", "Burusho", "Burusho", "Cambodian", "Cambodian", "Cambodian", "Cambodian", "Colombian", "Colombian", "Colombian", "Colombian", "Daur", "Daur", "Daur", "Daur", "Daur", "Daur", "Daur", "Druze", "Druze", "Druze", "Kalash", "Kalash", "Kalash", "Kalash", "Lahu", "Lahu", "Lahu", "Lahu", "Lahu", "Mandenka", "Mandenka", "Mandenka", "Maya", "Maya", "Maya", "MbutiPygmy", "MbutiPygmy", "MbutiPygmy", "Mongola", "Mongola", "Mongola", "Mozabite", "Palestinian", "Palestinian", "Pima", "Uygur", "Yakut"],
  "targets": ["Basque", "Cambodian", "Druze", "Maya", "Mozabite", "Palestinian", "Basque", "Burusho", "Cambodian", "Kalash", "Papuan", "Yakut", "Mandenka", "MbutiPygmy", "San", "Yoruba", "BiakaPygmy", "MbutiPygmy", "San", "Yoruba", "Bedouin", "Druze", "Melanesian", "Russian", "Uygur", "Druze", "Mozabite", "Palestinian", "Mandenka", "MbutiPygmy", "San", "Cambodian", "Kalash", "Maya", "Palestinian", "Yoruba", "Daur", "Mongola", "Papuan", "Uygur", "Maya", "Melanesian", "Russian", "San", "Kalash", "Melanesian", "Mongola", "Papuan", "Pima", "Uygur", "Yi", "Pima", "Russian", "Yi", "Lahu", "Melanesian", "Pima", "Russian", "Melanesian", "Papuan", "San", "Uygur", "Yi", "Papuan", "San", "Yoruba", "Palestinian", "Papuan", "Pima", "Pima", "Russian", "Yoruba", "Papuan", "Uygur", "Yakut", "Palestinian", "Russian", "Yakut", "Yakut", "Yakut", "Yi"],
  "weights": [1.9403, 2.6594, 1.9102, 2.5342, 1.6858, 1.3366, 2.6805, 2.4327, 2.6122, 2.7006, 3.5014, 3.3489, 3.724, 4.6496, 7.581, 3.658, 5.008, 5.6411, 7.772, 3.628, 2.1603, 1.8173, 4.7194, 2.4236, 2.7969, 1.9065, 1.8355, 1.7219, 3.687, 4.6797, 6.132, 2.6955, 2.1517, 2.6367, 2.1495, 5.0426, 2.7935, 2.3366, 2.8766, 2.6609, 3.303, 6.0489, 3.6863, 9.5299, 4.452, 4.9675, 2.0806, 3.3052, 6.2543, 2.8844, 2.9296, 4.0946, 2.1828, 3.1036, 4.2206, 4.0964, 4.3511, 2.9122, 3.9755, 4.0548, 9.2225, 4.1715, 4.3176, 5.1797, 6.7747, 2.8895, 2.367, 5.0544, 3.5125, 6.8578, 5.7347, 4.4889, 3.1315, 2.4136, 1.8424, 1.4756, 2.2042, 2.2786, 4.7694, 2.4567, 2.7704],
  "loci": ["rs6704853", "rs919885", "rs9973700", "rs7569495", "rs1046263", "rs1046267", "rs10495943", "rs1474396", "rs3739098", "rs11900463", "rs7420764", "rs4952868", "rs4953463", "rs2347604", "rs12470974", "rs2347611", "rs11897605", "rs12988606", "rs17036272", "rs10210315", "rs1880583", "rs7596776", "rs7584243", "rs726117", "rs1693892", "rs4953470", "rs815808", "rs815804", "rs10865222", "rs17036320", "rs815802", "rs13410472", "rs7581908", "rs6747816", "rs1693879", "rs12994558", "rs1995108", "rs4953478", "rs17485833", "rs904166"]
}
