{
  "id": "EdgeSet0401",
  "sources": ["Adygei", "Adygei", "Adygei", "Adygei", "Adygei", "Adygei", "Adygei", "Balochi", "Balochi", "Balochi", "Balochi", "Balochi", "Balochi", "Balochi", "BantuKenya", "BantuKenya", "BantuKenya", "BantuKenya", "BantuKenya", "BantuSouthAfrica", "BantuSouthAfrica", "BantuSouthAfrica", "BantuSouthAfrica", "BantuSouthAfrica", "Basque", "Basque", "Basque", "Basque", "Bedouin", "Bedouin", "Bedouin", "BiakaPygmy", "Burusho", "Burusho", "Burusho", "Burusho", "Burusho", "Burusho", "Cambodian", "Cambodian", "Colombian", "Colombian", "Colombian", "Colombian", "Colombian", "Daur", "Daur", "Daur", "Daur", "Daur", "Druze", "Druze", "Druze", "Druze", "Kalash", "Kalash", "Lahu", "Lahu", "Lahu", "Mandenka", "Mandenka", "Mandenka", "Maya", "Maya", "Maya", "MbutiPygmy", "MbutiPygmy", "Melanesian", "Mongola", "Palestinian", "Papuan", "Papuan", "Pima", "Pima", "Pima", "Russian", "Uygur", "Yakut"],
  "targets": ["Basque", "Bedouin", "Druze", "Mozabite", "Palestinian", "Russian", "Uygur", "Bedouin", "Druze", "Kalash", "Maya", "Melanesian", "Palestinian", "Yakut", "BiakaPygmy", "Mandenka", "MbutiPygmy", "Mozabite", "Yoruba", "BiakaPygmy", "Mandenka", "MbutiPygmy", "Mozabite", "Yoruba", "Mozabite", "Papuan", "Russian", "San", "Druze", "Kalash", "Palestinian", "San", "Cambodian", "Maya", "Melanesian", "Palestinian", "Pima", "Uygur", "Daur", "Mongola", "Daur", "Kalash", "Maya", "Papuan", "Pima", "Lahu", "Pima", "Uygur", "Yakut", "Yi", "Mozabite", "Palestinian", "Russian", "Uygur", "Maya", "Uygur", "Mongola", "Pima", "Yi", "MbutiPygmy", "Papuan", "Yoruba", "Palestinian", "Uygur", "Yakut", "San", "Yoruba", "Papuan", "Yi", "Russian", "Russian", "Uygur", "Russian", "Yakut", "Yi", "Yakut", "Yi", "Yi"],
  "weights": [4.1365, 2.0674, 2.0584, 2.7814, 2.2174, 2.04, 3.3126, 1.916, 2.1069, 2.216, 2.5506, 3.7381, 2.3518, 2.8026, 4.1512, 3.5251, 4.2765, 4.1286, 2.8299, 4.4561, 5.4086, 5.9874, 5.5337, 4.9849, 4.5118, 5.9277, 3.9688, 9.8858, 2.0524, 2.2741, 2.099, 7.8453, 2.7054, 3.3768, 3.735, 2.7622, 2.7962, 2.7833, 2.7773, 2.7849, 3.1242, 3.7641, 3.2758, 4.655, 2.852, 1.7044, 2.2151, 2.964, 3.7972, 2.4304, 2.9596, 2.3119, 2.0124, 2.6952, 2.7754, 2.8419, 2.4318, 2.3911, 2.2857, 4.9698, 6.5282, 2.9216, 3.0188, 2.7051, 2.7676, 8.4441, 4.5134, 4.5162, 2.561, 2.3269, 5.1668, 4.5182, 2.6635, 2.5128, 2.3739, 2.0908, 2.6253, 3.0378],
  "loci": ["rs1375007", "rs1375009", "rs12468437", "rs6743640", "rs6715390", "rs1992881", "rs4670858", "rs1448124", "rs875653", "rs6544147", "rs11883614", "rs11894455", "rs1152", "rs17022549", "rs10202238", "rs6544157", "rs10198323", "rs11687138", "rs967940", "rs1979085", "rs6760123", "rs10198160", "rs10197684", "rs1027880", "rs13392984", "rs7568053", "rs6741107", "rs12712595", "rs10175260", "rs10199192", "rs11679742", "rs17603354", "rs10187298", "rs10865139", "rs17022684", "rs1368112", "rs12712601", "rs12997977", "rs2036732", "rs11695317"]
}
