{
  "id": "EdgeSet0856",
  "sources": ["Adygei", "Adygei", "Adygei", "Adygei", "Adygei", "Balochi", "Balochi", "Balochi", "Balochi", "Balochi", "BantuKenya", "BantuKenya", "BantuKenya", "BantuKenya", "BantuSouthAfrica", "BantuSouthAfrica", "BantuSouthAfrica", "BantuSouthAfrica", "BantuSouthAfrica", "Basque", "Basque", "Basque", "Bedouin", "Bedouin", "Bedouin", "BiakaPygmy", "BiakaPygmy", "BiakaPygmy", "BiakaPygmy", "BiakaPygmy", "Burusho", "Burusho", "Burusho", "Burusho", "Cambodian", "Cambodian", "Cambodian", "Cambodian", "Cambodian", "Colombian", "Colombian", "Colombian", "Daur", "Daur", "Daur", "Daur", "Daur", "Daur", "Druze", "Druze", "Druze", "Kalash", "Kalash", "Kalash", "Kalash", "Lahu", "Lahu", "Lahu", "Mandenka", "Maya", "MbutiPygmy", "Melanesian", "Melanesian", "Melanesian", "Mongola", "Mongola", "Mozabite", "Palestinian", "Papuan", "Pima", "Pima", "Pima", "Russian", "San", "Uygur"],
  "targets": ["Bedouin", "Burusho", "Druze", "Kalash", "Melanesian", "Bedouin", "Burusho", "Druze", "Kalash", "Yakut", "BantuSouthAfrica", "Mandenka", "MbutiPygmy", "Yoruba", "BiakaPygmy", "Mandenka", "MbutiPygmy", "San", "Yoruba", "Mozabite", "Russian", "Yi", "Mozabite", "Palestinian", "Russian", "Mandenka", "MbutiPygmy", "Mozabite", "San", "Yoruba", "Druze", "Kalash", "Melanesian", "Mongola", "Daur", "Kalash", "Mongola", "Pima", "Yi", "Maya", "Papuan", "Uygur", "Maya", "Melanesian", "Mongola", "Papuan", "Yakut", "Yi", "Kalash", "Russian", "Uygur", "Lahu", "Palestinian", "Russian", "Yakut", "Melanesian", "Yakut", "Yi", "Yoruba", "Pima", "San", "Papuan", "Uygur", "Yakut", "Papuan", "Yi", "Palestinian", "Russian", "Pima", "San", "Uygur", "Yakut", "San", "Yoruba", "Yakut"],
  "weights": [2.2926, 2.866, 2, 2.4343, 2.5689, 1.6473, 2.6488, 2.176, 2.3076, 2.798, 3.8016, 2.6746, 6.4978, 3.0591, 4.6874, 3.5418, 6.3099, 11.08, 3.4396, 2.2137, 2.3867, 3.5675, 2.1465, 1.807, 2.4867, 4.186, 5.9162, 5.1244, 10.9284, 4.1722, 2.932, 2.865, 2.7755, 3.4285, 1.7304, 3.8125, 2.1383, 2.8482, 2.2515, 1.0123, 1.0908, 2.4569, 1.71, 1.6842, 1.9195, 2.0789, 1.9587, 1.6733, 2.5068, 2.6043, 3.1955, 2.8601, 2.3239, 2.7712, 2.9413, 2.0942, 2.1131, 2.6738, 2.605, 1.8342, 12.3109, 2.2132, 1.9062, 1.8598, 2.6592, 2.29, 1.6839, 2.443, 3.3849, 11.8318, 3.2078, 2.7036, 10.7785, 10.5643, 2.1771],
  "loci": ["rs1521694", "rs17568078", "rs17021319", "rs6729973", "rs4852655", "rs7355329", "rs1608009", "rs1521686", "rs12714081", "rs2566748", "rs1357144", "rs1521674", "rs1521675", "rs2255", "rs1344739", "rs1344740", "rs7605223", "rs1346860", "rs2052955", "rs17582064", "rs10167584", "rs1402774", "rs12464541", "rs6752176", "rs1430710", "rs1529593", "rs1521665", "rs17021504", "rs1367439", "rs1864565", "rs1430722", "rs1430725", "rs1430726", "rs1549777", "rs1430731", "rs12105824", "rs11896872", "rs6723757", "rs4393782", "rs13015589"]
}
