{
  "id": "EdgeSet0191",
  "sources": ["Adygei", "Adygei", "Adygei", "Balochi", "Balochi", "Balochi", "Balochi", "BantuKenya", "BantuKenya", "BantuKenya", "BantuKenya", "BantuKenya", "BantuKenya", "BantuSouthAfrica", "BantuSouthAfrica", "BantuSouthAfrica", "BantuSouthAfrica", "Basque", "Basque", "Basque", "Bedouin", "Bedouin", "Bedouin", "Bedouin", "BiakaPygmy", "BiakaPygmy", "BiakaPygmy", "BiakaPygmy", "BiakaPygmy", "Burusho", "Burusho", "Burusho", "Cambodian", "Cambodian", "Cambodian", "Cambodian", "Cambodian", "Cambodian", "Colombian", "Colombian", "Colombian", "Colombian", "Colombian", "Daur", "Daur", "Daur", "Daur", "Daur", "Druze", "Kalash", "Kalash", "Kalash", "Lahu", "Lahu", "Mandenka", "Maya", "Maya", "Maya", "MbutiPygmy", "MbutiPygmy", "Melanesian", "Melanesian", "Melanesian", "Mongola", "Mongola", "Mozabite", "Palestinian", "Papuan", "Papuan", "Papuan", "Russian", "Uygur", "Yakut"],
  "targets": ["Balochi", "Bedouin", "Druze", "Basque", "Kalash", "Palestinian", "Papuan", "BantuSouthAfrica", "BiakaPygmy", "Mandenka", "MbutiPygmy", "San", "Yoruba", "BiakaPygmy", "Mandenka", "San", "Yoruba", "Bedouin", "Mozabite", "Uygur", "Druze", "Mozabite", "Palestinian", "Russian", "Mandenka", "MbutiPygmy", "Mozabite", "Yakut", "Yoruba", "Kalash", "Mozabite", "Pima", "Lahu", "Maya", "Mongola", "Papuan", "Uygur", "Yi", "Maya", "Pima", "San", "Yakut", "Yi", "Lahu", "Melanesian", "Mongola", "Uygur", "Yi", "Palestinian", "Melanesian", "Pima", "Russian", "Mongola", "Uygur", "Yoruba", "Melanesian", "Papuan", "Pima", "San", "Yoruba", "Papuan", "Pima", "Yakut", "Yakut", "Yi", "Palestinian", "Uygur", "Russian", "San", "Yi", "Yakut", "Yakut", "Yi"],
  "weights": [2.5912, 1.587, 1.6611, 2.7044, 2.5489, 2.65, 4.46, 3.3577, 3.5979, 2.8477, 4.0599, 7.0748, 2.7342, 3.8731, 3.1676, 5.8991, 3.1537, 2.1902, 2.8825, 3.642, 1.9494, 2.7709, 2.0549, 3.3016, 3.3931, 4.5316, 4.305, 6.0107, 3.3485, 2.7774, 3.9881, 2.8013, 2.6514, 3.1872, 2.0633, 3.247, 2.8173, 2.8732, 2.7209, 2.9217, 10.1392, 4.0394, 4.3454, 2.1007, 3.3376, 2.3641, 2.9595, 2.8618, 1.9988, 3.0888, 3.0169, 2.9061, 2.2726, 2.984, 2.6173, 2.743, 2.7984, 2.1363, 7.4266, 3.6409, 3.1098, 2.5697, 3.2829, 2.8425, 2.6863, 2.6627, 3.6453, 3.9039, 8.9789, 3.2698, 3.8731, 3.1444, 3.2711],
  "loci": ["rs7556886", "rs1991314", "rs6761104", "rs300168", "rs300169", "rs750772", "rs17315736", "rs10164424", "rs1812706", "rs300159", "rs16983923", "rs1564010", "rs765396", "rs17315848", "rs963068", "rs1471344", "rs4832500", "rs12477585", "rs6531056", "rs9306859", "rs17315995", "rs6708727", "rs1063", "rs11096490", "rs12470034", "rs4368333", "rs6531058", "rs7607574", "rs12479002", "rs10176010", "rs6758546", "rs898838", "rs6718282", "rs931000", "rs10180853", "rs10495671", "rs12996816", "rs12614549", "rs17316177", "rs17388135"]
}
