{
  "id": "EdgeSet0164",
  "sources": ["Adygei", "Adygei", "Adygei", "Adygei", "Adygei", "Adygei", "Adygei", "Balochi", "Balochi", "Balochi", "Balochi", "Balochi", "BantuKenya", "BantuKenya", "BantuKenya", "BantuKenya", "BantuKenya", "BantuSouthAfrica", "BantuSouthAfrica", "BantuSouthAfrica", "Basque", "Basque", "Basque", "Basque", "Basque", "Basque", "Bedouin", "Bedouin", "Bedouin", "Bedouin", "BiakaPygmy", "BiakaPygmy", "BiakaPygmy", "Burusho", "Burusho", "Burusho", "Burusho", "Cambodian", "Cambodian", "Cambodian", "Cambodian", "Cambodian", "Colombian", "Colombian", "Colombian", "Daur", "Daur", "Daur", "Daur", "Druze", "Druze", "Kalash", "Kalash", "Kalash", "Mandenka", "Mandenka", "Maya", "Maya", "MbutiPygmy", "MbutiPygmy", "Melanesian", "Melanesian", "Melanesian", "Melanesian", "Mongola", "Mongola", "Mongola", "Mozabite", "Mozabite", "Palestinian", "Papuan", "Pima", "Russian"],
  "targets": ["Balochi", "Bedouin", "Druze", "Kalash", "Mozabite", "Russian", "Uygur", "Bedouin", "Daur", "Kalash", "Melanesian", "Palestinian", "BantuSouthAfrica", "BiakaPygmy", "Mandenka", "San", "Yoruba", "BiakaPygmy", "San", "Yoruba", "Bedouin", "Burusho", "Colombian", "Mongola", "Russian", "Uygur", "Burusho", "Druze", "Mozabite", "Palestinian", "Mandenka", "MbutiPygmy", "Yoruba", "Druze", "Lahu", "Mongola", "Russian", "Daur", "Lahu", "Melanesian", "Mongola", "Yi", "Maya", "Pima", "Yi", "Maya", "Uygur", "Yakut", "Yi", "Kalash", "Palestinian", "Palestinian", "Papuan", "Yakut", "MbutiPygmy", "Yoruba", "Pima", "Yakut", "San", "Yoruba", "Papuan", "Pima", "Russian", "Uygur", "Uygur", "Yakut", "Yi", "Palestinian", "Russian", "Russian", "Pima", "Russian", "Yi"],
  "weights": [2.4594, 1.8739, 1.6396, 2.5197, 2.1189, 2.2731, 1.8964, 2.5449, 3.4198, 3.1583, 4.0202, 2.6256, 4.4127, 3.8125, 4.0018, 9.0233, 3.7211, 4.7946, 8.8884, 4.2392, 2.4744, 2.6897, 4.408, 2.9605, 2.4143, 2.7114, 1.9821, 2.0824, 1.9831, 1.9871, 4.5173, 5.4454, 3.9867, 2.5938, 3.5836, 2.6859, 2.2472, 3.2032, 3.3914, 3.9229, 3.0038, 2.5803, 2.2696, 2.2865, 2.7916, 2.9072, 2.7843, 2.0609, 2.5701, 2.0238, 1.8829, 2.617, 3.9567, 3.8453, 5.7666, 3.2708, 2.5896, 3.3139, 8.8399, 5.4192, 2.8269, 3.2318, 3.5958, 4.5979, 2.4955, 2.4789, 2.1953, 1.9336, 2.2429, 2.2985, 3.5293, 2.936, 2.6101],
  "loci": ["rs10179395", "rs4670032", "rs10173791", "rs1518793", "rs7561322", "rs4670038", "rs875199", "rs6432491", "rs12622607", "rs7577131", "rs7577600", "rs11885902", "rs13431144", "rs1401304", "rs1568282", "rs4303691", "rs4670044", "rs1996540", "rs7568703", "rs17368670", "rs11903422", "rs1560443", "rs1594420", "rs4670047", "rs6748204", "rs7587023", "rs6740792", "rs12620296", "rs1344741", "rs4668844", "rs10198232", "rs6432496", "rs1367482", "rs6748326", "rs11889589", "rs1367484", "rs4374335", "rs12619056", "rs6720338", "rs4668861"]
}
