{
  "id": "EdgeSet0677",
  "sources": ["Adygei", "Adygei", "Adygei", "Adygei", "Balochi", "Balochi", "Balochi", "BantuKenya", "BantuKenya", "BantuKenya", "BantuKenya", "BantuSouthAfrica", "BantuSouthAfrica", "BantuSouthAfrica", "BantuSouthAfrica", "BantuSouthAfrica", "Basque", "Basque", "Basque", "Basque", "Basque", "Bedouin", "Bedouin", "Bedouin", "Bedouin", "Bedouin", "BiakaPygmy", "BiakaPygmy", "Burusho", "Burusho", "Burusho", "Burusho", "Cambodian", "Cambodian", "Cambodian", "Cambodian", "Cambodian", "Colombian", "Colombian", "Colombian", "Colombian", "Daur", "Daur", "Daur", "Daur", "Daur", "Druze", "Druze", "Kalash", "Kalash", "Kalash", "Kalash", "Lahu", "Lahu", "Lahu", "Mandenka", "Mandenka", "Maya", "Maya", "Maya", "Maya", "MbutiPygmy", "MbutiPygmy", "Melanesian", "Melanesian", "Melanesian", "Mongola", "Mongola", "Mozabite", "Palestinian", "Papuan", "Papuan", "Papuan", "Pima", "Russian", "Russian", "San", "Uygur", "Uygur"],
  "targets": ["Balochi", "Basque", "Druze", "Palestinian", "Burusho", "Kalash", "Lahu", "BiakaPygmy", "Daur", "MbutiPygmy", "Yoruba", "BiakaPygmy", "Mandenka", "MbutiPygmy", "San", "Yoruba", "Bedouin", "Kalash", "Mozabite", "Russian", "Yakut", "Druze", "Kalash", "Mozabite", "Palestinian", "Russian", "Mandenka", "MbutiPygmy", "Daur", "Kalash", "Maya", "Russian", "Daur", "Lahu", "Pima", "Uygur", "Yi", "Maya", "Melanesian", "Pima", "Yi", "Mongola", "Papuan", "Uygur", "Yakut", "Yi", "Palestinian", "Yoruba", "Pima", "Uygur", "Yakut", "Yi", "Melanesian", "Mongola", "Yakut", "San", "Yoruba", "Mongola", "Mozabite", "Pima", "Yi", "San", "Yoruba", "Mongola", "Papuan", "Uygur", "Papuan", "Yakut", "Yoruba", "Russian", "Pima", "Russian", "San", "Uygur", "Uygur", "Yakut", "Yakut", "Yakut", "Yi"],
  "weights": [3.0285, 2.6349, 2.5158, 1.9887, 2.7772, 3.3029, 3.6518, 4.2195, 4.3723, 4.7736, 3.6856, 5.4049, 4.8952, 5.479, 6.9803, 4.7961, 1.7375, 2.861, 2.522, 2.4376, 3.4135, 2.0331, 2.5933, 1.9976, 1.6835, 2.1287, 4.0863, 4.8957, 2.9578, 2.8684, 2.7164, 2.6273, 2.4131, 2.1078, 3.1918, 2.8406, 2.4205, 3.0965, 2.7698, 3.9079, 3.0707, 2.3455, 5.4464, 2.8677, 3.1559, 1.6694, 1.8427, 5.0221, 3.7925, 3.4629, 4.6582, 3.9523, 3.4702, 2.9091, 3.3655, 6.1439, 3.2742, 2.582, 2.6117, 2.9913, 2.1341, 6.8003, 5.1135, 3.0695, 4.1663, 3.5211, 4.5029, 3.2366, 3.9828, 2.0186, 4.8499, 4.1342, 8.6031, 3.6013, 4.2865, 3.7459, 7.7746, 3.7421, 2.8949],
  "loci": ["rs13410328", "rs1861404", "rs4671600", "rs1477038", "rs7557491", "rs7605342", "rs7451", "rs2070063", "rs3770716", "rs4671603", "rs1861402", "rs6750065", "rs6546095", "rs4671606", "rs10207968", "rs3796051", "rs1861407", "rs4671609", "rs1477043", "rs12994639", "rs6744311", "rs6747207", "rs998223", "rs860214", "rs10185254", "rs702874", "rs10469881", "rs929698", "rs6732883", "rs6704589", "rs6732000", "rs2160781", "rs17029444", "rs10168452", "rs11683197", "rs6546103", "rs11126021", "rs4671614", "rs999944", "rs1008631"]
}
