{
  "id": "EdgeSet0293",
  "sources": ["Adygei", "Adygei", "Adygei", "Adygei", "Balochi", "Balochi", "Balochi", "Balochi", "Balochi", "BantuKenya", "BantuKenya", "BantuKenya", "BantuKenya", "BantuSouthAfrica", "BantuSouthAfrica", "BantuSouthAfrica", "BantuSouthAfrica", "BantuSouthAfrica", "Basque", "Basque", "Basque", "Basque", "Bedouin", "Bedouin", "Bedouin", "Bedouin", "Bedouin", "Bedouin", "BiakaPygmy", "BiakaPygmy", "BiakaPygmy", "Burusho", "Burusho", "Burusho", "Cambodian", "Cambodian", "Cambodian", "Cambodian", "Cambodian", "Colombian", "Colombian", "Colombian", "Colombian", "Daur", "Daur", "Daur", "Druze", "Druze", "Druze", "Druze", "Kalash", "Lahu", "Lahu", "Lahu", "Lahu", "Mandenka", "Mandenka", "Mandenka", "Maya", "Maya", "Maya", "Maya", "MbutiPygmy", "MbutiPygmy", "Melanesian", "Melanesian", "Melanesian", "Melanesian", "Mongola", "Mongola", "Mongola", "Palestinian", "Papuan", "Papuan", "Uygur"],
  "targets": ["Balochi", "Basque", "Druze", "Papuan", "Basque", "Burusho", "Colombian", "Uygur", "Yi", "BantuSouthAfrica", "BiakaPygmy", "Mandenka", "San", "BiakaPygmy", "Burusho", "Mandenka", "MbutiPygmy", "San", "Kalash", "Mongola", "Papuan", "Russian", "Druze", "Kalash", "Melanesian", "Mozabite", "Palestinian", "Russian", "MbutiPygmy", "San", "Yoruba", "Colombian", "Daur", "Uygur", "Mongola", "Palestinian", "Pima", "Uygur", "Yi", "Daur", "Maya", "Pima", "Yakut", "Lahu", "Yakut", "Yi", "Mongola", "Mozabite", "Palestinian", "Russian", "Papuan", "Melanesian", "Mongola", "Papuan", "Russian", "MbutiPygmy", "Mozabite", "Yoruba", "Mongola", "Papuan", "Pima", "Yakut", "San", "Yoruba", "Mongola", "Papuan", "Russian", "Yi", "Papuan", "Pima", "Uygur", "Yi", "San", "Uygur", "Yi"],
  "weights": [2.1825, 2.3356, 2.2995, 2.8938, 2.3217, 3.0066, 3.742, 2.2474, 4.0429, 4.0894, 4.0652, 3.4858, 5.8277, 4.1986, 5.8458, 3.8234, 5.5862, 5.4746, 2.4884, 2.7132, 2.8892, 2.682, 1.9727, 2.6568, 4.2216, 2.4556, 1.6494, 2.4492, 4.8963, 5.5465, 4.1338, 3.9154, 2.589, 2.5228, 2.3956, 2.361, 2.6674, 1.9734, 2.8849, 3.1805, 3.3138, 3.5464, 2.292, 2.556, 2.5857, 2.6916, 3.6373, 2.5579, 1.8465, 2.6951, 3.1051, 3.4703, 2.3308, 3.1091, 4.3188, 5.3562, 3.943, 2.6163, 2.9578, 3.4809, 2.5736, 2.6037, 5.8321, 5.0887, 3.3499, 3.7852, 4.1125, 3.8654, 2.9158, 2.6612, 2.2509, 4.0687, 7.0719, 2.6964, 2.4595],
  "loci": ["rs12328903", "rs12328429", "rs6547918", "rs11888500", "rs17784025", "rs17716734", "rs6750752", "rs7599783", "rs10432706", "rs6708752", "rs1358516", "rs4666200", "rs2339469", "rs13413749", "rs2276549", "rs7561975", "rs4666204", "rs6731724", "rs6722414", "rs12714271", "rs13402797", "rs1534546", "rs6742761", "rs17007904", "rs12465220", "rs17728037", "rs17007920", "rs13413210", "rs13029602", "rs4452100", "rs3927337", "rs17007931", "rs13001260", "rs10495768", "rs4146674", "rs4146673", "rs1406230", "rs10199963", "rs12714272", "rs12714277"]
}
