{
  "id": "EdgeSet0285",
  "sources": ["Adygei", "Adygei", "Adygei", "Adygei", "Adygei", "Adygei", "Balochi", "Balochi", "Balochi", "Balochi", "BantuKenya", "BantuKenya", "BantuSouthAfrica", "BantuSouthAfrica", "BantuSouthAfrica", "BantuSouthAfrica", "BantuSouthAfrica", "Basque", "Basque", "Basque", "Basque", "Basque", "Bedouin", "Bedouin", "Bedouin", "BiakaPygmy", "BiakaPygmy", "Burusho", "Burusho", "Burusho", "Burusho", "Burusho", "Burusho", "Cambodian", "Cambodian", "Cambodian", "Cambodian", "Colombian", "Colombian", "Colombian", "Colombian", "Colombian", "Daur", "Daur", "Daur", "Daur", "Daur", "Daur", "Druze", "Druze", "Kalash", "Kalash", "Lahu", "Lahu", "Lahu", "Lahu", "Mandenka", "Maya", "Maya", "MbutiPygmy", "Melanesian", "Melanesian", "Melanesian", "Mongola", "Mozabite", "Mozabite", "Pima", "Russian", "San", "Uygur", "Yakut"],
  "targets": ["Balochi", "Bedouin", "Druze", "Kalash", "Palestinian", "Russian", "Bedouin", "Burusho", "Kalash", "Lahu", "BiakaPygmy", "Mandenka", "BiakaPygmy", "Mandenka", "Palestinian", "Papuan", "San", "Daur", "Druze", "Mozabite", "Pima", "Russian", "Druze", "Mozabite", "Palestinian", "MbutiPygmy", "San", "Kalash", "Melanesian", "Mongola", "Pima", "Yakut", "Yi", "Daur", "Maya", "Melanesian", "Yi", "Daur", "Lahu", "Maya", "Mongola", "Pima", "Lahu", "Melanesian", "Mongola", "Papuan", "Yakut", "Yi", "Mozabite", "Palestinian", "Mongola", "Uygur", "Maya", "Melanesian", "Papuan", "Yi", "Yoruba", "Mongola", "Pima", "San", "Palestinian", "Papuan", "Yi", "Uygur", "Palestinian", "Yoruba", "Yakut", "San", "Yoruba", "Yi", "Yi"],
  "weights": [2.0355, 1.6107, 2.0023, 2.9139, 2.1734, 2.6965, 1.9366, 2.9422, 3.0147, 3.8199, 4.2934, 3.4165, 4.9335, 4.5345, 4.0891, 4.5178, 10.9322, 3.3451, 2.1906, 2.923, 4.2412, 2.9228, 1.5589, 2.5475, 1.8565, 5.808, 10.9209, 3.71, 3.7911, 2.6944, 3.252, 3.0741, 2.8156, 2.5693, 2.3943, 2.8192, 2.0599, 2.5187, 2.6233, 1.6023, 2.1314, 2.2841, 2.3765, 3.9349, 2.3636, 2.966, 1.8944, 2.014, 2.5568, 1.5924, 4.1885, 3.5242, 2.8192, 3.3705, 2.3207, 2.3495, 2.5821, 2.4339, 2.7826, 9.2332, 3.8358, 3.9503, 2.8675, 2.088, 2.5557, 3.5777, 3.659, 11.712, 10.8404, 2.0662, 2.0335],
  "loci": ["rs6729802", "rs12995756", "rs6741437", "rs10495766", "rs11694841", "rs10192375", "rs13400746", "rs11682523", "rs6723017", "rs4666115", "rs7586405", "rs17007191", "rs9309664", "rs4666118", "rs4233728", "rs7579277", "rs6547876", "rs17743079", "rs13431710", "rs3768665", "rs2045886", "rs11687800", "rs13409926", "rs7599087", "rs10187155", "rs13025081", "rs4638745", "rs4358081", "rs6749462", "rs4632299", "rs4577244", "rs6547892", "rs12471649", "rs4233731", "rs4666141", "rs4413120", "rs6753809", "rs4666143", "rs13402702", "rs10197378"]
}
