{
  "id": "EdgeSet0133",
  "sources": ["Adygei", "Adygei", "Adygei", "Adygei", "Adygei", "Balochi", "Balochi", "Balochi", "BantuKenya", "BantuKenya", "BantuKenya", "BantuKenya", "BantuSouthAfrica", "BantuSouthAfrica", "BantuSouthAfrica", "Basque", "Basque", "Basque", "Basque", "Basque", "Bedouin", "Bedouin", "Bedouin", "Bedouin", "BiakaPygmy", "BiakaPygmy", "BiakaPygmy", "BiakaPygmy", "Burusho", "Burusho", "Burusho", "Burusho", "Burusho", "Burusho", "Cambodian", "Cambodian", "Cambodian", "Cambodian", "Cambodian", "Colombian", "Colombian", "Colombian", "Colombian", "Colombian", "Colombian", "Colombian", "Daur", "Daur", "Druze", "Druze", "Druze", "Kalash", "Kalash", "Kalash", "Lahu", "Lahu", "Lahu", "Mandenka", "Maya", "Maya", "Maya", "MbutiPygmy", "MbutiPygmy", "Melanesian", "Melanesian", "Melanesian", "Mongola", "Mozabite", "Palestinian", "Papuan", "Pima", "Uygur", "Uygur", "Yakut"],
  "targets": ["Balochi", "Bedouin", "Burusho", "Druze", "Kalash", "Burusho", "Russian", "Uygur", "BantuSouthAfrica", "BiakaPygmy", "MbutiPygmy", "Yoruba", "BiakaPygmy", "Mandenka", "San", "Bedouin", "Burusho", "Kalash", "Palestinian", "Russian", "Druze", "Mozabite", "Palestinian", "Russian", "Mandenka", "MbutiPygmy", "San", "Yoruba", "Colombian", "Kalash", "Melanesian", "Mongola", "Uygur", "Yi", "Daur", "Lahu", "Mongola", "Papuan", "Yi", "Daur", "Maya", "Melanesian", "Mongola", "Pima", "Uygur", "Yakut", "Mongola", "Yakut", "Mozabite", "Palestinian", "Russian", "Palestinian", "Pima", "Russian", "Mongola", "Yakut", "Yi", "Yoruba", "Melanesian", "Pima", "Yakut", "San", "Yoruba", "Papuan", "Pima", "Yi", "Yakut", "Palestinian", "Uygur", "Uygur", "Russian", "Yakut", "Yi", "Yi"],
  "weights": [2.6694, 2.0682, 2.967, 2.1957, 3.1861, 2.9401, 2.9674, 2.922, 4.6085, 4.672, 5.1937, 3.5351, 4.9131, 3.9033, 7.7747, 2.6893, 3.2026, 2.9757, 2.7793, 3.1856, 1.2848, 2.2584, 1.4514, 2.3915, 4.1435, 4.5416, 7.1901, 3.7236, 4.5808, 3.0089, 5.167, 3.9618, 3.5215, 5.2809, 2.0979, 2.7519, 2.0175, 3.5062, 2.8903, 4.5705, 3.0411, 4.0271, 3.7557, 3.5775, 4.4346, 3.0887, 1.8646, 2.6243, 2.446, 1.6937, 2.554, 3.91, 3.3119, 3.4818, 3.1573, 4.3457, 3.3005, 2.5347, 3.8192, 2.5815, 3.0766, 7.0999, 4.3078, 3.0517, 3.6316, 3.9802, 2.5857, 2.4073, 3.6383, 4.0888, 3.6961, 3.4688, 4.304, 3.4269],
  "loci": ["rs7596194", "rs4389306", "rs3923671", "rs7574891", "rs4669775", "rs10182021", "rs11889370", "rs12692445", "rs7587266", "rs7599540", "rs11695074", "rs4076903", "rs13421506", "rs7591344", "rs13384037", "rs7599768", "rs10185333", "rs11894146", "rs893346", "rs4669778", "rs4076055", "rs4315495", "rs7595221", "rs6726960", "rs13013930", "rs11695702", "rs2358126", "rs10520097", "rs2577264", "rs11690125", "rs1050800", "rs11524", "rs2577254", "rs1012566", "rs2118403", "rs6735995", "rs10495585", "rs893352", "rs10209151", "rs953071"]
}
