{
  "id": "EdgeSet0031",
  "sources": ["Adygei", "Adygei", "Adygei", "Adygei", "Adygei", "Adygei", "Balochi", "Balochi", "Balochi", "Balochi", "Balochi", "Balochi", "BantuKenya", "BantuKenya", "BantuKenya", "BantuKenya", "BantuSouthAfrica", "BantuSouthAfrica", "BantuSouthAfrica", "BantuSouthAfrica", "BantuSouthAfrica", "Basque", "Basque", "Bedouin", "Bedouin", "Bedouin", "Bedouin", "BiakaPygmy", "BiakaPygmy", "BiakaPygmy", "BiakaPygmy", "Burusho", "Burusho", "Burusho", "Cambodian", "Cambodian", "Cambodian", "Colombian", "Colombian", "Colombian", "Colombian", "Colombian", "Colombian", "Colombian", "Daur", "Daur", "Daur", "Daur", "Daur", "Daur", "Druze", "Druze", "Druze", "Kalash", "Kalash", "Lahu", "Lahu", "Lahu", "Lahu", "Lahu", "Mandenka", "Maya", "Maya", "MbutiPygmy", "Melanesian", "Melanesian", "Mongola", "Mongola", "Mozabite", "Palestinian", "Palestinian", "Papuan", "Pima", "Russian"],
  "targets": ["Basque", "Druze", "Kalash", "Palestinian", "Russian", "Uygur", "Basque", "Bedouin", "Burusho", "Cambodian", "Druze", "Russian", "BantuSouthAfrica", "Mandenka", "Mozabite", "Yoruba", "Kalash", "Mandenka", "San", "Yakut", "Yoruba", "Burusho", "Druze", "Kalash", "Mozabite", "Palestinian", "Russian", "Mandenka", "Maya", "MbutiPygmy", "Yoruba", "Cambodian", "Kalash", "Uygur", "Lahu", "Uygur", "Yi", "Daur", "Lahu", "Mandenka", "Maya", "Mozabite", "Yakut", "Yi", "Kalash", "Maya", "Mongola", "Pima", "Uygur", "Yi", "Kalash", "Russian", "Uygur", "Mongola", "Papuan", "Melanesian", "Pima", "Uygur", "Yakut", "Yi", "Mozabite", "Pima", "Yakut", "San", "Papuan", "Uygur", "Yakut", "Yi", "Palestinian", "Pima", "Russian", "San", "Yakut", "Uygur"],
  "weights": [2.9658, 1.864, 4.301, 1.9055, 1.9186, 3.3116, 3.5115, 2.6734, 3.3741, 3.8695, 2.7863, 2.4966, 3.817, 2.7851, 3.751, 2.3427, 5.483, 3.6737, 8.8728, 5.1813, 3.6536, 3.703, 2.7152, 3.687, 2.0843, 1.9631, 1.5214, 4.6632, 6.5261, 5.3995, 4.4089, 2.5819, 3.2897, 2.2981, 2.7713, 2.5818, 3.5331, 4.0211, 3.6675, 5.5135, 4.0527, 5.7234, 3.3481, 4.265, 3.5183, 5.2016, 2.4539, 2.9209, 2.6901, 3.1717, 3.6987, 1.7674, 2.8477, 3.422, 4.607, 3.0183, 2.5898, 2.1756, 1.9165, 2.9919, 3.8883, 4.1108, 3.9217, 6.5813, 2.2721, 3.1956, 2.8359, 2.9865, 1.5556, 3.2262, 1.9085, 10.7576, 2.3619, 2.335],
  "loci": ["rs1469813", "rs4146909", "rs1865581", "rs17441173", "rs12992080", "rs13017799", "rs2385324", "rs7569763", "rs1369504", "rs6758587", "rs13408319", "rs4853862", "rs2385327", "rs1435549", "rs934556", "rs823221", "rs823231", "rs709276", "rs6755122", "rs823234", "rs11686670", "rs10200599", "rs11689358", "rs935630", "rs823237", "rs10189124", "rs13403149", "rs13401708", "rs749788", "rs823241", "rs823243", "rs823246", "rs12988342", "rs823177", "rs4853857", "rs876300", "rs1656324", "rs13404653", "rs7601893", "rs1656325"]
}
