{
  "id": "EdgeSet0646",
  "sources": ["Adygei", "Adygei", "Adygei", "Adygei", "Adygei", "Adygei", "Adygei", "Adygei", "Balochi", "Balochi", "Balochi", "Balochi", "BantuKenya", "BantuKenya", "BantuKenya", "BantuSouthAfrica", "BantuSouthAfrica", "BantuSouthAfrica", "BantuSouthAfrica", "BantuSouthAfrica", "Basque", "Basque", "Basque", "Basque", "Basque", "Bedouin", "Bedouin", "Bedouin", "Bedouin", "Bedouin", "BiakaPygmy", "BiakaPygmy", "BiakaPygmy", "BiakaPygmy", "BiakaPygmy", "Burusho", "Burusho", "Burusho", "Cambodian", "Cambodian", "Cambodian", "Colombian", "Colombian", "Colombian", "Colombian", "Daur", "Daur", "Daur", "Daur", "Daur", "Daur", "Daur", "Druze", "Druze", "Druze", "Kalash", "Kalash", "Kalash", "Kalash", "Lahu", "Lahu", "Mandenka", "Mandenka", "Maya", "Maya", "Maya", "MbutiPygmy", "MbutiPygmy", "MbutiPygmy", "Melanesian", "Melanesian", "Mongola", "Mongola", "Mongola", "Mongola", "Mozabite", "Palestinian", "Papuan", "Papuan", "Pima", "Pima", "San", "Uygur"],
  "targets": ["Balochi", "Burusho", "Daur", "Druze", "Kalash", "Mongola", "Russian", "Uygur", "Kalash", "Palestinian", "Uygur", "Yakut", "BantuSouthAfrica", "BiakaPygmy", "Mandenka", "Mandenka", "MbutiPygmy", "Melanesian", "San", "Yoruba", "Druze", "Papuan", "Russian", "Uygur", "Yakut", "Burusho", "Maya", "Mozabite", "Palestinian", "Russian", "Mandenka", "MbutiPygmy", "Mongola", "San", "Yoruba", "Cambodian", "Uygur", "Yi", "Lahu", "Yi", "Yoruba", "Lahu", "Maya", "MbutiPygmy", "Pima", "Lahu", "Maya", "Melanesian", "Mongola", "Russian", "Yakut", "Yi", "Kalash", "Palestinian", "Russian", "Mandenka", "Mongola", "Palestinian", "Russian", "Russian", "San", "San", "Yoruba", "Mongola", "Pima", "Yi", "Melanesian", "Yi", "Yoruba", "Papuan", "San", "Mozabite", "Yakut", "Yi", "Yoruba", "Palestinian", "Uygur", "Pima", "Uygur", "Russian", "Yakut", "Yoruba", "Yakut"],
  "weights": [2.194, 2.8413, 3.6743, 2.1966, 2.35, 4.1671, 2.9027, 2.2662, 2.4778, 1.8492, 1.9721, 2.4492, 3.9948, 4.2621, 3.2583, 3.9438, 4.6315, 5.8111, 6.1333, 3.3373, 2.4017, 5.693, 2.4668, 2.853, 3.2802, 2.5607, 2.8114, 1.8989, 1.6385, 2.655, 3.5858, 3.6238, 5.6247, 6.7938, 4.47, 4.0026, 2.5435, 3.2809, 3.438, 4.2447, 5.6774, 5.1456, 3.6224, 6.412, 3.7359, 3.796, 3.3359, 5.3497, 2.8071, 4.8259, 3.2198, 3.152, 2.2469, 1.7117, 2.5408, 5.0078, 4.1717, 2.2262, 3.0166, 5.0208, 7.3877, 6.146, 3.9426, 3.2826, 4.3307, 3.1999, 6.711, 5.5614, 4.4143, 4.22, 8.1177, 3.3793, 3.0536, 3.2467, 6.1559, 2.142, 2.0226, 6.314, 5.7492, 5.7908, 6.6876, 6.731, 2.5072],
  "loci": ["rs1473099", "rs359265", "rs11889802", "rs191692", "rs7579491", "rs359235", "rs359244", "rs359250", "rs359255", "rs1553935", "rs907575", "rs4672373", "rs4671383", "rs17019696", "rs2110398", "rs907574", "rs2901001", "rs1553933", "rs4671386", "rs10211066", "rs6545797", "rs4672384", "rs4671387", "rs7597268", "rs876207", "rs17039727", "rs963261", "rs6545803", "rs11688740", "rs6750077", "rs7595905", "rs11125833", "rs1512226", "rs7567242", "rs1512227", "rs1512228", "rs13408761", "rs243083", "rs184838", "rs9309325"]
}
