{
  "id": "EdgeSet0270",
  "sources": ["Adygei", "Adygei", "Adygei", "Adygei", "Adygei", "Adygei", "Adygei", "Balochi", "Balochi", "Balochi", "BantuKenya", "BantuKenya", "BantuKenya", "BantuKenya", "BantuSouthAfrica", "BantuSouthAfrica", "BantuSouthAfrica", "BantuSouthAfrica", "Basque", "Basque", "Basque", "Basque", "Basque", "Bedouin", "Bedouin", "Bedouin", "BiakaPygmy", "BiakaPygmy", "BiakaPygmy", "Burusho", "Burusho", "Burusho", "Burusho", "Burusho", "Cambodian", "Cambodian", "Cambodian", "Cambodian", "Cambodian", "Cambodian", "Colombian", "Colombian", "Daur", "Daur", "Druze", "Druze", "Druze", "Kalash", "Kalash", "Kalash", "Lahu", "Lahu", "Lahu", "Lahu", "Mandenka", "Mandenka", "Maya", "Maya", "MbutiPygmy", "MbutiPygmy", "MbutiPygmy", "Melanesian", "Melanesian", "Melanesian", "Mongola", "Mongola", "Mozabite", "Palestinian", "Papuan", "Papuan", "Uygur"],
  "targets": ["Balochi", "Basque", "Druze", "Kalash", "Mongola", "Mozabite", "Palestinian", "Basque", "Bedouin", "Kalash", "BantuSouthAfrica", "BiakaPygmy", "Mandenka", "Yoruba", "BiakaPygmy", "Mandenka", "MbutiPygmy", "Yoruba", "Bedouin", "Burusho", "Mozabite", "Russian", "Uygur", "Druze", "Mozabite", "Palestinian", "MbutiPygmy", "San", "Yoruba", "Maya", "Mongola", "Papuan", "Uygur", "Yakut", "Daur", "Lahu", "Melanesian", "Papuan", "Uygur", "Yi", "Maya", "Pima", "Lahu", "Mongola", "Kalash", "Palestinian", "Uygur", "Mongola", "Palestinian", "Russian", "Melanesian", "Mongola", "Papuan", "Yi", "San", "Yoruba", "Palestinian", "Pima", "Mozabite", "Papuan", "San", "Papuan", "Yakut", "Yi", "Yakut", "Yi", "Yoruba", "Russian", "Yakut", "Yi", "Yakut"],
  "weights": [2.2713, 2.1128, 1.9951, 2.3883, 3.4211, 2.685, 2.1659, 2.6139, 2.5699, 2.3617, 3.1438, 4.9562, 3.2063, 3.231, 5.0097, 3.2024, 6.8693, 3.4575, 2.7508, 4.401, 2.9408, 2.8944, 3.5227, 2.4782, 2.3227, 2.323, 6.4163, 7.9767, 4.5816, 4.9085, 4.6718, 5.3659, 3.5972, 3.9278, 2.7555, 3.7342, 4.3497, 6.0134, 3.8118, 2.5682, 4.8191, 2.9165, 3.3129, 2.5727, 2.2732, 1.6668, 3.4653, 2.7607, 2.2537, 2.3304, 4.2876, 3.3154, 4.7685, 3.1416, 8.6059, 2.4208, 3.9197, 3.5244, 7.5644, 9.0413, 10.2315, 4.3934, 3.5032, 3.9045, 2.7543, 2.984, 4.7048, 2.4338, 4.2941, 4.7917, 2.6685],
  "loci": ["rs4665332", "rs7592040", "rs13031859", "rs10495760", "rs17320550", "rs12621611", "rs12473490", "rs939818", "rs13025681", "rs4438439", "rs4665871", "rs11690824", "rs1522098", "rs4462752", "rs11126560", "rs12470327", "rs10167513", "rs939815", "rs11673877", "rs2272464", "rs1053807", "rs2280513", "rs744540", "rs935172", "rs1275993", "rs1148967", "rs12474099", "rs1731240", "rs6727852", "rs1662992", "rs7563543", "rs11694917", "rs1275931", "rs752472", "rs2586885", "rs1275960", "rs1275962", "rs1009221", "rs1275957", "rs1275986"]
}
