{
  "id": "EdgeSet0499",
  "sources": ["Adygei", "Adygei", "Adygei", "Adygei", "Adygei", "Balochi", "Balochi", "Balochi", "Balochi", "Balochi", "Balochi", "Balochi", "BantuKenya", "BantuKenya", "BantuKenya", "BantuKenya", "BantuKenya", "BantuSouthAfrica", "BantuSouthAfrica", "BantuSouthAfrica", "BantuSouthAfrica", "BantuSouthAfrica", "Basque", "Basque", "Basque", "Bedouin", "Bedouin", "Bedouin", "Bedouin", "BiakaPygmy", "BiakaPygmy", "BiakaPygmy", "Burusho", "Burusho", "Burusho", "Burusho", "Burusho", "Cambodian", "Cambodian", "Cambodian", "Colombian", "Colombian", "Colombian", "Colombian", "Daur", "Daur", "Daur", "Daur", "Druze", "Druze", "Druze", "Kalash", "Kalash", "Kalash", "Lahu", "Lahu", "Mandenka", "Mandenka", "Maya", "Maya", "Maya", "MbutiPygmy", "Melanesian", "Melanesian", "Melanesian", "Melanesian", "Mongola", "Mongola", "Mongola", "Palestinian", "Papuan", "Papuan", "San", "Uygur"],
  "targets": ["Balochi", "Basque", "Bedouin", "Lahu", "Palestinian", "Bedouin", "Cambodian", "Druze", "Kalash", "Mongola", "Pima", "Yakut", "Mandenka", "MbutiPygmy", "Mozabite", "San", "Yoruba", "BiakaPygmy", "Lahu", "Mandenka", "San", "Yoruba", "Palestinian", "Russian", "San", "Druze", "Kalash", "Mozabite", "Palestinian", "Mandenka", "MbutiPygmy", "San", "Cambodian", "Daur", "Druze", "Melanesian", "Yi", "Daur", "Kalash", "Papuan", "Maya", "Papuan", "Pima", "Russian", "Lahu", "Maya", "Melanesian", "Uygur", "Kalash", "Mozabite", "Palestinian", "Mozabite", "Palestinian", "Pima", "Mongola", "Uygur", "MbutiPygmy", "Yoruba", "Papuan", "Pima", "Yi", "San", "Papuan", "Pima", "Yakut", "Yi", "Pima", "Uygur", "Yakut", "Russian", "Pima", "Yakut", "Yoruba", "Yakut"],
  "weights": [2.9748, 3.01, 2.6876, 4.1895, 2.4154, 2.4383, 2.9349, 2.6578, 2.4415, 3.3548, 3.7983, 4.5444, 3.3312, 4.3608, 4.9502, 6.2959, 3.599, 4.3265, 6.3877, 3.9854, 5.6697, 3.0349, 2.6121, 2.7891, 7.6989, 2.0788, 2.0266, 2.1723, 1.8137, 3.8112, 4.4314, 5.6826, 2.4966, 2.5599, 3.3807, 3.6059, 2.7586, 2.839, 2.9424, 4.1364, 2.4936, 3.8772, 2.4413, 3.331, 2.6231, 2.6106, 4.5354, 2.062, 2.1911, 2.2984, 2.0656, 2.4082, 2.2724, 4.2989, 3.064, 2.5386, 4.1429, 3.2879, 2.6313, 3.3748, 2.9, 6.1831, 4.8574, 4.3783, 4.2034, 3.311, 3.8021, 2.397, 2.5596, 1.873, 5.1985, 4.4646, 5.7481, 2.6823],
  "loci": ["rs3814041", "rs7596521", "rs4953413", "rs970711", "rs11676737", "rs973491", "rs6741642", "rs13025984", "rs7566758", "rs4952843", "rs10167561", "rs4575769", "rs4953418", "rs1809216", "rs12466948", "rs13424717", "rs6740539", "rs11125091", "rs9309137", "rs7577004", "rs13414893", "rs4123497", "rs9967800", "rs935376", "rs2289929", "rs1053952", "rs1374274", "rs10173681", "rs13431698", "rs7586612", "rs4953427", "rs1466021", "rs4952853", "rs1947110", "rs7597025", "rs7572142", "rs1579862", "rs12614366", "rs935374", "rs6713911"]
}
