{
  "id": "EdgeSet0113",
  "sources": ["Adygei", "Adygei", "Adygei", "Adygei", "Adygei", "Balochi", "Balochi", "Balochi", "Balochi", "BantuKenya", "BantuKenya", "BantuKenya", "BantuKenya", "BantuSouthAfrica", "BantuSouthAfrica", "BantuSouthAfrica", "BantuSouthAfrica", "BantuSouthAfrica", "Basque", "Basque", "Basque", "Basque", "Basque", "Basque", "Basque", "Bedouin", "Bedouin", "Bedouin", "Bedouin", "BiakaPygmy", "BiakaPygmy", "BiakaPygmy", "Burusho", "Burusho", "Burusho", "Burusho", "Burusho", "Cambodian", "Cambodian", "Cambodian", "Cambodian", "Cambodian", "Cambodian", "Cambodian", "Colombian", "Colombian", "Colombian", "Colombian", "Colombian", "Colombian", "Daur", "Daur", "Druze", "Druze", "Druze", "Druze", "Kalash", "Lahu", "Lahu", "Lahu", "Lahu", "Mandenka", "Mandenka", "Mandenka", "Maya", "Maya", "Maya", "Maya", "MbutiPygmy", "Melanesian", "Melanesian", "Mongola", "Mozabite", "Mozabite", "Palestinian", "Papuan", "Papuan", "Pima", "Pima", "Russian", "Russian", "San", "Yakut"],
  "targets": ["Basque", "Bedouin", "Burusho", "Palestinian", "Russian", "Burusho", "Kalash", "Palestinian", "Russian", "BantuSouthAfrica", "Kalash", "Mozabite", "Yoruba", "BiakaPygmy", "MbutiPygmy", "Palestinian", "San", "Yi", "Bedouin", "Burusho", "Cambodian", "Colombian", "Druze", "Papuan", "Russian", "Burusho", "Druze", "Mozabite", "Palestinian", "Mandenka", "MbutiPygmy", "San", "Kalash", "Lahu", "Melanesian", "Papuan", "Uygur", "Daur", "Melanesian", "Mongola", "Papuan", "Pima", "Yakut", "Yi", "Daur", "Lahu", "Maya", "Pima", "Russian", "Yakut", "Lahu", "Mongola", "Mozabite", "Palestinian", "Russian", "San", "Palestinian", "Maya", "Mongola", "Papuan", "Yi", "MbutiPygmy", "Yi", "Yoruba", "Mongola", "Pima", "Uygur", "Yakut", "San", "Mongola", "Papuan", "Yi", "Russian", "Yoruba", "Yoruba", "Uygur", "Yoruba", "San", "Yakut", "Uygur", "Yakut", "Uygur", "Yi"],
  "weights": [2.4965, 2.1141, 3.8162, 2.2482, 2.9328, 2.5541, 2.5839, 2.585, 2.8114, 3.3561, 4.2276, 2.7653, 2.9192, 4.2683, 5.0538, 3.948, 7.8734, 4.9396, 2.3971, 2.9419, 3.408, 3.4872, 3.0395, 5.3643, 2.8548, 2.9141, 2.4471, 2.1945, 1.8058, 3.7387, 4.5402, 8.2731, 3.3021, 3.7599, 3.6943, 4.2095, 3.0426, 2.8236, 3.763, 1.9664, 5.5518, 3.7421, 3.0295, 2.2284, 2.6729, 3.202, 2.4914, 3.2531, 3.2202, 2.7133, 2.9642, 2.6278, 2.5715, 2.7328, 3.4274, 8.8778, 3.099, 3.0657, 2.876, 4.8582, 3.7099, 4.4223, 4.6666, 2.1486, 2.9761, 3.2149, 2.706, 2.4418, 8.2189, 3.4221, 2.7963, 2.5029, 3.2177, 3.2525, 4.3285, 4.2242, 5.0477, 9.9079, 2.777, 2.7059, 3.0024, 10.3398, 3.5382],
  "loci": ["rs4583435", "rs12622986", "rs7569312", "rs6708630", "rs11680378", "rs7587317", "rs4233877", "rs7585544", "rs6741290", "rs6759180", "rs1138729", "rs2241113", "rs717886", "rs6746630", "rs11896140", "rs6749325", "rs7593918", "rs13403621", "rs10177773", "rs6432071", "rs10929639", "rs4630742", "rs13383316", "rs10191873", "rs887961", "rs6741014", "rs887962", "rs17267630", "rs7577583", "rs10207325", "rs11676328", "rs6432075", "rs1006866", "rs7587651", "rs16855988", "rs10171793", "rs6432079", "rs16855996", "rs759340", "rs759341"]
}
