{
  "id": "EdgeSet0488",
  "sources": ["Adygei", "Adygei", "Adygei", "Adygei", "Adygei", "Balochi", "Balochi", "Balochi", "Balochi", "Balochi", "BantuKenya", "BantuKenya", "BantuKenya", "BantuKenya", "BantuKenya", "BantuSouthAfrica", "BantuSouthAfrica", "BantuSouthAfrica", "BantuSouthAfrica", "BantuSouthAfrica", "Basque", "Basque", "Basque", "Bedouin", "Bedouin", "Bedouin", "Bedouin", "BiakaPygmy", "BiakaPygmy", "BiakaPygmy", "Burusho", "Burusho", "Burusho", "Burusho", "Burusho", "Cambodian", "Cambodian", "Cambodian", "Cambodian", "Cambodian", "Cambodian", "Colombian", "Colombian", "Colombian", "Colombian", "Colombian", "Colombian", "Colombian", "Colombian", "Daur", "Daur", "Daur", "Daur", "Druze", "Kalash", "Kalash", "Kalash", "Lahu", "Lahu", "Lahu", "Lahu", "Lahu", "Mandenka", "Mandenka", "Mandenka", "Maya", "Maya", "MbutiPygmy", "Melanesian", "Mongola", "Mongola", "Mongola", "Mongola", "Mozabite", "Papuan", "Papuan", "Pima", "Uygur", "Uygur", "Yakut"],
  "targets": ["Balochi", "Bedouin", "Druze", "Kalash", "Mongola", "Basque", "Bedouin", "Druze", "Kalash", "Mozabite", "BiakaPygmy", "Kalash", "Mandenka", "MbutiPygmy", "Yoruba", "BiakaPygmy", "MbutiPygmy", "Mozabite", "San", "Yoruba", "Bedouin", "Druze", "Russian", "Druze", "Kalash", "Mozabite", "Palestinian", "Mandenka", "MbutiPygmy", "San", "Druze", "Russian", "Uygur", "Yakut", "Yi", "Colombian", "Daur", "Lahu", "Maya", "Mongola", "Yi", "Daur", "Lahu", "Maya", "Melanesian", "Papuan", "Russian", "Uygur", "Yakut", "MbutiPygmy", "Melanesian", "Mongola", "Yi", "Palestinian", "Palestinian", "Russian", "Uygur", "Maya", "Mongola", "Palestinian", "Uygur", "Yi", "Mozabite", "San", "Yoruba", "Melanesian", "Papuan", "Yoruba", "Papuan", "Papuan", "Uygur", "Yakut", "Yi", "San", "Pima", "Uygur", "Yakut", "Yakut", "Yi", "Yi"],
  "weights": [2.5688, 2.1319, 2.1251, 2.4441, 3.5319, 2.6952, 2.2179, 2.548, 3.0173, 2.9295, 3.7459, 6.2904, 3.2709, 4.5232, 2.8034, 3.5022, 4.2981, 3.9697, 4.1759, 3.6818, 2.3, 2.4412, 2.2501, 1.922, 2.4516, 3.0857, 1.7027, 3.2855, 4.0178, 3.8565, 2.3804, 2.9336, 2.0258, 2.9345, 2.6992, 4.3746, 3.2881, 3.5548, 3.2362, 2.7068, 3.3419, 3.494, 3.7014, 2.4624, 1.9867, 2.5474, 3.4109, 3.6619, 3.2822, 6.5617, 3.118, 2.6809, 3.2189, 1.9971, 2.7411, 3.0637, 2.9681, 3.0718, 3.128, 3.977, 2.9076, 3.4115, 4.1089, 4.4902, 2.3965, 1.2927, 2.0665, 3.9031, 1.8563, 3.7683, 2.7345, 2.8327, 2.7473, 5.1062, 4.1061, 2.5573, 3.0785, 3.4874, 2.5598, 2.7853],
  "loci": ["rs1375055", "rs1349080", "rs3768753", "rs12619351", "rs12616328", "rs3768751", "rs17737466", "rs17737489", "rs3768748", "rs10495927", "rs10495928", "rs4952801", "rs3768745", "rs13406773", "rs6724315", "rs13410378", "rs12992366", "rs4952803", "rs3754568", "rs10495929", "rs1020445", "rs7604415", "rs4952805", "rs10205024", "rs3820729", "rs11125055", "rs951012", "rs281476", "rs7601785", "rs281472", "rs1530668", "rs2594489", "rs281508", "rs3738894", "rs14138", "rs281505", "rs281501", "rs281498", "rs281497", "rs281489"]
}
