{
  "id": "EdgeSet0661",
  "sources": ["Adygei", "Adygei", "Adygei", "Adygei", "Adygei", "Adygei", "Balochi", "Balochi", "Balochi", "Balochi", "Balochi", "Balochi", "BantuKenya", "BantuKenya", "BantuKenya", "BantuKenya", "BantuSouthAfrica", "BantuSouthAfrica", "BantuSouthAfrica", "BantuSouthAfrica", "BantuSouthAfrica", "BantuSouthAfrica", "BantuSouthAfrica", "Basque", "Basque", "Basque", "Basque", "Basque", "Bedouin", "Bedouin", "Bedouin", "BiakaPygmy", "BiakaPygmy", "BiakaPygmy", "BiakaPygmy", "BiakaPygmy", "Burusho", "Burusho", "Burusho", "Cambodian", "Cambodian", "Cambodian", "Cambodian", "Colombian", "Colombian", "Colombian", "Daur", "Daur", "Daur", "Daur", "Daur", "Daur", "Druze", "Druze", "Druze", "Kalash", "Lahu", "Lahu", "Lahu", "Lahu", "Lahu", "Mandenka", "Mandenka", "Maya", "MbutiPygmy", "Melanesian", "Melanesian", "Melanesian", "Mongola", "Mongola", "Mongola", "Mongola", "Mozabite", "Mozabite", "Palestinian", "Papuan", "Pima"],
  "targets": ["Basque", "Druze", "Palestinian", "Russian", "Uygur", "Yi", "Basque", "Bedouin", "Kalash", "MbutiPygmy", "Mozabite", "Pima", "BiakaPygmy", "Lahu", "MbutiPygmy", "Yoruba", "BiakaPygmy", "Mandenka", "Maya", "MbutiPygmy", "Melanesian", "San", "Yoruba", "Bedouin", "Mozabite", "Palestinian", "Russian", "Yi", "Burusho", "Mozabite", "Palestinian", "Mandenka", "MbutiPygmy", "Melanesian", "San", "Yoruba", "Kalash", "Pima", "Yi", "Lahu", "Mongola", "Papuan", "Yi", "Mandenka", "Maya", "Pima", "Maya", "Melanesian", "Mongola", "Uygur", "Yakut", "Yi", "Kalash", "Palestinian", "Russian", "Palestinian", "MbutiPygmy", "Melanesian", "Pima", "Uygur", "Yakut", "San", "Yoruba", "Pima", "San", "Papuan", "Uygur", "Yakut", "Papuan", "Uygur", "Yakut", "Yi", "Russian", "Yoruba", "Russian", "Yi", "Yi"],
  "weights": [2.3941, 2.7994, 3.5406, 2.8762, 3.0356, 4.1972, 2.8085, 2.2552, 3.3024, 5.3923, 2.9503, 4.6095, 3.266, 5.0425, 4.2155, 3.4766, 2.8856, 3.9455, 5.7328, 4.0962, 5.768, 4.6447, 3.6327, 2.3592, 2.7476, 2.5149, 2.7381, 4.9027, 3.5019, 2.656, 2.3238, 3.7139, 3.7409, 6.4051, 4.2528, 3.0704, 3.7335, 5.0889, 4.0844, 3.7587, 3.3511, 4.5755, 3.4791, 6.8895, 3.383, 4.9971, 3.6292, 3.7007, 2.7488, 2.8821, 2.4347, 3.0922, 2.7771, 2.2148, 2.3232, 2.9821, 5.4001, 4.6307, 4.6801, 3.703, 3.4878, 5.0501, 3.1779, 3.6314, 4.2747, 3.7124, 4.0526, 4.0873, 4.3526, 3.3308, 3.3178, 3.366, 3.1657, 4.9625, 3.0538, 4.344, 4.3264],
  "loci": ["rs7572994", "rs1008725", "rs7605321", "rs4671416", "rs7570305", "rs6714411", "rs4672482", "rs1136151", "rs11900673", "rs7584792", "rs13397746", "rs7580028", "rs10176652", "rs10200712", "rs4563212", "rs6713082", "rs4672495", "rs4672498", "rs7578484", "rs3924500", "rs10195033", "rs4672501", "rs4672503", "rs10865331", "rs11681733", "rs4640376", "rs10865332", "rs7603526", "rs4671421", "rs6743832", "rs6742894", "rs6717002", "rs4672511", "rs13412212", "rs4468797", "rs9808571", "rs4233976", "rs12464504", "rs10178155", "rs6745837"]
}
