{
  "id": "EdgeSet0041",
  "sources": ["Adygei", "Adygei", "Adygei", "Balochi", "Balochi", "Balochi", "Balochi", "BantuKenya", "BantuKenya", "BantuKenya", "BantuKenya", "BantuKenya", "BantuKenya", "BantuSouthAfrica", "BantuSouthAfrica", "BantuSouthAfrica", "BantuSouthAfrica", "Basque", "Basque", "Basque", "Basque", "Basque", "Basque", "Bedouin", "Bedouin", "Bedouin", "Bedouin", "BiakaPygmy", "BiakaPygmy", "BiakaPygmy", "BiakaPygmy", "Burusho", "Burusho", "Burusho", "Cambodian", "Cambodian", "Cambodian", "Cambodian", "Colombian", "Colombian", "Daur", "Daur", "Daur", "Daur", "Daur", "Druze", "Druze", "Druze", "Kalash", "Lahu", "Lahu", "Lahu", "Lahu", "Lahu", "Lahu", "Mandenka", "Mandenka", "Maya", "Maya", "MbutiPygmy", "MbutiPygmy", "Melanesian", "Melanesian", "Melanesian", "Mongola", "Mongola", "Mongola", "Mozabite", "Palestinian", "Papuan", "Russian", "Uygur", "Yakut"],
  "targets": ["Kalash", "Palestinian", "Russian", "Bedouin", "Burusho", "Maya", "Mongola", "BantuSouthAfrica", "BiakaPygmy", "Kalash", "Mandenka", "Mozabite", "Yoruba", "Mandenka", "MbutiPygmy", "San", "Yoruba", "Bedouin", "Maya", "Mozabite", "Palestinian", "Papuan", "Pima", "Druze", "Mozabite", "Palestinian", "Russian", "MbutiPygmy", "Mozabite", "San", "Yoruba", "Colombian", "Kalash", "Papuan", "Druze", "Lahu", "Mongola", "Yi", "Maya", "Pima", "Lahu", "Melanesian", "Uygur", "Yakut", "Yi", "Kalash", "Mozabite", "Palestinian", "Yakut", "Melanesian", "Mongola", "Papuan", "Russian", "Yakut", "Yi", "MbutiPygmy", "Yoruba", "Melanesian", "Pima", "Mongola", "San", "Mongola", "Papuan", "Yakut", "Uygur", "Yakut", "Yi", "Yoruba", "Russian", "Yakut", "Uygur", "Yakut", "Yi"],
  "weights": [2.456, 1.6999, 2.3742, 2.6808, 2.4754, 3.8558, 3.033, 4.3482, 3.7075, 5.2035, 3.3039, 3.8093, 3.0547, 3.6741, 5.2955, 5.6215, 4.0906, 2.5955, 4.1097, 3.487, 2.4667, 4.8147, 4.1838, 2.0339, 2.709, 1.5968, 2.7233, 4.2999, 4.4965, 3.894, 3.2999, 3.4041, 2.7919, 4.1057, 3.3507, 3.0232, 2.3944, 2.1395, 2.123, 2.1983, 3.2016, 2.857, 2.4788, 2.8521, 2.6486, 2.4384, 2.5564, 1.7381, 3.4971, 3.5505, 2.7373, 3.9019, 4.0605, 3.7238, 2.4471, 4.4922, 2.2473, 4.5933, 2.4235, 8.5789, 4.7484, 2.9157, 4.4537, 2.9324, 2.3439, 2.248, 2.2174, 3.8501, 2.3733, 3.8568, 2.815, 2.5454, 2.5923],
  "loci": ["rs6542667", "rs10208712", "rs4372915", "rs4849939", "rs13385315", "rs6542668", "rs4850024", "rs934757", "rs1389582", "rs1437695", "rs10210008", "rs17510511", "rs10195773", "rs2196649", "rs12478006", "rs1014082", "rs2164793", "rs4849943", "rs1024026", "rs1024027", "rs6755355", "rs1546130", "rs4850051", "rs1545136", "rs17018595", "rs6753345", "rs17388778", "rs6707149", "rs1347684", "rs1437700", "rs1437701", "rs11692873", "rs6714273", "rs7556893", "rs6722795", "rs1983365", "rs1175861", "rs17018722", "rs2577190", "rs2577193"]
}
