{
  "id": "EdgeSet0154",
  "sources": ["Adygei", "Adygei", "Adygei", "Adygei", "Adygei", "Adygei", "Balochi", "Balochi", "Balochi", "Balochi", "Balochi", "BantuKenya", "BantuKenya", "BantuKenya", "BantuSouthAfrica", "BantuSouthAfrica", "BantuSouthAfrica", "BantuSouthAfrica", "Basque", "Basque", "Basque", "Basque", "Basque", "Basque", "Bedouin", "Bedouin", "Bedouin", "Bedouin", "Bedouin", "Bedouin", "BiakaPygmy", "BiakaPygmy", "BiakaPygmy", "BiakaPygmy", "Burusho", "Burusho", "Burusho", "Burusho", "Burusho", "Cambodian", "Cambodian", "Cambodian", "Cambodian", "Colombian", "Colombian", "Colombian", "Daur", "Daur", "Daur", "Daur", "Druze", "Kalash", "Kalash", "Kalash", "Kalash", "Kalash", "Kalash", "Lahu", "Lahu", "Mandenka", "Mandenka", "Maya", "MbutiPygmy", "MbutiPygmy", "Melanesian", "Melanesian", "Melanesian", "Mongola", "Mongola", "Mozabite", "Mozabite", "Palestinian", "Papuan", "Papuan", "Pima", "Pima", "Uygur", "Uygur", "Yakut"],
  "targets": ["Bedouin", "Burusho", "Druze", "Lahu", "Palestinian", "Yakut", "Bedouin", "Burusho", "Druze", "Mozabite", "Uygur", "BantuSouthAfrica", "MbutiPygmy", "Yoruba", "Colombian", "Lahu", "Mandenka", "San", "Colombian", "Druze", "Mozabite", "Palestinian", "Russian", "Yakut", "Druze", "Kalash", "Mozabite", "Palestinian", "Russian", "Uygur", "Mandenka", "MbutiPygmy", "San", "Yoruba", "Lahu", "Maya", "MbutiPygmy", "Palestinian", "Russian", "Daur", "Maya", "Pima", "Yakut", "Maya", "MbutiPygmy", "Pima", "Mongola", "Uygur", "Yakut", "Yi", "Palestinian", "Lahu", "Maya", "Mozabite", "Russian", "Yakut", "Yi", "Mongola", "Papuan", "MbutiPygmy", "Yoruba", "Pima", "San", "Yakut", "Mongola", "Papuan", "Uygur", "Papuan", "Yi", "Palestinian", "Russian", "Uygur", "San", "Yakut", "Uygur", "Yakut", "Yakut", "Yi", "Yi"],
  "weights": [1.781, 3.1277, 1.702, 4.6823, 1.8946, 3.0524, 1.5263, 2.7725, 1.6213, 1.8043, 1.8692, 3.9381, 5.2056, 4.3337, 7.9039, 7.0517, 5.3429, 7.3176, 5.2499, 2.0878, 2.2526, 2.0655, 1.9246, 3.2331, 1.5321, 2.7787, 1.8288, 1.5701, 1.8792, 2.5241, 4.5857, 5.7972, 7.4632, 3.8529, 5.2011, 4.7081, 7.2197, 3.114, 3.2425, 2.3712, 3.5776, 3.4937, 2.656, 3.0321, 8.3297, 4.3178, 1.718, 2.4621, 1.8823, 1.4889, 1.5729, 4.5207, 4.5719, 2.846, 2.8139, 2.6901, 2.8254, 4.0167, 5.0323, 6.1031, 3.0062, 2.8577, 7.8484, 7.8043, 2.6952, 3.3029, 2.5222, 3.8969, 1.9678, 1.9748, 2.0794, 2.3848, 9.2317, 4.0515, 3.3765, 3.2716, 2.4247, 2.4491, 2.194],
  "loci": ["rs1524015", "rs1510834", "rs7599356", "rs2136851", "rs1510822", "rs10929878", "rs10929882", "rs6432404", "rs960755", "rs1510825", "rs1606041", "rs6723675", "rs907168", "rs2380525", "rs2089784", "rs2048401", "rs6737807", "rs6751021", "rs1530560", "rs4233905", "rs10166098", "rs1470494", "rs7594171", "rs10495630", "rs1446548", "rs7599789", "rs10495628", "rs6725485", "rs2034264", "rs1348801", "rs11683451", "rs7579027", "rs2053730", "rs10194191", "rs7592520", "rs7583428", "rs1446540", "rs6714585", "rs1349841", "rs6723723"]
}
