{
  "id": "EdgeSet0420",
  "sources": ["Adygei", "Adygei", "Adygei", "Adygei", "Adygei", "Adygei", "Balochi", "Balochi", "Balochi", "Balochi", "BantuKenya", "BantuKenya", "BantuKenya", "BantuKenya", "BantuSouthAfrica", "BantuSouthAfrica", "BantuSouthAfrica", "BantuSouthAfrica", "Basque", "Basque", "Basque", "Bedouin", "Bedouin", "Bedouin", "Bedouin", "BiakaPygmy", "BiakaPygmy", "BiakaPygmy", "BiakaPygmy", "Burusho", "Burusho", "Burusho", "Burusho", "Burusho", "Burusho", "Cambodian", "Cambodian", "Cambodian", "Cambodian", "Colombian", "Colombian", "Colombian", "Colombian", "Daur", "Daur", "Daur", "Daur", "Daur", "Druze", "Druze", "Kalash", "Kalash", "Lahu", "Lahu", "Mandenka", "Maya", "MbutiPygmy", "Melanesian", "Melanesian", "Mongola", "Mongola", "Mozabite", "Mozabite", "Papuan", "Pima", "Pima", "Uygur", "Yakut"],
  "targets": ["Druze", "Kalash", "Melanesian", "Palestinian", "Russian", "Yakut", "BantuSouthAfrica", "Kalash", "Mozabite", "Russian", "Mandenka", "Melanesian", "San", "Yoruba", "BiakaPygmy", "Mandenka", "San", "Yoruba", "MbutiPygmy", "Palestinian", "Russian", "Druze", "Mozabite", "Palestinian", "Russian", "Mandenka", "MbutiPygmy", "San", "Yoruba", "Kalash", "Maya", "Papuan", "Pima", "Russian", "Uygur", "Daur", "Lahu", "Mongola", "Yi", "Daur", "Lahu", "Maya", "San", "Kalash", "Maya", "Uygur", "Yakut", "Yi", "Kalash", "Palestinian", "Papuan", "Yakut", "Mongola", "Yakut", "Yoruba", "Papuan", "San", "Papuan", "Yakut", "Yakut", "Yi", "Palestinian", "Yoruba", "Pima", "Yakut", "Yi", "Yi", "Yi"],
  "weights": [2.441, 2.9764, 3.775, 2.3274, 3.4078, 4.5566, 4.3792, 2.5807, 2.6417, 3.062, 3.5564, 5.0028, 6.4524, 3.1643, 2.9753, 2.1512, 5.3394, 2.7707, 7.3178, 3.9363, 3.4345, 2.3482, 1.905, 1.7243, 2.3002, 2.941, 5.3127, 5.8215, 3.1372, 3.3253, 4.0106, 3.379, 4.9365, 3.743, 3.6365, 2.8315, 2.762, 2.6881, 3.4133, 4.2614, 4.1314, 3.7055, 8.5261, 4.8495, 3.9912, 4.08, 3.7534, 3.9634, 2.9784, 2.2365, 4.2268, 4.9635, 2.7442, 3.5047, 2.3135, 4.6557, 7.6015, 2.9231, 3.938, 2.9062, 3.4529, 2.364, 3.3667, 5.2297, 5.1912, 5.1016, 4.3537, 3.841],
  "loci": ["rs6544318", "rs10210665", "rs2110744", "rs13005761", "rs2110743", "rs13031392", "rs759387", "rs4952404", "rs10490051", "rs10490049", "rs12613022", "rs7561383", "rs11890040", "rs13017968", "rs12712691", "rs13430329", "rs6544322", "rs17025877", "rs6544323", "rs990270", "rs10208527", "rs2216009", "rs2192777", "rs6742210", "rs2373859", "rs7570435", "rs12615002", "rs10192833", "rs6544336", "rs10490046", "rs6732205", "rs6726520", "rs12996425", "rs2888677", "rs6705173", "rs4952621", "rs12988659", "rs12105764", "rs10205556", "rs13414307"]
}
