{
  "id": "EdgeSet0102",
  "sources": ["Adygei", "Adygei", "Adygei", "Adygei", "Adygei", "Adygei", "Adygei", "Balochi", "Balochi", "Balochi", "Balochi", "Balochi", "BantuKenya", "BantuKenya", "BantuKenya", "BantuKenya", "BantuKenya", "BantuSouthAfrica", "BantuSouthAfrica", "BantuSouthAfrica", "Basque", "Basque", "Bedouin", "Bedouin", "Bedouin", "Bedouin", "Bedouin", "Bedouin", "BiakaPygmy", "BiakaPygmy", "BiakaPygmy", "BiakaPygmy", "Burusho", "Burusho", "Burusho", "Burusho", "Burusho", "Burusho", "Cambodian", "Cambodian", "Cambodian", "Cambodian", "Cambodian", "Colombian", "Colombian", "Colombian", "Daur", "Daur", "Daur", "Daur", "Daur", "Druze", "Druze", "Druze", "Kalash", "Kalash", "Kalash", "Lahu", "Lahu", "Lahu", "Lahu", "Lahu", "Mandenka", "Maya", "MbutiPygmy", "MbutiPygmy", "Melanesian", "Mozabite", "Mozabite", "Palestinian", "Pima", "Russian", "Uygur", "Uygur", "Yakut"],
  "targets": ["Basque", "Bedouin", "Druze", "Mongola", "Palestinian", "Papuan", "Russian", "Basque", "Bedouin", "Druze", "Kalash", "Melanesian", "BantuSouthAfrica", "BiakaPygmy", "Mandenka", "MbutiPygmy", "Mozabite", "Mandenka", "San", "Yoruba", "Burusho", "Palestinian", "Druze", "Kalash", "Mozabite", "Palestinian", "Russian", "Uygur", "Mandenka", "MbutiPygmy", "San", "Yoruba", "Druze", "Kalash", "Melanesian", "Mongola", "Yakut", "Yi", "Daur", "Lahu", "Mongola", "Papuan", "Uygur", "Maya", "Melanesian", "Pima", "Kalash", "Lahu", "Mongola", "Uygur", "Yi", "Kalash", "Mozabite", "Russian", "Maya", "Papuan", "Yi", "Melanesian", "Mongola", "Pima", "Russian", "Yakut", "Yoruba", "Pima", "San", "Yoruba", "Papuan", "Palestinian", "Yoruba", "Russian", "Yakut", "Yakut", "Yakut", "Yi", "Yi"],
  "weights": [1.8331, 1.8053, 2.0132, 3.074, 1.5532, 3.93, 2.2476, 2.1813, 2.4202, 2.5826, 3.3457, 5.2419, 5.1825, 5.416, 4.7164, 5.5896, 4.6066, 3.5161, 6.4101, 3.8607, 2.9439, 1.6945, 1.9068, 3.8421, 2.3432, 1.6823, 2.1192, 2.1184, 4.4432, 4.9377, 4.2903, 4.209, 2.9252, 3.6856, 5.9168, 4.8238, 3.5977, 3.7482, 1.8021, 2.2922, 1.6022, 3.5422, 2.2748, 1.8134, 6.6859, 2.6044, 4.4614, 2.5769, 2.1404, 2.3017, 2.0136, 3.1567, 2.5394, 2.272, 4.0445, 4.2354, 3.3873, 5.4011, 1.9209, 3.0704, 4.7432, 2.6583, 2.6008, 1.7543, 5.4628, 4.7196, 4.4535, 2.2736, 4.5683, 2.2592, 2.0443, 2.963, 2.1271, 2.261, 2.2601],
  "loci": ["rs4669347", "rs1473101", "rs6706366", "rs4668598", "rs1543082", "rs12471187", "rs6431975", "rs4668599", "rs4668600", "rs6735385", "rs907163", "rs874878", "rs328632", "rs1109670", "rs13423661", "rs1397497", "rs12465727", "rs10194786", "rs6743450", "rs12612657", "rs2175334", "rs1543042", "rs6736097", "rs4669367", "rs11893051", "rs907164", "rs1467079", "rs1344185", "rs2175337", "rs12692377", "rs907165", "rs6431983", "rs12692379", "rs6431986", "rs7556775", "rs16866947", "rs13016537", "rs6711730", "rs6431990", "rs16866958"]
}
