{
  "id": "EdgeSet0621",
  "sources": ["Adygei", "Adygei", "Adygei", "Adygei", "Adygei", "Adygei", "Adygei", "Balochi", "Balochi", "Balochi", "Balochi", "BantuKenya", "BantuKenya", "BantuKenya", "BantuKenya", "BantuKenya", "BantuKenya", "BantuSouthAfrica", "BantuSouthAfrica", "BantuSouthAfrica", "Basque", "Basque", "Basque", "Basque", "Bedouin", "Bedouin", "Bedouin", "Bedouin", "Bedouin", "Bedouin", "BiakaPygmy", "BiakaPygmy", "BiakaPygmy", "BiakaPygmy", "Burusho", "Burusho", "Burusho", "Burusho", "Burusho", "Burusho", "Cambodian", "Cambodian", "Cambodian", "Cambodian", "Cambodian", "Colombian", "Colombian", "Colombian", "Daur", "Daur", "Daur", "Daur", "Druze", "Druze", "Kalash", "Lahu", "Lahu", "Lahu", "Lahu", "Mandenka", "Mandenka", "Mandenka", "MbutiPygmy", "Melanesian", "Mongola", "Palestinian", "Papuan", "Pima", "Russian", "San", "Uygur", "Uygur"],
  "targets": ["Balochi", "Basque", "Burusho", "Daur", "Druze", "Kalash", "Russian", "Bedouin", "Kalash", "Palestinian", "Uygur", "BantuSouthAfrica", "BiakaPygmy", "Mandenka", "MbutiPygmy", "Mozabite", "Yoruba", "BiakaPygmy", "MbutiPygmy", "San", "Mozabite", "Palestinian", "Russian", "Yi", "Druze", "Kalash", "Mozabite", "Palestinian", "Uygur", "Yi", "Lahu", "MbutiPygmy", "San", "Yoruba", "Daur", "Kalash", "Lahu", "Russian", "Uygur", "Yoruba", "Kalash", "Melanesian", "Mongola", "Palestinian", "Yi", "Maya", "Pima", "San", "Mongola", "Russian", "Yakut", "Yi", "Mozabite", "Palestinian", "Maya", "Mongola", "Pima", "Uygur", "Yoruba", "MbutiPygmy", "Mozabite", "Yoruba", "San", "Papuan", "Uygur", "Yi", "Pima", "Yakut", "Uygur", "Yakut", "Yakut", "Yi"],
  "weights": [2.3737, 2.2749, 2.7608, 3.7159, 2.7313, 2.602, 2.9112, 2.1264, 2.3253, 2.2196, 2.6457, 3.9028, 3.9917, 3.1134, 4.9367, 4.1664, 3.0758, 3.8549, 5.1162, 5.3402, 2.1242, 1.4712, 2.5028, 3.0434, 2.2301, 2.4318, 1.9486, 1.9771, 2.4493, 2.7239, 5.1614, 5.9652, 6.2374, 3.489, 3.3746, 2.804, 3.8684, 2.7954, 2.4678, 3.8167, 3.3897, 3.8551, 3.3177, 4.4247, 3.4962, 1.6549, 6.7216, 8.074, 3.6149, 3.5853, 4.1411, 2.668, 2.4476, 2.3043, 4.8416, 5.4116, 6.2395, 3.9659, 4.4728, 5.6763, 3.8468, 2.7496, 7.4948, 4.0398, 3.101, 2.7998, 7.2546, 3.8029, 2.8481, 6.2893, 3.6577, 2.5182],
  "loci": ["rs6710781", "rs7589636", "rs4672212", "rs1518685", "rs10518819", "rs7603418", "rs965979", "rs10165125", "rs2243931", "rs1358362", "rs820957", "rs820950", "rs1881020", "rs820968", "rs820965", "rs13422952", "rs2245273", "rs1527624", "rs4402741", "rs6722978", "rs1527627", "rs9309301", "rs6747684", "rs4144515", "rs17810247", "rs1527620", "rs1527619", "rs1918454", "rs13404527", "rs1405824", "rs17048978", "rs12328176", "rs17048981", "rs10172608", "rs17810870", "rs1405826", "rs13020857", "rs1405819", "rs6728612", "rs2695605"]
}
