{
  "id": "EdgeSet0314",
  "sources": ["Adygei", "Adygei", "Adygei", "Adygei", "Balochi", "Balochi", "Balochi", "Balochi", "Balochi", "BantuKenya", "BantuKenya", "BantuKenya", "BantuKenya", "BantuSouthAfrica", "BantuSouthAfrica", "Basque", "Basque", "Basque", "Basque", "Basque", "Bedouin", "Bedouin", "Bedouin", "BiakaPygmy", "BiakaPygmy", "BiakaPygmy", "BiakaPygmy", "Burusho", "Burusho", "Burusho", "Burusho", "Cambodian", "Cambodian", "Cambodian", "Cambodian", "Cambodian", "Colombian", "Colombian", "Colombian", "Colombian", "Daur", "Daur", "Daur", "Daur", "Druze", "Druze", "Kalash", "Kalash", "Kalash", "Lahu", "Lahu", "Mandenka", "Maya", "MbutiPygmy", "Melanesian", "Melanesian", "Melanesian", "Melanesian", "Mongola", "Mongola", "Mozabite", "Palestinian", "Papuan", "San", "Uygur", "Yakut"],
  "targets": ["Balochi", "Burusho", "Druze", "Russian", "Daur", "Druze", "Kalash", "Mongola", "Palestinian", "BantuSouthAfrica", "BiakaPygmy", "Mandenka", "Yoruba", "Mandenka", "San", "Bedouin", "Druze", "Melanesian", "Mozabite", "Russian", "Druze", "Mozabite", "Palestinian", "Mandenka", "MbutiPygmy", "San", "Yoruba", "Kalash", "Lahu", "Mozabite", "Russian", "Lahu", "Melanesian", "Mozabite", "Uygur", "Yi", "Maya", "Mongola", "Pima", "Yakut", "Mongola", "Pima", "Uygur", "Yakut", "Palestinian", "Russian", "Mongola", "Mozabite", "Pima", "Papuan", "Yi", "Yoruba", "Pima", "San", "Palestinian", "Papuan", "Russian", "Yi", "Uygur", "Yakut", "Palestinian", "Uygur", "Yi", "Yakut", "Yi", "Yi"],
  "weights": [2.2905, 2.6633, 1.7142, 2.3434, 4.2958, 2.2742, 2.3722, 3.7122, 2.3814, 3.9699, 3.5404, 2.5841, 2.6866, 3.2965, 7.2744, 2.5903, 2.4844, 4.6725, 2.7805, 2.545, 1.872, 2.5807, 1.8614, 3.4171, 4.1098, 5.8798, 2.8724, 2.8906, 4.4712, 3.3308, 2.8218, 3.1849, 4.7839, 3.831, 3.1419, 3.2562, 1.9697, 4.6111, 3.8602, 5.3999, 2.3883, 4.2065, 2.5795, 2.9471, 2.0721, 2.3667, 3.6937, 3.4632, 5.2368, 5.6057, 3.4382, 2.2432, 3.3866, 6.6141, 5.9727, 4.4191, 4.7276, 5.2832, 2.5256, 3.7065, 2.7792, 3.4088, 5.1588, 9.4139, 3.5496, 4.5349],
  "loci": ["rs1879283", "rs17010141", "rs2926304", "rs485100", "rs482384", "rs1983383", "rs6739240", "rs2681676", "rs551356", "rs6548032", "rs2176840", "rs17396800", "rs1464332", "rs6714182", "rs17010253", "rs17010258", "rs2030384", "rs4597574", "rs6710242", "rs10495780", "rs1402049", "rs6732918", "rs1915126", "rs6709502", "rs1520319", "rs10203688", "rs17010323", "rs7597567", "rs1915127", "rs1879282", "rs6548038", "rs939370", "rs7562766", "rs7560096", "rs17010374", "rs4410329", "rs4952185", "rs2364430", "rs929910", "rs10490517"]
}
