{
  "id": "EdgeSet0362",
  "sources": ["Adygei", "Adygei", "Adygei", "Balochi", "Balochi", "Balochi", "Balochi", "Balochi", "Balochi", "BantuKenya", "BantuKenya", "BantuKenya", "BantuSouthAfrica", "BantuSouthAfrica", "BantuSouthAfrica", "BantuSouthAfrica", "Basque", "Basque", "Basque", "Basque", "Bedouin", "Bedouin", "Bedouin", "Bedouin", "Bedouin", "Bedouin", "Bedouin", "BiakaPygmy", "BiakaPygmy", "BiakaPygmy", "Burusho", "Burusho", "Burusho", "Cambodian", "Cambodian", "Cambodian", "Cambodian", "Cambodian", "Cambodian", "Colombian", "Colombian", "Colombian", "Colombian", "Colombian", "Colombian", "Colombian", "Colombian", "Colombian", "Daur", "Daur", "Daur", "Daur", "Druze", "Druze", "Druze", "Kalash", "Kalash", "Lahu", "Lahu", "Lahu", "Mandenka", "Mandenka", "Maya", "Maya", "Maya", "Maya", "MbutiPygmy", "MbutiPygmy", "Melanesian", "Melanesian", "Mongola", "Mongola", "Mongola", "Papuan", "Pima", "Russian", "San", "Uygur", "Yi"],
  "targets": ["Balochi", "Druze", "Palestinian", "Burusho", "Daur", "Druze", "Kalash", "Mozabite", "Russian", "BiakaPygmy", "Mozabite", "Yoruba", "BiakaPygmy", "Mandenka", "San", "Yoruba", "Bedouin", "Palestinian", "Papuan", "Russian", "Burusho", "Druze", "Kalash", "Mozabite", "Palestinian", "Pima", "Russian", "Mandenka", "MbutiPygmy", "San", "Daur", "Maya", "Yi", "Daur", "Lahu", "Melanesian", "Mongola", "Uygur", "Yakut", "Daur", "Druze", "Lahu", "Maya", "Melanesian", "Papuan", "Pima", "Yakut", "Yi", "Lahu", "Papuan", "Yakut", "Yi", "Kalash", "Palestinian", "Russian", "Melanesian", "Papuan", "Melanesian", "Mozabite", "Yi", "Mozabite", "Yoruba", "Melanesian", "Papuan", "Pima", "Yakut", "San", "Yoruba", "Papuan", "Russian", "Mozabite", "Uygur", "Yakut", "Yakut", "Uygur", "Uygur", "Yakut", "Yakut", "Yoruba"],
  "weights": [2.0335, 1.9377, 2.237, 2.2288, 2.8392, 1.9709, 2.442, 2.3048, 1.8357, 4.8807, 4.1992, 4.1253, 4.9133, 4.0717, 5.7718, 4.0037, 2.1281, 1.862, 3.9336, 2.0743, 2.3721, 1.7106, 3.1502, 2.3553, 1.7546, 4.3651, 2.0871, 4.2526, 5.9935, 5.7462, 2.3888, 3.2444, 2.8286, 2.2046, 2.8001, 2.4618, 2.3927, 2.5502, 3.1647, 3.6368, 4.1361, 3.3921, 2.7831, 3.0585, 3.576, 4.2418, 4.1149, 3.2219, 2.2856, 3.0759, 3.3328, 2.3517, 2.2133, 1.7502, 1.9666, 2.2841, 2.6272, 2.5315, 4.6376, 2.7304, 3.4407, 2.8071, 2.9675, 3.3391, 3.4196, 3.9535, 8.1548, 6.6838, 2.3564, 4.2793, 3.0088, 2.2297, 3.1921, 4.0085, 3.7488, 3.145, 8.7071, 3.3041, 4.2665],
  "loci": ["rs13021482", "rs7572208", "rs17016499", "rs6543934", "rs7598399", "rs12993283", "rs17016508", "rs17016513", "rs4549067", "rs4289164", "rs11124430", "rs11686630", "rs7590663", "rs11687183", "rs11675971", "rs4670463", "rs4346361", "rs6739406", "rs17016557", "rs4381761", "rs17016558", "rs12476042", "rs12233153", "rs4624361", "rs6756157", "rs10176096", "rs7608944", "rs7580957", "rs13429480", "rs17016629", "rs4670470", "rs4280439", "rs4513272", "rs10185572", "rs12619050", "rs6735007", "rs13397054", "rs2719085", "rs4297857", "rs2714589"]
}
