{
  "id": "EdgeSet0933",
  "sources": ["Adygei", "Adygei", "Adygei", "Adygei", "Adygei", "Adygei", "Adygei", "Balochi", "Balochi", "Balochi", "Balochi", "Balochi", "Balochi", "BantuKenya", "BantuKenya", "BantuKenya", "BantuKenya", "BantuSouthAfrica", "BantuSouthAfrica", "Basque", "Basque", "Basque", "Basque", "Basque", "Bedouin", "Bedouin", "Bedouin", "Bedouin", "BiakaPygmy", "BiakaPygmy", "BiakaPygmy", "Burusho", "Burusho", "Burusho", "Cambodian", "Cambodian", "Cambodian", "Cambodian", "Cambodian", "Colombian", "Daur", "Daur", "Daur", "Daur", "Daur", "Druze", "Druze", "Druze", "Druze", "Kalash", "Lahu", "Lahu", "Lahu", "Lahu", "Lahu", "Mandenka", "Mandenka", "Maya", "Maya", "Maya", "MbutiPygmy", "Melanesian", "Melanesian", "Melanesian", "Mongola", "Mongola", "Mongola", "Mozabite", "Mozabite", "Papuan", "Papuan", "Papuan", "Pima", "Uygur"],
  "targets": ["Bedouin", "Cambodian", "Druze", "Kalash", "Palestinian", "Russian", "Yi", "Basque", "Bedouin", "Cambodian", "Kalash", "Melanesian", "Palestinian", "BiakaPygmy", "Mandenka", "San", "Yoruba", "San", "Yoruba", "Burusho", "Lahu", "Melanesian", "Russian", "Uygur", "Burusho", "Druze", "Mozabite", "Palestinian", "MbutiPygmy", "Pima", "Yoruba", "Kalash", "Lahu", "Russian", "Lahu", "Mandenka", "MbutiPygmy", "Mongola", "Yi", "Maya", "Lahu", "Maya", "Mongola", "Yakut", "Yi", "Kalash", "Mozabite", "Palestinian", "Russian", "Papuan", "Mongola", "Papuan", "Russian", "San", "Yi", "MbutiPygmy", "Yoruba", "Mongola", "Pima", "Yi", "San", "Palestinian", "Papuan", "Yakut", "Uygur", "Yakut", "Yi", "Palestinian", "Yoruba", "Pima", "Uygur", "Yakut", "Yakut", "Yakut"],
  "weights": [1.8388, 3.2916, 1.9048, 2.4567, 1.9087, 2.4594, 3.2087, 2.4048, 2.1396, 3.4638, 2.4763, 3.2145, 2.006, 4.4815, 3.3848, 5.9793, 3.4848, 5.1713, 3.6527, 2.9737, 3.6389, 3.4643, 3.1647, 2.9015, 2.7812, 1.6576, 2.4005, 1.7026, 4.6336, 8.6032, 3.1882, 2.7352, 3.7928, 3.2168, 4.3457, 4.2474, 6.0543, 3.1413, 3.3075, 2.3554, 3.795, 4.0313, 2.7858, 3.3547, 2.2085, 2.3393, 2.5262, 1.5694, 3.0604, 5.3292, 3.8964, 5.641, 4.3894, 7.9702, 3.6876, 4.7155, 3.1655, 4.5105, 3.9384, 4.9521, 5.3923, 3.1202, 3.7878, 4.6793, 2.9609, 3.6786, 2.9237, 2.278, 4.2484, 7.2184, 4.5016, 5.6516, 7.0876, 3.9061],
  "loci": ["rs11123891", "rs12466719", "rs3900546", "rs4851466", "rs7420103", "rs7355302", "rs10186803", "rs6543081", "rs7569386", "rs11687570", "rs6755294", "rs2310116", "rs10496354", "rs10496357", "rs4851475", "rs2136435", "rs13407493", "rs4851484", "rs4280476", "rs10496358", "rs1509498", "rs6543085", "rs4851487", "rs12465765", "rs1567385", "rs11674694", "rs6543092", "rs12476979", "rs17025997", "rs4384813", "rs6543094", "rs11123901", "rs4616501", "rs10191330", "rs6732726", "rs4851502", "rs17026163", "rs1859712", "rs972372", "rs2108196"]
}
