{
  "id": "EdgeSet0328",
  "sources": ["Adygei", "Adygei", "Adygei", "Balochi", "Balochi", "Balochi", "Balochi", "BantuKenya", "BantuKenya", "BantuKenya", "BantuSouthAfrica", "BantuSouthAfrica", "BantuSouthAfrica", "Basque", "Basque", "Basque", "Basque", "Bedouin", "Bedouin", "Bedouin", "Bedouin", "BiakaPygmy", "BiakaPygmy", "BiakaPygmy", "Burusho", "Burusho", "Burusho", "Burusho", "Burusho", "Cambodian", "Cambodian", "Cambodian", "Cambodian", "Cambodian", "Colombian", "Colombian", "Colombian", "Colombian", "Colombian", "Colombian", "Daur", "Daur", "Daur", "Druze", "Kalash", "Kalash", "Lahu", "Lahu", "Lahu", "Lahu", "Mandenka", "Mandenka", "Maya", "Maya", "Maya", "MbutiPygmy", "MbutiPygmy", "Melanesian", "Melanesian", "Melanesian", "Melanesian", "Mongola", "Mongola", "Mozabite", "Mozabite", "Palestinian", "Papuan", "Pima", "Russian", "San", "Uygur"],
  "targets": ["Balochi", "Maya", "Papuan", "Basque", "Bedouin", "Druze", "Russian", "BiakaPygmy", "MbutiPygmy", "Yoruba", "BiakaPygmy", "MbutiPygmy", "Pima", "Druze", "Palestinian", "Russian", "Yakut", "Druze", "Mozabite", "Palestinian", "Yoruba", "MbutiPygmy", "San", "Yoruba", "Cambodian", "Kalash", "Lahu", "Papuan", "Yakut", "Kalash", "Melanesian", "Uygur", "Yakut", "Yi", "Kalash", "Lahu", "Maya", "Mongola", "Pima", "Russian", "Melanesian", "Uygur", "Yi", "Kalash", "Mongola", "Russian", "Mongola", "Pima", "Yakut", "Yi", "Mozabite", "Yoruba", "Mongola", "Palestinian", "Papuan", "Papuan", "San", "Mongola", "Papuan", "Pima", "Yi", "Uygur", "Yi", "Pima", "Russian", "Russian", "Yi", "San", "Yi", "Yoruba", "Yakut"],
  "weights": [2.4743, 3.0828, 3.5405, 2.0071, 1.7989, 1.8918, 2.4807, 3.7458, 4.4407, 3.6429, 3.6515, 5.3047, 8.4397, 1.38, 1.9579, 2.3849, 2.0089, 1.6603, 3.5026, 1.9361, 2.9582, 4.2554, 5.3923, 3.7653, 3.0292, 3.0695, 5.3261, 3.9824, 3.0398, 3.0975, 4.3487, 1.9542, 2.022, 1.6508, 4.2642, 4.7858, 2.4644, 4.01, 7.0127, 3.921, 3.089, 1.9332, 2.496, 3.8805, 3.834, 3.3512, 3.4953, 7.0672, 3.3347, 3.5995, 4.0887, 2.8625, 4.3117, 3.2904, 4.2041, 6.5357, 5.7761, 4.0966, 4.6581, 6.8186, 3.8771, 2.8162, 3.0754, 7.125, 4.3334, 2.483, 3.7314, 8.2759, 3.4921, 5.2103, 1.454],
  "loci": ["rs6718214", "rs7609320", "rs176411", "rs176413", "rs12992095", "rs6747906", "rs3769598", "rs17820747", "rs6543658", "rs17011982", "rs6724235", "rs17011993", "rs12465072", "rs2754513", "rs2754520", "rs4952295", "rs2568464", "rs6711579", "rs2568465", "rs2710605", "rs2166868", "rs2295728", "rs7594173", "rs12994364", "rs10432654", "rs13009977", "rs11124287", "rs4952283", "rs3769589", "rs10184751", "rs958243", "rs17012106", "rs11893716", "rs2273659", "rs6743661", "rs11124288", "rs3754834", "rs17012133", "rs7370516", "rs2273660"]
}
