{
  "id": "EdgeSet0666",
  "sources": ["Adygei", "Adygei", "Adygei", "Adygei", "Adygei", "Adygei", "Balochi", "Balochi", "Balochi", "Balochi", "Balochi", "Balochi", "BantuKenya", "BantuKenya", "BantuKenya", "BantuKenya", "BantuSouthAfrica", "BantuSouthAfrica", "BantuSouthAfrica", "BantuSouthAfrica", "BantuSouthAfrica", "Basque", "Basque", "Basque", "Bedouin", "Bedouin", "Bedouin", "Bedouin", "Bedouin", "BiakaPygmy", "BiakaPygmy", "BiakaPygmy", "BiakaPygmy", "Burusho", "Burusho", "Burusho", "Burusho", "Cambodian", "Cambodian", "Cambodian", "Cambodian", "Cambodian", "Colombian", "Colombian", "Colombian", "Colombian", "Colombian", "Daur", "Daur", "Daur", "Daur", "Daur", "Druze", "Kalash", "Kalash", "Lahu", "Lahu", "Lahu", "Lahu", "Mandenka", "Mandenka", "Mandenka", "Mandenka", "Maya", "Maya", "MbutiPygmy", "Melanesian", "Melanesian", "Melanesian", "Melanesian", "Mongola", "Mongola", "Mongola", "Mozabite", "Palestinian", "Papuan", "Uygur", "Uygur"],
  "targets": ["Basque", "Bedouin", "Druze", "Kalash", "Palestinian", "Russian", "Basque", "Bedouin", "Burusho", "Mozabite", "Palestinian", "Uygur", "Basque", "BiakaPygmy", "MbutiPygmy", "Yoruba", "BiakaPygmy", "MbutiPygmy", "Mozabite", "San", "Yoruba", "Burusho", "Mozabite", "San", "Burusho", "Druze", "Mandenka", "Mozabite", "Palestinian", "MbutiPygmy", "Melanesian", "Russian", "San", "Druze", "Kalash", "Melanesian", "Russian", "Daur", "Papuan", "Yakut", "Yi", "Yoruba", "Maya", "Melanesian", "Mongola", "Pima", "Yakut", "Kalash", "Lahu", "Mongola", "San", "Uygur", "Palestinian", "MbutiPygmy", "Russian", "Melanesian", "Palestinian", "Papuan", "Yi", "MbutiPygmy", "Russian", "San", "Yoruba", "Pima", "Yi", "Yoruba", "Papuan", "Pima", "San", "Uygur", "Uygur", "Yakut", "Yi", "Yoruba", "Russian", "San", "Yakut", "Yi"],
  "weights": [3.0817, 2.4996, 3.0921, 3.6482, 2.7269, 2.9205, 3.5406, 1.6516, 2.4554, 2.2356, 1.8795, 2.639, 4.4613, 3.7856, 4.6509, 3.2653, 3.6452, 4.2629, 3.7775, 7.9707, 3.4563, 3.0686, 3.3124, 9.7506, 2.4097, 1.9906, 4.7079, 2.3075, 2.066, 3.5387, 6.9186, 5.1126, 8.3742, 2.9244, 3.4308, 6.1083, 2.7739, 4.5144, 3.2158, 2.0393, 2.8758, 4.1807, 3.4766, 7.149, 4.6696, 4.7071, 5.0522, 4.6254, 4.5416, 3.4337, 10.529, 3.3929, 2.739, 5.9149, 3.0693, 6.0565, 5.0406, 4.4237, 3.9752, 4.6694, 4.4641, 9.4395, 2.8608, 3.2207, 3.4071, 3.9868, 5.7502, 6.8643, 11.9017, 5.5061, 2.1562, 2.7256, 2.6809, 3.177, 2.3358, 11.0611, 2.8006, 2.7696],
  "loci": ["rs2710646", "rs12614162", "rs2710642", "rs12987254", "rs2539978", "rs2710647", "rs2553042", "rs17598689", "rs2710648", "rs2018650", "rs2075375", "rs12467951", "rs11125946", "rs6545977", "rs12996320", "rs984682", "rs13002109", "rs13010733", "rs4671458", "rs11685079", "rs17027650", "rs17408841", "rs13009169", "rs13431765", "rs10206947", "rs4671465", "rs6758966", "rs2421916", "rs2421917", "rs11125954", "rs2421919", "rs11899838", "rs12471038", "rs7585088", "rs2699396", "rs13431584", "rs1517405", "rs6545986", "rs7585664", "rs7566860"]
}
