{
  "id": "EdgeSet0837",
  "sources": ["Adygei", "Adygei", "Adygei", "Adygei", "Adygei", "Adygei", "Balochi", "Balochi", "Balochi", "Balochi", "BantuKenya", "BantuKenya", "BantuKenya", "BantuKenya", "BantuSouthAfrica", "BantuSouthAfrica", "BantuSouthAfrica", "Basque", "Basque", "Basque", "Bedouin", "Bedouin", "Bedouin", "Bedouin", "Bedouin", "Bedouin", "BiakaPygmy", "BiakaPygmy", "BiakaPygmy", "BiakaPygmy", "Burusho", "Burusho", "Burusho", "Burusho", "Cambodian", "Cambodian", "Cambodian", "Cambodian", "Cambodian", "Cambodian", "Cambodian", "Colombian", "Colombian", "Daur", "Daur", "Daur", "Daur", "Druze", "Kalash", "Kalash", "Kalash", "Lahu", "Lahu", "Lahu", "Lahu", "Lahu", "Mandenka", "Mandenka", "Mandenka", "Maya", "Maya", "MbutiPygmy", "Melanesian", "Melanesian", "Mongola", "Mongola", "Mongola", "Mozabite", "Mozabite", "Papuan", "Papuan", "Pima", "Russian", "Uygur"],
  "targets": ["Burusho", "Druze", "Mongola", "Palestinian", "Russian", "Yakut", "Basque", "Bedouin", "Druze", "Kalash", "BantuSouthAfrica", "BiakaPygmy", "MbutiPygmy", "Yoruba", "Mandenka", "San", "Yoruba", "Druze", "Mozabite", "Russian", "Druze", "Kalash", "Mozabite", "Palestinian", "Papuan", "Russian", "Mandenka", "MbutiPygmy", "San", "Yoruba", "Kalash", "Palestinian", "Russian", "Uygur", "Colombian", "Daur", "Lahu", "Mongola", "Uygur", "Yakut", "Yi", "Maya", "Pima", "Melanesian", "Mongola", "Yakut", "Yi", "Palestinian", "Lahu", "Russian", "Uygur", "Melanesian", "Mongola", "Pima", "San", "Yi", "Mongola", "San", "Yoruba", "Pima", "Yakut", "San", "Papuan", "Yi", "Papuan", "Uygur", "Yakut", "Palestinian", "Yoruba", "Uygur", "Yi", "San", "Uygur", "Yakut"],
  "weights": [2.6692, 1.8579, 3.4704, 2.2413, 2.7456, 4.0877, 2.2823, 2.1748, 2.3854, 2.4965, 3.5437, 2.9425, 4.1544, 2.2738, 3.7036, 6.8316, 3.6196, 2.4206, 2.6499, 2.3794, 2.0408, 2.4337, 2.2414, 1.8085, 4.5316, 2.4839, 3.5591, 3.8056, 6.337, 3.1131, 2.9041, 2.6567, 2.9048, 2.8926, 4.9317, 2.0817, 4.1386, 2.7362, 2.8789, 3.051, 2.8773, 5.0079, 6.5981, 3.0899, 2.823, 2.8879, 2.7523, 2.1583, 5.2857, 3.114, 3.1418, 4.9933, 4.1561, 6.8118, 9.5599, 4.2069, 6.0187, 6.1683, 2.7751, 2.9763, 4.4124, 6.2148, 4.8798, 3.2942, 4.4239, 2.6893, 3.1509, 2.4926, 3.907, 4.2124, 4.8737, 11.1542, 3.0276, 3.2327],
  "loci": ["rs2974140", "rs1030733", "rs1030734", "rs10192641", "rs1434100", "rs4143780", "rs1434104", "rs2974135", "rs1434105", "rs1434106", "rs4643562", "rs17018285", "rs6721643", "rs2196158", "rs12472674", "rs11689409", "rs2974134", "rs2974133", "rs955105", "rs4591366", "rs6740302", "rs4852169", "rs892454", "rs747920", "rs1541947", "rs12990844", "rs6752828", "rs2060396", "rs12997292", "rs13012746", "rs2974132", "rs2916490", "rs2916491", "rs6719499", "rs17018319", "rs13001262", "rs13028697", "rs542255", "rs17018346", "rs671802"]
}
