{
  "id": "EdgeSet0122",
  "sources": ["Adygei", "Adygei", "Adygei", "Adygei", "Adygei", "Adygei", "Adygei", "Adygei", "Adygei", "Balochi", "Balochi", "Balochi", "Balochi", "Balochi", "Balochi", "BantuKenya", "BantuKenya", "BantuKenya", "BantuKenya", "BantuKenya", "BantuKenya", "BantuSouthAfrica", "BantuSouthAfrica", "BantuSouthAfrica", "BantuSouthAfrica", "BantuSouthAfrica", "BantuSouthAfrica", "Basque", "Basque", "Basque", "Basque", "Basque", "Basque", "Basque", "Bedouin", "Bedouin", "Bedouin", "Bedouin", "BiakaPygmy", "BiakaPygmy", "BiakaPygmy", "Burusho", "Burusho", "Burusho", "Burusho", "Cambodian", "Cambodian", "Cambodian", "Cambodian", "Cambodian", "Colombian", "Colombian", "Colombian", "Colombian", "Colombian", "Daur", "Daur", "Daur", "Daur", "Daur", "Daur", "Daur", "Druze", "Druze", "Kalash", "Kalash", "Lahu", "Lahu", "Lahu", "Mandenka", "Mandenka", "Maya", "Maya", "MbutiPygmy", "MbutiPygmy", "MbutiPygmy", "MbutiPygmy", "Melanesian", "Mongola", "Mongola", "Mongola", "Mongola", "Mozabite", "Mozabite", "Pima", "Pima", "Russian", "Uygur", "Yakut", "Yakut"],
  "targets": ["Balochi", "Bedouin", "Druze", "Kalash", "Melanesian", "Pima", "Russian", "San", "Yi", "Burusho", "Druze", "Lahu", "Mozabite", "Palestinian", "Uygur", "BiakaPygmy", "Mandenka", "Mozabite", "Papuan", "San", "Yoruba", "BiakaPygmy", "Lahu", "Mandenka", "MbutiPygmy", "San", "Yoruba", "Bedouin", "Daur", "Druze", "Melanesian", "Palestinian", "Papuan", "Uygur", "Lahu", "Palestinian", "Papuan", "Pima", "Mandenka", "San", "Yoruba", "Druze", "Lahu", "Mongola", "Russian", "Colombian", "Daur", "Lahu", "San", "Yi", "Daur", "Maya", "MbutiPygmy", "Mongola", "Pima", "Lahu", "Maya", "Melanesian", "Mongola", "Pima", "Yakut", "Yi", "Kalash", "Russian", "Melanesian", "Russian", "Maya", "Papuan", "Yakut", "Mozabite", "Yoruba", "Pima", "Uygur", "Melanesian", "Papuan", "San", "Yoruba", "Papuan", "Mozabite", "Uygur", "Yakut", "Yi", "Palestinian", "Yi", "Yakut", "Yi", "Uygur", "Yakut", "Yi", "Yoruba"],
  "weights": [2.3325, 2.2148, 2.2541, 2.4285, 4.7199, 3.4234, 3.1162, 6.4041, 2.9047, 2.1767, 2.677, 3.4777, 2.6698, 2.2303, 2.2583, 4.1052, 3.3558, 4.3047, 6.3021, 6.3126, 3.7722, 4.4624, 6.2446, 3.5239, 6.6139, 6.27, 3.2709, 1.8317, 4.3969, 2.0583, 4.5139, 2.0538, 4.6687, 2.5939, 4.3644, 1.3535, 4.4148, 4.2547, 3.4682, 6.0688, 4.0465, 1.9961, 4.393, 3.3661, 2.2326, 4.2987, 2.5223, 2.903, 6.9825, 2.6483, 5.4687, 3.6603, 7.7447, 4.9131, 4.3552, 3.3624, 3.4822, 5.5836, 3.0348, 3.27, 2.9101, 2.5956, 1.754, 1.9475, 4.4993, 1.6885, 3.4542, 6.2642, 3.6407, 3.8602, 3.2979, 2.5722, 3.5594, 8.4478, 8.4484, 8.6965, 5.5745, 5.8408, 4.0225, 2.9021, 2.7119, 2.1165, 2.3042, 3.1391, 3.5367, 2.9854, 2.5594, 2.478, 2.6123, 5.7776],
  "loci": ["rs12998055", "rs7422405", "rs12468286", "rs4669614", "rs10929698", "rs12474854", "rs1198844", "rs1198849", "rs902130", "rs3856465", "rs1198873", "rs10197695", "rs17455729", "rs4807", "rs4799", "rs1686447", "rs1734344", "rs1686444", "rs10197595", "rs2884289", "rs13429247", "rs1626087", "rs1686486", "rs17365477", "rs1686484", "rs4669632", "rs4669633", "rs1623958", "rs1734389", "rs1734394", "rs1686468", "rs1734395", "rs9287724", "rs11687477", "rs1198855", "rs17365609", "rs1734337", "rs1734464", "rs16856756", "rs1997523"]
}
