{
  "id": "EdgeSet0426",
  "sources": ["Adygei", "Adygei", "Adygei", "Adygei", "Adygei", "Balochi", "Balochi", "Balochi", "Balochi", "Balochi", "Balochi", "Balochi", "BantuKenya", "BantuKenya", "BantuKenya", "BantuKenya", "BantuSouthAfrica", "BantuSouthAfrica", "BantuSouthAfrica", "Basque", "Basque", "Basque", "Basque", "Basque", "Bedouin", "Bedouin", "Bedouin", "Bedouin", "Bedouin", "BiakaPygmy", "BiakaPygmy", "BiakaPygmy", "Burusho", "Burusho", "Burusho", "Burusho", "Burusho", "Cambodian", "Cambodian", "Cambodian", "Colombian", "Colombian", "Colombian", "Colombian", "Daur", "Daur", "Daur", "Daur", "Daur", "Druze", "Druze", "Kalash", "Kalash", "Lahu", "Lahu", "Mandenka", "Mandenka", "Maya", "MbutiPygmy", "MbutiPygmy", "MbutiPygmy", "Melanesian", "Melanesian", "Melanesian", "Melanesian", "Mongola", "Mongola", "Mongola", "Palestinian", "Palestinian", "Papuan", "Pima", "Pima", "Russian", "San", "Uygur"],
  "targets": ["Balochi", "Druze", "Kalash", "Palestinian", "Russian", "Basque", "Druze", "Kalash", "Maya", "Palestinian", "Pima", "Yi", "BantuSouthAfrica", "BiakaPygmy", "MbutiPygmy", "Yoruba", "Mandenka", "Pima", "Yoruba", "Burusho", "Mongola", "Mozabite", "Papuan", "Russian", "Burusho", "Druze", "Mozabite", "Palestinian", "Yoruba", "Mandenka", "MbutiPygmy", "San", "Druze", "Kalash", "Mozabite", "Palestinian", "Pima", "Lahu", "Papuan", "Yi", "Maya", "San", "Yakut", "Yi", "Lahu", "Melanesian", "Mongola", "Uygur", "Yakut", "Mozabite", "Russian", "Russian", "San", "Uygur", "Yi", "Mozabite", "Yoruba", "Yi", "Pima", "San", "Yoruba", "Mongola", "Papuan", "Pima", "Yi", "Mozabite", "Uygur", "Yakut", "Russian", "Uygur", "Uygur", "Russian", "Yakut", "Uygur", "Yoruba", "Yakut"],
  "weights": [2.4315, 1.8575, 2.5322, 2.0739, 1.8543, 2.8959, 2.2875, 2.9954, 4.6171, 2.215, 5.0775, 4.7863, 3.5522, 4.8465, 4.3029, 2.8225, 3.9142, 5.627, 3.1133, 2.9731, 3.9832, 2.8683, 3.6545, 2.7732, 1.9979, 1.8251, 2.0959, 1.9646, 3.7271, 4.7472, 5.7226, 6.5988, 1.8145, 2.771, 2.1695, 2.0239, 4.7892, 3.4527, 3.9581, 3.4934, 2.143, 9.0649, 4.2161, 3.519, 2.9432, 3.3022, 2.8954, 2.5542, 2.2962, 1.663, 1.5341, 2.5357, 9.1052, 3.1624, 3.0428, 4.8928, 3.9325, 3.5662, 7.188, 8.0126, 4.4528, 2.3937, 3.3104, 4.4229, 2.837, 2.8422, 2.3565, 2.6814, 1.7679, 2.426, 2.9904, 5.2711, 4.4637, 2.5587, 7.2354, 2.3506],
  "loci": ["rs9309064", "rs6755880", "rs10490368", "rs10205399", "rs12614285", "rs11891011", "rs13022283", "rs11884438", "rs11890252", "rs2373969", "rs13026478", "rs12474136", "rs2161070", "rs7570736", "rs4952436", "rs2193886", "rs2193892", "rs2373976", "rs10490373", "rs715251", "rs715252", "rs13429393", "rs10490374", "rs17633025", "rs766174", "rs10205393", "rs13407981", "rs13417378", "rs10176121", "rs11124785", "rs11886857", "rs2374144", "rs17634234", "rs7562658", "rs7572987", "rs10469868", "rs12613369", "rs9309065", "rs13014034", "rs11900750"]
}
