{
  "id": "EdgeSet0806",
  "sources": ["Adygei", "Adygei", "Adygei", "Adygei", "Adygei", "Balochi", "Balochi", "Balochi", "Balochi", "Balochi", "Balochi", "BantuKenya", "BantuKenya", "BantuKenya", "BantuKenya", "BantuKenya", "BantuKenya", "BantuSouthAfrica", "BantuSouthAfrica", "BantuSouthAfrica", "BantuSouthAfrica", "BantuSouthAfrica", "BantuSouthAfrica", "Basque", "Basque", "Basque", "Basque", "Bedouin", "Bedouin", "Bedouin", "BiakaPygmy", "BiakaPygmy", "BiakaPygmy", "Burusho", "Burusho", "Burusho", "Burusho", "Cambodian", "Cambodian", "Cambodian", "Cambodian", "Colombian", "Colombian", "Colombian", "Daur", "Daur", "Daur", "Druze", "Druze", "Kalash", "Kalash", "Lahu", "Lahu", "Lahu", "Mandenka", "Mandenka", "Maya", "MbutiPygmy", "MbutiPygmy", "Melanesian", "Melanesian", "Mongola", "Mongola", "Mongola", "Mozabite", "Mozabite", "Papuan", "Russian", "San", "Uygur", "Uygur"],
  "targets": ["Balochi", "Basque", "Bedouin", "Kalash", "Russian", "Burusho", "Kalash", "Russian", "San", "Yakut", "Yoruba", "BantuSouthAfrica", "BiakaPygmy", "Cambodian", "Mandenka", "MbutiPygmy", "Yoruba", "BiakaPygmy", "Daur", "Mandenka", "MbutiPygmy", "Melanesian", "Yoruba", "Bedouin", "Druze", "Mandenka", "Russian", "Druze", "Mozabite", "Palestinian", "Mandenka", "San", "Yoruba", "Druze", "Kalash", "Mozabite", "Palestinian", "Daur", "Lahu", "Mongola", "Yi", "Kalash", "Maya", "Pima", "Mongola", "Pima", "Yi", "Palestinian", "Russian", "Palestinian", "Russian", "Melanesian", "Mongola", "Uygur", "Papuan", "Yoruba", "Pima", "Melanesian", "San", "Papuan", "San", "Uygur", "Yakut", "Yi", "Russian", "Yoruba", "San", "Yakut", "Yakut", "Yakut", "Yi"],
  "weights": [2.3751, 3.0659, 2.0208, 2.5844, 2.3551, 2.7397, 2.8871, 2.6713, 9.6736, 3.9294, 3.8399, 3.6671, 3.8676, 4.5418, 3.5196, 5.7281, 3.3328, 3.6639, 5.2268, 3.0399, 5.0556, 5.9853, 2.7583, 2.738, 3.1198, 4.8747, 3.2925, 1.994, 2.2936, 1.9968, 3.7229, 8.1958, 3.5341, 2.3457, 2.6608, 3.5493, 2.2843, 3.2165, 3.2008, 2.9198, 2.9422, 4.9835, 2.4339, 3.2079, 2.8761, 4.9916, 3.1903, 1.5386, 2.5791, 2.3912, 2.816, 6.3204, 3.0357, 2.6097, 5.5516, 2.7867, 2.1294, 7.8873, 10.417, 4.0642, 11.1955, 2.2517, 3.1184, 2.6993, 2.6602, 3.0268, 10.4586, 4.1525, 10.0704, 3.0732, 2.8085],
  "loci": ["rs2439567", "rs415838", "rs9309515", "rs13425851", "rs443237", "rs433156", "rs290018", "rs290017", "rs290016", "rs424198", "rs17014064", "rs370099", "rs11675918", "rs13403846", "rs6721651", "rs1922807", "rs13013710", "rs6749190", "rs4145833", "rs12990498", "rs4561696", "rs1882681", "rs1922809", "rs10520186", "rs12614202", "rs2901847", "rs2861079", "rs1922806", "rs2861078", "rs12713914", "rs1922817", "rs11689077", "rs17648731", "rs12328979", "rs6749867", "rs10189992", "rs13027825", "rs9309517", "rs2204916", "rs17014206"]
}
