{
  "id": "EdgeSet0631",
  "sources": ["Adygei", "Adygei", "Adygei", "Adygei", "Adygei", "Balochi", "Balochi", "Balochi", "BantuKenya", "BantuKenya", "BantuKenya", "BantuKenya", "BantuKenya", "BantuKenya", "BantuKenya", "BantuSouthAfrica", "BantuSouthAfrica", "BantuSouthAfrica", "BantuSouthAfrica", "Basque", "Basque", "Basque", "Basque", "Bedouin", "Bedouin", "Bedouin", "BiakaPygmy", "BiakaPygmy", "BiakaPygmy", "BiakaPygmy", "Burusho", "Burusho", "Burusho", "Burusho", "Cambodian", "Cambodian", "Cambodian", "Cambodian", "Cambodian", "Colombian", "Colombian", "Colombian", "Colombian", "Colombian", "Daur", "Daur", "Daur", "Daur", "Druze", "Druze", "Druze", "Druze", "Kalash", "Kalash", "Lahu", "Lahu", "Lahu", "Mandenka", "Mandenka", "Maya", "Maya", "MbutiPygmy", "MbutiPygmy", "Melanesian", "Melanesian", "Mongola", "Mongola", "Mozabite", "Papuan", "Russian", "Uygur", "Uygur"],
  "targets": ["Balochi", "BantuSouthAfrica", "Basque", "Daur", "Russian", "Bedouin", "Burusho", "Kalash", "BiakaPygmy", "Mandenka", "MbutiPygmy", "Melanesian", "Mozabite", "San", "Yoruba", "Cambodian", "Colombian", "Palestinian", "Yoruba", "Burusho", "Druze", "Palestinian", "Russian", "Druze", "Mozabite", "Palestinian", "Mandenka", "Papuan", "San", "Yoruba", "Daur", "Kalash", "Melanesian", "Russian", "Daur", "Kalash", "Papuan", "Russian", "Yi", "Lahu", "Mandenka", "Maya", "Pima", "San", "Maya", "Mongola", "Pima", "Yakut", "Melanesian", "Palestinian", "Papuan", "Russian", "Papuan", "Russian", "Melanesian", "Mongola", "Uygur", "MbutiPygmy", "Yoruba", "Pima", "Yakut", "San", "Yoruba", "Papuan", "San", "Uygur", "Yakut", "Yoruba", "Yi", "Yoruba", "Yakut", "Yi"],
  "weights": [2.3854, 3.8069, 2.5024, 5.0316, 2.4979, 2.0732, 2.8253, 2.6536, 3.8752, 3.246, 4.2005, 6.5787, 3.9303, 7.0049, 3.0813, 4.7616, 8.1248, 3.2422, 3.7465, 2.7497, 2.8273, 2.4299, 2.6868, 2.1252, 1.9385, 1.7826, 3.9612, 4.5685, 6.7578, 3.6784, 3.9662, 2.9194, 5.0235, 2.7257, 4.0705, 3.1031, 3.7761, 3.6265, 2.2834, 5.6963, 8.0584, 5.7942, 6.4292, 10.8514, 2.3419, 1.997, 3.2785, 1.7524, 5.3677, 2.4034, 3.6742, 3.0129, 3.5831, 2.6243, 7.7987, 3.9233, 3.749, 4.3025, 3.3991, 3.5085, 1.9786, 6.667, 4.0431, 5.0875, 9.377, 2.5132, 1.4085, 3.3105, 3.1666, 4.5897, 2.3386, 2.1763],
  "loci": ["rs4671328", "rs1796434", "rs2708149", "rs2708146", "rs17049709", "rs6741951", "rs12986742", "rs6759519", "rs10176091", "rs10490095", "rs10210385", "rs10204566", "rs6747219", "rs17049738", "rs6719884", "rs7597339", "rs2862733", "rs2160206", "rs10182324", "rs7593324", "rs10490096", "rs7562411", "rs7592415", "rs4140883", "rs10198586", "rs2041742", "rs2215964", "rs11125762", "rs6719683", "rs734926", "rs2192692", "rs12621847", "rs42843", "rs42840", "rs42837", "rs6758100", "rs17618117", "rs42829", "rs42826", "rs10490098"]
}
