{
  "id": "EdgeSet0162",
  "sources": ["Adygei", "Adygei", "Adygei", "Balochi", "Balochi", "Balochi", "Balochi", "BantuKenya", "BantuKenya", "BantuKenya", "BantuKenya", "BantuSouthAfrica", "BantuSouthAfrica", "BantuSouthAfrica", "BantuSouthAfrica", "Basque", "Basque", "Basque", "Basque", "Basque", "Bedouin", "Bedouin", "Bedouin", "Bedouin", "Bedouin", "BiakaPygmy", "BiakaPygmy", "BiakaPygmy", "Burusho", "Burusho", "Burusho", "Burusho", "Cambodian", "Cambodian", "Cambodian", "Cambodian", "Cambodian", "Cambodian", "Colombian", "Colombian", "Colombian", "Colombian", "Colombian", "Colombian", "Colombian", "Daur", "Daur", "Daur", "Daur", "Daur", "Druze", "Druze", "Druze", "Druze", "Kalash", "Kalash", "Kalash", "Lahu", "Lahu", "Lahu", "Mandenka", "Mandenka", "Maya", "Maya", "MbutiPygmy", "Melanesian", "Melanesian", "Melanesian", "Mongola", "Mongola", "Palestinian", "Palestinian", "Papuan", "Pima", "Russian", "Uygur"],
  "targets": ["Basque", "Druze", "Mozabite", "Burusho", "Mozabite", "Palestinian", "Pima", "BiakaPygmy", "Mandenka", "MbutiPygmy", "Yoruba", "BiakaPygmy", "MbutiPygmy", "San", "Yoruba", "Bedouin", "Burusho", "Lahu", "Mozabite", "Russian", "Burusho", "Druze", "Mozabite", "Palestinian", "Pima", "MbutiPygmy", "San", "Yoruba", "Druze", "Kalash", "Lahu", "Pima", "Daur", "Kalash", "Lahu", "Papuan", "Russian", "Yi", "Daur", "Maya", "Melanesian", "Mongola", "Palestinian", "Pima", "Yi", "Kalash", "Lahu", "Maya", "Mongola", "Yakut", "Kalash", "Palestinian", "Russian", "Uygur", "Lahu", "Papuan", "Pima", "Maya", "Melanesian", "Papuan", "MbutiPygmy", "Yoruba", "Melanesian", "Pima", "San", "Papuan", "Yakut", "Yi", "Yakut", "Yi", "Russian", "Uygur", "Yakut", "Russian", "Yi", "Yakut"],
  "weights": [1.4927, 1.7363, 2.3757, 3.0207, 3.0694, 2.7526, 3.022, 4.8307, 3.244, 6.9983, 3.357, 4.2645, 7.5131, 8.4098, 5.4821, 1.7256, 2.0391, 2.6413, 2.2252, 1.8673, 2.1227, 1.7451, 2.1138, 1.5841, 2.7513, 6.9924, 8.3277, 4.9939, 2.9571, 2.2728, 2.6246, 2.9347, 2.4139, 2.5058, 2.336, 3.41, 2.5578, 2.5169, 4.2086, 2.5374, 2.8751, 3.3759, 4.8764, 3.9236, 3.1705, 3.342, 2.7582, 2.9771, 2.3955, 1.9542, 1.9645, 2.1034, 2.153, 1.7002, 2.2191, 2.4989, 4.0271, 2.9542, 2.8395, 2.5834, 7.4299, 2.3959, 2.1754, 3.3277, 10.6662, 3.4001, 3.6115, 2.7291, 1.7106, 2.8444, 2.1671, 2.1176, 3.1226, 2.925, 2.8918, 1.8111],
  "loci": ["rs2380617", "rs13399971", "rs2675901", "rs6729726", "rs2015245", "rs7421394", "rs11681353", "rs12052706", "rs17349763", "rs4670011", "rs6742033", "rs1865456", "rs7602441", "rs1434975", "rs6752249", "rs1369242", "rs967088", "rs7594515", "rs1434980", "rs1434981", "rs1434982", "rs1897912", "rs2705876", "rs2714240", "rs7607607", "rs2010753", "rs1946676", "rs2705855", "rs6432474", "rs13422389", "rs2714258", "rs6751213", "rs11903574", "rs10211519", "rs7599584", "rs1540791", "rs1540789", "rs10176935", "rs1157907", "rs1878847"]
}
