{
  "id": "EdgeSet0304",
  "sources": ["Adygei", "Adygei", "Adygei", "Adygei", "Adygei", "Adygei", "Balochi", "Balochi", "Balochi", "Balochi", "BantuKenya", "BantuKenya", "BantuKenya", "BantuKenya", "BantuSouthAfrica", "BantuSouthAfrica", "BantuSouthAfrica", "BantuSouthAfrica", "BantuSouthAfrica", "Basque", "Basque", "Bedouin", "Bedouin", "Bedouin", "BiakaPygmy", "BiakaPygmy", "BiakaPygmy", "BiakaPygmy", "Burusho", "Burusho", "Burusho", "Cambodian", "Cambodian", "Cambodian", "Cambodian", "Cambodian", "Cambodian", "Colombian", "Colombian", "Colombian", "Colombian", "Colombian", "Daur", "Daur", "Daur", "Daur", "Druze", "Druze", "Kalash", "Kalash", "Kalash", "Kalash", "Kalash", "Kalash", "Kalash", "Lahu", "Lahu", "Lahu", "Lahu", "Lahu", "Mandenka", "Mandenka", "Maya", "Maya", "Maya", "MbutiPygmy", "Melanesian", "Melanesian", "Melanesian", "Melanesian", "Mongola", "Mongola", "Mozabite", "Mozabite", "Papuan", "Papuan", "Pima", "Pima", "Pima", "Russian", "San", "Yakut"],
  "targets": ["Balochi", "Bedouin", "Druze", "Lahu", "Mozabite", "Palestinian", "Basque", "Kalash", "Mozabite", "Palestinian", "BantuSouthAfrica", "BiakaPygmy", "MbutiPygmy", "Yoruba", "BiakaPygmy", "Lahu", "Mandenka", "San", "Yoruba", "Druze", "Lahu", "Burusho", "Palestinian", "Russian", "Mandenka", "MbutiPygmy", "San", "Yoruba", "Druze", "Lahu", "Yi", "Daur", "Melanesian", "Mongola", "Papuan", "Yakut", "Yi", "Maya", "Melanesian", "Papuan", "Pima", "Yakut", "Mongola", "Pima", "Yakut", "Yi", "Palestinian", "Russian", "Lahu", "Melanesian", "Mongola", "Pima", "Russian", "Uygur", "Yakut", "Maya", "Melanesian", "Palestinian", "Yakut", "Yi", "MbutiPygmy", "Yoruba", "Melanesian", "Mongola", "Yakut", "San", "Papuan", "Pima", "Yakut", "Yi", "Uygur", "Yi", "Palestinian", "Russian", "San", "Yi", "Uygur", "Yakut", "Yi", "Uygur", "Yoruba", "Yi"],
  "weights": [2.2691, 1.6887, 1.9368, 4.2829, 2.3909, 2.1141, 2.3934, 2.4259, 3.5241, 2.5495, 4.2803, 4.3488, 4.4353, 3.8173, 4.381, 6.1685, 4.0085, 8.1659, 4.1329, 1.8434, 3.5475, 2.9465, 1.8623, 1.766, 4.3075, 5.4062, 7.2942, 4.3443, 2.8726, 2.9033, 3.1077, 2.019, 3.0533, 2.3334, 3.1998, 3.3543, 2.6191, 2.7751, 3.5014, 3.8921, 2.6389, 2.8488, 2.4524, 2.6154, 2.5687, 3.012, 1.8485, 2.0645, 3.287, 3.8827, 3.6062, 4.4565, 2.4993, 3.2007, 3.4312, 3.1929, 3.7122, 3.9887, 3.0915, 3.0381, 4.9487, 2.447, 3.3651, 3.0078, 2.6294, 8.5673, 3.6568, 3.499, 3.7578, 2.8655, 2.304, 2.8402, 2.5649, 2.4386, 9.8455, 3.3016, 3.3667, 2.3898, 2.9077, 2.7319, 8.0084, 2.6383],
  "loci": ["rs4535004", "rs7603844", "rs4666288", "rs12993382", "rs6547982", "rs6731938", "rs4444478", "rs4666289", "rs11688109", "rs4349303", "rs6748439", "rs4274563", "rs10201541", "rs7425824", "rs6722748", "rs11681977", "rs13412672", "rs13412790", "rs4405807", "rs11688143", "rs13001664", "rs4510267", "rs6718327", "rs4359705", "rs4952125", "rs4952167", "rs7575487", "rs2361743", "rs11127254", "rs6723731", "rs1447525", "rs718153", "rs2290052", "rs12475473", "rs10203090", "rs1562450", "rs10165223", "rs1447522", "rs2028983", "rs4952091"]
}
