{
  "id": "EdgeSet0175",
  "sources": ["Adygei", "Adygei", "Adygei", "Adygei", "Balochi", "Balochi", "Balochi", "Balochi", "BantuKenya", "BantuKenya", "BantuKenya", "BantuKenya", "BantuKenya", "BantuKenya", "BantuSouthAfrica", "BantuSouthAfrica", "BantuSouthAfrica", "BantuSouthAfrica", "Basque", "Basque", "Basque", "Bedouin", "Bedouin", "Bedouin", "Bedouin", "Bedouin", "BiakaPygmy", "BiakaPygmy", "BiakaPygmy", "BiakaPygmy", "BiakaPygmy", "BiakaPygmy", "Burusho", "Burusho", "Burusho", "Cambodian", "Cambodian", "Cambodian", "Cambodian", "Colombian", "Colombian", "Colombian", "Colombian", "Colombian", "Colombian", "Daur", "Daur", "Daur", "Daur", "Daur", "Druze", "Druze", "Kalash", "Kalash", "Kalash", "Lahu", "Lahu", "Lahu", "Mandenka", "Mandenka", "Mandenka", "Maya", "MbutiPygmy", "MbutiPygmy", "Melanesian", "Melanesian", "Mongola", "Mongola", "Mongola", "Mozabite", "Palestinian", "Papuan", "Papuan", "Pima", "Pima", "Russian", "Russian"],
  "targets": ["Bedouin", "Druze", "Pima", "Uygur", "Burusho", "Cambodian", "Druze", "Yakut", "BantuSouthAfrica", "Bedouin", "Mandenka", "Pima", "San", "Yoruba", "Mandenka", "MbutiPygmy", "San", "Yoruba", "Mozabite", "Russian", "Uygur", "Druze", "Melanesian", "Mozabite", "Palestinian", "Russian", "Colombian", "MbutiPygmy", "Papuan", "Pima", "San", "Yoruba", "Kalash", "Palestinian", "San", "Daur", "Mongola", "Papuan", "Yi", "Maya", "Melanesian", "Mongola", "Pima", "Uygur", "Yakut", "Lahu", "Melanesian", "Mongola", "Yakut", "Yi", "Kalash", "Palestinian", "Lahu", "Russian", "Uygur", "Maya", "Mongola", "Papuan", "MbutiPygmy", "Mozabite", "Yoruba", "Pima", "San", "Uygur", "Papuan", "Yi", "Uygur", "Yakut", "Yi", "Palestinian", "Uygur", "Pima", "Uygur", "San", "Yakut", "Uygur", "Yakut"],
  "weights": [2.1094, 2.3173, 4.2746, 2.9806, 2.9052, 3.6012, 2.0442, 3.3387, 4.1893, 5.7745, 4.3458, 6.5936, 6.4947, 3.4835, 3.3997, 3.7338, 5.3545, 2.9629, 3.1145, 2.8274, 3.3139, 2.0229, 5.0957, 2.1154, 2.1444, 2.5266, 6.5115, 4.7644, 7.1065, 7.822, 5.8294, 4.2389, 3.4931, 3.0543, 7.48, 2.7903, 2.6478, 5.184, 2.4576, 3.273, 4.8295, 4.4058, 4.3998, 4.1152, 3.8252, 3.9663, 4.8945, 3.0061, 3.1532, 2.7938, 2.8364, 2.2991, 5.4685, 3.4297, 4.3464, 4.5603, 4.3524, 5.4945, 4.629, 4.3024, 2.923, 3.8915, 5.1651, 5.4869, 4.5552, 3.3273, 3.5186, 3.4375, 2.8035, 2.5613, 2.625, 6.0514, 6.3764, 7.769, 3.9765, 2.6494, 2.892],
  "loci": ["rs2693006", "rs2559074", "rs16863127", "rs11691519", "rs1863803", "rs13034994", "rs3755134", "rs4669018", "rs9789773", "rs6750986", "rs6734021", "rs4233848", "rs16863159", "rs6716344", "rs16855322", "rs11685620", "rs6735681", "rs9287666", "rs3815884", "rs2114802", "rs11677992", "rs6748658", "rs1365966", "rs12476864", "rs6735335", "rs6431749", "rs16863206", "rs10194143", "rs6727571", "rs1529404", "rs10186232", "rs16863222", "rs7605722", "rs2114797", "rs11885671", "rs1427682", "rs4669035", "rs4669037", "rs4047462", "rs7422511"]
}
