{
  "id": "EdgeSet0763",
  "sources": ["Adygei", "Adygei", "Adygei", "Adygei", "Balochi", "Balochi", "Balochi", "Balochi", "Balochi", "BantuKenya", "BantuKenya", "BantuKenya", "BantuSouthAfrica", "BantuSouthAfrica", "BantuSouthAfrica", "BantuSouthAfrica", "BantuSouthAfrica", "BantuSouthAfrica", "Basque", "Basque", "Basque", "Basque", "Basque", "Bedouin", "Bedouin", "Bedouin", "BiakaPygmy", "BiakaPygmy", "BiakaPygmy", "Burusho", "Burusho", "Burusho", "Burusho", "Burusho", "Cambodian", "Cambodian", "Cambodian", "Cambodian", "Cambodian", "Colombian", "Colombian", "Colombian", "Colombian", "Colombian", "Daur", "Daur", "Daur", "Daur", "Druze", "Druze", "Druze", "Druze", "Kalash", "Kalash", "Kalash", "Kalash", "Kalash", "Lahu", "Lahu", "Lahu", "Mandenka", "Maya", "Maya", "Maya", "Maya", "MbutiPygmy", "MbutiPygmy", "MbutiPygmy", "Melanesian", "Melanesian", "Melanesian", "Mongola", "Mongola", "Mongola", "Mozabite", "Mozabite", "Mozabite", "Palestinian", "Uygur", "Yakut"],
  "targets": ["Balochi", "Bedouin", "Druze", "Russian", "Burusho", "Druze", "Mandenka", "Melanesian", "Mozabite", "BiakaPygmy", "Mandenka", "Yoruba", "BiakaPygmy", "Mandenka", "MbutiPygmy", "Mozabite", "San", "Yoruba", "Bedouin", "Melanesian", "Palestinian", "Russian", "Yakut", "Druze", "Palestinian", "Yakut", "MbutiPygmy", "San", "Yoruba", "Daur", "Lahu", "Maya", "Papuan", "Yi", "Daur", "Druze", "Lahu", "Russian", "Uygur", "Lahu", "Maya", "Palestinian", "Pima", "San", "Melanesian", "Uygur", "Yakut", "Yi", "Maya", "Mongola", "Mozabite", "Palestinian", "Melanesian", "Mozabite", "Palestinian", "Russian", "Uygur", "Mongola", "Uygur", "Yi", "Yoruba", "Melanesian", "Papuan", "Pima", "Yakut", "Melanesian", "San", "Yoruba", "Papuan", "Pima", "Yi", "Uygur", "Yakut", "Yi", "Palestinian", "Russian", "Yi", "Uygur", "Yi", "Yi"],
  "weights": [2.4861, 1.5655, 1.6921, 2.338, 3.2216, 2.5215, 4.8349, 4.3866, 2.8176, 4.2112, 3.4774, 4.1209, 4.7243, 3.7007, 5.6155, 4.5993, 6.1599, 3.8637, 1.7635, 4.0484, 2.0416, 2.0617, 2.3559, 1.5997, 1.366, 1.8665, 6.2048, 5.3445, 4.7419, 2.8273, 4.1226, 3.5029, 2.7777, 3.876, 2.5162, 2.5077, 3.4606, 3.492, 2.0941, 6.571, 3.4836, 5.7243, 4.028, 8.3555, 5.2163, 2.1999, 2.3522, 2.6636, 4.3799, 2.4504, 3.2161, 1.7284, 3.8876, 2.8594, 2.3201, 2.5948, 2.5305, 2.9649, 2.8584, 3.1099, 2.8929, 3.8305, 4.0167, 2.1542, 3.5073, 8.3616, 7.3287, 5.1445, 4.542, 4.0352, 4.4092, 1.7005, 2.0756, 2.0045, 2.6757, 2.5008, 4.5159, 1.9238, 2.1108, 2.4697],
  "loci": ["rs1567230", "rs2135985", "rs2421095", "rs7608304", "rs10185826", "rs10183113", "rs999494", "rs11682000", "rs11126387", "rs755409", "rs2164733", "rs17504249", "rs11692971", "rs893259", "rs17504810", "rs10496188", "rs7599245", "rs2421098", "rs13392698", "rs17008611", "rs6755318", "rs4514897", "rs6710739", "rs1046139", "rs1046183", "rs1430350", "rs1430351", "rs4143146", "rs6725882", "rs2043100", "rs768851", "rs13409784", "rs6710726", "rs2043092", "rs11886205", "rs11886257", "rs12471813", "rs13009610", "rs7599223", "rs13415504"]
}
