{
  "id": "EdgeSet0373",
  "sources": ["Adygei", "Adygei", "Adygei", "Adygei", "Adygei", "Balochi", "Balochi", "Balochi", "Balochi", "BantuKenya", "BantuKenya", "BantuKenya", "BantuKenya", "BantuKenya", "BantuSouthAfrica", "BantuSouthAfrica", "BantuSouthAfrica", "BantuSouthAfrica", "BantuSouthAfrica", "Basque", "Basque", "Basque", "Basque", "Bedouin", "Bedouin", "Bedouin", "Bedouin", "Bedouin", "BiakaPygmy", "BiakaPygmy", "BiakaPygmy", "BiakaPygmy", "Burusho", "Burusho", "Burusho", "Burusho", "Cambodian", "Cambodian", "Cambodian", "Cambodian", "Cambodian", "Colombian", "Colombian", "Colombian", "Colombian", "Daur", "Daur", "Daur", "Daur", "Druze", "Druze", "Druze", "Kalash", "Lahu", "Lahu", "Lahu", "Lahu", "Mandenka", "Mandenka", "Mandenka", "Maya", "Maya", "Maya", "MbutiPygmy", "MbutiPygmy", "Melanesian", "Melanesian", "Melanesian", "Melanesian", "Melanesian", "Mongola", "Mongola", "Mongola", "Mongola", "Mongola", "Mozabite", "Papuan", "Pima", "Pima", "Pima", "Russian", "San"],
  "targets": ["Balochi", "Basque", "Maya", "Mozabite", "Uygur", "Bedouin", "Burusho", "Palestinian", "Russian", "BantuSouthAfrica", "Mandenka", "Mozabite", "San", "Yoruba", "BiakaPygmy", "Mandenka", "MbutiPygmy", "San", "Yoruba", "Druze", "Kalash", "Melanesian", "Palestinian", "Druze", "Kalash", "Mozabite", "Palestinian", "Yakut", "Mandenka", "MbutiPygmy", "San", "Yoruba", "Colombian", "Kalash", "Papuan", "Uygur", "Daur", "Melanesian", "Pima", "Yakut", "Yi", "Lahu", "Maya", "Papuan", "Pima", "Lahu", "Mongola", "Uygur", "Yi", "Kalash", "Palestinian", "Russian", "Russian", "Maya", "Melanesian", "Yakut", "Yi", "MbutiPygmy", "Mozabite", "Yoruba", "Papuan", "Pima", "Uygur", "San", "Yoruba", "Mongola", "Papuan", "Russian", "Uygur", "Yi", "Palestinian", "Russian", "Uygur", "Yakut", "Yi", "San", "Yakut", "Uygur", "Yakut", "Yi", "Yi", "Yoruba"],
  "weights": [1.7586, 2.0262, 2.8827, 3.2109, 2.6583, 2.3198, 2.5718, 2.2136, 2.1193, 4.7438, 4.2, 4.604, 5.9692, 3.9563, 5.0918, 4.4953, 5.8013, 5.7809, 3.7622, 2.4538, 2.5203, 4.6917, 2.5221, 2.0795, 2.5742, 2.9353, 1.8545, 3.3498, 4.819, 5.8136, 6.3125, 4.4283, 3.1797, 2.55, 2.7176, 2.7069, 2.305, 2.9423, 1.9545, 2.0095, 2.0682, 3.6629, 1.8409, 3.5152, 2.1378, 3.019, 2.2177, 2.167, 1.8997, 2.4862, 2.0194, 2.2772, 2.5507, 3.4191, 3.7735, 2.6107, 2.745, 6.0619, 4.2474, 3.92, 3.8412, 2.0972, 2.7405, 7.9482, 6.0274, 2.9578, 3.577, 3.463, 2.8373, 2.9171, 4.1055, 2.9773, 2.4677, 2.4708, 2.0678, 6.2535, 2.8042, 2.5653, 2.1809, 2.4812, 3.7229, 5.7906],
  "loci": ["rs6717847", "rs10202986", "rs1183798", "rs1167437", "rs1167436", "rs11124501", "rs12989193", "rs1950074", "rs1881782", "rs12185706", "rs17018545", "rs6743680", "rs2699150", "rs1529267", "rs10172534", "rs2052626", "rs6751483", "rs2552010", "rs1919816", "rs1919818", "rs2699171", "rs918901", "rs7601836", "rs6704972", "rs12104793", "rs2552046", "rs11898319", "rs6732370", "rs1919820", "rs6723999", "rs17406843", "rs2552037", "rs10490677", "rs17018597", "rs6733100", "rs2699187", "rs2699188", "rs12712488", "rs2699189", "rs7595790"]
}
