{
  "id": "EdgeSet0847",
  "sources": ["Adygei", "Adygei", "Adygei", "Adygei", "Adygei", "Balochi", "Balochi", "Balochi", "Balochi", "Balochi", "Balochi", "Balochi", "BantuKenya", "BantuKenya", "BantuKenya", "BantuKenya", "BantuSouthAfrica", "BantuSouthAfrica", "BantuSouthAfrica", "BantuSouthAfrica", "BantuSouthAfrica", "Basque", "Basque", "Basque", "Basque", "Basque", "Bedouin", "Bedouin", "Bedouin", "Bedouin", "BiakaPygmy", "BiakaPygmy", "BiakaPygmy", "BiakaPygmy", "Burusho", "Burusho", "Burusho", "Burusho", "Burusho", "Burusho", "Burusho", "Cambodian", "Cambodian", "Cambodian", "Colombian", "Colombian", "Colombian", "Colombian", "Daur", "Daur", "Daur", "Daur", "Daur", "Daur", "Druze", "Druze", "Druze", "Druze", "Kalash", "Kalash", "Kalash", "Kalash", "Lahu", "Lahu", "Lahu", "Lahu", "Mandenka", "Mandenka", "Maya", "Maya", "Maya", "MbutiPygmy", "MbutiPygmy", "MbutiPygmy", "Melanesian", "Melanesian", "Mongola", "Mozabite", "Mozabite", "Palestinian", "Russian", "Russian", "Yakut"],
  "targets": ["Basque", "Bedouin", "Colombian", "Pima", "Russian", "Basque", "Burusho", "Melanesian", "Mozabite", "Pima", "San", "Yakut", "BantuSouthAfrica", "BiakaPygmy", "Mandenka", "Yakut", "Mandenka", "MbutiPygmy", "Papuan", "San", "Yoruba", "Burusho", "Druze", "Kalash", "Russian", "Uygur", "Colombian", "Kalash", "Palestinian", "Russian", "Mandenka", "MbutiPygmy", "San", "Yoruba", "Daur", "Druze", "Kalash", "Maya", "Papuan", "Russian", "Uygur", "Daur", "Melanesian", "Mongola", "Maya", "Mozabite", "Pima", "Yakut", "Lahu", "Melanesian", "Mongola", "Uygur", "Yakut", "Yi", "Palestinian", "Russian", "Uygur", "Yi", "Palestinian", "Papuan", "Russian", "Yi", "MbutiPygmy", "Mongola", "Russian", "Yi", "Melanesian", "Yoruba", "Melanesian", "Pima", "Uygur", "Melanesian", "Papuan", "San", "Papuan", "Russian", "Yi", "Palestinian", "Yi", "Uygur", "Uygur", "Yakut", "Yi"],
  "weights": [2.5942, 1.9572, 2.5641, 2.4631, 3.005, 2.7046, 3.196, 4.6812, 2.5501, 2.6701, 7.8373, 3.3162, 3.7867, 3.8948, 3.7411, 5.6105, 3.5679, 5.5432, 5.8454, 6.4217, 3.3031, 3.6721, 2.3148, 2.5119, 2.4044, 2.4075, 2.917, 2.1316, 1.4931, 2.2473, 3.1535, 5.0675, 5.6465, 2.7488, 3.5079, 2.7892, 2.6005, 3.0909, 4.442, 3.715, 2.7492, 2.7203, 4.3369, 2.6183, 2.3225, 2.786, 1.6894, 2.8221, 3.6993, 4.4391, 1.9995, 3.1279, 3.2189, 2.8374, 1.6927, 2.2084, 1.7886, 3.3346, 2.1032, 4.4825, 2.5842, 4.1874, 7.0055, 3.2247, 4.356, 3.4313, 5.4398, 1.9976, 4.6356, 1.7399, 2.6861, 7.0379, 6.9108, 5.4631, 5.7627, 4.2757, 2.2692, 2.0868, 3.1613, 1.7907, 2.2001, 4.0337, 3.0894],
  "loci": ["rs12714004", "rs7599093", "rs2004016", "rs744957", "rs731359", "rs17340143", "rs7558519", "rs11685198", "rs12611756", "rs1368901", "rs9309560", "rs7605261", "rs2276659", "rs3770310", "rs12464360", "rs3770313", "rs3770317", "rs4852584", "rs17019339", "rs3770320", "rs3755105", "rs1560862", "rs216617", "rs216619", "rs17019409", "rs6547316", "rs6753252", "rs12474308", "rs216626", "rs11898421", "rs2302875", "rs216666", "rs12478526", "rs3821072", "rs3770365", "rs3770368", "rs10490510", "rs6722603", "rs2862349", "rs6750262"]
}
