{
  "id": "EdgeSet0905",
  "sources": ["Adygei", "Adygei", "Adygei", "Balochi", "Balochi", "Balochi", "Balochi", "BantuKenya", "BantuKenya", "BantuKenya", "BantuKenya", "BantuKenya", "BantuKenya", "BantuSouthAfrica", "BantuSouthAfrica", "BantuSouthAfrica", "BantuSouthAfrica", "Basque", "Basque", "Basque", "Bedouin", "Bedouin", "Bedouin", "Bedouin", "BiakaPygmy", "BiakaPygmy", "Burusho", "Burusho", "Cambodian", "Cambodian", "Cambodian", "Cambodian", "Cambodian", "Colombian", "Colombian", "Daur", "Daur", "Daur", "Druze", "Kalash", "Kalash", "Kalash", "Kalash", "Kalash", "Lahu", "Mandenka", "Maya", "Maya", "MbutiPygmy", "Melanesian", "Melanesian", "Melanesian", "Mongola", "Mongola", "Palestinian", "Papuan", "Russian", "San", "Uygur", "Yakut"],
  "targets": ["Balochi", "Druze", "Russian", "Basque", "Cambodian", "Lahu", "Russian", "BiakaPygmy", "Mandenka", "MbutiPygmy", "Mozabite", "San", "Yoruba", "BiakaPygmy", "Mandenka", "MbutiPygmy", "San", "Druze", "Mozabite", "Russian", "Druze", "Mozabite", "Palestinian", "Uygur", "MbutiPygmy", "San", "Kalash", "Maya", "Daur", "Melanesian", "Mongola", "Palestinian", "Yakut", "Maya", "Pima", "Mongola", "Yakut", "Yi", "Palestinian", "Maya", "Melanesian", "Mongola", "Palestinian", "Russian", "Yi", "Yoruba", "Pima", "Yakut", "San", "Papuan", "Uygur", "Yakut", "Papuan", "Yi", "Yi", "Yakut", "Uygur", "Yoruba", "Yakut", "Yi"],
  "weights": [2.2898, 2.96, 3.6053, 3.204, 2.8014, 2.3127, 3.2356, 4.2637, 2.7189, 4.7143, 3.0899, 3.8852, 2.8614, 5.0252, 3.3336, 5.2882, 4.4292, 3.1914, 2.99, 2.5002, 1.9891, 1.8817, 1.7893, 2.4133, 4.9374, 5.1253, 2.956, 3.643, 2.4189, 3.7156, 2.2289, 4.1339, 2.4487, 1.2616, 0.7111, 2.201, 2.1368, 2.0688, 2.2964, 3.6457, 4.9123, 3.3783, 2.7216, 3.4925, 2.59, 2.0782, 1.0101, 2.3506, 5.6293, 4.1315, 3.8438, 3.0488, 3.9177, 2.3184, 3.2469, 3.9387, 3.5962, 3.9166, 2.8592, 1.8874],
  "loci": ["rs718159", "rs6728312", "rs2278700", "rs10208070", "rs10176201", "rs13000585", "rs10520549", "rs1578957", "rs10168709", "rs2309314", "rs10432626", "rs7588227", "rs11123966", "rs10184457", "rs6726775", "rs7600204", "rs10209970", "rs12989231", "rs6744943", "rs17025778", "rs7570750", "rs11898149", "rs12617912", "rs298904", "rs17026292", "rs921426", "rs10186392", "rs6756742", "rs6543280", "rs10211067", "rs298916", "rs2100272", "rs2122753", "rs2053918", "rs2305355", "rs2084713", "rs11677188", "rs7559678", "rs13396689", "rs13422327"]
}
