{
  "id": "EdgeSet0348",
  "sources": ["Adygei", "Adygei", "Adygei", "Adygei", "Balochi", "Balochi", "Balochi", "BantuKenya", "BantuKenya", "BantuKenya", "BantuKenya", "BantuKenya", "BantuSouthAfrica", "BantuSouthAfrica", "BantuSouthAfrica", "BantuSouthAfrica", "Basque", "Basque", "Basque", "Basque", "Basque", "Bedouin", "Bedouin", "Bedouin", "BiakaPygmy", "BiakaPygmy", "BiakaPygmy", "BiakaPygmy", "BiakaPygmy", "Burusho", "Burusho", "Burusho", "Cambodian", "Cambodian", "Cambodian", "Colombian", "Colombian", "Colombian", "Daur", "Daur", "Daur", "Daur", "Daur", "Daur", "Druze", "Druze", "Kalash", "Lahu", "Lahu", "Lahu", "Mandenka", "Mandenka", "Mandenka", "Maya", "Maya", "MbutiPygmy", "Melanesian", "Melanesian", "Mongola", "Mongola", "Mongola", "Palestinian", "Papuan", "Papuan", "Russian", "Uygur", "Yakut"],
  "targets": ["Basque", "Burusho", "Daur", "Palestinian", "Kalash", "Melanesian", "Palestinian", "BantuSouthAfrica", "Mandenka", "MbutiPygmy", "San", "Yoruba", "Mandenka", "MbutiPygmy", "San", "Yoruba", "Bedouin", "Druze", "Pima", "Russian", "Uygur", "Druze", "Palestinian", "Uygur", "Lahu", "MbutiPygmy", "Mozabite", "San", "Yoruba", "Colombian", "Kalash", "Russian", "Lahu", "Mongola", "Yi", "Maya", "Pima", "San", "Lahu", "Papuan", "Pima", "Uygur", "Yakut", "Yi", "Mozabite", "Palestinian", "Russian", "Mongola", "Yakut", "Yi", "Mozabite", "San", "Yoruba", "Pima", "Russian", "San", "Papuan", "Yi", "Papuan", "Pima", "Yakut", "Yi", "Uygur", "Yakut", "Uygur", "Yi", "Yi"],
  "weights": [2.8387, 2.9232, 2.9883, 2.3793, 2.4216, 3.7469, 2.23, 4.8258, 4.0194, 6.7237, 5.9004, 3.7925, 4.1603, 6.4441, 6.1616, 3.1159, 2.0894, 2.3798, 3.7907, 2.4279, 2.7499, 1.8804, 1.804, 2.8267, 7.6181, 5.9626, 5.1977, 6.236, 4.0538, 5.6143, 3.768, 3.462, 2.9491, 2.2352, 3.3493, 2.5912, 4.3068, 9.9442, 3.6248, 3.6918, 3.0146, 2.3536, 2.8065, 2.8876, 2.7843, 1.946, 2.6042, 3.4105, 3.9603, 4.8317, 4.5917, 4.9473, 2.968, 2.7982, 2.8633, 7.1164, 3.3238, 4.0479, 2.9256, 2.677, 2.4334, 4.1378, 3.1319, 2.8903, 2.7234, 2.6666, 2.9428],
  "loci": ["rs6741754", "rs12618269", "rs4592828", "rs4309564", "rs13410163", "rs1559644", "rs9751085", "rs1863203", "rs12162330", "rs17014444", "rs13390144", "rs6732762", "rs6717822", "rs1510870", "rs1510868", "rs12105087", "rs1848966", "rs12712367", "rs17247805", "rs9284729", "rs1965391", "rs11892281", "rs1425012", "rs13033324", "rs735379", "rs6704936", "rs2216963", "rs10495805", "rs2042583", "rs6712647", "rs745007", "rs6543803", "rs4670315", "rs11895528", "rs13427419", "rs10183680", "rs1425005", "rs6711736", "rs1863202", "rs1593293"]
}
