{
  "id": "EdgeSet0876",
  "sources": ["Adygei", "Adygei", "Adygei", "Adygei", "Balochi", "Balochi", "Balochi", "BantuKenya", "BantuKenya", "BantuKenya", "BantuKenya", "BantuKenya", "BantuSouthAfrica", "BantuSouthAfrica", "BantuSouthAfrica", "BantuSouthAfrica", "BantuSouthAfrica", "Basque", "Basque", "Basque", "Basque", "Basque", "Bedouin", "Bedouin", "Bedouin", "BiakaPygmy", "BiakaPygmy", "BiakaPygmy", "Burusho", "Burusho", "Burusho", "Cambodian", "Cambodian", "Cambodian", "Cambodian", "Cambodian", "Cambodian", "Cambodian", "Cambodian", "Colombian", "Colombian", "Daur", "Daur", "Daur", "Daur", "Druze", "Druze", "Druze", "Druze", "Kalash", "Kalash", "Kalash", "Kalash", "Lahu", "Lahu", "Lahu", "Lahu", "Mandenka", "Mandenka", "Mandenka", "Maya", "MbutiPygmy", "Melanesian", "Melanesian", "Mongola", "Palestinian", "Palestinian", "Papuan", "Papuan", "Uygur", "Uygur", "Yakut"],
  "targets": ["Basque", "Druze", "Papuan", "Russian", "Burusho", "Kalash", "Palestinian", "BiakaPygmy", "Mandenka", "MbutiPygmy", "San", "Yoruba", "BiakaPygmy", "Mandenka", "MbutiPygmy", "Melanesian", "Yoruba", "Bedouin", "Burusho", "Druze", "Mozabite", "Russian", "Mozabite", "Palestinian", "Uygur", "MbutiPygmy", "San", "Yoruba", "Kalash", "Mozabite", "Pima", "Druze", "Kalash", "Melanesian", "Mozabite", "Papuan", "Uygur", "Yakut", "Yi", "Maya", "Pima", "Lahu", "Maya", "Mongola", "Yi", "Lahu", "Palestinian", "Russian", "Uygur", "Lahu", "Palestinian", "Pima", "Uygur", "Mongola", "Mozabite", "Papuan", "Yakut", "MbutiPygmy", "Mozabite", "Yoruba", "Pima", "San", "Papuan", "Yi", "Yi", "Pima", "Uygur", "Russian", "Yakut", "Yakut", "Yi", "Yi"],
  "weights": [1.8448, 1.9013, 3.142, 2.2822, 2.8548, 2.483, 2.1415, 6.2635, 4.6127, 5.8397, 9.3461, 4.2459, 5.4906, 3.6887, 5.3417, 6.0599, 3.488, 2.3561, 3.1117, 2.2472, 3.0712, 2.3428, 2.4065, 1.9939, 2.3134, 5.433, 8.4268, 5.3308, 2.5176, 3.4774, 3.8783, 3.0186, 2.3759, 2.3062, 3.2197, 3.3072, 2.533, 2.4973, 2.3164, 1.6586, 3.6178, 2.3324, 3.1573, 1.7109, 1.6663, 3.147, 1.7967, 2.1604, 1.9298, 2.6561, 1.5667, 3.4392, 1.6287, 2.1322, 4.6169, 3.5846, 2.3711, 4.8886, 4.4221, 2.3593, 3.5538, 7.8161, 3.2558, 2.6785, 1.5358, 4.2279, 1.7309, 4.5563, 4.1895, 2.6714, 3.1139, 1.9356],
  "loci": ["rs6709476", "rs6547600", "rs6743132", "rs12477490", "rs12477587", "rs10205484", "rs6547602", "rs11675205", "rs6725799", "rs7566763", "rs6758778", "rs6547603", "rs7580690", "rs17712901", "rs17763853", "rs7581133", "rs2043229", "rs11904105", "rs11689667", "rs908301", "rs882883", "rs12714137", "rs6745529", "rs6732834", "rs6736348", "rs10206876", "rs4831998", "rs7601117", "rs17713693", "rs6719501", "rs6748174", "rs6737773", "rs872470", "rs13001442", "rs11547160", "rs4832163", "rs4459734", "rs2292653", "rs4247303", "rs10460585"]
}
