{
  "id": "EdgeSet0512",
  "sources": ["Adygei", "Adygei", "Adygei", "Adygei", "Adygei", "Adygei", "Adygei", "Adygei", "Adygei", "Balochi", "Balochi", "Balochi", "Balochi", "Balochi", "Balochi", "Balochi", "Balochi", "Balochi", "Balochi", "Balochi", "BantuKenya", "BantuKenya", "BantuKenya", "BantuKenya", "BantuKenya", "BantuKenya", "BantuKenya", "BantuSouthAfrica", "BantuSouthAfrica", "BantuSouthAfrica", "BantuSouthAfrica", "Basque", "Basque", "Basque", "Bedouin", "Bedouin", "Bedouin", "Bedouin", "BiakaPygmy", "BiakaPygmy", "BiakaPygmy", "Burusho", "Burusho", "Cambodian", "Cambodian", "Cambodian", "Cambodian", "Cambodian", "Colombian", "Colombian", "Colombian", "Colombian", "Colombian", "Daur", "Daur", "Daur", "Daur", "Daur", "Kalash", "Kalash", "Lahu", "Lahu", "Lahu", "Mandenka", "Mandenka", "Maya", "Maya", "Maya", "Maya", "MbutiPygmy", "MbutiPygmy", "Melanesian", "Melanesian", "Melanesian", "Mongola", "Mongola", "Mozabite", "Palestinian", "Pima", "Russian", "San", "Uygur"],
  "targets": ["Balochi", "Basque", "Burusho", "Cambodian", "Druze", "Kalash", "Palestinian", "Papuan", "Russian", "Bedouin", "Burusho", "Cambodian", "Colombian", "Kalash", "Maya", "Mongola", "Palestinian", "Pima", "Uygur", "Yakut", "BantuSouthAfrica", "BiakaPygmy", "Kalash", "Mandenka", "MbutiPygmy", "San", "Yoruba", "Mandenka", "Mozabite", "San", "Yoruba", "Kalash", "Lahu", "Russian", "Burusho", "Druze", "Mozabite", "Palestinian", "Mandenka", "MbutiPygmy", "Yoruba", "Daur", "Russian", "Druze", "Lahu", "Papuan", "Uygur", "Yi", "Druze", "Maya", "Pima", "Russian", "Uygur", "Maya", "Pima", "Uygur", "Yakut", "Yi", "Lahu", "Russian", "Palestinian", "Yakut", "Yi", "MbutiPygmy", "Yoruba", "Mongola", "Papuan", "Pima", "Yakut", "Palestinian", "Yoruba", "Papuan", "San", "Uygur", "Yakut", "Yi", "Yoruba", "Papuan", "San", "Uygur", "Yakut", "Yi"],
  "weights": [2.9693, 2.9861, 2.9901, 4.0786, 2.7647, 3.3062, 2.9838, 4.5996, 3.4252, 2.5494, 2.8963, 3.306, 3.3875, 3.1173, 3.836, 4.1672, 2.6794, 4.8289, 2.9778, 5.3046, 3.6983, 4.1479, 6.1897, 3.4363, 4.2921, 6.5299, 3.6858, 3.027, 3.7132, 6.636, 3.256, 2.8161, 3.9205, 2.657, 2.654, 2.1269, 2.8181, 1.8076, 3.4685, 4.0552, 3.4859, 3.1992, 3.2674, 3.3321, 3.1971, 4.6175, 2.4805, 2.4748, 3.7402, 2.8389, 4.4644, 4.1992, 3.3856, 5.3913, 5.0125, 2.9035, 3.5371, 2.6554, 4.2191, 3.4147, 3.4773, 3.8711, 3.1283, 3.6399, 2.7093, 3.7969, 5.138, 4.9066, 4.9073, 5.3839, 3.6868, 3.8401, 10.0349, 4.459, 3.1955, 2.0031, 3.6219, 3.9936, 9.7911, 4.4462, 9.4646, 2.5145],
  "loci": ["rs4953519", "rs6747575", "rs1574380", "rs13413097", "rs11125149", "rs6742794", "rs1214776", "rs17036784", "rs6729891", "rs2705766", "rs2705775", "rs9309149", "rs1214780", "rs7603494", "rs9789343", "rs6750911", "rs6753949", "rs2018541", "rs2348238", "rs797703", "rs797700", "rs797689", "rs2098241", "rs406334", "rs441327", "rs7578655", "rs330792", "rs3136245", "rs3136247", "rs2348244", "rs1800935", "rs3136329", "rs1800936", "rs3136337", "rs6713506", "rs10490303", "rs10490302", "rs3732191", "rs330787", "rs2651767"]
}
