{
  "id": "EdgeSet1000",
  "sources": ["Adygei", "Adygei", "Adygei", "Balochi", "Balochi", "Balochi", "Balochi", "BantuKenya", "BantuKenya", "BantuKenya", "BantuKenya", "BantuKenya", "BantuSouthAfrica", "BantuSouthAfrica", "BantuSouthAfrica", "BantuSouthAfrica", "BantuSouthAfrica", "BantuSouthAfrica", "Basque", "Basque", "Basque", "Basque", "Basque", "Bedouin", "Bedouin", "Bedouin", "Bedouin", "BiakaPygmy", "BiakaPygmy", "BiakaPygmy", "BiakaPygmy", "Burusho", "Burusho", "Burusho", "Burusho", "Burusho", "Cambodian", "Cambodian", "Cambodian", "Cambodian", "Cambodian", "Cambodian", "Cambodian", "Colombian", "Colombian", "Colombian", "Colombian", "Colombian", "Colombian", "Colombian", "Daur", "Daur", "Daur", "Daur", "Druze", "Druze", "Druze", "Druze", "Kalash", "Kalash", "Kalash", "Kalash", "Kalash", "Kalash", "Lahu", "Lahu", "Lahu", "Lahu", "Lahu", "Mandenka", "Mandenka", "Maya", "Maya", "Maya", "MbutiPygmy", "Melanesian", "Melanesian", "Melanesian", "Mongola", "Mongola", "Mozabite", "Mozabite", "Pima", "Uygur", "Uygur"],
  "targets": ["Basque", "Druze", "Russian", "Daur", "Druze", "Kalash", "Mandenka", "BantuSouthAfrica", "BiakaPygmy", "MbutiPygmy", "Mozabite", "Yoruba", "BiakaPygmy", "Mandenka", "MbutiPygmy", "San", "Yakut", "Yoruba", "Bedouin", "Kalash", "Lahu", "Maya", "Melanesian", "Druze", "Kalash", "Palestinian", "Russian", "Mandenka", "MbutiPygmy", "San", "Yoruba", "Colombian", "Kalash", "MbutiPygmy", "Palestinian", "Uygur", "Druze", "Lahu", "Melanesian", "Pima", "Russian", "Uygur", "Yakut", "Daur", "Lahu", "Maya", "Mongola", "Pima", "San", "Yakut", "Mongola", "Pima", "Yakut", "Yi", "Mozabite", "Palestinian", "Russian", "Yakut", "Mandenka", "Melanesian", "Palestinian", "Papuan", "Pima", "Russian", "MbutiPygmy", "Melanesian", "Papuan", "Uygur", "Yi", "MbutiPygmy", "Yoruba", "Papuan", "Pima", "Yakut", "San", "Mongola", "Papuan", "Uygur", "San", "Yi", "Uygur", "Yoruba", "Yi", "Yakut", "Yi"],
  "weights": [1.6487, 1.5189, 1.3887, 3.1227, 1.8032, 2.9599, 5.6221, 4.3702, 4.0218, 6.7289, 3.962, 3.2937, 4.1558, 4.1123, 7.2319, 7.9571, 6.1611, 4.016, 2.3199, 3.1088, 3.785, 4.2613, 3.7714, 1.6913, 2.7283, 1.7919, 1.8608, 3.9765, 6.967, 7.4199, 3.4349, 4.0058, 3.8217, 7.44, 2.708, 3.1867, 3.2864, 2.9954, 3.176, 4.0266, 2.9723, 2.4785, 2.6926, 2.5731, 4.5168, 2.2756, 4.3805, 1.9827, 8.3316, 3.0588, 2.996, 2.6727, 2.3803, 2.4389, 2.2731, 1.5659, 1.6497, 2.7427, 5.7876, 4.0924, 2.9024, 4.7517, 4.3403, 2.5377, 7.534, 3.5191, 4.0266, 3.0678, 3.3137, 7.3362, 2.693, 3.8144, 1.873, 2.9133, 7.1622, 3.8322, 4.1236, 3.5479, 7.47, 2.4178, 2.8437, 3.8273, 2.8129, 2.7936, 3.0153],
  "loci": ["rs11688327", "rs6760953", "rs13395838", "rs891423", "rs891425", "rs744898", "rs2163261", "rs11691871", "rs7597710", "rs1025378", "rs17035400", "rs891428", "rs736303", "rs4676273", "rs11689995", "rs6707697", "rs11692866", "rs7575574", "rs11123741", "rs7597214", "rs4619637", "rs12470895", "rs6754115", "rs7580010", "rs7605935", "rs11898400", "rs6716113", "rs6749211", "rs4676081", "rs4676283", "rs7560312", "rs6737952", "rs7605559", "rs10174250", "rs6748333", "rs4676286", "rs10192643", "rs6714032", "rs3922817", "rs10185105"]
}
