{
  "id": "EdgeSet0406",
  "sources": ["Adygei", "Adygei", "Adygei", "Adygei", "Adygei", "Adygei", "Adygei", "Adygei", "Balochi", "Balochi", "Balochi", "Balochi", "Balochi", "BantuKenya", "BantuKenya", "BantuKenya", "BantuKenya", "BantuKenya", "BantuKenya", "BantuSouthAfrica", "BantuSouthAfrica", "BantuSouthAfrica", "BantuSouthAfrica", "Basque", "Basque", "Basque", "Basque", "Bedouin", "Bedouin", "Bedouin", "Bedouin", "Bedouin", "BiakaPygmy", "BiakaPygmy", "BiakaPygmy", "BiakaPygmy", "Burusho", "Burusho", "Cambodian", "Cambodian", "Cambodian", "Colombian", "Colombian", "Colombian", "Colombian", "Daur", "Daur", "Daur", "Daur", "Druze", "Druze", "Druze", "Kalash", "Lahu", "Lahu", "Mandenka", "Maya", "Maya", "MbutiPygmy", "MbutiPygmy", "Melanesian", "Melanesian", "Melanesian", "Mongola", "Mongola", "Mongola", "Mongola", "Mongola", "Mozabite", "Palestinian", "Papuan", "Papuan", "Pima", "Russian", "Russian", "Uygur"],
  "targets": ["Druze", "Kalash", "Melanesian", "Mozabite", "Palestinian", "Russian", "Uygur", "Yakut", "Basque", "Burusho", "Druze", "Kalash", "Papuan", "BantuSouthAfrica", "BiakaPygmy", "Mandenka", "MbutiPygmy", "San", "Yoruba", "Mandenka", "MbutiPygmy", "San", "Yoruba", "Bedouin", "Kalash", "Palestinian", "Russian", "Burusho", "Kalash", "Lahu", "Mozabite", "Palestinian", "Mandenka", "MbutiPygmy", "San", "Yoruba", "Kalash", "Uygur", "Lahu", "Melanesian", "Yi", "Maya", "Melanesian", "Papuan", "Pima", "Melanesian", "Mongola", "Yakut", "Yi", "Kalash", "Palestinian", "Yi", "Mozabite", "Papuan", "Pima", "Yoruba", "Mongola", "Pima", "San", "Yoruba", "Papuan", "Uygur", "Yakut", "Pima", "San", "Uygur", "Yakut", "Yi", "Palestinian", "Uygur", "San", "Uygur", "Uygur", "Uygur", "Yakut", "Yakut"],
  "weights": [1.5722, 2.0728, 2.794, 2.4213, 1.8411, 2.824, 2.3117, 2.9235, 2.5063, 2.5366, 1.7205, 2.8723, 2.9263, 3.7392, 4.2038, 4.0064, 5.1033, 6.3352, 3.8615, 3.2728, 5.0466, 6.6273, 3.1126, 2.1425, 2.2129, 2.2536, 2.9322, 2.4316, 2.041, 3.0754, 2.0453, 1.8546, 3.8278, 4.855, 6.5141, 3.9408, 2.3469, 2.4294, 2.351, 2.8197, 3.4849, 2.7955, 5.3508, 6.0297, 3.1093, 3.9831, 2.274, 2.6938, 3.0791, 2.0017, 1.4468, 3.0484, 2.5817, 3.6697, 4.3579, 2.5856, 5.1171, 2.0576, 7.1106, 4.7455, 3.4367, 2.9915, 4.2747, 4.5396, 7.8281, 2.8307, 2.9801, 2.7321, 2.2384, 2.1593, 7.719, 3.9339, 3.7587, 2.7277, 3.5077, 2.6597],
  "loci": ["rs3112218", "rs3112142", "rs6746931", "rs7598922", "rs10219", "rs3112165", "rs12712625", "rs12712627", "rs3099942", "rs3923144", "rs4670899", "rs3099950", "rs1901289", "rs11681583", "rs6544180", "rs986019", "rs6722478", "rs6738069", "rs10203995", "rs2599074", "rs4670269", "rs2305516", "rs10202876", "rs3751", "rs6544186", "rs6713281", "rs2888586", "rs1454227", "rs7583010", "rs13019754", "rs6758330", "rs13407659", "rs2060989", "rs2168043", "rs7589303", "rs10171977", "rs17023351", "rs1510112", "rs1567423", "rs6753194"]
}
