{
  "id": "EdgeSet0866",
  "sources": ["Adygei", "Adygei", "Adygei", "Balochi", "Balochi", "Balochi", "Balochi", "Balochi", "Balochi", "BantuKenya", "BantuKenya", "BantuKenya", "BantuKenya", "BantuKenya", "BantuSouthAfrica", "BantuSouthAfrica", "BantuSouthAfrica", "BantuSouthAfrica", "Basque", "Basque", "Basque", "Bedouin", "Bedouin", "Bedouin", "Bedouin", "Bedouin", "Bedouin", "BiakaPygmy", "BiakaPygmy", "BiakaPygmy", "BiakaPygmy", "Burusho", "Burusho", "Cambodian", "Cambodian", "Cambodian", "Cambodian", "Cambodian", "Cambodian", "Colombian", "Colombian", "Colombian", "Daur", "Daur", "Daur", "Daur", "Druze", "Druze", "Kalash", "Lahu", "Lahu", "Mandenka", "Mandenka", "Maya", "Maya", "Maya", "MbutiPygmy", "Melanesian", "Melanesian", "Mongola", "Mozabite", "Mozabite", "Palestinian", "Russian", "Russian", "Russian", "San", "Yakut"],
  "targets": ["Basque", "Burusho", "Druze", "Druze", "Mozabite", "Palestinian", "Pima", "Russian", "Uygur", "BantuSouthAfrica", "BiakaPygmy", "Mandenka", "MbutiPygmy", "Yoruba", "Colombian", "MbutiPygmy", "San", "Yoruba", "Druze", "Mozabite", "Russian", "Burusho", "Druze", "Mongola", "Mozabite", "Palestinian", "Uygur", "Mandenka", "MbutiPygmy", "San", "Yoruba", "Papuan", "Russian", "Colombian", "Lahu", "Maya", "Mongola", "Russian", "Yakut", "Lahu", "Maya", "MbutiPygmy", "Kalash", "Lahu", "Mongola", "Yi", "Kalash", "Palestinian", "Papuan", "Mongola", "Pima", "Mozabite", "Yoruba", "Mongola", "Pima", "Uygur", "San", "Papuan", "Yakut", "Uygur", "Palestinian", "Uygur", "Pima", "Uygur", "Yakut", "Yi", "Yoruba", "Yi"],
  "weights": [2.5148, 3.208, 2.3088, 2.1885, 2.2137, 2.0292, 3.0903, 1.8825, 2.4159, 5.0703, 3.8804, 2.5608, 7.0769, 3.1747, 8.2095, 7.9358, 7.7265, 4.8847, 1.6996, 2.6169, 2.1871, 3.5968, 1.8354, 3.1224, 1.9238, 1.657, 2.1138, 3.8715, 7.0865, 6.5532, 4.0997, 4.9411, 3.7052, 3.8689, 1.8733, 2.2833, 1.9093, 3.1387, 2.8746, 4.3243, 3.4389, 9.0377, 4.4477, 2.4316, 2.0619, 1.8212, 3.0941, 1.8858, 3.6661, 2.2838, 2.9966, 4.0909, 1.9585, 2.1649, 1.824, 2.5173, 6.7618, 2.5446, 3.6584, 2.6172, 2.0523, 2.2059, 3.0977, 2.2465, 3.123, 2.9693, 5.9045, 2.3608],
  "loci": ["rs750595", "rs7603217", "rs11892625", "rs11892731", "rs7602366", "rs13403830", "rs9309610", "rs7589446", "rs6752715", "rs10195063", "rs4550682", "rs10186197", "rs7587040", "rs13420155", "rs12714116", "rs4832352", "rs942151", "rs2885856", "rs4832364", "rs1374729", "rs13428219", "rs1447530", "rs17316184", "rs6714384", "rs4832367", "rs1447537", "rs1007901", "rs13392539", "rs1106936", "rs17024439", "rs1579896", "rs17388373", "rs11901149", "rs4832372", "rs7558055", "rs7579710", "rs13412176", "rs2197694", "rs1597039", "rs4832067"]
}
