{
  "id": "EdgeSet0562",
  "sources": ["Adygei", "Adygei", "Adygei", "Adygei", "Adygei", "Adygei", "Balochi", "Balochi", "Balochi", "Balochi", "BantuKenya", "BantuKenya", "BantuKenya", "BantuSouthAfrica", "BantuSouthAfrica", "BantuSouthAfrica", "BantuSouthAfrica", "Basque", "Basque", "Basque", "Basque", "Basque", "Bedouin", "Bedouin", "Bedouin", "Bedouin", "BiakaPygmy", "BiakaPygmy", "BiakaPygmy", "BiakaPygmy", "Burusho", "Burusho", "Burusho", "Cambodian", "Cambodian", "Cambodian", "Cambodian", "Cambodian", "Cambodian", "Colombian", "Colombian", "Colombian", "Daur", "Daur", "Daur", "Daur", "Daur", "Druze", "Druze", "Kalash", "Kalash", "Kalash", "Kalash", "Kalash", "Lahu", "Lahu", "Lahu", "Mandenka", "Mandenka", "Maya", "Maya", "MbutiPygmy", "MbutiPygmy", "Melanesian", "Melanesian", "Mongola", "Mongola", "Mozabite", "Palestinian", "Palestinian", "Pima", "Pima", "Uygur", "Yakut"],
  "targets": ["Balochi", "Basque", "Bedouin", "Druze", "Kalash", "Russian", "Basque", "Bedouin", "Mongola", "Papuan", "BantuSouthAfrica", "BiakaPygmy", "Yoruba", "Mandenka", "MbutiPygmy", "San", "Yoruba", "Burusho", "Daur", "Druze", "Pima", "Russian", "Druze", "Mongola", "Mozabite", "Palestinian", "Mandenka", "MbutiPygmy", "Melanesian", "Yoruba", "Druze", "Palestinian", "Uygur", "Daur", "Lahu", "Mongola", "Papuan", "Uygur", "Yi", "Maya", "Pima", "Uygur", "Lahu", "Papuan", "Pima", "Russian", "Yi", "Mozabite", "Yi", "Melanesian", "Palestinian", "Papuan", "Russian", "Uygur", "Mongola", "Papuan", "Yi", "San", "Yoruba", "Pima", "Yakut", "Melanesian", "San", "Papuan", "San", "Yakut", "Yi", "Palestinian", "Russian", "Uygur", "Russian", "Yakut", "Yakut", "Yi"],
  "weights": [2.2025, 2.3713, 2.0603, 2.3079, 1.8499, 2.2369, 2.4377, 1.9008, 3.3278, 3.8474, 4.117, 3.9487, 2.5113, 3.3165, 5.677, 6.6615, 3.8273, 3.169, 3.0077, 2.6102, 4.5629, 2.6691, 1.9879, 4.2282, 2.1201, 2.0635, 4.2633, 4.9303, 5.2333, 3.6533, 3.2555, 3.0271, 2.9459, 3.1271, 3.1904, 2.5025, 3.6837, 3.2656, 2.69, 1.4571, 3.5114, 3.9125, 3.3205, 3.5746, 4.0073, 3.0288, 2.5939, 2.5395, 3.6353, 4.824, 2.1121, 4.6943, 2.159, 2.9045, 2.7782, 4.0958, 2.9016, 6.2394, 3.2356, 3.1734, 2.9092, 6.8178, 6.3408, 5.2246, 7.8859, 2.8963, 2.4394, 2.5135, 2.0943, 3.0218, 4.5787, 3.2209, 3.185, 2.9829],
  "loci": ["rs17042362", "rs11125398", "rs6736403", "rs12477454", "rs6545251", "rs2355188", "rs4246581", "rs11890872", "rs10203140", "rs7582793", "rs6736402", "rs7595947", "rs4971785", "rs10205157", "rs2355195", "rs11899118", "rs2355196", "rs11688796", "rs6545261", "rs17716675", "rs12713170", "rs4971587", "rs10496005", "rs2355799", "rs10181636", "rs4625950", "rs12713175", "rs2355803", "rs12619784", "rs11678412", "rs4971790", "rs12611635", "rs7563687", "rs2355807", "rs11676671", "rs4356688", "rs6717734", "rs13029158", "rs4270386", "rs11892271"]
}
