{
  "id": "EdgeSet0299",
  "sources": ["Adygei", "Adygei", "Adygei", "Adygei", "Adygei", "Adygei", "Balochi", "Balochi", "Balochi", "Balochi", "Balochi", "BantuKenya", "BantuKenya", "BantuKenya", "BantuKenya", "BantuKenya", "BantuSouthAfrica", "BantuSouthAfrica", "BantuSouthAfrica", "BantuSouthAfrica", "Basque", "Basque", "Bedouin", "Bedouin", "Bedouin", "Bedouin", "Bedouin", "Bedouin", "BiakaPygmy", "BiakaPygmy", "BiakaPygmy", "Burusho", "Burusho", "Cambodian", "Cambodian", "Cambodian", "Cambodian", "Cambodian", "Cambodian", "Colombian", "Colombian", "Colombian", "Colombian", "Colombian", "Daur", "Daur", "Daur", "Daur", "Daur", "Daur", "Druze", "Druze", "Druze", "Druze", "Druze", "Kalash", "Kalash", "Lahu", "Lahu", "Mandenka", "Mandenka", "Maya", "Maya", "Maya", "MbutiPygmy", "Melanesian", "Melanesian", "Melanesian", "Melanesian", "Melanesian", "Mongola", "Mongola", "Mozabite", "Palestinian", "Papuan", "Papuan", "Pima", "Pima", "Uygur"],
  "targets": ["Balochi", "Basque", "Kalash", "Mozabite", "Palestinian", "Russian", "Basque", "Kalash", "Maya", "Russian", "Yakut", "BantuSouthAfrica", "BiakaPygmy", "Mandenka", "San", "Yoruba", "BiakaPygmy", "Palestinian", "San", "Yoruba", "Mozabite", "Russian", "Burusho", "Druze", "Kalash", "Mozabite", "Palestinian", "Russian", "Mandenka", "MbutiPygmy", "San", "Colombian", "Druze", "Lahu", "MbutiPygmy", "Melanesian", "Mongola", "Russian", "Uygur", "Kalash", "Mongola", "Pima", "Uygur", "Yakut", "Lahu", "Maya", "Mongola", "Mozabite", "Russian", "Yi", "Kalash", "Mozabite", "Palestinian", "Russian", "Yakut", "Maya", "Melanesian", "Mongola", "Yakut", "MbutiPygmy", "Yoruba", "Papuan", "Pima", "Yi", "San", "Mozabite", "Papuan", "Uygur", "Yakut", "Yi", "Uygur", "Yakut", "Palestinian", "Russian", "Pima", "Uygur", "Uygur", "Yi", "Yi"],
  "weights": [2.5513, 3.5062, 2.3805, 2.829, 2.4631, 2.3837, 4.4105, 2.5157, 2.0622, 2.5148, 2.4189, 4.7193, 4.5338, 3.8982, 5.5788, 3.3075, 5.5095, 6.3695, 6.8773, 4.9955, 3.6538, 3.2319, 2.3019, 1.9329, 3.035, 2.3969, 2.0246, 2.1055, 4.6709, 6.1941, 6.1175, 2.2657, 2.2449, 2.3691, 6.8985, 2.7963, 2.3634, 3.0741, 2.3529, 2.729, 3.8868, 2.6886, 2.5981, 2.6681, 2.2708, 2.3451, 2.3864, 3.5072, 3.7237, 2.4431, 1.9729, 2.4466, 2.0875, 2.0227, 3.7327, 2.826, 4.047, 2.3916, 2.7434, 6.36, 2.7499, 2.6127, 2.2401, 2.1846, 5.7571, 3.6956, 2.892, 3.4576, 2.7695, 3.002, 2.6761, 2.7164, 2.6796, 2.3571, 2.664, 3.862, 2.9154, 3.0818, 1.8083],
  "loci": ["rs7571895", "rs6716559", "rs7569431", "rs4666243", "rs13010035", "rs10176482", "rs4473345", "rs7592571", "rs7567732", "rs4666248", "rs4381746", "rs6547947", "rs10193521", "rs12473275", "rs4666249", "rs3922933", "rs6547949", "rs11694370", "rs4413121", "rs4233744", "rs4233745", "rs6742561", "rs13014477", "rs4128814", "rs4665470", "rs6713380", "rs6757944", "rs6757945", "rs13004389", "rs4381747", "rs4426491", "rs4630725", "rs6709634", "rs6547957", "rs6733973", "rs4666255", "rs7594717", "rs6547960", "rs7598366", "rs2879504"]
}
