{
  "id": "EdgeSet0138",
  "sources": ["Adygei", "Adygei", "Adygei", "Balochi", "Balochi", "Balochi", "Balochi", "Balochi", "BantuKenya", "BantuKenya", "BantuKenya", "BantuSouthAfrica", "BantuSouthAfrica", "BantuSouthAfrica", "BantuSouthAfrica", "Basque", "Basque", "Basque", "Basque", "Basque", "Basque", "Bedouin", "Bedouin", "Bedouin", "Bedouin", "BiakaPygmy", "BiakaPygmy", "BiakaPygmy", "Burusho", "Burusho", "Cambodian", "Cambodian", "Cambodian", "Cambodian", "Cambodian", "Cambodian", "Colombian", "Colombian", "Colombian", "Colombian", "Daur", "Daur", "Daur", "Daur", "Druze", "Druze", "Kalash", "Kalash", "Kalash", "Kalash", "Lahu", "Mandenka", "Maya", "Maya", "MbutiPygmy", "Melanesian", "Melanesian", "Mongola", "Mongola", "Mongola", "Mongola", "Mozabite", "Mozabite", "Palestinian", "Papuan", "Pima", "Pima", "Uygur", "Uygur"],
  "targets": ["Bedouin", "Palestinian", "Papuan", "Basque", "Burusho", "Kalash", "Lahu", "Uygur", "Mandenka", "MbutiPygmy", "Yoruba", "BiakaPygmy", "Daur", "MbutiPygmy", "Yoruba", "Burusho", "Druze", "Mozabite", "Russian", "Yakut", "Yi", "Druze", "Kalash", "Mozabite", "Palestinian", "MbutiPygmy", "San", "Yoruba", "Daur", "Kalash", "Daur", "Lahu", "Melanesian", "Mongola", "Papuan", "Yi", "Daur", "Maya", "Pima", "Yi", "Lahu", "Mongola", "Uygur", "Yakut", "Mozabite", "Russian", "Maya", "Russian", "San", "Uygur", "Melanesian", "Yoruba", "Pima", "Yi", "Mozabite", "Papuan", "Yi", "Papuan", "Russian", "San", "Yakut", "Palestinian", "Russian", "Russian", "Yakut", "San", "Yi", "Yakut", "Yi"],
  "weights": [1.9216, 1.71, 4.9891, 2.4782, 2.0133, 3.1638, 3.645, 2.4511, 2.4337, 4.1917, 2.5929, 4.7415, 7.1961, 4.6661, 4.3709, 2.7595, 1.9458, 2.5814, 2.3743, 2.8212, 2.8351, 1.7704, 4.0576, 2.3381, 1.9225, 4.3831, 7.6325, 4.9849, 2.8717, 3.3331, 2.8857, 3.417, 2.4724, 3.262, 3.9072, 2.2508, 4.0828, 3.3425, 3.8922, 4.9337, 3.2386, 3.1462, 2.7721, 3.1084, 1.9605, 2.0962, 3.8734, 3.4087, 9.1266, 3.4044, 3.8572, 3.168, 4.1293, 3.2136, 5.1422, 2.9731, 2.8958, 3.4063, 4.1936, 8.7524, 2.9358, 1.9946, 2.4958, 1.969, 3.3019, 9.0234, 4.8123, 2.6185, 2.5139],
  "loci": ["rs7419959", "rs6432257", "rs10183374", "rs10495591", "rs6732455", "rs12478548", "rs6731006", "rs6738871", "rs13404506", "rs10495592", "rs1344936", "rs16858290", "rs6741502", "rs6724565", "rs17551690", "rs10201732", "rs2033808", "rs16858314", "rs6728621", "rs1344935", "rs916522", "rs12692461", "rs934857", "rs1971516", "rs7558848", "rs13399680", "rs731395", "rs6432266", "rs3954862", "rs3906767", "rs10197240", "rs12617169", "rs13000342", "rs13394440", "rs4669821", "rs6432267", "rs4669825", "rs10170534", "rs10803744", "rs6432268"]
}
