{
  "id": "EdgeSet0021",
  "sources": ["Adygei", "Adygei", "Adygei", "Adygei", "Adygei", "Adygei", "Adygei", "Balochi", "Balochi", "Balochi", "Balochi", "Balochi", "Balochi", "Balochi", "BantuKenya", "BantuKenya", "BantuKenya", "BantuKenya", "BantuKenya", "BantuKenya", "BantuKenya", "BantuSouthAfrica", "BantuSouthAfrica", "Basque", "Basque", "Basque", "Basque", "Bedouin", "Bedouin", "Bedouin", "Bedouin", "Bedouin", "BiakaPygmy", "BiakaPygmy", "BiakaPygmy", "BiakaPygmy", "BiakaPygmy", "Burusho", "Burusho", "Burusho", "Burusho", "Burusho", "Cambodian", "Cambodian", "Cambodian", "Cambodian", "Cambodian", "Colombian", "Colombian", "Daur", "Daur", "Daur", "Daur", "Daur", "Daur", "Druze", "Druze", "Druze", "Kalash", "Kalash", "Kalash", "Lahu", "Lahu", "Lahu", "Mandenka", "Maya", "Maya", "MbutiPygmy", "MbutiPygmy", "Melanesian", "Melanesian", "Melanesian", "Mongola", "Mongola", "Mozabite", "Palestinian", "Palestinian", "Papuan", "Russian", "Uygur", "Yakut"],
  "targets": ["Balochi", "Basque", "Burusho", "Druze", "Kalash", "Palestinian", "Russian", "Cambodian", "Daur", "Mongola", "Mozabite", "Palestinian", "Papuan", "Russian", "BantuSouthAfrica", "Basque", "BiakaPygmy", "Mandenka", "Maya", "San", "Yoruba", "San", "Yoruba", "Druze", "Lahu", "Palestinian", "Uygur", "Druze", "Kalash", "Mozabite", "Palestinian", "Russian", "Druze", "MbutiPygmy", "Papuan", "San", "Yoruba", "Daur", "Druze", "Kalash", "Palestinian", "Russian", "Daur", "Lahu", "Melanesian", "Mongola", "Mozabite", "Maya", "Pima", "Lahu", "Melanesian", "Mongola", "Pima", "Yakut", "Yi", "Mozabite", "Palestinian", "Russian", "Melanesian", "Palestinian", "Russian", "Mongola", "Russian", "Yi", "Yoruba", "Pima", "Yakut", "Melanesian", "San", "Papuan", "San", "Yakut", "Yakut", "Yi", "Russian", "Uygur", "Yi", "Yi", "Yakut", "Yakut", "Yi"],
  "weights": [2.1893, 2.8116, 2.9319, 2.4823, 3.6829, 2.4864, 1.9922, 3.3315, 3.5884, 3.0991, 2.4065, 2.462, 4.5191, 2.1172, 3.1799, 4.5486, 3.4134, 3.2005, 6.4942, 5.0026, 2.6908, 4.9827, 2.5801, 2.7954, 4.8075, 2.9287, 3.0593, 1.9564, 2.8479, 1.7805, 1.9195, 1.8811, 5.5137, 5.514, 6.0567, 4.6185, 3.027, 3.2165, 3.9768, 3.2981, 2.9488, 2.9879, 3.1474, 4.2564, 5.7723, 3.0087, 4.7091, 2.6201, 2.6329, 3.8737, 6.1408, 2.5785, 5.6069, 2.5871, 2.8794, 2.0721, 2.4808, 2.194, 6.2282, 3.0731, 2.9403, 3.5469, 4.3692, 4.0203, 2.7596, 2.8248, 4.5594, 9.345, 6.5407, 6.2569, 8.5844, 6.8537, 1.934, 2.2962, 2.0433, 2.3525, 4.5932, 4.8958, 3.5724, 2.6781, 2.6214],
  "loci": ["rs10865533", "rs1465388", "rs17338414", "rs4853946", "rs17247253", "rs7582260", "rs9808093", "rs10181194", "rs7600426", "rs12470297", "rs7601823", "rs7568465", "rs10519519", "rs7588195", "rs10190125", "rs7581288", "rs7588535", "rs6705095", "rs3749053", "rs10495487", "rs12479155", "rs2551214", "rs17039614", "rs1464033", "rs4853945", "rs3942245", "rs6759198", "rs11884676", "rs2203163", "rs10084179", "rs749285", "rs713347", "rs6729986", "rs11901302", "rs17039644", "rs10199854", "rs13411814", "rs2668827", "rs1567675", "rs11679592"]
}
