{
  "id": "EdgeSet0292",
  "sources": ["Adygei", "Adygei", "Adygei", "Adygei", "Adygei", "Adygei", "Balochi", "Balochi", "Balochi", "Balochi", "Balochi", "Balochi", "BantuKenya", "BantuKenya", "BantuKenya", "BantuKenya", "BantuKenya", "BantuSouthAfrica", "BantuSouthAfrica", "BantuSouthAfrica", "Basque", "Basque", "Basque", "Bedouin", "Bedouin", "Bedouin", "Bedouin", "BiakaPygmy", "BiakaPygmy", "BiakaPygmy", "Burusho", "Burusho", "Burusho", "Burusho", "Burusho", "Cambodian", "Cambodian", "Cambodian", "Cambodian", "Colombian", "Colombian", "Colombian", "Colombian", "Daur", "Daur", "Daur", "Daur", "Daur", "Druze", "Druze", "Kalash", "Kalash", "Lahu", "Lahu", "Lahu", "Lahu", "Mandenka", "Mandenka", "Maya", "Maya", "Maya", "MbutiPygmy", "Melanesian", "Melanesian", "Mongola", "Mongola", "Mongola", "Mozabite", "Palestinian", "Papuan", "Yakut"],
  "targets": ["Cambodian", "Druze", "Kalash", "Mozabite", "Palestinian", "Uygur", "Bedouin", "Kalash", "Lahu", "Mongola", "Palestinian", "Uygur", "BantuSouthAfrica", "BiakaPygmy", "Mandenka", "MbutiPygmy", "Yoruba", "BiakaPygmy", "Mandenka", "MbutiPygmy", "Druze", "Kalash", "Russian", "Druze", "Mozabite", "Palestinian", "Russian", "MbutiPygmy", "San", "Yoruba", "Cambodian", "Daur", "Lahu", "Melanesian", "Palestinian", "Lahu", "Mongola", "Yakut", "Yi", "Maya", "Papuan", "Pima", "Yakut", "Lahu", "Mongola", "Papuan", "Yakut", "Yi", "Palestinian", "Russian", "MbutiPygmy", "San", "Melanesian", "Mongola", "Yakut", "Yoruba", "Mozabite", "Yoruba", "Pima", "Yakut", "Yi", "San", "Mongola", "Papuan", "Pima", "Uygur", "Yi", "Russian", "Pima", "Pima", "Yi"],
  "weights": [4.1017, 1.7663, 2.654, 2.6658, 1.6972, 2.1937, 2.1609, 2.674, 3.481, 2.5146, 1.9888, 1.9849, 3.7525, 4.6043, 3.2752, 5.8087, 3.7789, 5.317, 3.0101, 5.6371, 1.6431, 2.4608, 2.0213, 2.0012, 2.5703, 2.0125, 2.4089, 6.3586, 7.8088, 5.2966, 2.1487, 2.0788, 2.0183, 3.0318, 2.9365, 2.3413, 2.5193, 2.5151, 2.4653, 2.6154, 3.5059, 3.1287, 1.9287, 1.972, 2.2997, 2.8173, 2.3905, 2.4485, 1.6074, 1.9331, 7.0984, 8.3698, 3.079, 2.1832, 2.3266, 5.3825, 3.9921, 2.5216, 3.0489, 1.8926, 2.5943, 5.1287, 3.7095, 3.0237, 3.3362, 1.9467, 2.6124, 2.6816, 4.3964, 3.6081, 2.3029],
  "loci": ["rs4666183", "rs4666184", "rs13423991", "rs13397113", "rs13391633", "rs1528424", "rs11127209", "rs7561367", "rs1358514", "rs7572957", "rs17783362", "rs1881424", "rs6547916", "rs2049707", "rs6749171", "rs4666188", "rs12185589", "rs1881417", "rs876748", "rs10184494", "rs12328903", "rs12328429", "rs6547918", "rs11888500", "rs17784025", "rs17716734", "rs6750752", "rs7599783", "rs10432706", "rs6708752", "rs1358516", "rs4666200", "rs2339469", "rs13413749", "rs2276549", "rs7561975", "rs4666204", "rs6731724", "rs6722414", "rs12714271"]
}
