{
  "id": "EdgeSet0250",
  "sources": ["Adygei", "Adygei", "Adygei", "Adygei", "Adygei", "Adygei", "Adygei", "Balochi", "Balochi", "Balochi", "Balochi", "Balochi", "Balochi", "Balochi", "BantuKenya", "BantuKenya", "BantuKenya", "BantuKenya", "BantuKenya", "BantuSouthAfrica", "BantuSouthAfrica", "BantuSouthAfrica", "BantuSouthAfrica", "BantuSouthAfrica", "BantuSouthAfrica", "BantuSouthAfrica", "Basque", "Basque", "Basque", "Basque", "Bedouin", "Bedouin", "Bedouin", "Bedouin", "BiakaPygmy", "BiakaPygmy", "BiakaPygmy", "Burusho", "Burusho", "Burusho", "Burusho", "Burusho", "Burusho", "Burusho", "Cambodian", "Cambodian", "Cambodian", "Cambodian", "Cambodian", "Colombian", "Colombian", "Colombian", "Colombian", "Colombian", "Daur", "Daur", "Daur", "Daur", "Daur", "Druze", "Druze", "Kalash", "Kalash", "Lahu", "Lahu", "Mandenka", "Mandenka", "Mandenka", "Maya", "Maya", "Maya", "Maya", "MbutiPygmy", "MbutiPygmy", "Melanesian", "Melanesian", "Mongola", "Mongola", "Mongola", "Mozabite", "Palestinian", "Papuan", "Papuan", "Papuan", "Pima", "Uygur", "Yakut"],
  "targets": ["Balochi", "Basque", "Bedouin", "Cambodian", "Druze", "Mozabite", "Palestinian", "Bedouin", "Daur", "Kalash", "Melanesian", "Palestinian", "Papuan", "Pima", "Bedouin", "BiakaPygmy", "Mandenka", "MbutiPygmy", "Yoruba", "BiakaPygmy", "Daur", "Mandenka", "MbutiPygmy", "Mozabite", "San", "Yoruba", "Bedouin", "Burusho", "Mongola", "Mozabite", "Druze", "Kalash", "Mozabite", "Palestinian", "Mandenka", "MbutiPygmy", "San", "Cambodian", "Druze", "Melanesian", "Pima", "Russian", "Uygur", "Yakut", "Daur", "Lahu", "Melanesian", "Uygur", "Yi", "Lahu", "Maya", "Pima", "Yakut", "Yi", "Mongola", "Russian", "Uygur", "Yakut", "Yi", "Palestinian", "Russian", "Russian", "Uygur", "Pima", "Yakut", "MbutiPygmy", "Mozabite", "Yoruba", "Melanesian", "Mongola", "Papuan", "Pima", "San", "Yoruba", "Palestinian", "Papuan", "Pima", "Uygur", "Yakut", "Russian", "Russian", "San", "Yakut", "Yi", "San", "Yi", "Yi"],
  "weights": [2.3313, 2.8249, 2.2286, 2.7381, 2.0613, 3.5177, 2.0337, 1.9317, 3.2502, 2.1144, 3.3513, 2.061, 3.8331, 4.4073, 4.5208, 4.624, 3.1498, 4.9555, 3.3493, 4.8563, 6.8356, 3.5399, 6.3129, 4.7387, 6.5743, 4.1918, 2.543, 2.5144, 2.819, 3.0254, 1.845, 2.0675, 2.4268, 1.7422, 3.987, 5.2662, 6.3031, 3.0878, 3.0786, 4.4612, 4.6093, 3.041, 3.7809, 5.0432, 1.9281, 2.88, 3.1698, 2.0494, 3.5571, 3.3655, 1.7792, 2.8927, 2.9038, 3.4136, 2.2952, 2.6736, 2.0399, 2.7872, 2.716, 1.6631, 2.2467, 2.3987, 2.1394, 3.3126, 3.1377, 5.1066, 3.7274, 2.5125, 3.6116, 2.9752, 4.0273, 3.0922, 7.4579, 5.4564, 3.7814, 3.5435, 3.1877, 2.2109, 2.5026, 2.5093, 2.335, 6.5017, 4.0788, 4.3595, 6.6713, 2.4173, 2.6207],
  "loci": ["rs13014571", "rs6749822", "rs12053097", "rs7566157", "rs875077", "rs2723129", "rs12465302", "rs2577703", "rs13023745", "rs13427429", "rs2723144", "rs2723142", "rs2577756", "rs13397583", "rs12997821", "rs1030907", "rs6742888", "rs6756971", "rs11680541", "rs7572683", "rs747344", "rs13407828", "rs873543", "rs4665211", "rs2164867", "rs2164866", "rs11885576", "rs11889528", "rs17045393", "rs4665213", "rs7597223", "rs7586272", "rs4665594", "rs1530045", "rs744109", "rs11682168", "rs11125053", "rs13011734", "rs1864807", "rs10208318"]
}
