{
  "id": "EdgeSet0555",
  "sources": ["Adygei", "Adygei", "Adygei", "Adygei", "Adygei", "Adygei", "Adygei", "Balochi", "Balochi", "BantuKenya", "BantuKenya", "BantuKenya", "BantuKenya", "BantuKenya", "BantuSouthAfrica", "BantuSouthAfrica", "BantuSouthAfrica", "BantuSouthAfrica", "Basque", "Basque", "Basque", "Bedouin", "Bedouin", "Bedouin", "Bedouin", "BiakaPygmy", "BiakaPygmy", "BiakaPygmy", "Burusho", "Burusho", "Burusho", "Burusho", "Burusho", "Cambodian", "Cambodian", "Cambodian", "Cambodian", "Colombian", "Colombian", "Colombian", "Colombian", "Daur", "Daur", "Daur", "Daur", "Daur", "Daur", "Kalash", "Kalash", "Kalash", "Lahu", "Lahu", "Lahu", "Mandenka", "Mandenka", "Maya", "Maya", "MbutiPygmy", "MbutiPygmy", "Melanesian", "Melanesian", "Melanesian", "Melanesian", "Mongola", "Mongola", "Mozabite", "Papuan", "Pima", "Pima"],
  "targets": ["Basque", "Burusho", "Kalash", "Lahu", "Papuan", "Russian", "Uygur", "Palestinian", "Russian", "BantuSouthAfrica", "Mandenka", "Melanesian", "Mozabite", "Yoruba", "Mandenka", "MbutiPygmy", "San", "Yoruba", "Bedouin", "Druze", "Mozabite", "Burusho", "Druze", "MbutiPygmy", "Palestinian", "Mandenka", "MbutiPygmy", "Yoruba", "Druze", "Kalash", "Mozabite", "Russian", "Uygur", "Daur", "Mongola", "Uygur", "Yi", "Maya", "Papuan", "Pima", "Yi", "Mongola", "Pima", "Russian", "Uygur", "Yakut", "Yi", "Maya", "Palestinian", "Pima", "Pima", "Yakut", "Yi", "Papuan", "Yoruba", "Palestinian", "Pima", "Papuan", "San", "Papuan", "San", "Uygur", "Yakut", "Uygur", "Yakut", "Palestinian", "Yakut", "Yakut", "Yi"],
  "weights": [2.3344, 2.2429, 2.1115, 4.1699, 5.311, 2.6617, 2.4684, 2.6769, 2.1785, 4.3473, 2.4159, 6.0775, 3.9392, 3.6977, 3.81, 5.0133, 6.2462, 4.1825, 2.428, 1.8586, 2.5639, 3.1123, 2.21, 4.7211, 2.1577, 3.3686, 4.8625, 3.4617, 2.4672, 2.3352, 2.7468, 2.4607, 1.9752, 2.3082, 2.9873, 2.2414, 2.2459, 2.7258, 6.9745, 2.6776, 3.8686, 2.6782, 4.0192, 3.1567, 2.4434, 3.4943, 2.3943, 3.0213, 2.7448, 5.2905, 4.7055, 4.9219, 3.5848, 6.5141, 2.8749, 4.4542, 3.2002, 7.0498, 5.5689, 6.1376, 8.6537, 4.3725, 5.7012, 2.6624, 2.4935, 2.772, 6.509, 4.8952, 3.5091],
  "loci": ["rs13418692", "rs9789477", "rs2883423", "rs1919427", "rs10175823", "rs1528805", "rs1528806", "rs2715051", "rs10495996", "rs1528795", "rs11563146", "rs1534611", "rs2049736", "rs2049735", "rs1528792", "rs1528790", "rs12612083", "rs2697999", "rs7592062", "rs11899940", "rs2698031", "rs1358578", "rs2698029", "rs2698028", "rs2698026", "rs2698011", "rs1919431", "rs2204729", "rs4971754", "rs6721228", "rs17868182", "rs4567984", "rs11563041", "rs12478948", "rs17862718", "rs12616608", "rs9309214", "rs2354380", "rs2354382", "rs6715597"]
}
