{
  "id": "EdgeSet0390",
  "sources": ["Adygei", "Adygei", "Adygei", "Adygei", "Adygei", "Balochi", "Balochi", "Balochi", "Balochi", "BantuKenya", "BantuKenya", "BantuKenya", "BantuKenya", "BantuKenya", "BantuSouthAfrica", "BantuSouthAfrica", "BantuSouthAfrica", "BantuSouthAfrica", "Basque", "Basque", "Basque", "Basque", "Basque", "Bedouin", "Bedouin", "Bedouin", "Bedouin", "Bedouin", "BiakaPygmy", "BiakaPygmy", "BiakaPygmy", "Burusho", "Burusho", "Burusho", "Burusho", "Cambodian", "Cambodian", "Cambodian", "Colombian", "Colombian", "Colombian", "Daur", "Daur", "Daur", "Daur", "Daur", "Druze", "Druze", "Druze", "Kalash", "Lahu", "Lahu", "Mandenka", "Mandenka", "Maya", "MbutiPygmy", "Melanesian", "Melanesian", "Melanesian", "Mongola", "Mongola", "Mongola", "Mongola", "Mozabite", "Palestinian", "Pima", "Uygur", "Yakut"],
  "targets": ["Basque", "Kalash", "Mozabite", "Palestinian", "Uygur", "Kalash", "Mozabite", "Palestinian", "Papuan", "BantuSouthAfrica", "BiakaPygmy", "Kalash", "Mandenka", "San", "BiakaPygmy", "Maya", "MbutiPygmy", "Yoruba", "Burusho", "Druze", "Mozabite", "Russian", "Uygur", "Kalash", "Mandenka", "Mozabite", "Palestinian", "Russian", "MbutiPygmy", "San", "Yoruba", "Cambodian", "Melanesian", "Papuan", "Yi", "Lahu", "Yakut", "Yi", "Maya", "Pima", "Yakut", "Lahu", "Maya", "Melanesian", "Mongola", "Yakut", "Kalash", "Palestinian", "Russian", "Uygur", "Melanesian", "Mongola", "MbutiPygmy", "Yoruba", "Pima", "San", "Papuan", "Pima", "Russian", "Papuan", "Uygur", "Yakut", "Yi", "Palestinian", "Russian", "Yi", "Yi", "Yi"],
  "weights": [2.7843, 2.7225, 2.1566, 2.5149, 3.2407, 3.153, 2.8776, 2.8971, 4.3839, 3.7157, 3.652, 4.9626, 3.5382, 5.9095, 4.2554, 6.1787, 5.1605, 3.0756, 2.8841, 2.6041, 2.9864, 2.5477, 3.4854, 2.8318, 3.4477, 2.2317, 2.4097, 2.4122, 4.104, 5.3211, 3.5378, 3.8301, 3.2295, 3.4625, 2.9137, 3.7171, 3.8271, 3.7096, 2.8147, 3.5259, 4.0657, 2.3182, 3.6281, 2.801, 2.4999, 2.6593, 2.3533, 2.7192, 2.6133, 3.1141, 3.321, 2.7383, 4.6919, 2.3866, 3.6202, 4.9054, 3.4562, 4.4394, 3.3447, 3.2859, 3.1171, 2.6489, 2.6086, 2.5597, 3.3441, 4.6539, 3.2979, 2.3729],
  "loci": ["rs4353628", "rs10198396", "rs10178620", "rs7559825", "rs4352210", "rs4461243", "rs6747182", "rs11124590", "rs4524108", "rs4670208", "rs12463545", "rs10168778", "rs12712538", "rs6544093", "rs10173816", "rs6719698", "rs17507744", "rs4670734", "rs4455141", "rs7605481", "rs13430233", "rs2058403", "rs10170603", "rs17021120", "rs13409092", "rs6729121", "rs13401336", "rs727805", "rs1013292", "rs2373292", "rs2191841", "rs10207574", "rs12474331", "rs11692666", "rs4670757", "rs12615921", "rs10490280", "rs2072418", "rs2888542", "rs3845787"]
}
