{
  "id": "EdgeSet0790",
  "sources": ["Adygei", "Adygei", "Adygei", "Adygei", "Adygei", "Adygei", "Balochi", "Balochi", "Balochi", "Balochi", "BantuKenya", "BantuKenya", "BantuKenya", "BantuKenya", "BantuKenya", "BantuSouthAfrica", "BantuSouthAfrica", "BantuSouthAfrica", "BantuSouthAfrica", "Basque", "Basque", "Basque", "Bedouin", "Bedouin", "Bedouin", "Bedouin", "BiakaPygmy", "BiakaPygmy", "BiakaPygmy", "Burusho", "Burusho", "Burusho", "Cambodian", "Cambodian", "Cambodian", "Cambodian", "Cambodian", "Colombian", "Colombian", "Colombian", "Daur", "Daur", "Daur", "Druze", "Druze", "Kalash", "Kalash", "Kalash", "Lahu", "Lahu", "Lahu", "Mandenka", "Mandenka", "Mandenka", "Maya", "Maya", "MbutiPygmy", "Melanesian", "Melanesian", "Melanesian", "Mongola", "Mongola", "Mongola", "Mozabite", "Mozabite", "Palestinian", "Papuan", "Uygur", "Yakut"],
  "targets": ["Balochi", "Basque", "Bedouin", "Druze", "Lahu", "Maya", "Bedouin", "Daur", "Druze", "Kalash", "BiakaPygmy", "Mandenka", "MbutiPygmy", "Mozabite", "Yoruba", "BiakaPygmy", "Mandenka", "MbutiPygmy", "San", "Burusho", "Kalash", "Palestinian", "Kalash", "Mozabite", "Palestinian", "Uygur", "Mandenka", "MbutiPygmy", "San", "Daur", "Russian", "San", "Papuan", "Russian", "Uygur", "Yakut", "Yi", "Maya", "Mongola", "Pima", "Lahu", "Melanesian", "Pima", "Palestinian", "Russian", "Mozabite", "Palestinian", "Uygur", "Maya", "Yakut", "Yi", "Mozabite", "San", "Yoruba", "Mongola", "Pima", "San", "Papuan", "Pima", "San", "Pima", "Russian", "Yi", "Palestinian", "Yoruba", "Russian", "Pima", "Yi", "Yi"],
  "weights": [1.962, 2.4691, 1.6795, 1.4657, 3.8389, 4.6026, 1.6111, 4.3002, 2.0449, 2.2849, 4.7303, 4.2301, 5.5268, 4.1292, 3.7491, 4.0545, 3.9305, 4.97, 9.3505, 3.5873, 2.1764, 2.4525, 1.7981, 2.2881, 1.8943, 2.5169, 3.8194, 3.8253, 8.9791, 5.4516, 2.6201, 10.8373, 3.8107, 2.674, 2.4147, 1.9398, 2.2981, 4.2632, 4.7508, 4.8104, 2.5893, 4.6472, 3.2916, 1.8936, 1.9131, 2.5582, 2.1246, 2.7618, 3.0943, 2.7574, 1.6978, 3.4151, 9.8107, 2.4482, 3.0254, 3.1473, 8.8965, 3.0699, 3.6639, 11.7835, 3.3524, 3.1734, 3.104, 2.466, 2.7661, 1.8495, 2.72, 2.685, 2.2622],
  "loci": ["rs2119667", "rs988988", "rs2583526", "rs2197078", "rs1807143", "rs1372303", "rs4853186", "rs2583537", "rs6708139", "rs4853189", "rs317229", "rs441584", "rs436000", "rs17012027", "rs427171", "rs317285", "rs7560937", "rs13013977", "rs1440887", "rs404892", "rs13411401", "rs443713", "rs6722106", "rs389616", "rs1524210", "rs17012180", "rs317290", "rs6709581", "rs17700671", "rs7563058", "rs10496200", "rs13025724", "rs12618337", "rs13027159", "rs1440882", "rs1440881", "rs2422421", "rs1608590", "rs1554616", "rs11687064"]
}
