{
  "id": "EdgeSet0518",
  "sources": ["Adygei", "Adygei", "Adygei", "Balochi", "Balochi", "Balochi", "BantuKenya", "BantuKenya", "BantuKenya", "BantuKenya", "BantuKenya", "BantuSouthAfrica", "BantuSouthAfrica", "BantuSouthAfrica", "Basque", "Basque", "Basque", "Basque", "Bedouin", "Bedouin", "Bedouin", "Bedouin", "Bedouin", "BiakaPygmy", "BiakaPygmy", "BiakaPygmy", "Burusho", "Burusho", "Burusho", "Cambodian", "Cambodian", "Cambodian", "Cambodian", "Cambodian", "Cambodian", "Cambodian", "Colombian", "Colombian", "Colombian", "Colombian", "Colombian", "Daur", "Daur", "Daur", "Daur", "Daur", "Druze", "Druze", "Lahu", "Lahu", "Lahu", "Mandenka", "Mandenka", "Maya", "Maya", "MbutiPygmy", "MbutiPygmy", "Melanesian", "Melanesian", "Mongola", "Mongola", "Mongola", "Mongola", "Mozabite", "Palestinian", "Papuan", "Russian"],
  "targets": ["Druze", "Palestinian", "Uygur", "Maya", "Mongola", "Mozabite", "BantuSouthAfrica", "BiakaPygmy", "Burusho", "Mandenka", "Yoruba", "BiakaPygmy", "Mandenka", "San", "Bedouin", "Druze", "Kalash", "Russian", "Burusho", "Druze", "Mozabite", "Palestinian", "Uygur", "MbutiPygmy", "San", "Yoruba", "Maya", "Melanesian", "Uygur", "Kalash", "Lahu", "Melanesian", "Mongola", "Pima", "Uygur", "Yi", "Kalash", "Maya", "Mongola", "Pima", "Yakut", "Lahu", "Pima", "Uygur", "Yakut", "Yi", "Palestinian", "Yakut", "Melanesian", "Uygur", "Yakut", "Mozabite", "Yoruba", "Mongola", "Pima", "Papuan", "San", "Papuan", "Yi", "Papuan", "Uygur", "Yakut", "Yi", "Yoruba", "Russian", "San", "San"],
  "weights": [1.5351, 1.6144, 2.6331, 3.1623, 2.6694, 2.7536, 3.606, 2.9013, 5.0599, 3.3496, 3.3677, 3.5156, 3.2655, 10.7271, 1.9692, 2.1228, 2.2776, 3.0195, 3.7573, 1.6719, 1.9061, 1.7851, 2.6401, 5.1856, 10.0781, 3.3417, 3.8029, 5.219, 3.6682, 2.6138, 2.8013, 3.8793, 2.2752, 3.7327, 2.7958, 2.5637, 3.5967, 2.6664, 4.2951, 3.0322, 3.4794, 2.5669, 2.9866, 3.0233, 1.7768, 2.767, 1.6877, 3.4797, 4.4877, 3.8678, 2.7236, 3.3024, 2.6861, 2.7661, 2.7507, 8.3023, 9.798, 3.6564, 3.8661, 4.9877, 2.4179, 2.1005, 2.6985, 3.6345, 3.4028, 13.3255, 11.9865],
  "loci": ["rs4952917", "rs4953592", "rs876970", "rs11125176", "rs6705602", "rs2293274", "rs3792234", "rs13011288", "rs2293276", "rs17397852", "rs2140551", "rs7574549", "rs1554612", "rs11901451", "rs7604334", "rs4953597", "rs10208754", "rs13035544", "rs10495955", "rs3792243", "rs12988176", "rs10432667", "rs10198501", "rs6712571", "rs6717341", "rs11901588", "rs1916838", "rs3792246", "rs12713012", "rs1464729", "rs1464728", "rs11689544", "rs11125179", "rs4953611", "rs2293275", "rs12468825", "rs1404057", "rs17398191", "rs6755901", "rs7584253"]
}
