{
  "id": "EdgeSet0365",
  "sources": ["Adygei", "Adygei", "Adygei", "Adygei", "Balochi", "Balochi", "Balochi", "Balochi", "Balochi", "BantuKenya", "BantuKenya", "BantuKenya", "BantuKenya", "BantuKenya", "BantuKenya", "BantuKenya", "BantuKenya", "BantuSouthAfrica", "BantuSouthAfrica", "BantuSouthAfrica", "Basque", "Basque", "Basque", "Bedouin", "Bedouin", "Bedouin", "Bedouin", "Bedouin", "BiakaPygmy", "BiakaPygmy", "Burusho", "Burusho", "Burusho", "Burusho", "Burusho", "Burusho", "Burusho", "Cambodian", "Cambodian", "Cambodian", "Cambodian", "Cambodian", "Colombian", "Colombian", "Colombian", "Colombian", "Colombian", "Colombian", "Daur", "Daur", "Daur", "Daur", "Daur", "Druze", "Druze", "Kalash", "Kalash", "Lahu", "Lahu", "Mandenka", "Mandenka", "Maya", "Maya", "Maya", "Maya", "MbutiPygmy", "MbutiPygmy", "Melanesian", "Mongola", "Mongola", "Mozabite", "Palestinian", "San", "Uygur", "Yakut"],
  "targets": ["Balochi", "Druze", "Kalash", "Russian", "Basque", "Bedouin", "Colombian", "Kalash", "Yi", "BantuSouthAfrica", "BiakaPygmy", "Mandenka", "MbutiPygmy", "Melanesian", "Mozabite", "Papuan", "Yoruba", "BiakaPygmy", "San", "Yoruba", "Druze", "Mozabite", "Palestinian", "Mozabite", "Palestinian", "Pima", "Russian", "Yakut", "MbutiPygmy", "Yoruba", "Druze", "Kalash", "Maya", "Russian", "San", "Yakut", "Yi", "Lahu", "Melanesian", "Pima", "San", "Yi", "Daur", "Mandenka", "Maya", "Mongola", "Mozabite", "Pima", "Lahu", "Maya", "Mongola", "Uygur", "Yi", "Palestinian", "Russian", "Melanesian", "Uygur", "Melanesian", "Yi", "Mozabite", "Yoruba", "Mongola", "Papuan", "Pima", "Yakut", "Pima", "San", "Papuan", "San", "Yi", "Pima", "Russian", "Yoruba", "Yi", "Yi"],
  "weights": [1.8578, 2.0236, 1.8236, 1.4955, 1.9126, 2.0431, 2.3867, 1.8469, 2.0328, 4.0247, 3.9605, 3.4729, 6.7267, 5.1095, 4.5786, 5.8135, 3.0187, 3.5703, 6.0314, 3.2581, 2.5039, 3.1694, 2.6758, 2.5743, 2.0545, 2.9637, 1.8866, 2.8292, 5.7346, 3.303, 2.8306, 3.6455, 2.9315, 2.3981, 7.7922, 2.913, 2.6515, 2.5388, 3.5313, 4.6587, 7.9666, 3.5074, 3.2046, 3.7172, 2.2064, 3.5749, 2.7825, 3.35, 2.5805, 2.2037, 2.8705, 1.8341, 1.762, 2.5828, 1.5763, 3.0869, 2.4853, 2.5715, 2.4179, 3.6775, 2.127, 2.996, 3.1647, 3.4824, 2.6967, 8.0713, 8.8683, 2.3655, 7.9066, 2.7343, 3.7391, 2.3346, 7.1713, 1.694, 2.2735],
  "loci": ["rs1595733", "rs6543961", "rs11680986", "rs4670481", "rs7573212", "rs1439685", "rs13011599", "rs6713533", "rs17017113", "rs10495843", "rs1439693", "rs1439694", "rs7561171", "rs1467222", "rs1518628", "rs1518635", "rs1518636", "rs10185682", "rs4510202", "rs7578143", "rs12105236", "rs925910", "rs1518652", "rs2048983", "rs1401230", "rs925909", "rs10179278", "rs4670125", "rs12465166", "rs11683407", "rs17017304", "rs4670126", "rs1518653", "rs11883534", "rs1401219", "rs10170933", "rs1401218", "rs7560961", "rs17471749", "rs17017365"]
}
