{
  "id": "EdgeSet0441",
  "sources": ["Adygei", "Adygei", "Adygei", "Adygei", "Adygei", "Balochi", "Balochi", "Balochi", "BantuKenya", "BantuKenya", "BantuKenya", "BantuKenya", "BantuKenya", "BantuSouthAfrica", "BantuSouthAfrica", "BantuSouthAfrica", "BantuSouthAfrica", "Basque", "Basque", "Basque", "Basque", "Basque", "Basque", "Bedouin", "Bedouin", "Bedouin", "Bedouin", "Bedouin", "BiakaPygmy", "BiakaPygmy", "BiakaPygmy", "BiakaPygmy", "Burusho", "Burusho", "Burusho", "Burusho", "Burusho", "Cambodian", "Cambodian", "Cambodian", "Cambodian", "Colombian", "Colombian", "Colombian", "Colombian", "Daur", "Daur", "Daur", "Daur", "Druze", "Druze", "Kalash", "Lahu", "Lahu", "Lahu", "Mandenka", "Maya", "Maya", "MbutiPygmy", "Melanesian", "Melanesian", "Melanesian", "Melanesian", "Melanesian", "Mongola", "Mongola", "Mongola", "Mozabite", "Mozabite", "Pima", "Russian", "San", "Yakut"],
  "targets": ["Balochi", "Burusho", "Druze", "Mozabite", "Palestinian", "Basque", "Druze", "Kalash", "BantuSouthAfrica", "BiakaPygmy", "Mandenka", "MbutiPygmy", "Yoruba", "Mandenka", "MbutiPygmy", "San", "Yoruba", "Druze", "Kalash", "Mozabite", "Palestinian", "Russian", "San", "Burusho", "Druze", "Mozabite", "Palestinian", "Uygur", "Cambodian", "Mandenka", "MbutiPygmy", "Russian", "Cambodian", "Kalash", "Palestinian", "Russian", "Uygur", "Daur", "Kalash", "Lahu", "Melanesian", "Maya", "Melanesian", "Pima", "San", "Mongola", "Russian", "Yakut", "Yi", "Mozabite", "Palestinian", "Uygur", "Melanesian", "Papuan", "Yi", "Yoruba", "Papuan", "Pima", "San", "Palestinian", "Papuan", "Russian", "Uygur", "Yoruba", "Papuan", "Yakut", "Yi", "Papuan", "Russian", "San", "Uygur", "Yoruba", "Yi"],
  "weights": [2.679, 2.3704, 1.9023, 2.2692, 2.0615, 3.5737, 2.4263, 2.7062, 3.6868, 4.6762, 3.5044, 4.7479, 3.3639, 3.4072, 5.0791, 9.3481, 3.5887, 2.4072, 3.115, 2.469, 2.1433, 2.5782, 10.0185, 2.0688, 1.8008, 1.7246, 1.5398, 2.7795, 4.8311, 3.9268, 4.6426, 4.3872, 3.6279, 2.6253, 2.1226, 2.7527, 2.6929, 3.5111, 3.8785, 2.9981, 4.7816, 2.6674, 6.8578, 3.6384, 11.747, 2.7213, 3.4593, 2.8911, 2.309, 1.8927, 1.8656, 3.1989, 5.0551, 4.3156, 3.7094, 3.0159, 5.2637, 2.9328, 9.1449, 4.632, 4.1021, 5.9501, 4.2906, 5.4174, 4.0812, 2.7641, 2.6733, 4.1567, 2.8765, 10.664, 3.3177, 9.1571, 2.2595],
  "loci": ["rs12615383", "rs7560797", "rs222467", "rs13015280", "rs17389988", "rs92303", "rs11124877", "rs1496328", "rs10495897", "rs11685479", "rs13022188", "rs13030217", "rs713611", "rs1390610", "rs13028484", "rs4368378", "rs924114", "rs12712846", "rs2888839", "rs17029781", "rs12986795", "rs2132534", "rs17679678", "rs6742450", "rs4953529", "rs6749160", "rs10865184", "rs8179838", "rs4953564", "rs731205", "rs3816186", "rs10194712", "rs10182499", "rs1439645", "rs2119014", "rs6729750", "rs13421678", "rs1561505", "rs6717144", "rs930420"]
}
