{
  "id": "EdgeSet0996",
  "sources": ["Adygei", "Adygei", "Adygei", "Adygei", "Adygei", "Balochi", "Balochi", "Balochi", "Balochi", "Balochi", "BantuKenya", "BantuKenya", "BantuKenya", "BantuKenya", "BantuKenya", "BantuSouthAfrica", "BantuSouthAfrica", "BantuSouthAfrica", "Basque", "Basque", "Basque", "Basque", "Basque", "Bedouin", "Bedouin", "Bedouin", "BiakaPygmy", "BiakaPygmy", "BiakaPygmy", "BiakaPygmy", "Burusho", "Cambodian", "Cambodian", "Cambodian", "Colombian", "Colombian", "Colombian", "Colombian", "Colombian", "Colombian", "Colombian", "Daur", "Daur", "Daur", "Daur", "Druze", "Druze", "Lahu", "Lahu", "Lahu", "Mandenka", "Mandenka", "Mandenka", "Maya", "Maya", "MbutiPygmy", "MbutiPygmy", "Melanesian", "Mongola", "Mongola", "Mongola", "Mozabite", "Mozabite", "Mozabite", "Palestinian", "Palestinian", "Papuan", "Papuan", "Pima", "Russian"],
  "targets": ["Balochi", "Basque", "Kalash", "Palestinian", "Russian", "Basque", "Bedouin", "Druze", "Russian", "Uygur", "BiakaPygmy", "Mandenka", "MbutiPygmy", "San", "Yoruba", "BiakaPygmy", "San", "Yoruba", "Bedouin", "Burusho", "Druze", "Kalash", "Russian", "Druze", "Mozabite", "Palestinian", "Mandenka", "MbutiPygmy", "Mozabite", "Yoruba", "Kalash", "Daur", "Melanesian", "Yi", "Daur", "Druze", "Lahu", "Maya", "Pima", "Yakut", "Yi", "Mongola", "Pima", "Yakut", "Yi", "Kalash", "Palestinian", "Melanesian", "Mongola", "Yi", "MbutiPygmy", "Mozabite", "Yoruba", "Pima", "Yi", "San", "Yoruba", "Papuan", "Pima", "Russian", "Uygur", "Palestinian", "Russian", "Uygur", "Russian", "Uygur", "San", "Yoruba", "Yakut", "Uygur"],
  "weights": [1.5867, 1.7298, 2.3792, 1.9073, 1.8825, 1.7268, 2.1409, 1.7792, 1.8323, 2.7928, 5.4375, 4.8049, 6.0747, 11.2309, 4.9306, 4.1994, 10.2896, 4.703, 2.0232, 3.7834, 1.4785, 2.1902, 1.8844, 1.7816, 2.2166, 1.8627, 4.0717, 6.0171, 4.915, 3.8552, 4.1977, 2.6283, 4.4303, 2.5988, 2.2525, 4.3539, 2.7784, 2.447, 2.1985, 2.3644, 2.559, 2.5828, 1.8013, 1.3402, 2.2746, 2.4937, 1.8962, 5.1004, 3.1632, 2.158, 5.8857, 3.9226, 3.0039, 1.57, 2.0102, 12.6463, 5.9696, 3.7969, 2.7395, 3.9459, 2.4567, 2.5736, 2.6331, 2.938, 2.1008, 2.974, 14.1669, 8.2841, 2.0911, 2.5092],
  "loci": ["rs10205370", "rs2577625", "rs1821867", "rs826682", "rs12469016", "rs826588", "rs6542775", "rs10197130", "rs17036878", "rs6740879", "rs12478500", "rs10865023", "rs10195050", "rs765089", "rs1478515", "rs1478516", "rs17037027", "rs12712027", "rs2169812", "rs6542783", "rs2378217", "rs940928", "rs260633", "rs260642", "rs6542787", "rs260714", "rs260698", "rs260690", "rs13427084", "rs260693", "rs11691107", "rs260696", "rs12992554", "rs260607", "rs17269487", "rs260681", "rs6749207", "rs260682", "rs17034770", "rs2378298"]
}
