{
  "id": "EdgeSet0168",
  "sources": ["Adygei", "Adygei", "Adygei", "Adygei", "Adygei", "Adygei", "Adygei", "Adygei", "Balochi", "Balochi", "Balochi", "Balochi", "BantuKenya", "BantuKenya", "BantuKenya", "BantuKenya", "BantuKenya", "BantuSouthAfrica", "BantuSouthAfrica", "Basque", "Basque", "Basque", "Basque", "Basque", "Bedouin", "Bedouin", "Bedouin", "Bedouin", "BiakaPygmy", "BiakaPygmy", "BiakaPygmy", "Burusho", "Burusho", "Burusho", "Burusho", "Cambodian", "Cambodian", "Cambodian", "Cambodian", "Cambodian", "Colombian", "Colombian", "Colombian", "Daur", "Daur", "Daur", "Daur", "Kalash", "Lahu", "Lahu", "Lahu", "Lahu", "Mandenka", "Mandenka", "Maya", "MbutiPygmy", "MbutiPygmy", "Melanesian", "Melanesian", "Mongola", "Mozabite", "Mozabite", "Palestinian", "Papuan", "Pima", "Pima", "Russian", "San", "Yakut"],
  "targets": ["Burusho", "Colombian", "Druze", "Kalash", "Mozabite", "Palestinian", "Russian", "Uygur", "Druze", "Kalash", "Palestinian", "Papuan", "BantuSouthAfrica", "BiakaPygmy", "MbutiPygmy", "Mozabite", "Yoruba", "San", "Yoruba", "Bedouin", "Melanesian", "Mozabite", "Palestinian", "Russian", "Druze", "Mozabite", "Palestinian", "Russian", "Mandenka", "MbutiPygmy", "San", "Colombian", "Kalash", "Palestinian", "Russian", "Daur", "Lahu", "Maya", "Melanesian", "Pima", "Kalash", "Maya", "Yakut", "Lahu", "Maya", "Mongola", "Yakut", "Palestinian", "Papuan", "Pima", "Yakut", "Yi", "Yi", "Yoruba", "Pima", "Melanesian", "San", "Papuan", "Yi", "Yi", "Palestinian", "Yoruba", "Russian", "Yakut", "San", "Uygur", "Uygur", "Yoruba", "Yi"],
  "weights": [2.2055, 4.9692, 2.3097, 2.3005, 2.7102, 2.1774, 1.9133, 2.6285, 2.3374, 2.7319, 2.0751, 2.9595, 4.4473, 3.9624, 5.5655, 4.3577, 3.2344, 4.7274, 3.8542, 1.6689, 3.8705, 2.563, 2.1695, 2.3493, 1.8147, 2.1716, 1.8287, 2.0928, 4.3054, 4.2913, 4.2535, 4.0424, 2.0449, 3.0974, 2.4494, 2.3346, 2.329, 2.3937, 3.44, 2.7546, 4.2315, 3.5514, 4.4593, 2.4239, 2.3155, 3.2584, 2.9245, 2.6001, 3.2846, 3.0945, 2.909, 2.8787, 5.2011, 2.4209, 1.8313, 6.8926, 4.564, 2.6085, 3.8576, 2.975, 2.3116, 3.7135, 2.2547, 3.6474, 7.711, 3.3343, 2.3882, 6.7015, 3.5846],
  "loci": ["rs6431685", "rs1469017", "rs6730450", "rs12476981", "rs2302940", "rs12476678", "rs4668882", "rs13010109", "rs13007229", "rs10183588", "rs4668885", "rs16862432", "rs6710817", "rs12616994", "rs3764922", "rs4668441", "rs9287655", "rs918359", "rs4465744", "rs12468984", "rs962616", "rs7598652", "rs10929359", "rs10173491", "rs759806", "rs16862519", "rs3731997", "rs13015492", "rs13391501", "rs1035246", "rs6749663", "rs4668449", "rs2031011", "rs7586201", "rs11676115", "rs4668909", "rs4668911", "rs741437", "rs7575425", "rs17391264"]
}
