{
  "id": "EdgeSet0149",
  "sources": ["Adygei", "Adygei", "Adygei", "Adygei", "Adygei", "Adygei", "Adygei", "Balochi", "Balochi", "Balochi", "Balochi", "Balochi", "Balochi", "Balochi", "BantuKenya", "BantuKenya", "BantuKenya", "BantuKenya", "BantuKenya", "BantuSouthAfrica", "BantuSouthAfrica", "BantuSouthAfrica", "BantuSouthAfrica", "BantuSouthAfrica", "Basque", "Basque", "Basque", "Bedouin", "Bedouin", "Bedouin", "BiakaPygmy", "BiakaPygmy", "Burusho", "Burusho", "Cambodian", "Cambodian", "Cambodian", "Colombian", "Colombian", "Daur", "Daur", "Daur", "Druze", "Druze", "Druze", "Druze", "Druze", "Kalash", "Kalash", "Kalash", "Lahu", "Lahu", "Lahu", "Mandenka", "Maya", "Maya", "Maya", "MbutiPygmy", "Melanesian", "Melanesian", "Melanesian", "Mongola", "Mongola", "Mozabite", "Mozabite", "Papuan", "Pima", "Russian"],
  "targets": ["Burusho", "Druze", "Kalash", "Palestinian", "Papuan", "Russian", "Uygur", "Bedouin", "Burusho", "Cambodian", "Druze", "Kalash", "Mozabite", "Yakut", "BiakaPygmy", "Mandenka", "Papuan", "San", "Yoruba", "BiakaPygmy", "Lahu", "MbutiPygmy", "San", "Yoruba", "Kalash", "Palestinian", "Uygur", "Burusho", "Mozabite", "Palestinian", "Mandenka", "MbutiPygmy", "Druze", "Palestinian", "Daur", "Pima", "Yi", "Maya", "Pima", "Lahu", "Mongola", "Yi", "Kalash", "Palestinian", "Russian", "Uygur", "Yakut", "Mozabite", "Papuan", "Uygur", "Palestinian", "Pima", "Yi", "Yoruba", "Mongola", "Yakut", "Yi", "San", "Mozabite", "Papuan", "Russian", "Uygur", "Yakut", "Palestinian", "Russian", "Uygur", "Yi", "Uygur"],
  "weights": [1.6594, 1.7433, 1.8197, 1.2694, 3.85, 1.5543, 2.5381, 1.933, 2.0175, 3.1312, 1.9866, 2.1366, 1.958, 2.9684, 6.099, 4.3931, 6.7868, 11.8146, 4.6974, 5.3928, 6.7165, 5.605, 10.768, 4.4504, 2.2141, 1.4958, 2.5103, 1.7653, 2.1191, 1.6302, 4.6566, 4.7554, 1.8593, 1.5332, 2.2118, 3.362, 3.0011, 2.9759, 2.7807, 3.9356, 1.8984, 2.7103, 2.1064, 1.8959, 1.8969, 2.5764, 3.8385, 2.3385, 3.5414, 2.6713, 4.2035, 4.8609, 3.896, 2.2522, 4.0522, 3.9621, 3.8306, 8.7598, 3.0581, 2.5298, 2.9288, 2.6009, 2.8555, 2.0183, 1.7498, 3.4919, 3.2793, 2.8972],
  "loci": ["rs10165801", "rs11688528", "rs12991972", "rs4669900", "rs7590964", "rs12471046", "rs1154841", "rs2380457", "rs12692488", "rs2138500", "rs1516289", "rs7579161", "rs10929842", "rs16859638", "rs7567155", "rs4668795", "rs1818595", "rs16859682", "rs16859684", "rs1356224", "rs11688153", "rs11674766", "rs7602429", "rs9789622", "rs4346352", "rs12612960", "rs12616272", "rs12614689", "rs931237", "rs4009122", "rs4669910", "rs1482767", "rs1482766", "rs1600960", "rs6719067", "rs10186099", "rs748615", "rs13417714", "rs1871957", "rs10193283"]
}
