{
  "id": "EdgeSet0929",
  "sources": ["Adygei", "Adygei", "Adygei", "Adygei", "Balochi", "Balochi", "Balochi", "Balochi", "Balochi", "BantuKenya", "BantuKenya", "BantuKenya", "BantuKenya", "BantuSouthAfrica", "BantuSouthAfrica", "BantuSouthAfrica", "Basque", "Basque", "Basque", "Basque", "Basque", "Bedouin", "Bedouin", "Bedouin", "BiakaPygmy", "BiakaPygmy", "Burusho", "Burusho", "Burusho", "Burusho", "Burusho", "Burusho", "Cambodian", "Cambodian", "Cambodian", "Cambodian", "Cambodian", "Cambodian", "Colombian", "Colombian", "Colombian", "Daur", "Daur", "Daur", "Druze", "Druze", "Kalash", "Kalash", "Kalash", "Kalash", "Kalash", "Lahu", "Lahu", "Lahu", "Lahu", "Mandenka", "Mandenka", "Maya", "Maya", "MbutiPygmy", "Melanesian", "Mongola", "Mongola", "Mongola", "Mozabite", "Mozabite", "Mozabite", "San", "Uygur", "Yakut"],
  "targets": ["Balochi", "Druze", "Mozabite", "Russian", "Basque", "Bedouin", "Kalash", "Papuan", "Russian", "BiakaPygmy", "Mandenka", "San", "Yoruba", "BiakaPygmy", "Mandenka", "San", "Druze", "Lahu", "Mozabite", "Palestinian", "Russian", "Druze", "Palestinian", "Uygur", "MbutiPygmy", "San", "Cambodian", "Druze", "Kalash", "Papuan", "Pima", "Russian", "Daur", "Lahu", "Mongola", "Papuan", "Pima", "Uygur", "Maya", "Mongola", "Pima", "Mongola", "Yakut", "Yi", "Palestinian", "Russian", "Melanesian", "Palestinian", "Papuan", "Pima", "Russian", "Melanesian", "Mongola", "Uygur", "Yi", "MbutiPygmy", "Yoruba", "Uygur", "Yakut", "San", "Papuan", "San", "Uygur", "Yi", "Palestinian", "San", "Yakut", "Yoruba", "Yakut", "Yi"],
  "weights": [2.4188, 2.2525, 2.6612, 3.0087, 2.3133, 2.356, 3.0058, 3.7514, 3.6601, 4.7251, 3.3634, 9.6896, 4.2868, 3.7223, 3.5929, 10.0173, 1.5843, 3.2793, 2.3879, 1.8921, 2.788, 1.904, 1.6661, 2.5595, 3.9076, 9.4083, 4.0572, 3.2917, 3.6167, 4.5212, 5.1598, 3.4297, 3.5337, 3.3277, 2.711, 4.5794, 4.8809, 2.8333, 2.5686, 4.0422, 2.6524, 3.6124, 3.3855, 2.8811, 1.6805, 2.6547, 3.7524, 3.1558, 3.6681, 4.8216, 3.5126, 4.9881, 3.7904, 3.0954, 3.5131, 4.6862, 3.5745, 3.4285, 3.3491, 9.8041, 2.531, 12.0779, 3.1936, 2.6576, 2.3709, 10.5284, 3.7823, 9.4472, 2.7457, 2.9211],
  "loci": ["rs6543007", "rs13426867", "rs1979043", "rs2121370", "rs13414756", "rs4851400", "rs6543017", "rs2309938", "rs7584650", "rs796063", "rs6543018", "rs796054", "rs2165427", "rs796055", "rs2033956", "rs11686264", "rs11898628", "rs11694166", "rs4851407", "rs17025300", "rs6749166", "rs7556762", "rs733830", "rs4850962", "rs4851411", "rs6742826", "rs1192827", "rs1192817", "rs6724417", "rs1660711", "rs750783", "rs1192793", "rs935065", "rs1192795", "rs3828194", "rs13031025", "rs6711606", "rs4851416", "rs7568067", "rs6543026"]
}
