{
  "id": "EdgeSet0991",
  "sources": ["Adygei", "Adygei", "Adygei", "Adygei", "Adygei", "Adygei", "Adygei", "Balochi", "Balochi", "Balochi", "Balochi", "BantuKenya", "BantuKenya", "BantuKenya", "BantuKenya", "BantuSouthAfrica", "BantuSouthAfrica", "BantuSouthAfrica", "BantuSouthAfrica", "Basque", "Basque", "Basque", "Bedouin", "Bedouin", "Bedouin", "Bedouin", "BiakaPygmy", "BiakaPygmy", "BiakaPygmy", "Burusho", "Burusho", "Burusho", "Burusho", "Burusho", "Burusho", "Cambodian", "Cambodian", "Cambodian", "Cambodian", "Cambodian", "Colombian", "Colombian", "Colombian", "Colombian", "Colombian", "Daur", "Daur", "Daur", "Daur", "Daur", "Druze", "Druze", "Druze", "Kalash", "Kalash", "Kalash", "Lahu", "Lahu", "Lahu", "Lahu", "Mandenka", "Maya", "Maya", "MbutiPygmy", "Melanesian", "Melanesian", "Melanesian", "Mongola", "Mongola", "Mozabite", "Mozabite", "Palestinian", "Papuan", "Pima", "Pima", "Pima", "Uygur"],
  "targets": ["Basque", "Druze", "Kalash", "Mozabite", "Palestinian", "Papuan", "Russian", "Basque", "Burusho", "Pima", "Russian", "BiakaPygmy", "Mandenka", "San", "Yoruba", "Mandenka", "MbutiPygmy", "San", "Yoruba", "Bedouin", "Druze", "Papuan", "Druze", "Mozabite", "Palestinian", "Russian", "Mandenka", "MbutiPygmy", "San", "Druze", "Lahu", "Melanesian", "Mozabite", "Palestinian", "San", "Daur", "Lahu", "MbutiPygmy", "Mongola", "Yi", "Daur", "Maya", "MbutiPygmy", "San", "Yi", "Lahu", "Maya", "Uygur", "Yakut", "Yi", "Palestinian", "Russian", "Uygur", "MbutiPygmy", "San", "Uygur", "Mongola", "Papuan", "Pima", "Uygur", "Yoruba", "MbutiPygmy", "Pima", "San", "Papuan", "Uygur", "Yi", "Yakut", "Yi", "Palestinian", "Yoruba", "Russian", "Pima", "Russian", "Yakut", "Yi", "Yi"],
  "weights": [1.9755, 1.8386, 3.8509, 2.464, 2.1945, 5.2051, 2.1626, 2.5044, 2.8931, 3.7299, 2.2641, 3.2543, 2.6318, 8.5381, 2.827, 3.0345, 4.668, 7.403, 3.1423, 2.4208, 1.9936, 5.1743, 1.9584, 2.3642, 2.0271, 2.2539, 3.1582, 4.2483, 8.1669, 2.3916, 4.0104, 4.2377, 2.8895, 2.7846, 9.6116, 1.9588, 2.2512, 4.6969, 1.9274, 1.8112, 4.0893, 2.8091, 6.7474, 10.978, 5.2268, 2.6011, 3.2908, 2.4731, 2.3207, 1.6912, 1.7549, 1.6817, 2.6535, 5.4998, 9.4063, 4.112, 2.2443, 4.9199, 4.0754, 3.8135, 2.9399, 6.882, 4.1229, 9.4039, 3.2464, 3.4828, 3.5152, 2.2457, 2.4426, 2.4019, 4.2065, 1.8753, 6.6265, 3.3599, 3.7288, 3.9494, 2.0296],
  "loci": ["rs6721036", "rs13020302", "rs13014176", "rs3806536", "rs333236", "rs333234", "rs1013940", "rs4676169", "rs11685873", "rs3731683", "rs2450282", "rs333224", "rs6753886", "rs333228", "rs10496417", "rs12469531", "rs7600577", "rs12712007", "rs12617914", "rs1486197", "rs1542665", "rs1038533", "rs1467280", "rs6542749", "rs10865017", "rs1486187", "rs832658", "rs2378089", "rs1718024", "rs1027003", "rs832665", "rs1486179", "rs1486194", "rs17035697", "rs1000173", "rs6758448", "rs855004", "rs11677324", "rs11888652", "rs1522028"]
}
