{
  "id": "EdgeSet0109",
  "sources": ["Adygei", "Adygei", "Adygei", "Adygei", "Adygei", "Balochi", "Balochi", "Balochi", "Balochi", "Balochi", "Balochi", "BantuKenya", "BantuKenya", "BantuKenya", "BantuKenya", "BantuKenya", "BantuKenya", "BantuSouthAfrica", "BantuSouthAfrica", "BantuSouthAfrica", "BantuSouthAfrica", "Basque", "Basque", "Basque", "Basque", "Basque", "Bedouin", "Bedouin", "Bedouin", "Bedouin", "BiakaPygmy", "BiakaPygmy", "BiakaPygmy", "BiakaPygmy", "Burusho", "Burusho", "Cambodian", "Cambodian", "Cambodian", "Cambodian", "Colombian", "Colombian", "Daur", "Daur", "Daur", "Daur", "Daur", "Daur", "Druze", "Druze", "Druze", "Druze", "Kalash", "Kalash", "Kalash", "Lahu", "Lahu", "Lahu", "Lahu", "Lahu", "Mandenka", "Maya", "MbutiPygmy", "Melanesian", "Melanesian", "Melanesian", "Mongola", "Mozabite", "Mozabite", "Mozabite", "Russian"],
  "targets": ["Balochi", "Bedouin", "Kalash", "Mozabite", "Palestinian", "BantuKenya", "Bedouin", "Druze", "Kalash", "Russian", "Yi", "BantuSouthAfrica", "Cambodian", "Mandenka", "MbutiPygmy", "Mozabite", "Yoruba", "BiakaPygmy", "MbutiPygmy", "San", "Yoruba", "Burusho", "Cambodian", "Mongola", "Palestinian", "San", "Palestinian", "Russian", "Uygur", "Yakut", "Mandenka", "MbutiPygmy", "San", "Yoruba", "Kalash", "Russian", "Lahu", "Mongola", "Uygur", "Yi", "Maya", "Pima", "Lahu", "MbutiPygmy", "Mongola", "San", "Yakut", "Yi", "Palestinian", "Pima", "Russian", "Yakut", "Melanesian", "Palestinian", "Pima", "Mongola", "Pima", "Uygur", "Yakut", "Yi", "Yoruba", "Pima", "San", "Mozabite", "Papuan", "San", "Yi", "Palestinian", "Yakut", "Yoruba", "Uygur"],
  "weights": [2.514, 2.0168, 3.5629, 2.3137, 1.9735, 4.9931, 2.3338, 2.5662, 3.9145, 2.9159, 4.3048, 3.9813, 4.666, 4.4749, 5.2717, 4.3495, 3.3577, 4.1043, 4.5153, 10.1968, 2.8316, 3.4829, 4.4549, 3.6152, 2.5375, 11.7809, 1.7402, 2.5301, 2.7549, 2.7314, 3.2503, 5.0079, 10.1084, 3.4977, 4.161, 2.5615, 2.4397, 2.2424, 2.5821, 2.0243, 2.5283, 2.8241, 2.5348, 7.3851, 2.5206, 11.3598, 2.3513, 2.8158, 1.9969, 4.8548, 2.4463, 2.7668, 5.9342, 3.9136, 5.1018, 2.2773, 3.8951, 2.7881, 2.208, 2.6031, 2.5732, 2.7347, 9.7526, 5.6109, 2.8628, 12.1025, 2.5245, 2.6157, 4.1813, 3.8418, 2.8766],
  "loci": ["rs10171594", "rs871820", "rs10184938", "rs13395893", "rs11674369", "rs11674480", "rs7605035", "rs4669458", "rs2357266", "rs4669463", "rs13421149", "rs7592934", "rs908292", "rs6739059", "rs908293", "rs10929616", "rs11682963", "rs6734693", "rs16867175", "rs10803702", "rs7559852", "rs908295", "rs883853", "rs908296", "rs871277", "rs16867179", "rs10803704", "rs4533450", "rs287980", "rs7568330", "rs2245344", "rs1469542", "rs16867193", "rs16867203", "rs287972", "rs12611894", "rs388570", "rs4669476", "rs1971101", "rs450286"]
}
