{
  "id": "EdgeSet0892",
  "sources": ["Adygei", "Adygei", "Adygei", "Adygei", "Adygei", "Balochi", "Balochi", "Balochi", "BantuKenya", "BantuKenya", "BantuKenya", "BantuSouthAfrica", "BantuSouthAfrica", "BantuSouthAfrica", "BantuSouthAfrica", "Basque", "Basque", "Basque", "Basque", "Bedouin", "Bedouin", "Bedouin", "Bedouin", "Bedouin", "BiakaPygmy", "BiakaPygmy", "Burusho", "Burusho", "Burusho", "Cambodian", "Cambodian", "Cambodian", "Cambodian", "Colombian", "Colombian", "Daur", "Daur", "Daur", "Daur", "Daur", "Druze", "Druze", "Druze", "Kalash", "Kalash", "Lahu", "Lahu", "Mandenka", "Mandenka", "Mandenka", "Maya", "MbutiPygmy", "Melanesian", "Melanesian", "Mongola", "Mongola", "Mozabite", "Mozabite", "Mozabite", "Papuan", "Russian", "Uygur", "Yakut"],
  "targets": ["Bedouin", "Druze", "Maya", "Melanesian", "Russian", "BantuSouthAfrica", "Mozabite", "Palestinian", "BantuSouthAfrica", "Mandenka", "MbutiPygmy", "BiakaPygmy", "MbutiPygmy", "San", "Yoruba", "Bedouin", "Palestinian", "Pima", "Russian", "Burusho", "Druze", "Kalash", "Palestinian", "Uygur", "MbutiPygmy", "Yoruba", "Melanesian", "Mongola", "Yi", "MbutiPygmy", "Mongola", "Uygur", "Yi", "Maya", "Pima", "Lahu", "Mongola", "Papuan", "Uygur", "Yi", "Mozabite", "Palestinian", "Papuan", "Pima", "Uygur", "Mongola", "Yi", "Mozabite", "San", "Yoruba", "Pima", "San", "Papuan", "Yoruba", "Papuan", "Yakut", "Palestinian", "Russian", "Uygur", "Yakut", "Uygur", "Yi", "Yi"],
  "weights": [1.8255, 1.8906, 3.8614, 4.6893, 2.3601, 5.0236, 2.272, 2.5396, 4.1717, 3.4603, 5.926, 4.5555, 6.2085, 5.8238, 3.7389, 2.085, 1.8345, 5.0113, 1.2777, 3.2701, 1.5061, 2.5407, 1.7536, 2.3485, 5.4545, 4.6044, 3.5376, 2.5093, 3.24, 8.3628, 3.514, 3.8562, 2.4871, 1.7586, 3.7727, 1.6919, 2.1594, 3.4853, 2.5544, 2.3018, 2.1481, 1.977, 4.1887, 4.7166, 2.5996, 2.2175, 2.3815, 4.274, 5.3993, 3.1366, 3.311, 7.8077, 4.2675, 5.3665, 3.5102, 2.7571, 1.8568, 2.3543, 2.5748, 3.8743, 2.7125, 3.0062, 3.1522],
  "loci": ["rs3791357", "rs9973903", "rs1914733", "rs11894676", "rs13019346", "rs7590305", "rs6547762", "rs1914728", "rs2363731", "rs4450598", "rs4260241", "rs12995491", "rs6724281", "rs7423909", "rs11683364", "rs11694318", "rs11689291", "rs1914732", "rs13431169", "rs6707137", "rs6547765", "rs6730279", "rs6547766", "rs4972052", "rs7596994", "rs6722369", "rs1271103", "rs4355112", "rs1258411", "rs1258396", "rs1258431", "rs1659258", "rs3098431", "rs11681837", "rs7591600", "rs6761532", "rs11684168", "rs10221815", "rs13413588", "rs13425454"]
}
