{
  "id": "EdgeSet0676",
  "sources": ["Adygei", "Adygei", "Adygei", "Adygei", "Adygei", "Adygei", "Balochi", "Balochi", "Balochi", "Balochi", "BantuKenya", "BantuKenya", "BantuKenya", "BantuKenya", "BantuKenya", "BantuKenya", "BantuSouthAfrica", "BantuSouthAfrica", "BantuSouthAfrica", "BantuSouthAfrica", "Basque", "Basque", "Basque", "Basque", "Basque", "Bedouin", "Bedouin", "Bedouin", "Bedouin", "Bedouin", "BiakaPygmy", "BiakaPygmy", "BiakaPygmy", "BiakaPygmy", "BiakaPygmy", "BiakaPygmy", "Burusho", "Burusho", "Burusho", "Cambodian", "Cambodian", "Cambodian", "Colombian", "Colombian", "Colombian", "Colombian", "Colombian", "Colombian", "Daur", "Daur", "Druze", "Druze", "Kalash", "Kalash", "Kalash", "Lahu", "Lahu", "Lahu", "Mandenka", "Mandenka", "Maya", "Maya", "MbutiPygmy", "MbutiPygmy", "MbutiPygmy", "Melanesian", "Melanesian", "Melanesian", "Mongola", "Mongola", "Mongola", "Mozabite", "Palestinian", "Papuan", "Papuan", "Russian", "Uygur"],
  "targets": ["Balochi", "Cambodian", "Daur", "Melanesian", "Palestinian", "Russian", "Bedouin", "Burusho", "Palestinian", "Russian", "BantuSouthAfrica", "Basque", "BiakaPygmy", "Lahu", "MbutiPygmy", "Yoruba", "BiakaPygmy", "Mandenka", "MbutiPygmy", "San", "Bedouin", "Maya", "Mongola", "Papuan", "Uygur", "Druze", "Mozabite", "Palestinian", "Russian", "Uygur", "Mandenka", "MbutiPygmy", "Mozabite", "Pima", "San", "Yoruba", "Kalash", "Russian", "Yi", "Daur", "Lahu", "Yi", "Daur", "Druze", "Kalash", "Maya", "Melanesian", "Yi", "Uygur", "Yi", "Palestinian", "Uygur", "Lahu", "Melanesian", "Pima", "Melanesian", "Palestinian", "Yakut", "Mozabite", "Yoruba", "Pima", "San", "San", "Uygur", "Yoruba", "Mongola", "Papuan", "Pima", "Papuan", "Yakut", "Yi", "Yakut", "Russian", "Pima", "Russian", "Yakut", "Yi"],
  "weights": [3.1766, 2.931, 3.9567, 3.1489, 2.4402, 3.2582, 2.2006, 2.5601, 2.3028, 2.8134, 5.138, 6.4067, 4.6029, 5.2051, 6.5566, 4.269, 5.2676, 5.2152, 6.5126, 6.426, 1.7426, 3.2405, 3.5857, 4.1387, 2.6577, 1.9892, 2.0394, 1.63, 2.2588, 2.3319, 4.3626, 5.7177, 5.0418, 6.3406, 4.7034, 4.05, 2.5058, 2.5577, 3.6745, 2.4392, 2.5394, 2.7738, 3.3482, 3.6367, 4.7609, 3.0317, 3.1564, 4.2414, 2.3448, 2.6858, 1.9622, 2.732, 3.4504, 3.4383, 3.966, 3.2158, 3.0123, 3.0084, 4.481, 2.9702, 4.173, 6.6763, 6.2919, 6.7219, 5.4035, 3.183, 4.0355, 4.4573, 4.0773, 1.8595, 2.5402, 3.0733, 2.2752, 5.1791, 4.1329, 3.1674, 3.1398],
  "loci": ["rs6756027", "rs6546077", "rs7562964", "rs13002043", "rs2422245", "rs6731663", "rs2422246", "rs873171", "rs3770740", "rs2287529", "rs17700924", "rs3770725", "rs12713521", "rs3770722", "rs3770720", "rs1206983", "rs10211119", "rs11682570", "rs13020375", "rs4671599", "rs13410328", "rs1861404", "rs4671600", "rs1477038", "rs7557491", "rs7605342", "rs7451", "rs2070063", "rs3770716", "rs4671603", "rs1861402", "rs6750065", "rs6546095", "rs4671606", "rs10207968", "rs3796051", "rs1861407", "rs4671609", "rs1477043", "rs12994639"]
}
