{
  "id": "EdgeSet0159",
  "sources": ["Adygei", "Adygei", "Adygei", "Adygei", "Adygei", "Balochi", "Balochi", "Balochi", "Balochi", "BantuKenya", "BantuKenya", "BantuKenya", "BantuKenya", "BantuSouthAfrica", "BantuSouthAfrica", "Basque", "Basque", "Basque", "Basque", "Basque", "Bedouin", "Bedouin", "BiakaPygmy", "BiakaPygmy", "BiakaPygmy", "BiakaPygmy", "Cambodian", "Cambodian", "Cambodian", "Cambodian", "Cambodian", "Colombian", "Colombian", "Colombian", "Colombian", "Colombian", "Daur", "Daur", "Daur", "Daur", "Druze", "Druze", "Kalash", "Kalash", "Kalash", "Lahu", "Lahu", "Lahu", "Mandenka", "Maya", "Maya", "Maya", "MbutiPygmy", "Melanesian", "Melanesian", "Melanesian", "Melanesian", "Mongola", "Mozabite", "Mozabite", "Palestinian", "Papuan", "Papuan", "Pima", "Russian", "Russian", "San", "Uygur"],
  "targets": ["Bedouin", "Burusho", "Daur", "Druze", "Russian", "Bedouin", "Burusho", "Druze", "Mozabite", "BantuSouthAfrica", "MbutiPygmy", "Mongola", "Yoruba", "BiakaPygmy", "San", "Bedouin", "Burusho", "Cambodian", "Kalash", "Russian", "Druze", "Palestinian", "Mandenka", "MbutiPygmy", "San", "Yoruba", "Lahu", "Maya", "Mongola", "Pima", "Russian", "Maya", "Melanesian", "Papuan", "Pima", "Yakut", "Lahu", "Maya", "Mongola", "Yakut", "Palestinian", "Uygur", "Mozabite", "Pima", "Yakut", "Melanesian", "Pima", "Yi", "Yoruba", "Melanesian", "Mongola", "Pima", "San", "Papuan", "Pima", "Russian", "Yi", "Yi", "Palestinian", "Russian", "Russian", "San", "Uygur", "Yakut", "Uygur", "Yakut", "Yoruba", "Yakut"],
  "weights": [1.625, 2.1967, 2.7231, 1.7162, 2.4136, 1.2234, 1.9946, 1.4071, 1.8746, 4.4268, 7.0298, 5.8919, 4.6434, 4.7843, 8.0542, 1.3438, 2.2108, 2.0601, 2.5523, 1.4903, 1.2337, 1.2923, 4.584, 5.7051, 6.6841, 4.6204, 3.3744, 3.658, 4.1965, 3.0024, 1.6264, 2.9736, 3.1399, 2.5014, 2.706, 3.3581, 3.0849, 2.9159, 3.1999, 2.3455, 1.0483, 1.8911, 2.5544, 4.2111, 2.7092, 3.4827, 3.104, 3.4797, 2.4651, 4.6766, 3.4077, 3.0391, 6.2187, 3.6442, 3.412, 3.3633, 3.1984, 3.1653, 1.8127, 1.9903, 1.6768, 8.9943, 3.37, 3.9656, 1.6452, 2.1777, 7.5555, 2.3387],
  "loci": ["rs7580932", "rs16861454", "rs1375391", "rs12692521", "rs1839211", "rs12469265", "rs7608366", "rs16861512", "rs7564477", "rs6719322", "rs2029099", "rs12476448", "rs10177752", "rs1900854", "rs10168245", "rs11684967", "rs9287778", "rs16861564", "rs2380595", "rs1850134", "rs1400023", "rs6756060", "rs1850137", "rs7355727", "rs7355485", "rs1850135", "rs10169656", "rs1829065", "rs2014149", "rs1515931", "rs2056152", "rs1400030", "rs12986829", "rs10929912", "rs4145975", "rs4503965", "rs4669988", "rs4668829", "rs1400025", "rs1515937"]
}
