{
  "id": "EdgeSet0764",
  "sources": ["Adygei", "Adygei", "Adygei", "Adygei", "Adygei", "Adygei", "Balochi", "Balochi", "Balochi", "Balochi", "BantuKenya", "BantuKenya", "BantuSouthAfrica", "BantuSouthAfrica", "BantuSouthAfrica", "BantuSouthAfrica", "BantuSouthAfrica", "Basque", "Basque", "Basque", "Basque", "Basque", "Basque", "Bedouin", "Bedouin", "Bedouin", "Bedouin", "Bedouin", "Bedouin", "BiakaPygmy", "BiakaPygmy", "BiakaPygmy", "Burusho", "Burusho", "Burusho", "Cambodian", "Cambodian", "Cambodian", "Cambodian", "Colombian", "Colombian", "Colombian", "Colombian", "Daur", "Daur", "Daur", "Daur", "Daur", "Daur", "Druze", "Kalash", "Kalash", "Kalash", "Kalash", "Lahu", "Lahu", "Lahu", "Lahu", "Lahu", "Mandenka", "Mandenka", "Maya", "MbutiPygmy", "MbutiPygmy", "Melanesian", "Melanesian", "Melanesian", "Mongola", "Mozabite", "Palestinian", "Papuan", "Pima", "Russian", "Uygur"],
  "targets": ["Balochi", "Bedouin", "Druze", "Mongola", "Papuan", "Russian", "BiakaPygmy", "Druze", "Mandenka", "Mongola", "BiakaPygmy", "Yoruba", "BiakaPygmy", "Mandenka", "MbutiPygmy", "San", "Yoruba", "Bedouin", "Melanesian", "Mozabite", "Palestinian", "Russian", "Yakut", "Burusho", "Daur", "Druze", "Kalash", "Palestinian", "Papuan", "MbutiPygmy", "San", "Yoruba", "Daur", "Papuan", "Russian", "Daur", "Uygur", "Yakut", "Yi", "Lahu", "Maya", "Mongola", "Pima", "Melanesian", "Mongola", "San", "Uygur", "Yakut", "Yi", "Papuan", "Melanesian", "Palestinian", "Russian", "Yi", "Mongola", "Mozabite", "Palestinian", "Pima", "Yi", "San", "Yoruba", "Pima", "San", "Yoruba", "Papuan", "Pima", "Yi", "Yakut", "Palestinian", "Uygur", "Uygur", "Yi", "Uygur", "Yi"],
  "weights": [2.293, 1.6625, 1.4852, 1.947, 3.8473, 2.4036, 6.0481, 2.5685, 5.4347, 3.4007, 4.8473, 3.5955, 4.6776, 4.9255, 5.7577, 6.5259, 4.355, 2.1914, 3.7507, 2.4979, 2.1144, 2.145, 2.4648, 2.6985, 2.5459, 1.8847, 2.1122, 1.6087, 3.3859, 6.0593, 5.9301, 4.3711, 3.0448, 3.5649, 3.0361, 2.4415, 2.34, 2.072, 2.7102, 3.0324, 4.4632, 2.6969, 3.4635, 4.6837, 2.0567, 7.415, 2.4022, 1.8332, 2.9618, 3.6893, 3.6227, 1.7159, 2.7384, 3.1943, 2.5537, 3.9185, 3.9397, 5.1742, 3.7032, 6.9114, 3.0673, 2.8257, 7.0975, 6.1999, 4.2167, 4.5235, 3.9782, 1.3663, 2.4055, 2.0851, 3.6211, 4.2387, 2.9616, 2.7787],
  "loci": ["rs6755318", "rs4514897", "rs6710739", "rs1046139", "rs1046183", "rs1430350", "rs1430351", "rs4143146", "rs6725882", "rs2043100", "rs768851", "rs13409784", "rs6710726", "rs2043092", "rs11886205", "rs11886257", "rs12471813", "rs13009610", "rs7599223", "rs13415504", "rs7557285", "rs2303905", "rs11893547", "rs11559241", "rs1474298", "rs7557055", "rs502930", "rs7609407", "rs546576", "rs1522928", "rs6711843", "rs869927", "rs10191517", "rs6718864", "rs6546824", "rs6720094", "rs4641966", "rs6748040", "rs17008991", "rs11883989"]
}
