{
  "id": "EdgeSet0928",
  "sources": ["Adygei", "Adygei", "Adygei", "Adygei", "Adygei", "Balochi", "Balochi", "Balochi", "Balochi", "Balochi", "BantuKenya", "BantuKenya", "BantuKenya", "BantuSouthAfrica", "BantuSouthAfrica", "BantuSouthAfrica", "BantuSouthAfrica", "BantuSouthAfrica", "Basque", "Basque", "Basque", "Basque", "Bedouin", "Bedouin", "Bedouin", "BiakaPygmy", "BiakaPygmy", "BiakaPygmy", "BiakaPygmy", "Burusho", "Burusho", "Burusho", "Cambodian", "Cambodian", "Cambodian", "Cambodian", "Cambodian", "Cambodian", "Cambodian", "Cambodian", "Colombian", "Colombian", "Daur", "Daur", "Daur", "Druze", "Druze", "Druze", "Kalash", "Kalash", "Kalash", "Lahu", "Lahu", "Lahu", "Lahu", "Lahu", "Mandenka", "Mandenka", "Maya", "Maya", "MbutiPygmy", "MbutiPygmy", "Melanesian", "Melanesian", "Melanesian", "Mongola", "Mongola", "Mozabite", "Mozabite", "Pima", "Russian", "Uygur", "Uygur", "Yakut"],
  "targets": ["Balochi", "Basque", "Burusho", "Palestinian", "Uygur", "Bedouin", "Mongola", "Mozabite", "Palestinian", "Papuan", "Mandenka", "San", "Yoruba", "BiakaPygmy", "Mandenka", "Maya", "MbutiPygmy", "San", "Druze", "Kalash", "Mozabite", "Russian", "Druze", "Palestinian", "Uygur", "MbutiPygmy", "Mozabite", "San", "Yoruba", "Druze", "Mongola", "Russian", "Daur", "Lahu", "Maya", "Melanesian", "Mongola", "Pima", "Uygur", "Yakut", "Maya", "Pima", "Mongola", "Yakut", "Yi", "Mozabite", "Palestinian", "Russian", "Mozabite", "Palestinian", "Russian", "Melanesian", "Mongola", "Papuan", "Yakut", "Yi", "MbutiPygmy", "Yoruba", "Pima", "Yakut", "San", "Yoruba", "Papuan", "Pima", "Yakut", "Uygur", "Yi", "Palestinian", "Yakut", "San", "Yi", "Yakut", "Yi", "Yi"],
  "weights": [2.3819, 2.1632, 3.0311, 2.2736, 2.5367, 2.661, 3.9225, 3.2219, 2.5075, 3.7898, 2.9855, 7.9446, 3.3854, 6.0074, 4.4936, 9.0382, 6.254, 9.6693, 1.7136, 2.9914, 2.8492, 3.0485, 1.7625, 1.6814, 2.7372, 4.6821, 5.556, 6.8433, 4.2469, 3.313, 4.1654, 3.1646, 3.4386, 3.4159, 3.6888, 4.3147, 2.5804, 5.5743, 2.7815, 3.1386, 2.8651, 2.5093, 4.0035, 3.9109, 4.3774, 2.7551, 1.6401, 2.7232, 4.2839, 2.8396, 3.3129, 3.9532, 3.9252, 3.9796, 4.0424, 4.4405, 3.9035, 2.9091, 3.8796, 4.5372, 8.7779, 4.4954, 3.4579, 5.8444, 5.7859, 3.1653, 3.7447, 2.6187, 4.5078, 11.0442, 4.4042, 2.9819, 4.4642, 4.0402],
  "loci": ["rs2305159", "rs1542179", "rs1542178", "rs3754677", "rs3768991", "rs11123857", "rs11123858", "rs3739008", "rs1053096", "rs2278722", "rs10934", "rs746924", "rs1302", "rs13017465", "rs2278725", "rs17025184", "rs13389359", "rs3739014", "rs10185855", "rs10179599", "rs6543007", "rs13426867", "rs1979043", "rs2121370", "rs13414756", "rs4851400", "rs6543017", "rs2309938", "rs7584650", "rs796063", "rs6543018", "rs796054", "rs2165427", "rs796055", "rs2033956", "rs11686264", "rs11898628", "rs11694166", "rs4851407", "rs17025300"]
}
