{
  "id": "EdgeSet0718",
  "sources": ["Adygei", "Adygei", "Adygei", "Adygei", "Adygei", "Adygei", "Balochi", "Balochi", "Balochi", "Balochi", "Balochi", "Balochi", "BantuKenya", "BantuKenya", "BantuKenya", "BantuKenya", "BantuKenya", "BantuSouthAfrica", "BantuSouthAfrica", "BantuSouthAfrica", "BantuSouthAfrica", "Basque", "Basque", "Basque", "Bedouin", "Bedouin", "Bedouin", "BiakaPygmy", "BiakaPygmy", "BiakaPygmy", "BiakaPygmy", "Burusho", "Burusho", "Burusho", "Burusho", "Cambodian", "Cambodian", "Colombian", "Colombian", "Colombian", "Colombian", "Colombian", "Daur", "Daur", "Daur", "Druze", "Druze", "Druze", "Druze", "Druze", "Kalash", "Kalash", "Lahu", "Lahu", "Lahu", "Lahu", "Mandenka", "Mandenka", "Mandenka", "Maya", "MbutiPygmy", "MbutiPygmy", "Melanesian", "Melanesian", "Mongola", "Mongola", "Mozabite", "Mozabite", "Palestinian", "Pima", "Russian", "Uygur"],
  "targets": ["Balochi", "Basque", "Druze", "Mozabite", "Russian", "Uygur", "Bedouin", "Burusho", "Kalash", "Mongola", "Mozabite", "Uygur", "BantuSouthAfrica", "BiakaPygmy", "Mandenka", "San", "Yoruba", "BiakaPygmy", "MbutiPygmy", "San", "Yoruba", "Druze", "Kalash", "Russian", "Mozabite", "Palestinian", "Yakut", "Mandenka", "MbutiPygmy", "Pima", "San", "Daur", "Druze", "Lahu", "Mozabite", "Lahu", "Yi", "Maya", "Mongola", "Papuan", "Pima", "Uygur", "Lahu", "Mongola", "Yakut", "Kalash", "Mozabite", "Palestinian", "Uygur", "Yakut", "Papuan", "Yi", "Maya", "Mongola", "San", "Yi", "MbutiPygmy", "Mozabite", "Yoruba", "Pima", "San", "Yoruba", "Papuan", "Pima", "Yakut", "Yi", "Palestinian", "Papuan", "Russian", "San", "Yakut", "Yi"],
  "weights": [2.7201, 2.7562, 2.6915, 2.9858, 3.3678, 3.038, 1.9749, 2.5263, 2.9727, 3.1737, 2.4588, 2.44, 4.175, 4.2687, 3.2963, 7.6813, 2.9187, 4.1326, 4.4897, 7.957, 4.0485, 2.5319, 2.4604, 3.0995, 2.2488, 1.4017, 2.121, 4.3311, 4.7533, 9.7862, 7.7833, 3.0597, 2.5954, 3.4397, 2.6992, 3.7361, 3.1016, 3.5652, 4.6308, 4.9042, 6.2255, 4.0773, 3.1076, 2.728, 2.8653, 3.1549, 2.4991, 2.0633, 3.4385, 2.3803, 4.4795, 4.2848, 3.9902, 2.8953, 10.4643, 3.0238, 4.4084, 4.0757, 2.7636, 3.8682, 7.6231, 4.374, 3.5156, 6.7064, 3.1178, 2.7245, 2.136, 4.7107, 2.7074, 12.3773, 3.2077, 2.407],
  "loci": ["rs7566701", "rs17034747", "rs12713618", "rs17034763", "rs10496157", "rs1921592", "rs10496158", "rs974366", "rs11126170", "rs7604114", "rs4671866", "rs10183044", "rs1921589", "rs1503244", "rs1503245", "rs1503248", "rs964450", "rs17034835", "rs7586762", "rs1921586", "rs7558466", "rs6546353", "rs10439493", "rs17034864", "rs7582426", "rs17034884", "rs10203061", "rs4671871", "rs9808513", "rs7575344", "rs11681944", "rs11126175", "rs4671873", "rs921248", "rs17034987", "rs1075454", "rs744636", "rs2861798", "rs751759", "rs17523693"]
}
