{
  "id": "EdgeSet0302",
  "sources": ["Adygei", "Adygei", "Adygei", "Adygei", "Balochi", "Balochi", "Balochi", "Balochi", "BantuKenya", "BantuKenya", "BantuKenya", "BantuKenya", "BantuKenya", "BantuKenya", "BantuSouthAfrica", "BantuSouthAfrica", "BantuSouthAfrica", "BantuSouthAfrica", "Basque", "Basque", "Basque", "Basque", "Bedouin", "Bedouin", "Bedouin", "Bedouin", "Bedouin", "BiakaPygmy", "BiakaPygmy", "BiakaPygmy", "Burusho", "Burusho", "Burusho", "Burusho", "Burusho", "Burusho", "Cambodian", "Cambodian", "Cambodian", "Cambodian", "Colombian", "Colombian", "Colombian", "Colombian", "Daur", "Daur", "Druze", "Druze", "Druze", "Kalash", "Kalash", "Kalash", "Lahu", "Lahu", "Mandenka", "Mandenka", "Maya", "Maya", "Maya", "Maya", "Maya", "MbutiPygmy", "MbutiPygmy", "Melanesian", "Melanesian", "Mongola", "Mozabite", "Mozabite", "Mozabite", "Papuan", "Pima", "Yakut"],
  "targets": ["Basque", "Druze", "Kalash", "Russian", "Basque", "Cambodian", "Kalash", "Palestinian", "BantuSouthAfrica", "BiakaPygmy", "Mandenka", "MbutiPygmy", "San", "Yoruba", "BiakaPygmy", "Mandenka", "Papuan", "Yoruba", "Kalash", "Lahu", "Mozabite", "Russian", "Druze", "Kalash", "Melanesian", "Palestinian", "Russian", "Mandenka", "MbutiPygmy", "San", "Colombian", "Druze", "Lahu", "Melanesian", "Yakut", "Yi", "Daur", "Lahu", "Mozabite", "Yi", "Daur", "Maya", "Pima", "Yi", "Lahu", "Uygur", "Mozabite", "Palestinian", "Russian", "Mongola", "Papuan", "Uygur", "Yakut", "Yi", "San", "Yoruba", "Melanesian", "Papuan", "Pima", "Russian", "Yakut", "San", "Yoruba", "Mongola", "Papuan", "Uygur", "Palestinian", "Papuan", "Russian", "Yakut", "Yakut", "Yi"],
  "weights": [2.3563, 1.9502, 2.183, 1.9128, 2.4545, 3.2463, 2.4254, 2.1615, 4.7132, 4.5591, 4.0293, 5.8286, 6.3548, 3.1658, 4.5955, 4.0954, 5.8149, 3.37, 2.3409, 5.087, 2.9136, 2.4066, 1.9361, 2.4268, 3.0935, 1.7194, 2.1847, 4.2098, 5.821, 6.3814, 3.5533, 3.0688, 3.0351, 3.3952, 2.6854, 2.9495, 2.3486, 3.3942, 3.6116, 2.8778, 4.0999, 3.4141, 2.3776, 3.0155, 3.4471, 3.379, 2.4061, 1.7203, 1.9599, 3.3232, 3.4399, 2.9434, 3.0244, 3.132, 7.1242, 2.8059, 3.5923, 3.7081, 2.6748, 3.47, 2.5865, 7.7442, 5.8026, 2.7564, 3.4346, 1.9083, 2.4506, 3.7294, 2.3851, 3.0252, 2.6899, 1.9842],
  "loci": ["rs2339478", "rs2339475", "rs10165121", "rs9973358", "rs7606108", "rs10495770", "rs10495769", "rs6709517", "rs7571379", "rs7564486", "rs4395214", "rs6744445", "rs12714291", "rs12105526", "rs11694445", "rs12997218", "rs4605324", "rs11897665", "rs4519472", "rs4073186", "rs4629120", "rs4132594", "rs3922423", "rs4265970", "rs12623676", "rs6747958", "rs13012046", "rs7567152", "rs4074280", "rs4075920", "rs6707371", "rs12714292", "rs4581855", "rs12616992", "rs4597472", "rs12613938", "rs12620548", "rs4414641", "rs7574859", "rs12476676"]
}
