{
  "id": "EdgeSet0437",
  "sources": ["Adygei", "Adygei", "Adygei", "Adygei", "Adygei", "Adygei", "Adygei", "Adygei", "Balochi", "Balochi", "Balochi", "Balochi", "Balochi", "Balochi", "Balochi", "BantuKenya", "BantuKenya", "BantuKenya", "BantuKenya", "BantuKenya", "BantuSouthAfrica", "BantuSouthAfrica", "BantuSouthAfrica", "BantuSouthAfrica", "BantuSouthAfrica", "Basque", "Basque", "Basque", "Basque", "Basque", "Bedouin", "Bedouin", "Bedouin", "Bedouin", "Bedouin", "Bedouin", "BiakaPygmy", "BiakaPygmy", "BiakaPygmy", "BiakaPygmy", "Burusho", "Burusho", "Burusho", "Burusho", "Cambodian", "Cambodian", "Cambodian", "Cambodian", "Cambodian", "Colombian", "Colombian", "Daur", "Daur", "Daur", "Daur", "Daur", "Daur", "Druze", "Kalash", "Kalash", "Lahu", "Lahu", "Mandenka", "Maya", "MbutiPygmy", "Melanesian", "Melanesian", "Mongola", "Mongola", "Mongola", "Mozabite", "Papuan", "Yakut"],
  "targets": ["Balochi", "Cambodian", "Daur", "Druze", "Melanesian", "Mozabite", "Papuan", "Russian", "BantuKenya", "Bedouin", "Cambodian", "Druze", "Kalash", "Mongola", "Uygur", "Mandenka", "MbutiPygmy", "Mongola", "San", "Yoruba", "BiakaPygmy", "Daur", "MbutiPygmy", "San", "Yoruba", "Bedouin", "Mozabite", "Russian", "Uygur", "Yoruba", "Burusho", "Druze", "Mozabite", "Palestinian", "Russian", "Uygur", "Lahu", "Mandenka", "MbutiPygmy", "San", "Melanesian", "Mozabite", "Palestinian", "Russian", "Daur", "Lahu", "Mongola", "Uygur", "Yi", "Maya", "Pima", "Druze", "Kalash", "Mongola", "Mozabite", "Yakut", "Yi", "Palestinian", "Lahu", "Melanesian", "Russian", "Yakut", "Yoruba", "Pima", "Yoruba", "Papuan", "San", "Uygur", "Yakut", "Yi", "Palestinian", "San", "Yi"],
  "weights": [3.0026, 3.4592, 3.9438, 2.5455, 5.9764, 3.0463, 4.9668, 3.3176, 4.7229, 2.5531, 3.2484, 2.53, 3.4663, 4.2988, 2.7554, 4.218, 5.1342, 5.2471, 5.9512, 3.7689, 4.2624, 4.9444, 4.6064, 5.2466, 4.0522, 2.1875, 2.7839, 2.5451, 2.5172, 4.1859, 2.5172, 2.3447, 2.1219, 2.336, 2.6798, 2.4848, 5.0874, 4.5058, 4.2028, 5.4418, 4.238, 2.5623, 2.225, 2.9097, 3.1915, 3.1911, 2.9142, 2.6485, 3.5238, 1.6107, 2.9549, 4.5821, 3.6202, 2.7619, 4.6022, 2.755, 3.0431, 2.2905, 3.3013, 4.0928, 3.3244, 3.6531, 2.7528, 2.5989, 4.6479, 4.7108, 7.4681, 2.9576, 2.3371, 3.0224, 2.5473, 7.9861, 2.4393],
  "loci": ["rs11124858", "rs13384438", "rs11898187", "rs729559", "rs4952590", "rs988958", "rs1440099", "rs6737623", "rs10203720", "rs6748687", "rs893811", "rs13005683", "rs10153941", "rs6713393", "rs2466001", "rs2439203", "rs1866670", "rs2719149", "rs2719150", "rs10454141", "rs7576174", "rs6729780", "rs7570219", "rs4953236", "rs1530163", "rs2581133", "rs12615754", "rs7591141", "rs2581135", "rs10176023", "rs4531983", "rs4453730", "rs13392988", "rs13405286", "rs7425178", "rs4952936", "rs7572752", "rs11674707", "rs11902328", "rs17670190"]
}
