{
  "id": "EdgeSet0894",
  "sources": ["Adygei", "Adygei", "Adygei", "Adygei", "Adygei", "Adygei", "Adygei", "Balochi", "Balochi", "Balochi", "Balochi", "Balochi", "BantuKenya", "BantuKenya", "BantuKenya", "BantuSouthAfrica", "BantuSouthAfrica", "BantuSouthAfrica", "Basque", "Basque", "Basque", "Basque", "Basque", "Bedouin", "Bedouin", "Bedouin", "Bedouin", "BiakaPygmy", "BiakaPygmy", "Burusho", "Burusho", "Burusho", "Burusho", "Burusho", "Burusho", "Burusho", "Burusho", "Cambodian", "Cambodian", "Cambodian", "Colombian", "Colombian", "Daur", "Daur", "Daur", "Daur", "Daur", "Daur", "Druze", "Druze", "Kalash", "Kalash", "Kalash", "Kalash", "Lahu", "Lahu", "Lahu", "Mandenka", "Mandenka", "Mandenka", "Maya", "Maya", "MbutiPygmy", "MbutiPygmy", "MbutiPygmy", "Melanesian", "Melanesian", "Mongola", "Mongola", "Mongola", "Mongola", "Mozabite", "Mozabite", "Mozabite", "Papuan", "Papuan", "Papuan", "Uygur", "Yakut"],
  "targets": ["Balochi", "Bedouin", "Druze", "Kalash", "Melanesian", "Palestinian", "Uygur", "BantuSouthAfrica", "Druze", "Melanesian", "Mozabite", "Palestinian", "BantuSouthAfrica", "BiakaPygmy", "San", "BiakaPygmy", "San", "Yoruba", "Bedouin", "Druze", "Kalash", "Russian", "Uygur", "Cambodian", "Druze", "Mozabite", "Palestinian", "MbutiPygmy", "Yoruba", "Daur", "Druze", "Lahu", "Melanesian", "Palestinian", "Russian", "Uygur", "Yi", "Colombian", "Lahu", "Yi", "Maya", "Pima", "Maya", "Melanesian", "Mongola", "Papuan", "Yakut", "Yi", "Mozabite", "Uygur", "Lahu", "MbutiPygmy", "Pima", "Uygur", "Melanesian", "Mongola", "Papuan", "MbutiPygmy", "Mozabite", "Yoruba", "Pima", "Yakut", "Palestinian", "San", "Yoruba", "Mozabite", "Papuan", "Papuan", "Russian", "Uygur", "Yi", "Palestinian", "Uygur", "Yakut", "Russian", "San", "Uygur", "Yi", "Yi"],
  "weights": [2.6709, 2.294, 2.2935, 3.6518, 3.0189, 2.1726, 2.3789, 4.7896, 2.4585, 3.0328, 2.5153, 2.0615, 4.7421, 6.0233, 5.027, 5.3412, 4.6114, 3.6778, 2.5914, 3.2138, 3.4524, 2.3173, 2.9094, 3.3769, 2.1304, 2.0242, 1.4543, 4.9294, 3.7854, 3.0261, 2.4823, 3.6502, 2.8638, 2.3587, 2.4921, 2.3668, 2.6219, 4.7105, 2.7131, 3.2339, 2.2259, 3.8563, 4.1862, 2.9239, 2.7585, 3.3405, 2.8691, 3.5431, 2.1503, 1.966, 4.0586, 5.5155, 5.5942, 4.2692, 2.7794, 2.5908, 3.1739, 4.047, 3.9655, 1.9813, 3.2128, 3.2743, 4.2903, 5.1665, 3.5855, 3.6307, 2.5074, 3.064, 2.5034, 2.3015, 2.4097, 1.7265, 2.1457, 2.8285, 3.1303, 5.9065, 3.5348, 1.9313, 2.5155],
  "loci": ["rs6761264", "rs6547777", "rs6749685", "rs10211505", "rs13390969", "rs4972211", "rs6713961", "rs1438903", "rs7578792", "rs11687776", "rs11693918", "rs13416374", "rs7569076", "rs6733320", "rs6712707", "rs6759954", "rs4632340", "rs6547780", "rs4425079", "rs7599548", "rs6759503", "rs11890178", "rs6728586", "rs7592744", "rs4972217", "rs6547785", "rs1913671", "rs12467314", "rs12473307", "rs2365106", "rs10166805", "rs13411467", "rs10179543", "rs908277", "rs7565298", "rs938372", "rs2222029", "rs335115", "rs6715865", "rs2306676"]
}
