{
  "id": "EdgeSet0857",
  "sources": ["Adygei", "Adygei", "Adygei", "Adygei", "Adygei", "Balochi", "Balochi", "BantuKenya", "BantuKenya", "BantuKenya", "BantuKenya", "BantuSouthAfrica", "BantuSouthAfrica", "BantuSouthAfrica", "BantuSouthAfrica", "Basque", "Basque", "Basque", "Basque", "Basque", "Basque", "Basque", "Basque", "Bedouin", "Bedouin", "Bedouin", "BiakaPygmy", "BiakaPygmy", "BiakaPygmy", "Burusho", "Burusho", "Cambodian", "Cambodian", "Cambodian", "Cambodian", "Cambodian", "Cambodian", "Cambodian", "Colombian", "Colombian", "Colombian", "Colombian", "Colombian", "Colombian", "Daur", "Daur", "Daur", "Daur", "Druze", "Druze", "Druze", "Druze", "Kalash", "Kalash", "Kalash", "Kalash", "Lahu", "Lahu", "Lahu", "Mandenka", "Mandenka", "Maya", "Maya", "MbutiPygmy", "Melanesian", "Melanesian", "Melanesian", "Mongola", "Mongola", "Mongola", "Mozabite", "Papuan", "Pima", "Uygur", "Yakut"],
  "targets": ["Burusho", "Druze", "Melanesian", "Palestinian", "Russian", "Bedouin", "Druze", "BantuSouthAfrica", "BiakaPygmy", "Mandenka", "Yoruba", "Mandenka", "MbutiPygmy", "San", "Yoruba", "Burusho", "Druze", "Kalash", "MbutiPygmy", "Melanesian", "Mozabite", "Russian", "Uygur", "Druze", "Mozabite", "Palestinian", "Mandenka", "MbutiPygmy", "San", "Druze", "Yi", "Colombian", "Daur", "Lahu", "Mongola", "Papuan", "Pima", "Yi", "Daur", "Lahu", "Maya", "Papuan", "Uygur", "Yi", "Maya", "Mongola", "Yakut", "Yi", "Kalash", "Palestinian", "Russian", "Uygur", "Lahu", "Palestinian", "Russian", "Yakut", "Melanesian", "Yakut", "Yi", "San", "Yoruba", "Papuan", "Pima", "San", "Papuan", "Yakut", "Yi", "Papuan", "Yakut", "Yi", "Palestinian", "Uygur", "San", "Yakut", "Yi"],
  "weights": [3.0055, 2.1796, 2.8678, 2.2443, 2.0516, 1.9211, 2.6652, 3.7743, 4.2264, 2.3396, 2.5722, 3.7622, 6.1161, 8.5304, 3.2838, 3.0334, 2.2164, 2.4701, 7.8658, 3.8559, 2.5457, 2.2439, 2.9421, 2.1568, 2.2479, 2.1016, 3.9887, 5.6093, 8.505, 2.9719, 3.2378, 2.1226, 1.6393, 2.4648, 1.3512, 2.7514, 3.449, 1.4886, 1.6112, 2.8896, 1.9347, 1.9198, 2.7045, 2.2589, 1.4497, 1.2601, 1.6648, 1.7399, 2.4848, 2.6811, 2.1801, 2.6982, 2.6363, 2.114, 1.9746, 2.2179, 2.4391, 1.8915, 2.3278, 8.0171, 2.408, 2.279, 1.7391, 10.0836, 2.5215, 2.2348, 2.2546, 2.0314, 1.7794, 1.3938, 1.938, 2.7139, 10.7239, 2.3764, 2.3698],
  "loci": ["rs10167584", "rs1402774", "rs12464541", "rs6752176", "rs1430710", "rs1529593", "rs1521665", "rs17021504", "rs1367439", "rs1864565", "rs1430722", "rs1430725", "rs1430726", "rs1549777", "rs1430731", "rs12105824", "rs11896872", "rs6723757", "rs4393782", "rs13015589", "rs6733403", "rs12714093", "rs13028564", "rs7423219", "rs7591648", "rs4407269", "rs7580406", "rs7596876", "rs1427645", "rs1365953", "rs17021697", "rs12104712", "rs7586694", "rs1365951", "rs7587546", "rs1593773", "rs1549582", "rs17624541", "rs17021797", "rs11126867"]
}
