{
  "id": "EdgeSet0912",
  "sources": ["Adygei", "Adygei", "Adygei", "Adygei", "Adygei", "Adygei", "Balochi", "Balochi", "Balochi", "Balochi", "BantuKenya", "BantuKenya", "BantuKenya", "BantuKenya", "BantuSouthAfrica", "BantuSouthAfrica", "BantuSouthAfrica", "BantuSouthAfrica", "Basque", "Basque", "Basque", "Basque", "Basque", "Basque", "Basque", "Bedouin", "Bedouin", "Bedouin", "Bedouin", "BiakaPygmy", "BiakaPygmy", "BiakaPygmy", "BiakaPygmy", "Burusho", "Burusho", "Burusho", "Burusho", "Burusho", "Burusho", "Cambodian", "Cambodian", "Cambodian", "Colombian", "Colombian", "Colombian", "Daur", "Daur", "Daur", "Daur", "Druze", "Druze", "Druze", "Kalash", "Lahu", "Lahu", "Mandenka", "Maya", "Maya", "Maya", "MbutiPygmy", "MbutiPygmy", "Melanesian", "Melanesian", "Melanesian", "Mongola", "Mongola", "Mongola", "Mongola", "Mozabite", "Papuan", "Russian", "San", "Uygur"],
  "targets": ["Bedouin", "Druze", "Kalash", "Mozabite", "Palestinian", "Russian", "Basque", "Bedouin", "Druze", "Russian", "Mandenka", "Mongola", "Mozabite", "Uygur", "Mandenka", "MbutiPygmy", "San", "Yoruba", "Bedouin", "Burusho", "Kalash", "Lahu", "Maya", "Mozabite", "Palestinian", "Druze", "Kalash", "Melanesian", "Palestinian", "Mandenka", "MbutiPygmy", "San", "Yoruba", "Kalash", "Lahu", "Mongola", "Palestinian", "Papuan", "Yi", "Uygur", "Yakut", "Yi", "MbutiPygmy", "Pima", "San", "Maya", "Mongola", "Yakut", "Yi", "Kalash", "Palestinian", "Uygur", "Russian", "Mongola", "Yi", "Yoruba", "Pima", "Uygur", "Yakut", "Mongola", "San", "Papuan", "San", "Yi", "Papuan", "Uygur", "Yakut", "Yi", "Palestinian", "Yi", "Uygur", "Yoruba", "Yakut"],
  "weights": [1.4382, 1.7626, 1.6278, 1.927, 1.3842, 3.4955, 2.3043, 2.1293, 2.1745, 3.7846, 3.6057, 4.8101, 3.3354, 4.9457, 4.3845, 6.3979, 6.1, 3.8835, 2.7777, 2.724, 2.2202, 4.3454, 5.7613, 1.9939, 2.2391, 1.7422, 1.778, 3.683, 1.4212, 4.8697, 6.4464, 8.6439, 4.8566, 2.0694, 3.5034, 3.9558, 2.2334, 2.9913, 3.896, 3.0982, 3.7916, 3.1404, 12.8525, 5.805, 12.6979, 5.1877, 3.3347, 3.494, 2.5704, 1.9188, 1.6038, 2.9098, 3.2549, 3.9879, 3.047, 3.1489, 4.5877, 7.0994, 5.4807, 7.6604, 9.5985, 4.3661, 9.3288, 3.9692, 4.1185, 3.8416, 4.7109, 3.638, 1.6008, 3.1411, 3.7646, 7.6069, 4.3118],
  "loci": ["rs12622445", "rs1517682", "rs1983352", "rs12622681", "rs12712037", "rs981602", "rs6542839", "rs6760065", "rs12616060", "rs4851169", "rs1599956", "rs1878585", "rs4851171", "rs4851173", "rs17758170", "rs6542843", "rs908672", "rs1607255", "rs1607256", "rs12622653", "rs10208260", "rs4851178", "rs13385547", "rs13397765", "rs10181422", "rs6542847", "rs988825", "rs9679602", "rs13396584", "rs12611907", "rs896884", "rs11692699", "rs6717729", "rs2516835", "rs2309582", "rs4851194", "rs7603462", "rs17760953", "rs12053519", "rs7567462"]
}
