{
  "id": "EdgeSet0513",
  "sources": ["Adygei", "Adygei", "Adygei", "Adygei", "Adygei", "Adygei", "Balochi", "Balochi", "Balochi", "Balochi", "Balochi", "Balochi", "Balochi", "Balochi", "BantuKenya", "BantuKenya", "BantuKenya", "BantuKenya", "BantuKenya", "BantuKenya", "BantuSouthAfrica", "BantuSouthAfrica", "BantuSouthAfrica", "BantuSouthAfrica", "Basque", "Basque", "Basque", "Basque", "Basque", "Bedouin", "Bedouin", "Bedouin", "BiakaPygmy", "BiakaPygmy", "BiakaPygmy", "BiakaPygmy", "Burusho", "Burusho", "Burusho", "Burusho", "Burusho", "Burusho", "Burusho", "Cambodian", "Cambodian", "Cambodian", "Cambodian", "Colombian", "Colombian", "Colombian", "Daur", "Daur", "Daur", "Daur", "Druze", "Kalash", "Kalash", "Lahu", "Lahu", "Mandenka", "Mandenka", "Maya", "Maya", "Maya", "Maya", "MbutiPygmy", "MbutiPygmy", "Melanesian", "Melanesian", "Melanesian", "Melanesian", "Mongola", "Mongola", "Mongola", "Mongola", "Mozabite", "Mozabite", "Palestinian", "Pima", "Russian", "Uygur", "Yakut"],
  "targets": ["Balochi", "Bedouin", "Druze", "Kalash", "Russian", "Uygur", "Bedouin", "Colombian", "Druze", "Kalash", "Melanesian", "Mozabite", "Palestinian", "Uygur", "BantuSouthAfrica", "BiakaPygmy", "Mandenka", "MbutiPygmy", "Mozabite", "San", "BiakaPygmy", "Mandenka", "MbutiPygmy", "Yoruba", "Burusho", "Kalash", "Melanesian", "Pima", "Russian", "Druze", "Mozabite", "Palestinian", "Mandenka", "MbutiPygmy", "San", "Yoruba", "Cambodian", "Colombian", "Daur", "Kalash", "Maya", "Papuan", "Uygur", "Daur", "Lahu", "Uygur", "Yi", "Maya", "Pima", "Russian", "Lahu", "Mongola", "Uygur", "Yi", "Palestinian", "Pima", "Russian", "Yakut", "Yi", "Mozabite", "Yoruba", "Mongola", "Pima", "Uygur", "Yakut", "San", "Yoruba", "Palestinian", "Papuan", "Uygur", "Yi", "Russian", "Uygur", "Yakut", "Yi", "Russian", "Yoruba", "Papuan", "San", "San", "Yi", "Yi"],
  "weights": [2.2185, 2.6066, 2.3768, 3.1339, 3.4016, 2.688, 2.268, 3.5726, 2.4146, 3.1387, 3.831, 2.3243, 2.2619, 2.8423, 3.1832, 4.2819, 2.9581, 4.1704, 3.7145, 8.7347, 4.2292, 2.8532, 3.8327, 2.5597, 3.5913, 3.0719, 4.8805, 5.9519, 2.9236, 2.2142, 2.3924, 1.6941, 3.5839, 4.7362, 9.6547, 4.0291, 3.0592, 4.3259, 2.7165, 3.3094, 3.4521, 4.2872, 2.6018, 2.5765, 2.5256, 2.6293, 2.806, 2.1221, 4.549, 4.2103, 2.532, 2.0028, 2.2011, 2.2858, 2.4337, 5.7369, 3.5695, 3.0124, 2.9052, 3.1214, 2.666, 3.2329, 4.3242, 2.8425, 3.673, 9.3315, 3.8372, 3.5646, 3.859, 3.8134, 4.4416, 4.4788, 2.3693, 2.5666, 2.1885, 3.4327, 3.3017, 3.7571, 12.1942, 10.8451, 2.1695, 3.2441],
  "loci": ["rs797700", "rs797689", "rs2098241", "rs406334", "rs441327", "rs7578655", "rs330792", "rs3136245", "rs3136247", "rs2348244", "rs1800935", "rs3136329", "rs1800936", "rs3136337", "rs6713506", "rs10490303", "rs10490302", "rs3732191", "rs330787", "rs2651767", "rs2134056", "rs960106", "rs6728843", "rs4952896", "rs7587289", "rs7588761", "rs11691374", "rs4552231", "rs6729916", "rs4583515", "rs13382470", "rs10199698", "rs10183748", "rs11693533", "rs4953534", "rs2086720", "rs999036", "rs7562885", "rs11692660", "rs11682328"]
}
