{
  "id": "EdgeSet0796",
  "sources": ["Adygei", "Adygei", "Adygei", "Adygei", "Adygei", "Balochi", "Balochi", "Balochi", "Balochi", "Balochi", "BantuKenya", "BantuKenya", "BantuKenya", "BantuKenya", "BantuKenya", "BantuSouthAfrica", "BantuSouthAfrica", "BantuSouthAfrica", "BantuSouthAfrica", "Basque", "Basque", "Basque", "Basque", "Basque", "Bedouin", "Bedouin", "Bedouin", "Bedouin", "BiakaPygmy", "BiakaPygmy", "BiakaPygmy", "BiakaPygmy", "BiakaPygmy", "Burusho", "Burusho", "Burusho", "Cambodian", "Cambodian", "Cambodian", "Cambodian", "Colombian", "Colombian", "Colombian", "Colombian", "Daur", "Daur", "Daur", "Daur", "Daur", "Druze", "Druze", "Druze", "Kalash", "Kalash", "Kalash", "Lahu", "Lahu", "Lahu", "Lahu", "Mandenka", "Mandenka", "Mandenka", "Maya", "Maya", "MbutiPygmy", "MbutiPygmy", "MbutiPygmy", "Melanesian", "Melanesian", "Melanesian", "Mongola", "Mongola", "Mongola", "Palestinian", "Papuan", "Russian", "Uygur"],
  "targets": ["Balochi", "Cambodian", "Kalash", "Papuan", "Russian", "Basque", "Bedouin", "Mandenka", "Palestinian", "Papuan", "Mandenka", "Mozabite", "San", "Yi", "Yoruba", "BiakaPygmy", "Colombian", "MbutiPygmy", "Yoruba", "Druze", "MbutiPygmy", "Palestinian", "Papuan", "Russian", "Druze", "Mozabite", "Palestinian", "Russian", "Burusho", "Mandenka", "MbutiPygmy", "San", "Yoruba", "Kalash", "Lahu", "Uygur", "Colombian", "Daur", "Mongola", "Yakut", "Lahu", "Maya", "Pima", "San", "Lahu", "Melanesian", "Mongola", "Yakut", "Yi", "Kalash", "Mozabite", "Uygur", "Palestinian", "Papuan", "Uygur", "MbutiPygmy", "Papuan", "Yakut", "Yi", "Melanesian", "Mozabite", "Yoruba", "Pima", "Yakut", "Pima", "San", "Yoruba", "Papuan", "Uygur", "Yi", "Uygur", "Yakut", "Yi", "Russian", "Uygur", "Uygur", "Yakut"],
  "weights": [2.5116, 1.9115, 2.301, 4.4988, 2.5964, 3.7027, 2.1646, 3.3493, 2.1432, 4.6259, 3.3778, 3.4697, 6.1426, 4.6762, 3.7269, 4.0374, 4.7776, 5.9244, 3.0943, 3.0717, 8.0209, 2.5849, 5.2795, 2.668, 2.1277, 2.2283, 1.6413, 1.9914, 4.6706, 3.6726, 5.7967, 5.2377, 3.8009, 2.7965, 3.9372, 3.0815, 4.2064, 2.5539, 2.8338, 2.85, 5.0872, 3.3696, 4.3258, 6.2936, 3.317, 3.7296, 2.4322, 2.6084, 2.9828, 2.4222, 2.5335, 2.9243, 2.146, 4.6208, 2.5214, 8.7604, 5.9727, 3.8526, 3.9801, 4.417, 3.0839, 2.884, 2.5467, 4.2491, 8.8128, 8.0971, 6.4177, 5.4462, 4.3776, 4.3136, 4.1787, 3.2118, 2.9884, 2.0355, 4.7105, 2.857, 3.5111],
  "loci": ["rs12052843", "rs1921254", "rs17012903", "rs7564033", "rs2141732", "rs4853258", "rs7603063", "rs7592517", "rs13400466", "rs1519993", "rs991725", "rs2139502", "rs6742896", "rs963552", "rs10203812", "rs7607201", "rs1850914", "rs1921240", "rs1154641", "rs6716298", "rs7566719", "rs7585161", "rs9332421", "rs13002499", "rs7606395", "rs1519982", "rs12621435", "rs1519980", "rs7580730", "rs12620666", "rs17013020", "rs985812", "rs11689433", "rs11126552", "rs17404655", "rs1879219", "rs6745127", "rs955949", "rs13034829", "rs12469595"]
}
