{
  "id": "EdgeSet0261",
  "sources": ["Adygei", "Adygei", "Adygei", "Adygei", "Adygei", "Adygei", "Balochi", "Balochi", "Balochi", "Balochi", "Balochi", "Balochi", "BantuKenya", "BantuKenya", "BantuKenya", "BantuKenya", "BantuSouthAfrica", "BantuSouthAfrica", "BantuSouthAfrica", "BantuSouthAfrica", "Basque", "Basque", "Basque", "Basque", "Bedouin", "Bedouin", "BiakaPygmy", "BiakaPygmy", "BiakaPygmy", "Burusho", "Burusho", "Burusho", "Burusho", "Cambodian", "Cambodian", "Cambodian", "Cambodian", "Cambodian", "Colombian", "Colombian", "Colombian", "Daur", "Daur", "Daur", "Druze", "Druze", "Druze", "Kalash", "Kalash", "Lahu", "Lahu", "Lahu", "Lahu", "Lahu", "Lahu", "Mandenka", "Mandenka", "Maya", "Maya", "MbutiPygmy", "Melanesian", "Melanesian", "Melanesian", "Mongola", "Mongola", "Mozabite", "Mozabite", "Palestinian", "Papuan", "Papuan", "Russian", "Uygur", "Yakut"],
  "targets": ["Basque", "Bedouin", "Cambodian", "Druze", "Palestinian", "Russian", "Bedouin", "Druze", "Mongola", "Palestinian", "Russian", "Uygur", "BantuSouthAfrica", "Mandenka", "MbutiPygmy", "Mozabite", "BiakaPygmy", "Kalash", "Mandenka", "Yoruba", "Bedouin", "Druze", "Maya", "Mozabite", "Druze", "Palestinian", "MbutiPygmy", "San", "Yoruba", "Druze", "Kalash", "Lahu", "Russian", "Colombian", "Daur", "Lahu", "Melanesian", "Yakut", "Maya", "Melanesian", "Pima", "Lahu", "Mongola", "Yakut", "Kalash", "Palestinian", "Russian", "Palestinian", "Uygur", "Mongola", "Papuan", "Pima", "San", "Uygur", "Yakut", "MbutiPygmy", "Yoruba", "Pima", "Yakut", "San", "Papuan", "Uygur", "Yakut", "Uygur", "Yakut", "Palestinian", "Pima", "Russian", "Russian", "Yi", "Uygur", "Yi", "Yi"],
  "weights": [2.5113, 2.1879, 4.8864, 1.9929, 2.2132, 3.1031, 2.2169, 2.3284, 3.5812, 2.2643, 2.9839, 3.1552, 2.7448, 2.9202, 6.642, 4.0237, 4.3702, 5.1983, 3.1032, 4.0295, 2.023, 2.4609, 4.1, 2.3712, 2.1282, 1.8403, 6.2004, 6.3454, 3.8024, 3.418, 3.4402, 5.559, 4.3269, 2.6495, 2.9408, 3.375, 4.5996, 2.9614, 2.1581, 3.6741, 2.5954, 3.1551, 3.2812, 3.1539, 3.1889, 2.2694, 2.7348, 3.7714, 3.513, 3.5465, 4.6022, 4.2208, 7.3961, 3.4992, 3.3215, 7.1009, 3.3335, 3.047, 4.5135, 8.1738, 3.1397, 4.2814, 4.2551, 3.2148, 2.9014, 2.6765, 4.1338, 3.6988, 6.0954, 4.1335, 4.3833, 3.2849, 3.1345],
  "loci": ["rs10179945", "rs893593", "rs6733301", "rs1077492", "rs7592588", "rs1530016", "rs546217", "rs10495751", "rs522806", "rs547534", "rs13395518", "rs12233132", "rs12613265", "rs4665284", "rs7575363", "rs2304572", "rs10189702", "rs3731631", "rs6718083", "rs4665765", "rs1561288", "rs1561289", "rs13428823", "rs1866146", "rs934778", "rs4665287", "rs7566506", "rs12617514", "rs2304429", "rs734693", "rs1465825", "rs7594432", "rs11694842", "rs11887120", "rs6546045", "rs11683424", "rs7583409", "rs6749992", "rs11892646", "rs12999687"]
}
