{
  "id": "EdgeSet0807",
  "sources": ["Adygei", "Adygei", "Adygei", "Adygei", "Adygei", "Adygei", "Adygei", "Balochi", "Balochi", "Balochi", "Balochi", "BantuKenya", "BantuKenya", "BantuKenya", "BantuSouthAfrica", "BantuSouthAfrica", "BantuSouthAfrica", "BantuSouthAfrica", "BantuSouthAfrica", "BantuSouthAfrica", "BantuSouthAfrica", "Basque", "Basque", "Basque", "Basque", "Basque", "Bedouin", "Bedouin", "Bedouin", "Bedouin", "BiakaPygmy", "BiakaPygmy", "BiakaPygmy", "BiakaPygmy", "Burusho", "Burusho", "Burusho", "Burusho", "Burusho", "Cambodian", "Cambodian", "Cambodian", "Colombian", "Colombian", "Daur", "Daur", "Daur", "Daur", "Druze", "Druze", "Druze", "Druze", "Druze", "Kalash", "Kalash", "Kalash", "Kalash", "Kalash", "Lahu", "Mandenka", "Maya", "Maya", "MbutiPygmy", "MbutiPygmy", "Melanesian", "Mongola", "Mongola", "Mongola", "Mongola", "Mongola", "Mozabite", "Palestinian", "Papuan", "Papuan", "Pima", "Uygur", "Yakut"],
  "targets": ["Balochi", "Basque", "Bedouin", "Burusho", "Kalash", "Papuan", "Uygur", "Bedouin", "San", "Uygur", "Yakut", "Mandenka", "MbutiPygmy", "Melanesian", "Daur", "Kalash", "Mandenka", "MbutiPygmy", "Melanesian", "Papuan", "Yoruba", "Druze", "Kalash", "Mozabite", "Palestinian", "Yakut", "Druze", "Mozabite", "Palestinian", "Russian", "Mandenka", "MbutiPygmy", "San", "Yoruba", "Mongola", "Papuan", "Russian", "Yakut", "Yi", "Lahu", "Yi", "Yoruba", "Maya", "Pima", "Mongola", "Pima", "Uygur", "Yi", "Lahu", "MbutiPygmy", "Palestinian", "Russian", "Uygur", "Lahu", "Palestinian", "Russian", "San", "Yakut", "Mongola", "Yoruba", "Pima", "Yakut", "San", "Yi", "Papuan", "Mozabite", "Papuan", "Uygur", "Yakut", "Yi", "Yoruba", "Russian", "San", "Yakut", "San", "Yakut", "Yi"],
  "weights": [2.4313, 2.1239, 1.8754, 3.8585, 2.9407, 3.7719, 2.4249, 2.3477, 8.7699, 2.2472, 2.8688, 3.1053, 5.0611, 4.0536, 4.3765, 4.4057, 3.4568, 5.8126, 4.3664, 5.486, 3.3607, 1.9143, 2.5734, 2.495, 1.7255, 4.0432, 1.8267, 2.1517, 1.711, 2.2783, 3.7847, 5.7252, 7.2783, 3.9225, 3.1757, 4.2542, 3.4689, 2.9337, 3.2459, 2.6209, 3.3589, 3.9505, 2.7496, 3.4429, 3.4689, 5.0147, 2.7769, 3.9257, 2.9637, 6.2028, 1.6058, 2.5889, 2.6543, 3.6037, 2.7257, 2.7707, 9.7151, 4.4649, 3.115, 2.8328, 2.3961, 3.9344, 10.5615, 7.5326, 3.5304, 4.6714, 4.25, 2.6658, 2.869, 3.5457, 2.7265, 2.8178, 9.1814, 3.9623, 10.6319, 2.5752, 3.2885],
  "loci": ["rs4561696", "rs1882681", "rs1922809", "rs10520186", "rs12614202", "rs2901847", "rs2861079", "rs1922806", "rs2861078", "rs12713914", "rs1922817", "rs11689077", "rs17648731", "rs12328979", "rs6749867", "rs10189992", "rs13027825", "rs9309517", "rs2204916", "rs17014206", "rs6706081", "rs6547148", "rs1922818", "rs11126616", "rs7557891", "rs6717256", "rs17701613", "rs12713918", "rs2901849", "rs6547152", "rs12463489", "rs13411334", "rs6724806", "rs4473409", "rs11895211", "rs7562245", "rs12469613", "rs4490221", "rs10865430", "rs12052760"]
}
