{
  "id": "EdgeSet0115",
  "sources": ["Adygei", "Adygei", "Adygei", "Adygei", "Adygei", "Balochi", "Balochi", "Balochi", "Balochi", "Balochi", "Balochi", "Balochi", "Balochi", "BantuKenya", "BantuKenya", "BantuKenya", "BantuKenya", "BantuSouthAfrica", "BantuSouthAfrica", "BantuSouthAfrica", "BantuSouthAfrica", "BantuSouthAfrica", "BantuSouthAfrica", "Basque", "Basque", "Basque", "Bedouin", "Bedouin", "Bedouin", "Bedouin", "Bedouin", "BiakaPygmy", "BiakaPygmy", "BiakaPygmy", "BiakaPygmy", "Burusho", "Burusho", "Burusho", "Burusho", "Cambodian", "Cambodian", "Cambodian", "Cambodian", "Colombian", "Colombian", "Colombian", "Daur", "Daur", "Daur", "Daur", "Daur", "Daur", "Druze", "Druze", "Druze", "Druze", "Kalash", "Kalash", "Kalash", "Kalash", "Lahu", "Lahu", "Lahu", "Lahu", "Lahu", "Lahu", "Mandenka", "Mandenka", "MbutiPygmy", "Melanesian", "Melanesian", "Melanesian", "Melanesian", "Melanesian", "Mongola", "Mozabite", "Mozabite", "Papuan", "Papuan", "Pima", "Pima", "Russian"],
  "targets": ["Basque", "Bedouin", "Burusho", "Palestinian", "Yakut", "Basque", "Bedouin", "Burusho", "Colombian", "Druze", "Kalash", "Maya", "Mongola", "Mandenka", "MbutiPygmy", "San", "Yoruba", "BiakaPygmy", "Mandenka", "MbutiPygmy", "Melanesian", "San", "Yoruba", "Mozabite", "Russian", "Uygur", "Burusho", "Druze", "Mandenka", "Mozabite", "Palestinian", "MbutiPygmy", "Mozabite", "San", "Yoruba", "Druze", "Kalash", "Palestinian", "Pima", "Mongola", "Uygur", "Yakut", "Yi", "Maya", "Pima", "San", "Lahu", "Maya", "Papuan", "Uygur", "Yakut", "Yi", "Kalash", "Palestinian", "Papuan", "Russian", "Pima", "Russian", "Uygur", "Yakut", "Melanesian", "Mongola", "Pima", "Uygur", "Yakut", "Yi", "MbutiPygmy", "Yoruba", "San", "Papuan", "San", "Uygur", "Yakut", "Yi", "Yi", "Palestinian", "Russian", "San", "Uygur", "San", "Yakut", "Uygur"],
  "weights": [2.8636, 2.4653, 2.2476, 2.3947, 3.3991, 2.7743, 2.6185, 2.8108, 4.8535, 2.5938, 3.3977, 3.5125, 4.2903, 3.3509, 3.4138, 6.4366, 3.4452, 5.1942, 3.5699, 3.7601, 5.1385, 7.6086, 4.0205, 2.4487, 2.83, 3.1165, 2.9847, 2.0582, 3.498, 1.9528, 1.625, 4.5989, 5.1798, 8.556, 4.5813, 2.5163, 3.3666, 2.5587, 4.355, 2.2836, 2.5093, 2.8598, 2.8938, 2.818, 4.1978, 9.7703, 2.7956, 2.9956, 3.5091, 2.6597, 3.0267, 3.0618, 3.115, 2.0982, 4.3507, 2.4617, 5.0201, 2.9818, 3.4778, 3.9699, 4.575, 3.1241, 4.8975, 3.2199, 3.6208, 3.4443, 3.4008, 2.4129, 7.3745, 4.7417, 7.576, 4.8055, 4.2716, 4.4323, 2.6487, 2.2226, 2.8346, 8.3635, 3.6706, 9.4104, 4.9247, 3.0964],
  "loci": ["rs1468780", "rs10929642", "rs10929646", "rs7420933", "rs7583344", "rs887958", "rs11695911", "rs887959", "rs759343", "rs16856053", "rs7556858", "rs10490418", "rs16856070", "rs4669561", "rs6432082", "rs6432083", "rs4669564", "rs2011430", "rs13422172", "rs2357541", "rs2884208", "rs2160189", "rs6709696", "rs11694489", "rs2014889", "rs16856119", "rs1003652", "rs1003653", "rs4669572", "rs6745569", "rs1558628", "rs4669573", "rs6758633", "rs6743846", "rs10197851", "rs17434144", "rs12990794", "rs1476985", "rs12618307", "rs887984"]
}
