{
  "id": "EdgeSet0682",
  "sources": ["Adygei", "Adygei", "Adygei", "Adygei", "Adygei", "Adygei", "Balochi", "Balochi", "Balochi", "BantuKenya", "BantuKenya", "BantuKenya", "BantuKenya", "BantuSouthAfrica", "BantuSouthAfrica", "BantuSouthAfrica", "BantuSouthAfrica", "Basque", "Basque", "Basque", "Basque", "Basque", "Bedouin", "Bedouin", "Bedouin", "Bedouin", "Bedouin", "Bedouin", "BiakaPygmy", "BiakaPygmy", "BiakaPygmy", "Burusho", "Burusho", "Burusho", "Burusho", "Cambodian", "Cambodian", "Cambodian", "Cambodian", "Cambodian", "Cambodian", "Cambodian", "Colombian", "Colombian", "Daur", "Daur", "Daur", "Druze", "Druze", "Kalash", "Kalash", "Kalash", "Lahu", "Lahu", "Mandenka", "Maya", "Maya", "MbutiPygmy", "MbutiPygmy", "MbutiPygmy", "Melanesian", "Melanesian", "Mongola", "Mongola", "Mongola", "Mozabite", "Papuan", "Papuan", "Pima", "Pima", "Russian", "San", "Uygur"],
  "targets": ["Balochi", "Basque", "Bedouin", "Druze", "Palestinian", "Russian", "Burusho", "Druze", "Maya", "BantuSouthAfrica", "Basque", "San", "Yoruba", "Mandenka", "Melanesian", "San", "Yoruba", "Bedouin", "Druze", "Mozabite", "Palestinian", "Russian", "Burusho", "Cambodian", "Druze", "Melanesian", "Mozabite", "Palestinian", "Mandenka", "MbutiPygmy", "Yoruba", "Cambodian", "Kalash", "Lahu", "Uygur", "Colombian", "Daur", "Lahu", "Maya", "Mongola", "Pima", "Yi", "Daur", "Maya", "Mongola", "Uygur", "Yakut", "Kalash", "Palestinian", "Mozabite", "Russian", "Yakut", "Melanesian", "Mongola", "Yoruba", "Pima", "Yakut", "Mozabite", "San", "Yoruba", "Papuan", "San", "Uygur", "Yakut", "Yi", "Palestinian", "Pima", "San", "San", "Yakut", "Uygur", "Yi", "Yakut"],
  "weights": [2.2171, 2.4698, 2.141, 1.7607, 1.6471, 2.8402, 2.7192, 2.2475, 2.9187, 4.4452, 5.4925, 7.4625, 3.6764, 4.222, 7.5621, 7.3489, 4.2809, 3.5129, 2.6375, 3.2993, 2.5539, 3.2938, 2.4151, 2.7735, 1.9563, 3.9802, 2.7703, 1.7698, 3.1631, 5.7222, 3.3436, 2.749, 2.3149, 3.63, 2.1618, 1.9741, 2.3051, 2.6742, 2.0642, 2.623, 4.0751, 3.0857, 1.87, 1.4583, 1.1581, 1.3556, 1.6149, 2.5473, 1.6827, 3.1847, 3.2244, 3.7902, 4.2389, 2.5141, 2.6045, 3.245, 1.7287, 6.3882, 9.0131, 5.7053, 3.1202, 8.719, 1.3025, 1.3279, 1.891, 2.2699, 6.4328, 8.901, 9.7239, 3.4553, 2.918, 8.2818, 1.638],
  "loci": ["rs6546127", "rs2052261", "rs10208485", "rs10185243", "rs1420186", "rs12713533", "rs2422441", "rs6546128", "rs11890484", "rs6546132", "rs11675458", "rs11681377", "rs11903118", "rs12713535", "rs2024438", "rs13387190", "rs12329001", "rs12328656", "rs6712836", "rs6546135", "rs268859", "rs3771099", "rs6745303", "rs4671646", "rs268864", "rs268866", "rs2287064", "rs4671124", "rs268882", "rs268852", "rs7556894", "rs7582949", "rs17533781", "rs906575", "rs7561932", "rs7601027", "rs7601514", "rs10170788", "rs13409229", "rs1542994"]
}
