{
  "id": "EdgeSet0271",
  "sources": ["Adygei", "Adygei", "Adygei", "Adygei", "Adygei", "Adygei", "Adygei", "Balochi", "Balochi", "Balochi", "Balochi", "Balochi", "Balochi", "BantuKenya", "BantuKenya", "BantuKenya", "BantuKenya", "BantuKenya", "BantuSouthAfrica", "BantuSouthAfrica", "BantuSouthAfrica", "Basque", "Basque", "Basque", "Basque", "Bedouin", "Bedouin", "BiakaPygmy", "BiakaPygmy", "Burusho", "Burusho", "Burusho", "Cambodian", "Cambodian", "Cambodian", "Cambodian", "Cambodian", "Cambodian", "Colombian", "Colombian", "Colombian", "Daur", "Daur", "Daur", "Druze", "Druze", "Druze", "Kalash", "Kalash", "Kalash", "Kalash", "Lahu", "Lahu", "Lahu", "Lahu", "Mandenka", "Mandenka", "Mandenka", "Maya", "Maya", "Maya", "MbutiPygmy", "MbutiPygmy", "MbutiPygmy", "Melanesian", "Mongola", "Mongola", "Mongola", "Mozabite", "Papuan", "Uygur", "Yakut"],
  "targets": ["Balochi", "Basque", "Daur", "Druze", "Mongola", "Palestinian", "Russian", "Basque", "Burusho", "Druze", "Kalash", "Palestinian", "Uygur", "BantuSouthAfrica", "BiakaPygmy", "Mandenka", "San", "Yoruba", "BiakaPygmy", "MbutiPygmy", "Yoruba", "Bedouin", "Burusho", "Druze", "Russian", "Mozabite", "Palestinian", "MbutiPygmy", "San", "Lahu", "Melanesian", "Russian", "Daur", "Kalash", "Melanesian", "Russian", "Uygur", "Yi", "Maya", "Pima", "San", "Melanesian", "Mongola", "Uygur", "Kalash", "Mozabite", "Palestinian", "Mongola", "Mozabite", "Papuan", "Russian", "Mongola", "Papuan", "Yakut", "Yi", "Mozabite", "San", "Yoruba", "Palestinian", "Pima", "Yakut", "Papuan", "San", "Yoruba", "Papuan", "Uygur", "Yakut", "Yi", "Palestinian", "Yakut", "Yakut", "Yi"],
  "weights": [2.1834, 1.95, 4.7023, 2.0424, 2.9997, 2.1775, 2.4475, 2.1161, 3.0274, 2.254, 2.4249, 2.3584, 2.9588, 3.9053, 5.5804, 4.5203, 7.93, 3.4536, 5.6554, 5.6789, 3.515, 2.3265, 3.1871, 2.0469, 2.6462, 2.5094, 2.4739, 5.4321, 7.6652, 5.5454, 4.2829, 3.3313, 2.6881, 3.789, 4.2448, 4.9166, 3.2717, 2.7127, 3.7074, 2.4448, 11.9406, 3.9798, 2.793, 3.0406, 2.404, 2.4233, 1.7425, 2.5754, 2.7692, 4.4286, 2.5605, 2.9631, 4.566, 4.1543, 2.6978, 4.9493, 7.8738, 3.118, 3.7959, 3.0586, 5.0264, 7.8203, 8.3638, 5.4471, 4.2784, 2.469, 3.0371, 2.5452, 2.2706, 3.7835, 2.8661, 3.6463],
  "loci": ["rs1053807", "rs2280513", "rs744540", "rs935172", "rs1275993", "rs1148967", "rs12474099", "rs1731240", "rs6727852", "rs1662992", "rs7563543", "rs11694917", "rs1275931", "rs752472", "rs2586885", "rs1275960", "rs1275962", "rs1009221", "rs1275957", "rs1275986", "rs1275982", "rs11126666", "rs1662987", "rs1662988", "rs2384463", "rs7584568", "rs11126678", "rs1275941", "rs1275940", "rs1443704", "rs10208212", "rs828259", "rs12467466", "rs2289017", "rs2060390", "rs714447", "rs4665352", "rs3885083", "rs6547275", "rs562311"]
}
