{
  "id": "EdgeSet0260",
  "sources": ["Adygei", "Adygei", "Adygei", "Adygei", "Adygei", "Adygei", "Balochi", "Balochi", "Balochi", "BantuKenya", "BantuKenya", "BantuKenya", "BantuKenya", "BantuKenya", "BantuSouthAfrica", "BantuSouthAfrica", "BantuSouthAfrica", "Basque", "Basque", "Basque", "Bedouin", "Bedouin", "BiakaPygmy", "BiakaPygmy", "BiakaPygmy", "Burusho", "Burusho", "Burusho", "Burusho", "Burusho", "Burusho", "Cambodian", "Cambodian", "Cambodian", "Cambodian", "Colombian", "Colombian", "Colombian", "Colombian", "Colombian", "Daur", "Daur", "Daur", "Daur", "Druze", "Druze", "Kalash", "Kalash", "Lahu", "Lahu", "Lahu", "Mandenka", "Mandenka", "Maya", "Maya", "Maya", "MbutiPygmy", "Melanesian", "Melanesian", "Mongola", "Palestinian", "Papuan", "Pima", "Uygur", "Uygur", "Yakut"],
  "targets": ["Balochi", "Basque", "Bedouin", "Druze", "Kalash", "Russian", "Bedouin", "Kalash", "Palestinian", "BantuSouthAfrica", "Mandenka", "Mozabite", "San", "Yoruba", "Mandenka", "San", "Yoruba", "Bedouin", "Colombian", "Russian", "Mozabite", "Palestinian", "MbutiPygmy", "San", "Yoruba", "Cambodian", "Lahu", "Maya", "Pima", "Russian", "Yakut", "Colombian", "Daur", "Maya", "Uygur", "Maya", "Melanesian", "Papuan", "Pima", "Yi", "Lahu", "Maya", "Mongola", "Yakut", "Palestinian", "Russian", "Palestinian", "Uygur", "Mongola", "Pima", "Uygur", "Mozabite", "Yoruba", "Pima", "Russian", "Yakut", "San", "Papuan", "Yi", "Yakut", "San", "Uygur", "Yi", "Yakut", "Yi", "Yi"],
  "weights": [2.0871, 1.8087, 1.7598, 1.7431, 2.8174, 2.0418, 2.026, 2.5175, 2.6023, 2.5789, 3.4705, 4.1399, 7.7411, 4.0209, 2.976, 7.6177, 3.5869, 1.5863, 4.0052, 2.2332, 1.9254, 1.8323, 7.7554, 8.9134, 5.8223, 3.6229, 4.5419, 4.0283, 3.5996, 3.088, 3.6733, 3.0664, 2.3467, 3.0075, 2.4886, 2.6603, 3.2477, 3.4655, 2.7103, 2.9006, 2.4444, 2.7906, 1.9386, 2.1284, 2.229, 1.7136, 3.6976, 3.0781, 2.3546, 3.0797, 2.9346, 3.871, 2.9695, 2.8739, 5.0001, 3.7546, 11.2996, 1.9568, 2.8864, 1.8527, 8.1262, 3.1367, 2.9688, 2.663, 2.7513, 2.3804],
  "loci": ["rs13407913", "rs2033655", "rs2033654", "rs17738465", "rs1865687", "rs10176566", "rs6736711", "rs7565468", "rs2384061", "rs7593130", "rs6752378", "rs10182181", "rs6726261", "rs713587", "rs7566051", "rs17046751", "rs6749526", "rs1982200", "rs963948", "rs6749818", "rs10179945", "rs893593", "rs6733301", "rs1077492", "rs7592588", "rs1530016", "rs546217", "rs10495751", "rs522806", "rs547534", "rs13395518", "rs12233132", "rs12613265", "rs4665284", "rs7575363", "rs2304572", "rs10189702", "rs3731631", "rs6718083", "rs4665765"]
}
