{
  "id": "EdgeSet0616",
  "sources": ["Adygei", "Adygei", "Adygei", "Adygei", "Adygei", "Adygei", "Adygei", "Balochi", "Balochi", "Balochi", "Balochi", "BantuKenya", "BantuKenya", "BantuKenya", "BantuKenya", "BantuSouthAfrica", "BantuSouthAfrica", "BantuSouthAfrica", "BantuSouthAfrica", "BantuSouthAfrica", "Basque", "Basque", "Basque", "Basque", "Bedouin", "Bedouin", "Bedouin", "BiakaPygmy", "BiakaPygmy", "BiakaPygmy", "Burusho", "Burusho", "Burusho", "Burusho", "Burusho", "Burusho", "Cambodian", "Cambodian", "Cambodian", "Cambodian", "Cambodian", "Colombian", "Colombian", "Daur", "Daur", "Daur", "Daur", "Daur", "Druze", "Druze", "Druze", "Kalash", "Kalash", "Kalash", "Kalash", "Lahu", "Mandenka", "Mandenka", "Mandenka", "Maya", "Maya", "Maya", "MbutiPygmy", "Melanesian", "Mongola", "Mongola", "Mongola", "Mongola", "Mozabite", "Papuan", "Russian", "San", "Uygur"],
  "targets": ["Balochi", "Burusho", "Cambodian", "Palestinian", "Papuan", "Pima", "Russian", "Bedouin", "Colombian", "Kalash", "Russian", "BiakaPygmy", "MbutiPygmy", "San", "Yoruba", "BiakaPygmy", "Mandenka", "MbutiPygmy", "San", "Yoruba", "Bedouin", "Kalash", "Mozabite", "Russian", "Druze", "Mozabite", "Palestinian", "Mandenka", "MbutiPygmy", "San", "Cambodian", "Daur", "Kalash", "Lahu", "Melanesian", "Russian", "Daur", "Kalash", "Lahu", "Mongola", "Uygur", "Maya", "Pima", "Maya", "Mongola", "Uygur", "Yakut", "Yi", "Mozabite", "Palestinian", "Russian", "Lahu", "Melanesian", "Mozabite", "Palestinian", "Yi", "MbutiPygmy", "San", "Yoruba", "Pima", "San", "Yakut", "San", "Papuan", "San", "Uygur", "Yakut", "Yi", "Palestinian", "Yakut", "Yakut", "Yakut", "Yi"],
  "weights": [2.4629, 2.2583, 4.2564, 1.8907, 3.1596, 3.3089, 2.2739, 2.448, 3.5007, 2.9489, 2.2966, 4.7349, 5.3151, 7.6138, 3.3299, 4.5772, 4.1562, 4.1358, 6.9609, 4.4138, 2.1308, 2.7067, 2.2152, 2.2732, 1.844, 1.7484, 1.6361, 4.4567, 5.3281, 7.9896, 2.7302, 2.3814, 2.5906, 3.9123, 1.9738, 2.1748, 2.2708, 3.6614, 3.9214, 3.2459, 2.4553, 4.2127, 2.915, 5.5596, 3.4051, 2.4897, 3.9222, 2.8239, 2.1941, 2.0285, 2.1227, 4.9284, 2.9861, 2.2735, 2.3845, 3.547, 4.9499, 7.6823, 3.8375, 3.5838, 9.1309, 5.9827, 7.2659, 1.6684, 9.1791, 3.1966, 5.1848, 3.8542, 1.7171, 4.6681, 4.5202, 8.5084, 2.6716],
  "loci": ["rs2216413", "rs2904425", "rs6744438", "rs6758239", "rs6741957", "rs11125665", "rs768329", "rs6545606", "rs13424256", "rs7422350", "rs10193589", "rs4672172", "rs4671301", "rs12467061", "rs12615487", "rs13021125", "rs10490416", "rs7598437", "rs7589657", "rs7585535", "rs2865255", "rs13430229", "rs2865272", "rs1035974", "rs11125677", "rs17048563", "rs13402339", "rs1429326", "rs2163048", "rs1429323", "rs12615090", "rs2195490", "rs13033975", "rs1594143", "rs2865297", "rs1429310", "rs1116357", "rs1424642", "rs9309292", "rs1863047"]
}
