{
  "id": "EdgeSet0533",
  "sources": ["Adygei", "Adygei", "Adygei", "Adygei", "Adygei", "Balochi", "Balochi", "Balochi", "Balochi", "Balochi", "Balochi", "Balochi", "BantuKenya", "BantuKenya", "BantuKenya", "BantuSouthAfrica", "BantuSouthAfrica", "BantuSouthAfrica", "BantuSouthAfrica", "Basque", "Basque", "Basque", "Basque", "Basque", "Bedouin", "Bedouin", "BiakaPygmy", "BiakaPygmy", "BiakaPygmy", "BiakaPygmy", "Burusho", "Burusho", "Burusho", "Burusho", "Cambodian", "Cambodian", "Cambodian", "Cambodian", "Cambodian", "Cambodian", "Colombian", "Colombian", "Colombian", "Colombian", "Daur", "Daur", "Daur", "Daur", "Druze", "Druze", "Druze", "Druze", "Druze", "Kalash", "Lahu", "Lahu", "Lahu", "Lahu", "Lahu", "Mandenka", "Maya", "Maya", "Maya", "Maya", "MbutiPygmy", "MbutiPygmy", "Melanesian", "Melanesian", "Melanesian", "Melanesian", "Melanesian", "Mongola", "Palestinian", "Papuan", "Papuan", "Papuan"],
  "targets": ["Balochi", "Basque", "Bedouin", "Kalash", "Palestinian", "Basque", "Bedouin", "Druze", "Kalash", "Melanesian", "Mozabite", "Palestinian", "BantuSouthAfrica", "Mandenka", "Yoruba", "Mozabite", "San", "Uygur", "Yoruba", "Burusho", "Druze", "Mozabite", "Papuan", "Russian", "Burusho", "Russian", "Mandenka", "MbutiPygmy", "San", "Yoruba", "Druze", "Mongola", "Mozabite", "Papuan", "Colombian", "Daur", "Palestinian", "Uygur", "Yakut", "Yi", "Maya", "MbutiPygmy", "Mongola", "Pima", "Maya", "Mongola", "Yakut", "Yi", "Kalash", "Mozabite", "Palestinian", "Papuan", "Russian", "San", "Melanesian", "Mongola", "Papuan", "Pima", "Yi", "Yoruba", "Pima", "San", "Uygur", "Yakut", "San", "Yoruba", "Mongola", "Palestinian", "Papuan", "Yakut", "Yi", "Yi", "Russian", "San", "Uygur", "Yakut"],
  "weights": [1.843, 1.9707, 2.3901, 2.4547, 1.8831, 1.9614, 2.0657, 1.7037, 3.4911, 2.8864, 2.3947, 1.9805, 3.0472, 2.0492, 2.4354, 3.8608, 10.1918, 5.5416, 2.9601, 2.5444, 1.8954, 2.4623, 4.5881, 1.8195, 2.6095, 1.9524, 3.4297, 4.4216, 10.3883, 3.2999, 2.4525, 3.388, 2.8276, 5.0234, 3.7211, 2.4731, 3.0109, 2.9172, 2.8861, 2.9398, 3.2381, 7.1139, 3.5734, 3.0763, 2.8934, 2.2841, 2.2001, 2.1599, 2.7742, 2.0859, 1.9342, 5.5533, 1.7036, 12.0103, 4.7677, 3.785, 5.4037, 3.5347, 3.408, 2.0785, 2.5396, 12.2506, 3.3475, 3.2012, 8.9999, 4.5695, 2.876, 2.8878, 4.6057, 2.8055, 2.9669, 2.4065, 2.0908, 12.5532, 4.7129, 4.5001],
  "loci": ["rs1391748", "rs1391751", "rs4527244", "rs13425236", "rs11125265", "rs7564547", "rs2350699", "rs10495979", "rs17794707", "rs10495980", "rs10495981", "rs12713068", "rs6545125", "rs13411033", "rs4521079", "rs1568287", "rs2176603", "rs2350701", "rs4402808", "rs1914791", "rs10185615", "rs1159705", "rs4971626", "rs17039213", "rs7593733", "rs17489439", "rs13386956", "rs12328055", "rs2139156", "rs10171772", "rs1914779", "rs7349353", "rs1518823", "rs7595014", "rs1006318", "rs870168", "rs7602969", "rs11903512", "rs17039328", "rs7586200"]
}
