{
  "id": "EdgeSet0387",
  "sources": ["Adygei", "Adygei", "Adygei", "Adygei", "Balochi", "Balochi", "Balochi", "Balochi", "Balochi", "Balochi", "Balochi", "BantuKenya", "BantuKenya", "BantuKenya", "BantuKenya", "BantuSouthAfrica", "BantuSouthAfrica", "BantuSouthAfrica", "BantuSouthAfrica", "Basque", "Basque", "Basque", "Basque", "Bedouin", "Bedouin", "Bedouin", "BiakaPygmy", "BiakaPygmy", "BiakaPygmy", "Burusho", "Burusho", "Burusho", "Cambodian", "Cambodian", "Cambodian", "Cambodian", "Cambodian", "Colombian", "Colombian", "Daur", "Daur", "Daur", "Daur", "Druze", "Druze", "Druze", "Kalash", "Kalash", "Lahu", "Lahu", "Lahu", "Mandenka", "Maya", "Maya", "Maya", "MbutiPygmy", "MbutiPygmy", "Melanesian", "Melanesian", "Melanesian", "Mongola", "Mongola", "Mongola", "Mozabite", "Papuan", "Papuan", "Pima", "Russian", "San", "Uygur"],
  "targets": ["Balochi", "Bedouin", "Burusho", "Druze", "Basque", "Cambodian", "Druze", "Kalash", "Palestinian", "Russian", "Uygur", "BiakaPygmy", "Mandenka", "MbutiPygmy", "Yoruba", "Mandenka", "MbutiPygmy", "San", "Yoruba", "Bedouin", "Druze", "Mozabite", "Palestinian", "Burusho", "Druze", "Kalash", "Mandenka", "San", "Yoruba", "Mandenka", "Mozabite", "Palestinian", "Daur", "Lahu", "Melanesian", "Uygur", "Yakut", "Maya", "Russian", "Lahu", "Melanesian", "Papuan", "Yakut", "Palestinian", "Russian", "Uygur", "Mozabite", "San", "Melanesian", "Mongola", "Yi", "Yoruba", "Pima", "Yakut", "Yi", "San", "Yoruba", "Papuan", "Yakut", "Yi", "Pima", "Yakut", "Yi", "Pima", "Russian", "Uygur", "Yi", "Uygur", "Yoruba", "Yakut"],
  "weights": [2.1557, 1.4457, 2.6405, 1.4572, 2.5, 4.4635, 2.1093, 2.9556, 2.1559, 3.0374, 4.1641, 4.3773, 3.8946, 5.2039, 4.2153, 3.4795, 5.208, 7.2229, 3.9976, 2.0351, 2.0626, 2.7515, 2.3906, 2.5856, 1.5671, 2.5498, 3.1527, 6.1622, 2.7544, 4.6736, 2.649, 2.7182, 2.3865, 3.0884, 2.247, 3.0481, 2.4302, 2.5635, 3.7768, 2.9055, 2.828, 3.2157, 2.352, 1.7794, 2.3155, 3.2919, 2.8011, 7.0377, 2.9835, 2.3081, 2.3031, 2.9969, 2.9167, 3.4519, 3.3823, 7.3695, 4.5273, 2.7453, 2.6577, 2.7128, 1.8962, 2.2399, 1.697, 2.9078, 3.5805, 3.3324, 2.1457, 2.8784, 6.294, 2.8738],
  "loci": ["rs10206380", "rs2098386", "rs12622740", "rs2041840", "rs2041837", "rs1056021", "rs2300892", "rs3770764", "rs2300888", "rs10460527", "rs3821144", "rs3819892", "rs10178975", "rs4629138", "rs11124576", "rs2300880", "rs17020529", "rs6544066", "rs11896614", "rs6734118", "rs4670195", "rs7559558", "rs2302652", "rs2255991", "rs6730342", "rs7606760", "rs2373000", "rs3770748", "rs2373001", "rs1024816", "rs7593887", "rs888096", "rs10490445", "rs6544072", "rs17020652", "rs10173794", "rs6544074", "rs6544078", "rs4490163", "rs4670719"]
}
