{
  "id": "EdgeSet0573",
  "sources": ["Adygei", "Adygei", "Adygei", "Adygei", "Adygei", "Adygei", "Adygei", "Balochi", "Balochi", "Balochi", "Balochi", "BantuKenya", "BantuKenya", "BantuKenya", "BantuKenya", "BantuSouthAfrica", "BantuSouthAfrica", "BantuSouthAfrica", "BantuSouthAfrica", "BantuSouthAfrica", "Basque", "Basque", "Basque", "Basque", "Basque", "Bedouin", "Bedouin", "Bedouin", "Bedouin", "Bedouin", "BiakaPygmy", "BiakaPygmy", "BiakaPygmy", "Burusho", "Burusho", "Cambodian", "Cambodian", "Cambodian", "Cambodian", "Cambodian", "Colombian", "Colombian", "Colombian", "Colombian", "Daur", "Daur", "Daur", "Daur", "Druze", "Druze", "Druze", "Lahu", "Mandenka", "Mandenka", "Maya", "Maya", "MbutiPygmy", "MbutiPygmy", "Melanesian", "Melanesian", "Melanesian", "Melanesian", "Mongola", "Mozabite", "Mozabite", "Palestinian", "Yakut"],
  "targets": ["Basque", "Burusho", "Cambodian", "Druze", "Maya", "Palestinian", "Russian", "Burusho", "Colombian", "Russian", "Uygur", "BantuSouthAfrica", "BiakaPygmy", "Mandenka", "Yoruba", "BiakaPygmy", "Mandenka", "Papuan", "San", "Yoruba", "Druze", "Kalash", "Palestinian", "Russian", "Uygur", "Burusho", "Druze", "Kalash", "Mozabite", "Palestinian", "Mandenka", "MbutiPygmy", "San", "Daur", "Kalash", "Daur", "Lahu", "Mongola", "Yakut", "Yi", "Daur", "Lahu", "Maya", "Pima", "Lahu", "Mongola", "Uygur", "Yakut", "Kalash", "MbutiPygmy", "Uygur", "Maya", "MbutiPygmy", "Yoruba", "Pima", "San", "Russian", "San", "Papuan", "Pima", "Russian", "Yi", "San", "Palestinian", "Yoruba", "Uygur", "Yi"],
  "weights": [2.4774, 2.9222, 3.8062, 2.549, 4.1908, 2.2969, 2.468, 2.9243, 3.5541, 2.4006, 2.4122, 3.6629, 3.9228, 3.5929, 3.0543, 4.2694, 3.6669, 5.1639, 8.5862, 3.0617, 3.0246, 2.8325, 1.905, 3.0008, 2.4706, 2.8171, 1.7772, 2.0885, 2.2126, 1.8886, 3.8447, 4.5748, 9.7546, 2.8818, 3.226, 2.1612, 1.7981, 2.7694, 1.9147, 1.819, 3.6132, 3.3973, 3.3489, 2.8919, 2.5204, 2.7511, 2.4594, 1.9126, 2.0346, 5.1691, 2.2145, 3.0237, 4.3349, 2.76, 2.9679, 11.1287, 5.2978, 8.9951, 3.377, 5.0088, 3.9741, 3.74, 11.0393, 1.896, 3.967, 2.1607, 2.0922],
  "loci": ["rs1451463", "rs4672065", "rs13404094", "rs17571144", "rs12469781", "rs965441", "rs17043794", "rs2163332", "rs17043834", "rs10490578", "rs7602023", "rs7577197", "rs6756739", "rs1510106", "rs1533076", "rs17043912", "rs10490577", "rs13399527", "rs1446439", "rs6545315", "rs10197026", "rs6732467", "rs9973556", "rs10185735", "rs4484066", "rs4482527", "rs7603707", "rs1446435", "rs1446436", "rs1446437", "rs1446442", "rs1446445", "rs1446449", "rs17044059", "rs2121304", "rs10496011", "rs1900249", "rs2357013", "rs2357016", "rs6742532"]
}
