{
  "id": "EdgeSet0529",
  "sources": ["Adygei", "Adygei", "Adygei", "Adygei", "Adygei", "Balochi", "Balochi", "BantuKenya", "BantuKenya", "BantuKenya", "BantuKenya", "BantuKenya", "BantuSouthAfrica", "BantuSouthAfrica", "BantuSouthAfrica", "BantuSouthAfrica", "BantuSouthAfrica", "Basque", "Basque", "Basque", "Basque", "Bedouin", "Bedouin", "Bedouin", "Bedouin", "Bedouin", "Bedouin", "BiakaPygmy", "BiakaPygmy", "BiakaPygmy", "BiakaPygmy", "BiakaPygmy", "Burusho", "Burusho", "Cambodian", "Cambodian", "Cambodian", "Cambodian", "Cambodian", "Colombian", "Colombian", "Colombian", "Colombian", "Daur", "Daur", "Daur", "Daur", "Daur", "Druze", "Druze", "Druze", "Druze", "Druze", "Kalash", "Kalash", "Lahu", "Lahu", "Lahu", "Mandenka", "Mandenka", "Maya", "Maya", "MbutiPygmy", "MbutiPygmy", "Melanesian", "Melanesian", "Mongola", "Mongola", "Palestinian", "Papuan", "Pima", "Russian"],
  "targets": ["Balochi", "Burusho", "Cambodian", "Mozabite", "Uygur", "Kalash", "Yoruba", "BantuSouthAfrica", "MbutiPygmy", "Mozabite", "San", "Yoruba", "BiakaPygmy", "Mandenka", "Mozabite", "San", "Yoruba", "Mongola", "Palestinian", "Russian", "Uygur", "BiakaPygmy", "Burusho", "Druze", "Kalash", "Mozabite", "Palestinian", "Mandenka", "MbutiPygmy", "Melanesian", "Mozabite", "Yoruba", "Kalash", "Maya", "Maya", "Mongola", "Pima", "Uygur", "Yakut", "Lahu", "Maya", "MbutiPygmy", "Pima", "Mongola", "Pima", "Russian", "Yakut", "Yi", "Lahu", "Mandenka", "Mozabite", "Palestinian", "Russian", "San", "Uygur", "Melanesian", "Russian", "San", "Yi", "Yoruba", "Mongola", "Pima", "Papuan", "San", "Papuan", "Uygur", "Uygur", "Yi", "Yakut", "San", "San", "Uygur"],
  "weights": [2.4324, 2.1278, 3.5146, 2.5521, 2.2535, 2.3202, 3.6547, 3.7078, 5.572, 3.7067, 13.3055, 3.3093, 3.8142, 3.2292, 3.4911, 13.0799, 3.1881, 2.3018, 1.5199, 2.1777, 2.1042, 4.0395, 2.3862, 1.9969, 2.1828, 2.113, 1.6035, 3.661, 6.5146, 4.644, 3.5474, 3.2622, 2.5355, 4.4203, 3.5856, 2.2308, 3.4205, 2.4708, 3.0407, 4.3254, 4.1598, 8.1878, 3.6556, 2.4146, 3.8919, 2.3741, 2.7918, 2.7091, 3.9861, 3.6523, 2.3418, 1.499, 2.6264, 14.0766, 2.154, 4.2206, 4.9222, 13.7228, 4.5472, 2.481, 3.6319, 2.688, 8.3187, 14.4945, 4.9998, 3.0823, 2.0267, 1.963, 2.3859, 13.0166, 14.4457, 3.0022],
  "loci": ["rs2350021", "rs9636436", "rs7590557", "rs1365864", "rs12992623", "rs1365862", "rs7578654", "rs1344647", "rs13004547", "rs1365858", "rs13412860", "rs11680024", "rs7424350", "rs1991387", "rs7557485", "rs1427454", "rs817095", "rs860133", "rs860994", "rs2556406", "rs817081", "rs7583216", "rs817019", "rs10495973", "rs817038", "rs1882345", "rs817043", "rs698839", "rs722603", "rs698840", "rs10170288", "rs1527898", "rs2081745", "rs11125238", "rs17038751", "rs10172488", "rs1405959", "rs1527893", "rs1365855", "rs843840"]
}
