{
  "id": "EdgeSet0543",
  "sources": ["Adygei", "Adygei", "Adygei", "Adygei", "Adygei", "Adygei", "Balochi", "Balochi", "Balochi", "Balochi", "Balochi", "BantuKenya", "BantuKenya", "BantuKenya", "BantuKenya", "BantuKenya", "BantuSouthAfrica", "BantuSouthAfrica", "BantuSouthAfrica", "BantuSouthAfrica", "BantuSouthAfrica", "Basque", "Basque", "Basque", "Basque", "Basque", "Bedouin", "Bedouin", "Bedouin", "BiakaPygmy", "BiakaPygmy", "BiakaPygmy", "Burusho", "Burusho", "Cambodian", "Cambodian", "Cambodian", "Cambodian", "Cambodian", "Colombian", "Colombian", "Colombian", "Colombian", "Daur", "Daur", "Daur", "Daur", "Daur", "Druze", "Druze", "Druze", "Kalash", "Lahu", "Mandenka", "Mandenka", "Maya", "MbutiPygmy", "MbutiPygmy", "Melanesian", "Melanesian", "Mongola", "Mongola", "Mongola", "Mongola", "Mozabite", "Palestinian", "Palestinian", "Papuan", "Pima", "Russian", "Uygur"],
  "targets": ["Basque", "Burusho", "Druze", "Kalash", "Mozabite", "Russian", "Bedouin", "Burusho", "Druze", "Mozabite", "Uygur", "BiakaPygmy", "Cambodian", "Kalash", "MbutiPygmy", "Yoruba", "BiakaPygmy", "Mandenka", "MbutiPygmy", "San", "Yoruba", "Burusho", "Kalash", "Mozabite", "Palestinian", "Russian", "Cambodian", "Druze", "Palestinian", "Mandenka", "MbutiPygmy", "San", "Mongola", "Yi", "Daur", "Lahu", "Mongola", "Papuan", "Uygur", "Kalash", "Maya", "Pima", "Yakut", "Lahu", "Mongola", "Uygur", "Yakut", "Yi", "Mongola", "Palestinian", "Uygur", "Melanesian", "Melanesian", "San", "Yoruba", "Pima", "San", "Yoruba", "Papuan", "Yakut", "Palestinian", "Russian", "Uygur", "Yakut", "Russian", "Russian", "Uygur", "Pima", "Yi", "Yakut", "Yakut"],
  "weights": [2.0546, 2.1986, 2.0954, 2.5988, 2.153, 1.8528, 2.1007, 2.6552, 2.2524, 2.469, 2.904, 4.2951, 4.8206, 4.9213, 5.2571, 3.598, 2.962, 2.9255, 3.7582, 4.2671, 2.7917, 2.7171, 3.1108, 2.6605, 2.358, 1.9497, 3.3848, 2.0871, 2.2596, 3.5075, 3.9003, 4.2441, 3.3152, 4.2028, 3.4952, 3.1621, 3.497, 4.5636, 3.1509, 4.4341, 2.6706, 3.6477, 4.273, 4.6848, 3.0194, 2.4914, 3.2245, 2.6633, 3.2436, 2.0697, 2.9221, 4.6864, 3.9152, 5.0115, 2.8972, 2.1998, 5.1397, 4.3825, 3.0724, 4.8057, 3.7194, 3.1896, 2.7318, 3.5328, 2.0957, 1.7453, 2.9504, 5.1594, 5.1176, 4.1936, 3.2119],
  "loci": ["rs6545176", "rs17476669", "rs1019318", "rs7581256", "rs759507", "rs6545178", "rs726359", "rs17040809", "rs6716892", "rs10175903", "rs13412851", "rs17040825", "rs12995085", "rs2351765", "rs10490222", "rs17040857", "rs725288", "rs10177104", "rs13419090", "rs12713116", "rs7582692", "rs6733430", "rs17040885", "rs4467312", "rs988179", "rs2216784", "rs10183349", "rs1469157", "rs17040897", "rs11125321", "rs12464548", "rs11691013", "rs13391995", "rs2194385", "rs1469160", "rs10182729", "rs2018909", "rs17480512", "rs918807", "rs2048979"]
}
