{
  "id": "EdgeSet0502",
  "sources": ["Adygei", "Adygei", "Adygei", "Adygei", "Adygei", "Adygei", "Adygei", "Balochi", "Balochi", "Balochi", "Balochi", "BantuKenya", "BantuKenya", "BantuKenya", "BantuKenya", "BantuSouthAfrica", "BantuSouthAfrica", "BantuSouthAfrica", "Basque", "Basque", "Basque", "Basque", "Basque", "Bedouin", "Bedouin", "Bedouin", "Bedouin", "BiakaPygmy", "BiakaPygmy", "BiakaPygmy", "Burusho", "Burusho", "Burusho", "Burusho", "Burusho", "Burusho", "Cambodian", "Cambodian", "Cambodian", "Cambodian", "Cambodian", "Cambodian", "Colombian", "Colombian", "Colombian", "Colombian", "Daur", "Daur", "Daur", "Daur", "Druze", "Druze", "Druze", "Druze", "Kalash", "Kalash", "Kalash", "Lahu", "Lahu", "Lahu", "Lahu", "Lahu", "Mandenka", "Mandenka", "Maya", "Maya", "MbutiPygmy", "MbutiPygmy", "Mongola", "Mongola", "Mongola", "Mongola", "Mozabite", "Mozabite", "Palestinian", "Palestinian", "Papuan", "Pima", "Pima", "Uygur", "Yakut"],
  "targets": ["Balochi", "Bedouin", "Burusho", "Druze", "Pima", "Yakut", "Yi", "BantuSouthAfrica", "Burusho", "Druze", "Russian", "BantuSouthAfrica", "BiakaPygmy", "Mandenka", "MbutiPygmy", "Mandenka", "San", "Yoruba", "Druze", "Kalash", "Lahu", "Palestinian", "Russian", "Kalash", "Mozabite", "Palestinian", "Russian", "MbutiPygmy", "San", "Yoruba", "Cambodian", "Kalash", "Maya", "Melanesian", "Pima", "Yoruba", "Druze", "Melanesian", "Mongola", "Papuan", "Pima", "Uygur", "Daur", "Maya", "Russian", "San", "Mongola", "Papuan", "Yakut", "Yi", "Kalash", "Mozabite", "Palestinian", "Pima", "MbutiPygmy", "Pima", "Uygur", "Melanesian", "Mongola", "Mozabite", "Papuan", "Yi", "MbutiPygmy", "Yoruba", "Pima", "Russian", "San", "Yakut", "Papuan", "Uygur", "Yakut", "Yi", "Palestinian", "Yoruba", "Pima", "Russian", "Yi", "Uygur", "Yi", "Yi", "Yi"],
  "weights": [3.1244, 2.7104, 3.3526, 2.9351, 3.8079, 5.0447, 3.9602, 5.4347, 2.7717, 2.6083, 2.7026, 3.7231, 4.183, 2.9879, 5.0738, 4.5596, 7.9634, 3.9896, 2.0863, 2.7133, 3.548, 2.1194, 2.2575, 2.3883, 1.9001, 1.5675, 1.9829, 5.3668, 7.4068, 4.2279, 2.1961, 2.9194, 3.6541, 3.2183, 4.2562, 3.7553, 2.5153, 2.7798, 2.1956, 1.9902, 3.9333, 1.9519, 3.4281, 3.0762, 3.2386, 9.8627, 2.1603, 1.8204, 3.8445, 2.5842, 2.3349, 2.0675, 1.9632, 2.786, 6.17, 3.3342, 2.7723, 3.5511, 2.4415, 2.8977, 1.8538, 2.6082, 5.5599, 3.4797, 3.7174, 3.2367, 9.1755, 6.8352, 2.1641, 2.167, 3.7301, 2.5602, 1.872, 3.8834, 2.9423, 2.0175, 2.3579, 3.0651, 3.3178, 2.4314, 4.2419],
  "loci": ["rs2033533", "rs7593939", "rs12479328", "rs2881586", "rs17035931", "rs1036295", "rs6726941", "rs13387604", "rs2241736", "rs10495941", "rs13002842", "rs7557193", "rs735887", "rs6731862", "rs2304286", "rs13395498", "rs1865260", "rs736683", "rs892381", "rs6753628", "rs6708635", "rs13411760", "rs17540157", "rs17481182", "rs17481321", "rs13432506", "rs736377", "rs6761800", "rs17036039", "rs11899526", "rs1865258", "rs17036060", "rs10193261", "rs7581528", "rs7558419", "rs7585571", "rs6739975", "rs1036292", "rs2163982", "rs4953442"]
}
