{
  "id": "EdgeSet0724",
  "sources": ["Adygei", "Adygei", "Adygei", "Adygei", "Adygei", "Adygei", "Balochi", "Balochi", "Balochi", "Balochi", "Balochi", "BantuKenya", "BantuKenya", "BantuKenya", "BantuKenya", "BantuKenya", "BantuKenya", "BantuSouthAfrica", "BantuSouthAfrica", "BantuSouthAfrica", "BantuSouthAfrica", "BantuSouthAfrica", "Basque", "Basque", "Basque", "Basque", "Basque", "Basque", "Bedouin", "Bedouin", "Bedouin", "Bedouin", "BiakaPygmy", "BiakaPygmy", "BiakaPygmy", "Burusho", "Burusho", "Burusho", "Burusho", "Burusho", "Cambodian", "Cambodian", "Cambodian", "Cambodian", "Cambodian", "Cambodian", "Colombian", "Colombian", "Colombian", "Colombian", "Daur", "Daur", "Daur", "Daur", "Druze", "Druze", "Druze", "Kalash", "Kalash", "Kalash", "Lahu", "Lahu", "Lahu", "Lahu", "Lahu", "Mandenka", "Maya", "Maya", "MbutiPygmy", "Melanesian", "Melanesian", "Mongola", "Mongola", "Mongola", "Mozabite", "Palestinian", "Papuan", "Pima", "Pima", "Uygur", "Yakut"],
  "targets": ["Basque", "Bedouin", "Burusho", "Melanesian", "Palestinian", "Russian", "Bedouin", "Burusho", "Kalash", "Mozabite", "Palestinian", "BantuSouthAfrica", "BiakaPygmy", "Mandenka", "San", "Uygur", "Yoruba", "BiakaPygmy", "Mandenka", "MbutiPygmy", "San", "Yoruba", "Bedouin", "Druze", "Kalash", "Mongola", "Pima", "Russian", "Colombian", "Druze", "Palestinian", "Yoruba", "Mandenka", "MbutiPygmy", "San", "Cambodian", "Druze", "Kalash", "Mandenka", "Uygur", "Druze", "Lahu", "Mongola", "Mozabite", "Uygur", "Yi", "Maya", "Papuan", "Pima", "Yi", "Mongola", "Uygur", "Yakut", "Yi", "Kalash", "Palestinian", "Russian", "Melanesian", "Pima", "Yakut", "Maya", "Mongola", "Mozabite", "Papuan", "Yakut", "Yoruba", "Pima", "Yakut", "San", "Papuan", "Yakut", "San", "Uygur", "Yi", "Palestinian", "Uygur", "San", "San", "Uygur", "Yakut", "Yi"],
  "weights": [2.0545, 1.7972, 1.9072, 2.9838, 1.4551, 1.8083, 2.1609, 1.796, 2.4934, 2.2659, 2.0651, 3.9056, 5.249, 3.6286, 9.7354, 5.6385, 3.3338, 4.5099, 3.1362, 3.5038, 8.8361, 3.3916, 2.399, 2.3797, 3.6032, 3.3632, 3.4483, 2.444, 3.6799, 2.0804, 1.8358, 3.9189, 4.6613, 4.4376, 9.1139, 2.5087, 2.2368, 2.197, 4.2934, 3.2743, 3.3932, 2.8196, 2.6211, 2.7196, 2.4865, 2.5329, 2.1143, 4.0239, 3.0882, 3.7152, 3.0381, 2.2434, 2.4751, 2.173, 2.6202, 1.8469, 1.2784, 3.3299, 3.9767, 2.838, 3.8853, 3.5397, 4.2297, 3.3143, 4.6353, 2.6795, 2.3087, 3.3127, 9.7199, 3.0861, 3.1456, 11.2313, 3.1078, 2.456, 2.2114, 2.5105, 12.0098, 11.5391, 3.7593, 2.6457, 2.9529],
  "loci": ["rs7561173", "rs7572183", "rs10174331", "rs10174998", "rs7590468", "rs4854502", "rs4854504", "rs4854505", "rs4854448", "rs7593402", "rs4854506", "rs4068867", "rs2280244", "rs4362592", "rs4309612", "rs11897544", "rs4854451", "rs6720182", "rs4627610", "rs4854512", "rs4854514", "rs4854515", "rs2292903", "rs4854518", "rs7558602", "rs12713665", "rs7573507", "rs4854457", "rs6727322", "rs11893484", "rs10519168", "rs10496167", "rs17543981", "rs12992898", "rs3749128", "rs6743599", "rs13415752", "rs11897748", "rs6546439", "rs11126200"]
}
