{
  "id": "EdgeSet0801",
  "sources": ["Adygei", "Adygei", "Adygei", "Adygei", "Adygei", "Adygei", "Adygei", "Balochi", "Balochi", "Balochi", "Balochi", "BantuKenya", "BantuKenya", "BantuKenya", "BantuKenya", "BantuSouthAfrica", "BantuSouthAfrica", "BantuSouthAfrica", "Basque", "Basque", "Basque", "Basque", "Basque", "Bedouin", "Bedouin", "Bedouin", "Bedouin", "Bedouin", "Bedouin", "Bedouin", "BiakaPygmy", "BiakaPygmy", "BiakaPygmy", "BiakaPygmy", "Burusho", "Burusho", "Burusho", "Burusho", "Burusho", "Cambodian", "Cambodian", "Cambodian", "Cambodian", "Colombian", "Colombian", "Colombian", "Colombian", "Colombian", "Daur", "Daur", "Daur", "Daur", "Druze", "Druze", "Druze", "Kalash", "Kalash", "Lahu", "Lahu", "Lahu", "Mandenka", "Mandenka", "Maya", "Maya", "Maya", "Melanesian", "Melanesian", "Mongola", "Mongola", "Mongola", "Mongola", "Mozabite", "Palestinian", "Papuan", "Papuan", "Pima", "Russian", "Uygur", "Yakut"],
  "targets": ["Bedouin", "Burusho", "Kalash", "Lahu", "Palestinian", "Russian", "Yakut", "Bedouin", "Colombian", "Druze", "Uygur", "BantuSouthAfrica", "Mandenka", "San", "Yoruba", "Cambodian", "MbutiPygmy", "San", "Druze", "Kalash", "Melanesian", "Palestinian", "Russian", "Burusho", "Druze", "Kalash", "Mozabite", "Palestinian", "Russian", "Uygur", "Mandenka", "MbutiPygmy", "Mozabite", "San", "Daur", "Druze", "Lahu", "Uygur", "Yakut", "Lahu", "Mongola", "Yakut", "Yi", "Daur", "Kalash", "Maya", "Mongola", "Pima", "Mongola", "Papuan", "Pima", "Yakut", "Kalash", "Palestinian", "Uygur", "Palestinian", "Yakut", "Melanesian", "Uygur", "Yi", "San", "Yoruba", "Melanesian", "Pima", "San", "Mongola", "Papuan", "Pima", "Uygur", "Yakut", "Yi", "Yoruba", "Russian", "San", "Yi", "San", "Uygur", "Yakut", "Yi"],
  "weights": [1.7724, 1.8255, 2.0468, 3.0617, 1.8081, 1.8168, 2.2889, 1.8644, 4.6037, 1.9896, 2.1777, 4.6125, 3.9659, 7.6567, 3.547, 7.1957, 5.308, 8.0597, 2.4623, 2.5811, 5.2083, 2.3331, 2.4012, 1.4768, 1.2874, 1.8362, 2.4728, 1.5444, 2.4194, 2.3593, 2.7398, 3.4105, 4.3085, 7.5626, 2.088, 1.2415, 3.0266, 1.6687, 1.6617, 2.9704, 3.0247, 2.564, 3.1911, 5.1448, 5.0901, 4.3494, 4.5674, 4.1752, 2.4482, 4.1474, 4.439, 2.3908, 1.6879, 1.5912, 1.9718, 1.7184, 2.4952, 4.4458, 2.72, 3.5082, 7.0716, 1.9123, 5.8624, 3.2858, 8.8266, 4.2168, 4.884, 4.2246, 2.9295, 3.2356, 3.4321, 3.5751, 1.7966, 8.8015, 4.1461, 8.3775, 2.6135, 1.7023, 3.0655],
  "loci": ["rs7592470", "rs11901979", "rs10208262", "rs17013378", "rs11884377", "rs10520170", "rs1921626", "rs17013386", "rs1921627", "rs17333884", "rs7422204", "rs7355718", "rs7561189", "rs7563917", "rs9808165", "rs13388459", "rs1446718", "rs1470504", "rs17406084", "rs17334205", "rs17013563", "rs10520177", "rs17013581", "rs10165789", "rs11899047", "rs17013592", "rs7597923", "rs17040500", "rs10201530", "rs10211427", "rs1446693", "rs17334527", "rs13033902", "rs1348827", "rs17406465", "rs1838878", "rs13397044", "rs1446689", "rs1982340", "rs7562487"]
}
