{
  "id": "EdgeSet0522",
  "sources": ["Adygei", "Adygei", "Adygei", "Adygei", "Adygei", "Adygei", "Adygei", "Balochi", "Balochi", "Balochi", "Balochi", "BantuKenya", "BantuKenya", "BantuKenya", "BantuKenya", "BantuSouthAfrica", "BantuSouthAfrica", "BantuSouthAfrica", "BantuSouthAfrica", "BantuSouthAfrica", "BantuSouthAfrica", "Basque", "Basque", "Basque", "Basque", "Basque", "Bedouin", "Bedouin", "Bedouin", "Bedouin", "Bedouin", "BiakaPygmy", "Burusho", "Burusho", "Burusho", "Burusho", "Cambodian", "Cambodian", "Cambodian", "Cambodian", "Cambodian", "Colombian", "Colombian", "Colombian", "Colombian", "Colombian", "Colombian", "Daur", "Daur", "Daur", "Daur", "Druze", "Druze", "Kalash", "Kalash", "Kalash", "Kalash", "Lahu", "Lahu", "Lahu", "Lahu", "Mandenka", "Mandenka", "Maya", "MbutiPygmy", "Melanesian", "Melanesian", "Melanesian", "Mongola", "Mongola", "Mongola", "Mozabite", "Mozabite", "Papuan", "Papuan", "Papuan", "Papuan", "Pima", "Uygur", "Uygur"],
  "targets": ["Balochi", "Basque", "Bedouin", "Burusho", "Druze", "Papuan", "Russian", "BantuKenya", "Basque", "Palestinian", "Uygur", "BiakaPygmy", "MbutiPygmy", "San", "Yoruba", "BiakaPygmy", "Mandenka", "MbutiPygmy", "Mozabite", "San", "Yoruba", "Daur", "Druze", "Kalash", "Palestinian", "Uygur", "Burusho", "Druze", "Kalash", "Mozabite", "Palestinian", "Mandenka", "Druze", "Lahu", "Mongola", "Uygur", "Lahu", "Maya", "Papuan", "Yakut", "Yi", "Daur", "Lahu", "Maya", "Pima", "Russian", "Yi", "Mongola", "Uygur", "Yakut", "Yi", "Mozabite", "Palestinian", "Lahu", "Melanesian", "Palestinian", "Russian", "Melanesian", "Mongola", "Uygur", "Yi", "MbutiPygmy", "Yoruba", "Pima", "San", "Mongola", "Papuan", "Yakut", "Pima", "Russian", "Yakut", "Palestinian", "Yoruba", "Pima", "San", "Yakut", "Yi", "Yi", "Yakut", "Yi"],
  "weights": [2.5344, 2.3117, 2.3625, 3.2799, 2.2174, 5.2868, 4.1074, 4.6366, 1.9341, 2.3245, 2.8751, 2.7661, 5.3034, 7.2949, 3.2314, 3.2377, 3.6499, 5.7198, 4.463, 8.5197, 3.6065, 4.5947, 2.3558, 2.624, 2.1133, 2.9601, 3.032, 2.0717, 2.7096, 2.9905, 1.699, 2.7063, 3.1917, 3.9136, 3.097, 2.6962, 2.8961, 4.114, 4.3785, 2.6051, 2.7695, 3.4889, 5.2922, 3.1814, 2.5096, 4.9285, 3.0974, 2.5151, 2.5102, 2.5042, 2.2597, 3.0323, 2.1205, 4.3301, 3.9617, 2.6807, 4.103, 3.9663, 3.4789, 3.2555, 3.2747, 4.6556, 2.0866, 3.7741, 8.4734, 3.4801, 3.1413, 3.1564, 3.4759, 4.3337, 2.1297, 2.9847, 4.1767, 5.524, 10.7312, 4.1812, 5.5782, 3.3561, 2.6332, 2.2108],
  "loci": ["rs10210521", "rs13017739", "rs13030632", "rs4290704", "rs4254550", "rs11680420", "rs4331560", "rs12614310", "rs10490128", "rs17556008", "rs12713018", "rs733726", "rs7577610", "rs6752748", "rs10490126", "rs9789744", "rs10202351", "rs981273", "rs7579295", "rs17037747", "rs2192615", "rs2012026", "rs4953639", "rs4953640", "rs11125186", "rs2215911", "rs1024779", "rs6715107", "rs10490120", "rs7602044", "rs17499377", "rs6545082", "rs6545083", "rs11891861", "rs989373", "rs988921", "rs1950145", "rs7565565", "rs1019277", "rs1024776"]
}
