{
  "id": "EdgeSet0773",
  "sources": ["Adygei", "Adygei", "Adygei", "Adygei", "Balochi", "Balochi", "Balochi", "Balochi", "BantuKenya", "BantuKenya", "BantuKenya", "BantuKenya", "BantuSouthAfrica", "BantuSouthAfrica", "BantuSouthAfrica", "BantuSouthAfrica", "Basque", "Basque", "Basque", "Basque", "Bedouin", "Bedouin", "Bedouin", "BiakaPygmy", "BiakaPygmy", "BiakaPygmy", "BiakaPygmy", "BiakaPygmy", "Burusho", "Burusho", "Burusho", "Burusho", "Cambodian", "Cambodian", "Cambodian", "Cambodian", "Cambodian", "Colombian", "Colombian", "Colombian", "Colombian", "Daur", "Daur", "Daur", "Daur", "Daur", "Druze", "Druze", "Druze", "Kalash", "Kalash", "Kalash", "Kalash", "Kalash", "Lahu", "Mandenka", "Mandenka", "Maya", "Maya", "Maya", "MbutiPygmy", "MbutiPygmy", "Melanesian", "Melanesian", "Melanesian", "Mongola", "Mongola", "Mongola", "Mongola", "Mozabite", "Mozabite", "Papuan", "Russian", "Yakut"],
  "targets": ["Balochi", "Basque", "Palestinian", "San", "Bedouin", "Palestinian", "Papuan", "Pima", "BantuSouthAfrica", "BiakaPygmy", "San", "Yoruba", "BiakaPygmy", "MbutiPygmy", "San", "Yoruba", "Bedouin", "Druze", "Pima", "Russian", "Druze", "Mozabite", "Palestinian", "Mandenka", "Mozabite", "Russian", "San", "Yoruba", "Kalash", "Mozabite", "Pima", "Yakut", "Daur", "Lahu", "Mongola", "Uygur", "Yi", "Kalash", "Maya", "Pima", "Uygur", "Lahu", "Melanesian", "Mongola", "Pima", "Yi", "Kalash", "Melanesian", "Russian", "Maya", "Mongola", "Palestinian", "Uygur", "Yi", "Yi", "Mozabite", "Yoruba", "MbutiPygmy", "Papuan", "Uygur", "San", "Yoruba", "Papuan", "San", "Uygur", "Palestinian", "Papuan", "Yakut", "Yi", "Palestinian", "Yoruba", "Russian", "Yakut", "Yi"],
  "weights": [2.8533, 3.1634, 2.9629, 9.0135, 1.8193, 1.8011, 4.1207, 3.9962, 4.4661, 4.0147, 6.6354, 2.8597, 4.3883, 6.9252, 6.1186, 3.7132, 2.5228, 2.4452, 3.6499, 2.6166, 1.4372, 2.2996, 1.2424, 3.9423, 4.2042, 5.2345, 6.4885, 3.7376, 2.9755, 2.9735, 3.1614, 2.2929, 2.0251, 2.7943, 2.5025, 2.8866, 2.4578, 4.0085, 1.3962, 3.5801, 2.4837, 3.9975, 3.3183, 2.3872, 3.5193, 2.3509, 2.9372, 3.754, 2.685, 3.9498, 2.9407, 2.8911, 2.8925, 3.3748, 3.2628, 3.8289, 2.8424, 7.9326, 3.6172, 2.8656, 8.5117, 6.224, 3.1278, 8.9896, 3.0897, 3.7459, 2.6594, 2.2769, 2.3645, 2.3322, 4.0366, 3.8833, 3.0026, 2.4567],
  "loci": ["rs205651", "rs205650", "rs11900406", "rs363608", "rs363640", "rs363641", "rs363612", "rs150139", "rs363617", "rs10197048", "rs363666", "rs12621560", "rs1137", "rs205628", "rs205627", "rs205621", "rs11678611", "rs2021753", "rs205611", "rs11891041", "rs3911279", "rs13405664", "rs6740974", "rs13013272", "rs6546923", "rs3980420", "rs624572", "rs682369", "rs581720", "rs642247", "rs596064", "rs687733", "rs842663", "rs17678088", "rs3771798", "rs603743", "rs3771790", "rs10496195", "rs680545", "rs3755454"]
}
