{
  "id": "EdgeSet0744",
  "sources": ["Adygei", "Adygei", "Adygei", "Adygei", "Adygei", "Adygei", "Balochi", "Balochi", "Balochi", "Balochi", "BantuKenya", "BantuKenya", "BantuKenya", "BantuKenya", "BantuSouthAfrica", "BantuSouthAfrica", "BantuSouthAfrica", "BantuSouthAfrica", "BantuSouthAfrica", "BantuSouthAfrica", "Basque", "Basque", "Basque", "Basque", "Bedouin", "Bedouin", "Bedouin", "Bedouin", "Bedouin", "Bedouin", "BiakaPygmy", "BiakaPygmy", "BiakaPygmy", "Burusho", "Burusho", "Burusho", "Burusho", "Cambodian", "Cambodian", "Cambodian", "Cambodian", "Colombian", "Colombian", "Colombian", "Colombian", "Colombian", "Daur", "Daur", "Daur", "Druze", "Druze", "Druze", "Druze", "Kalash", "Kalash", "Lahu", "Lahu", "Lahu", "Lahu", "Mandenka", "Mandenka", "Mandenka", "Mandenka", "Maya", "Maya", "MbutiPygmy", "MbutiPygmy", "Melanesian", "Melanesian", "Melanesian", "Mongola", "Mongola", "Palestinian", "Papuan", "Pima", "Pima", "San", "Uygur", "Yakut"],
  "targets": ["Basque", "Cambodian", "Druze", "Kalash", "Mongola", "Palestinian", "Bedouin", "Burusho", "Druze", "Russian", "BiakaPygmy", "Melanesian", "San", "Yoruba", "Basque", "BiakaPygmy", "Mandenka", "Maya", "MbutiPygmy", "Yoruba", "Burusho", "Palestinian", "Pima", "Russian", "Druze", "Mozabite", "Palestinian", "Russian", "Uygur", "Yi", "Burusho", "MbutiPygmy", "Yoruba", "Daur", "Kalash", "Palestinian", "Pima", "Lahu", "Melanesian", "Palestinian", "Uygur", "Lahu", "Maya", "Mongola", "Pima", "Yi", "Mongola", "Papuan", "Yakut", "Kalash", "Melanesian", "Mozabite", "Palestinian", "Russian", "Yakut", "MbutiPygmy", "Melanesian", "Palestinian", "Russian", "Mozabite", "Pima", "San", "Yoruba", "Papuan", "Pima", "Melanesian", "San", "Mongola", "San", "Uygur", "Pima", "Yakut", "Russian", "Yi", "Uygur", "Yi", "Uygur", "Yi", "Yi"],
  "weights": [3.4937, 2.4749, 2.2775, 2.8023, 4.526, 1.9922, 1.7446, 3.1384, 2.229, 2.067, 3.691, 6.3083, 5.4441, 2.5381, 6.0726, 3.7325, 4.0691, 6.3964, 4.6231, 3.4878, 3.9081, 3.2516, 4.9144, 3.3599, 1.7485, 2.5513, 1.5329, 1.6733, 2.2562, 2.4693, 5.1028, 3.943, 3.2632, 3.5386, 3.1342, 2.8085, 4.2953, 3.769, 5.1621, 2.483, 2.7416, 4.3038, 2.0679, 3.4473, 2.8338, 2.6094, 2.559, 3.4381, 2.2786, 2.6377, 4.9801, 2.601, 1.9741, 2.4408, 3.2305, 6.1856, 5.8834, 3.7763, 4.6345, 4.4074, 6.2716, 4.8028, 3.0283, 3.9029, 3.3874, 6.6525, 5.387, 5.7211, 7.8302, 6.0427, 4.2809, 2.0112, 1.9014, 3.2504, 3.7988, 3.4927, 6.2026, 2.5379, 2.5093],
  "loci": ["rs3771408", "rs13416248", "rs6707940", "rs7596564", "rs2080393", "rs2080394", "rs10184254", "rs716685", "rs11684667", "rs6546640", "rs6712273", "rs2287101", "rs17656058", "rs722896", "rs2075221", "rs1548888", "rs13015305", "rs10206319", "rs13421115", "rs2080390", "rs741326", "rs3815556", "rs10204437", "rs17006436", "rs10489990", "rs2075225", "rs4852708", "rs7557453", "rs6723629", "rs1030046", "rs17006471", "rs11900588", "rs4852716", "rs6546646", "rs6546647", "rs6748323", "rs2192400", "rs4852727", "rs3771403", "rs3771395"]
}
