{
  "id": "EdgeSet0568",
  "sources": ["Adygei", "Adygei", "Adygei", "Adygei", "Adygei", "Balochi", "Balochi", "Balochi", "Balochi", "Balochi", "Balochi", "Balochi", "BantuKenya", "BantuKenya", "BantuKenya", "BantuSouthAfrica", "BantuSouthAfrica", "BantuSouthAfrica", "BantuSouthAfrica", "Basque", "Basque", "Basque", "Basque", "Basque", "Bedouin", "Bedouin", "Bedouin", "Bedouin", "Bedouin", "BiakaPygmy", "BiakaPygmy", "BiakaPygmy", "BiakaPygmy", "Burusho", "Burusho", "Burusho", "Burusho", "Cambodian", "Cambodian", "Cambodian", "Cambodian", "Cambodian", "Cambodian", "Colombian", "Colombian", "Daur", "Daur", "Daur", "Daur", "Daur", "Daur", "Druze", "Druze", "Druze", "Druze", "Kalash", "Kalash", "Lahu", "Lahu", "Lahu", "Lahu", "Lahu", "Lahu", "Lahu", "Mandenka", "Mandenka", "Mandenka", "Maya", "MbutiPygmy", "Melanesian", "Melanesian", "Mongola", "Mongola", "Mongola", "Mozabite", "Palestinian", "Papuan", "Papuan", "Pima", "Russian", "San", "Uygur"],
  "targets": ["BantuKenya", "Daur", "Maya", "Russian", "Yakut", "Bedouin", "Burusho", "Lahu", "Melanesian", "Mongola", "Russian", "Yi", "BiakaPygmy", "MbutiPygmy", "Yoruba", "Mandenka", "MbutiPygmy", "San", "Yoruba", "Burusho", "Palestinian", "Pima", "Russian", "Yakut", "Druze", "Mozabite", "Palestinian", "Russian", "San", "Mandenka", "MbutiPygmy", "Palestinian", "Yoruba", "Daur", "Kalash", "Melanesian", "Uygur", "Colombian", "Druze", "Mongola", "Papuan", "Uygur", "Yakut", "Maya", "Pima", "Kalash", "Lahu", "Mongola", "Papuan", "Uygur", "Yi", "Mozabite", "Palestinian", "Russian", "Yi", "Mongola", "Yakut", "Maya", "MbutiPygmy", "Melanesian", "Mozabite", "Papuan", "Yakut", "Yi", "MbutiPygmy", "Mozabite", "Yoruba", "Pima", "San", "Papuan", "Russian", "Pima", "Yakut", "Yi", "Palestinian", "Yi", "Russian", "Uygur", "San", "Yi", "Yoruba", "Yakut"],
  "weights": [4.6616, 2.9392, 4.1462, 3.1548, 3.2697, 2.4339, 2.2181, 3.1938, 3.8347, 2.7002, 2.6771, 2.3548, 3.6818, 4.1978, 2.718, 3.806, 4.2703, 6.5485, 3.4873, 2.1322, 2.2603, 5.1941, 2.6483, 3.0943, 2.1292, 2.4231, 1.9092, 2.8617, 8.28, 3.8634, 4.4934, 4.9344, 3.4919, 2.1208, 1.9365, 4.1912, 1.7661, 2.6255, 2.5693, 2.267, 3.3244, 2.3946, 3.1311, 2.596, 2.9119, 3.3171, 4.1798, 2.9354, 2.4869, 2.1683, 2.609, 2.3761, 1.5765, 2.6911, 2.1749, 2.8691, 3.107, 4.5252, 5.3714, 4.5581, 3.1314, 4.0462, 4.1502, 3.0909, 4.0013, 3.8574, 2.3684, 4.2355, 7.2899, 3.8019, 4.138, 4.8379, 3.232, 2.5012, 2.1576, 2.0884, 3.3892, 2.6335, 10.1533, 3.5673, 6.8278, 2.811],
  "loci": ["rs13032994", "rs17789255", "rs1405369", "rs1358187", "rs13391006", "rs1405368", "rs6545284", "rs4971603", "rs1405373", "rs6720870", "rs10207639", "rs6737033", "rs11125431", "rs6715457", "rs6545286", "rs1112977", "rs1609012", "rs1384924", "rs1384925", "rs11895971", "rs1021176", "rs17043120", "rs1384909", "rs6755042", "rs6758629", "rs7596912", "rs952822", "rs6545295", "rs871696", "rs4672216", "rs900663", "rs7601345", "rs350752", "rs10178513", "rs350769", "rs6545298", "rs1377953", "rs6706653", "rs17043190", "rs1563200"]
}
