{
  "id": "EdgeSet0620",
  "sources": ["Adygei", "Adygei", "Adygei", "Adygei", "Adygei", "Adygei", "Adygei", "Balochi", "Balochi", "Balochi", "Balochi", "BantuKenya", "BantuKenya", "BantuKenya", "BantuKenya", "BantuKenya", "BantuSouthAfrica", "BantuSouthAfrica", "BantuSouthAfrica", "BantuSouthAfrica", "Basque", "Basque", "Basque", "Basque", "Bedouin", "Bedouin", "Bedouin", "Bedouin", "BiakaPygmy", "BiakaPygmy", "BiakaPygmy", "Burusho", "Burusho", "Burusho", "Burusho", "Cambodian", "Cambodian", "Cambodian", "Cambodian", "Cambodian", "Cambodian", "Colombian", "Colombian", "Colombian", "Daur", "Daur", "Daur", "Druze", "Druze", "Druze", "Kalash", "Kalash", "Lahu", "Lahu", "Lahu", "Lahu", "Mandenka", "Mandenka", "MbutiPygmy", "Melanesian", "Melanesian", "Mongola", "Mongola", "Mongola", "Mongola", "Mozabite", "Palestinian", "Palestinian", "Pima", "Russian", "San", "Uygur"],
  "targets": ["Balochi", "Basque", "Daur", "Druze", "Papuan", "San", "Yakut", "Bedouin", "Druze", "Kalash", "Russian", "BiakaPygmy", "Burusho", "Mandenka", "MbutiPygmy", "Yoruba", "BiakaPygmy", "Mandenka", "MbutiPygmy", "San", "Kalash", "Mongola", "Palestinian", "Uygur", "Druze", "Palestinian", "Uygur", "Yi", "Daur", "MbutiPygmy", "Yoruba", "Lahu", "Pima", "Russian", "Yoruba", "Kalash", "Melanesian", "Mongola", "Papuan", "Yakut", "Yi", "Maya", "Pima", "San", "Druze", "Yakut", "Yi", "Mozabite", "Palestinian", "San", "Maya", "Melanesian", "Mozabite", "Pima", "Uygur", "Yi", "Mozabite", "Yoruba", "Yoruba", "Papuan", "Uygur", "Pima", "Uygur", "Yakut", "Yi", "Palestinian", "San", "Yakut", "Yakut", "Yakut", "Yakut", "Yi"],
  "weights": [2.3638, 2.7448, 3.5837, 2.939, 4.8607, 5.3476, 4.9425, 1.9857, 2.5228, 2.3782, 2.1673, 4.161, 5.8482, 3.3241, 3.3518, 3.2242, 4.0588, 4.1735, 3.8457, 5.2272, 2.5592, 3.278, 1.9806, 2.3425, 2.1633, 1.8305, 1.9859, 2.3353, 5.2583, 3.2998, 3.845, 3.1276, 5.8676, 2.1097, 4.7239, 3.5569, 3.6222, 2.9873, 4.6396, 3.6515, 3.4338, 1.5588, 6.3995, 6.7542, 4.3082, 3.7336, 2.5112, 2.5803, 2.4223, 5.1086, 4.6355, 4.2406, 2.985, 6.042, 2.664, 2.802, 4.0119, 3.1281, 3.451, 4.2393, 5.5886, 5.5483, 2.7509, 3.2735, 2.8087, 2.3977, 4.8846, 4.7042, 4.5287, 3.4079, 5.4954, 2.4942],
  "loci": ["rs1522681", "rs10204326", "rs6743780", "rs7599407", "rs1518681", "rs2203805", "rs1401257", "rs10171953", "rs1120530", "rs7601680", "rs2871608", "rs6545648", "rs7597800", "rs2014007", "rs13403414", "rs17048828", "rs1028189", "rs2139123", "rs13425155", "rs980861", "rs6710781", "rs7589636", "rs4672212", "rs1518685", "rs10518819", "rs7603418", "rs965979", "rs10165125", "rs2243931", "rs1358362", "rs820957", "rs820950", "rs1881020", "rs820968", "rs820965", "rs13422952", "rs2245273", "rs1527624", "rs4402741", "rs6722978"]
}
