{
  "id": "EdgeSet0456",
  "sources": ["Adygei", "Adygei", "Adygei", "Adygei", "Adygei", "Balochi", "Balochi", "Balochi", "BantuKenya", "BantuKenya", "BantuKenya", "BantuKenya", "BantuKenya", "BantuSouthAfrica", "BantuSouthAfrica", "BantuSouthAfrica", "Basque", "Basque", "Basque", "Bedouin", "Bedouin", "Bedouin", "BiakaPygmy", "BiakaPygmy", "BiakaPygmy", "Burusho", "Burusho", "Burusho", "Burusho", "Burusho", "Burusho", "Burusho", "Cambodian", "Cambodian", "Cambodian", "Cambodian", "Colombian", "Colombian", "Colombian", "Daur", "Daur", "Daur", "Daur", "Druze", "Druze", "Druze", "Kalash", "Kalash", "Kalash", "Lahu", "Lahu", "Lahu", "Mandenka", "Mandenka", "Maya", "MbutiPygmy", "Melanesian", "Mongola", "Mozabite", "Palestinian", "Palestinian", "Papuan", "Papuan", "Papuan", "Papuan", "Pima", "Russian", "San", "Yakut"],
  "targets": ["Balochi", "Basque", "Druze", "Kalash", "Palestinian", "Palestinian", "Russian", "Uygur", "BantuSouthAfrica", "BiakaPygmy", "Mandenka", "MbutiPygmy", "Yoruba", "Mozabite", "San", "Yoruba", "Bedouin", "Mozabite", "Russian", "Druze", "Mozabite", "Palestinian", "MbutiPygmy", "San", "Yoruba", "Cambodian", "Maya", "Palestinian", "Papuan", "Pima", "Russian", "Yakut", "Maya", "Melanesian", "Mongola", "Pima", "Maya", "Melanesian", "Pima", "Mongola", "Uygur", "Yakut", "Yi", "Kalash", "Palestinian", "Russian", "Melanesian", "Papuan", "Russian", "Mongola", "Russian", "Uygur", "Mozabite", "Yoruba", "Pima", "San", "Yakut", "Yi", "Palestinian", "Uygur", "Yakut", "Pima", "Uygur", "Yakut", "Yi", "Yi", "Uygur", "Yoruba", "Yi"],
  "weights": [3.1133, 2.8401, 2.2037, 3.6387, 3.8545, 3.1737, 2.508, 3.1255, 4.1417, 4.1549, 3.6955, 5.7617, 3.6006, 4.3873, 6.8306, 3.1268, 2.4366, 2.8293, 2.1021, 1.8406, 1.5081, 2.2426, 4.964, 6.9235, 4.1577, 3.1109, 2.8539, 3.3055, 3.2883, 4.8512, 2.5357, 2.6984, 2.5139, 2.6689, 1.6916, 3.9005, 1.5209, 2.675, 2.7997, 1.6457, 2.3783, 2.0184, 1.4939, 3.2667, 2.4288, 2.2522, 4.0779, 5.2421, 3.1049, 2.3386, 2.668, 2.1873, 4.2256, 2.9532, 2.8476, 6.6179, 2.2132, 2.387, 2.4271, 3.4469, 4.197, 4.456, 3.0738, 2.6776, 3.7021, 3.9943, 2.1982, 6.98, 2.4815],
  "loci": ["rs4953027", "rs4952689", "rs4953028", "rs17031742", "rs4148221", "rs4148222", "rs11685669", "rs11124950", "rs6544718", "rs2954804", "rs4953030", "rs2955279", "rs12465555", "rs7560946", "rs4563284", "rs3795859", "rs4953032", "rs6419610", "rs4550712", "rs13387221", "rs4953033", "rs4953037", "rs12712900", "rs13401462", "rs17424646", "rs9309112", "rs4600713", "rs7594526", "rs11898901", "rs6741740", "rs10206724", "rs6723119", "rs12712902", "rs10865196", "rs6736282", "rs9653492", "rs11124960", "rs6705730", "rs4346434", "rs10084400"]
}
