{
  "id": "EdgeSet0514",
  "sources": ["Adygei", "Adygei", "Adygei", "Adygei", "Adygei", "Adygei", "Balochi", "Balochi", "Balochi", "Balochi", "Balochi", "Balochi", "Balochi", "BantuKenya", "BantuKenya", "BantuKenya", "BantuKenya", "BantuKenya", "BantuKenya", "BantuSouthAfrica", "BantuSouthAfrica", "BantuSouthAfrica", "BantuSouthAfrica", "Basque", "Basque", "Basque", "Bedouin", "Bedouin", "Bedouin", "Bedouin", "BiakaPygmy", "BiakaPygmy", "BiakaPygmy", "Burusho", "Burusho", "Burusho", "Burusho", "Burusho", "Cambodian", "Cambodian", "Cambodian", "Cambodian", "Colombian", "Colombian", "Daur", "Daur", "Daur", "Daur", "Daur", "Druze", "Druze", "Druze", "Lahu", "Lahu", "Lahu", "Lahu", "Mandenka", "Mandenka", "Mandenka", "Maya", "Maya", "MbutiPygmy", "MbutiPygmy", "MbutiPygmy", "Melanesian", "Melanesian", "Mongola", "Mongola", "Mozabite", "Mozabite", "Mozabite", "Papuan", "Papuan", "Pima", "Pima", "Uygur", "Yakut"],
  "targets": ["Balochi", "Bedouin", "Burusho", "Palestinian", "Russian", "Uygur", "Bedouin", "Druze", "Melanesian", "Mongola", "Papuan", "Russian", "Uygur", "BantuSouthAfrica", "BiakaPygmy", "Mandenka", "Mozabite", "San", "Yoruba", "BiakaPygmy", "Mandenka", "MbutiPygmy", "Yoruba", "Kalash", "Pima", "Russian", "Druze", "Melanesian", "Mozabite", "Palestinian", "Mandenka", "MbutiPygmy", "San", "Druze", "Maya", "Melanesian", "Mongola", "Yi", "Daur", "Lahu", "Uygur", "Yoruba", "Maya", "Pima", "Lahu", "Mongola", "Uygur", "Yakut", "Yi", "Mozabite", "Palestinian", "Yoruba", "Mongola", "San", "Yakut", "Yi", "MbutiPygmy", "Mozabite", "Yoruba", "Pima", "Yakut", "Mozabite", "San", "Yoruba", "Papuan", "Yi", "Russian", "Uygur", "Palestinian", "Russian", "Yoruba", "Pima", "Russian", "San", "Yakut", "Yi", "Yi"],
  "weights": [2.4052, 2.1416, 2.8307, 2.1344, 3.1702, 2.7528, 2.2084, 2.4554, 3.6218, 4.3919, 4.3296, 3.1299, 3.0511, 4.0144, 4.5721, 3.2401, 4.0723, 11.1937, 3.9694, 3.5382, 3.5865, 4.3908, 3.6564, 2.8197, 6.28, 2.5461, 2.0086, 4.1574, 2.2181, 1.6515, 4.0093, 4.8523, 10.77, 2.9805, 3.3584, 3.5119, 2.6244, 2.8557, 2.1531, 2.4946, 2.6024, 5.3236, 1.7368, 3.2512, 2.2502, 1.3524, 2.311, 2.7572, 2.1605, 2.3676, 2.0636, 4.1495, 2.247, 13.0786, 2.8724, 2.5369, 4.0725, 3.1994, 3.4163, 3.5947, 4.0275, 3.9936, 10.1859, 3.8324, 3.0015, 4.0195, 4.0734, 2.2917, 2.4533, 3.1722, 3.3408, 6.3982, 4.7458, 14.1804, 5.7373, 2.6781, 2.5911],
  "loci": ["rs2134056", "rs960106", "rs6728843", "rs4952896", "rs7587289", "rs7588761", "rs11691374", "rs4552231", "rs6729916", "rs4583515", "rs13382470", "rs10199698", "rs10183748", "rs11693533", "rs4953534", "rs2086720", "rs999036", "rs7562885", "rs11692660", "rs11682328", "rs6727241", "rs7601767", "rs10153679", "rs10495949", "rs6740430", "rs1878078", "rs11125164", "rs17037139", "rs7566406", "rs2170678", "rs12475492", "rs7570354", "rs1396823", "rs6735324", "rs12621844", "rs7583634", "rs7563975", "rs17037195", "rs6755968", "rs2348723"]
}
