{
  "id": "EdgeSet0558",
  "sources": ["Adygei", "Adygei", "Adygei", "Adygei", "Balochi", "Balochi", "Balochi", "BantuKenya", "BantuKenya", "BantuKenya", "BantuKenya", "BantuSouthAfrica", "BantuSouthAfrica", "BantuSouthAfrica", "Basque", "Basque", "Basque", "Basque", "Bedouin", "Bedouin", "Bedouin", "Bedouin", "Bedouin", "BiakaPygmy", "BiakaPygmy", "BiakaPygmy", "Burusho", "Burusho", "Burusho", "Cambodian", "Cambodian", "Cambodian", "Cambodian", "Cambodian", "Colombian", "Colombian", "Colombian", "Colombian", "Daur", "Daur", "Daur", "Daur", "Daur", "Daur", "Daur", "Druze", "Druze", "Druze", "Kalash", "Kalash", "Kalash", "Kalash", "Lahu", "Lahu", "Lahu", "Mandenka", "Mandenka", "Mandenka", "Maya", "Maya", "MbutiPygmy", "MbutiPygmy", "MbutiPygmy", "Melanesian", "Melanesian", "Mongola", "Mongola", "Mozabite", "Papuan", "Papuan", "Pima", "Russian", "Uygur", "Yakut"],
  "targets": ["Burusho", "Kalash", "Palestinian", "Uygur", "Basque", "Bedouin", "Burusho", "BiakaPygmy", "Mandenka", "San", "Yoruba", "BiakaPygmy", "MbutiPygmy", "San", "Maya", "Mozabite", "Palestinian", "Russian", "Druze", "Mozabite", "Palestinian", "Russian", "Yi", "Melanesian", "San", "Yoruba", "Kalash", "Papuan", "Russian", "Lahu", "Mongola", "Papuan", "Uygur", "Yakut", "Maya", "Pima", "Yakut", "Yi", "Kalash", "Maya", "Melanesian", "Mongola", "Uygur", "Yakut", "Yi", "Mozabite", "Palestinian", "Russian", "Melanesian", "Mozabite", "Russian", "Uygur", "Mongola", "San", "Uygur", "Mozabite", "Pima", "Yoruba", "Pima", "Russian", "Mongola", "San", "Yoruba", "Papuan", "Yakut", "Pima", "Yoruba", "Russian", "Pima", "Uygur", "Yi", "Yi", "Yi", "Yi"],
  "weights": [2.8145, 2.396, 2.5607, 2.8768, 3.0551, 2.1547, 2.5275, 3.5203, 2.9897, 7.4187, 3.2356, 2.5841, 3.6832, 5.901, 4.5092, 2.9913, 2.7507, 2.8168, 1.5476, 2.0474, 2.3208, 2.2081, 3.1026, 5.4759, 6.1207, 3.7172, 2.6078, 3.4977, 2.3838, 5.007, 3.9717, 4.2293, 3.9132, 4.4421, 2.3106, 2.3893, 3.1627, 2.7592, 4.4115, 4.6642, 5.0186, 2.8732, 3.0117, 2.6913, 2.2297, 1.9321, 2.2646, 2.1728, 5.2762, 3.3184, 2.588, 2.8776, 3.2657, 8.4359, 4.0444, 3.5249, 4.523, 3.0028, 3.3952, 3.8019, 5.1536, 7.0476, 3.6231, 4.5273, 5.3567, 3.3333, 4.7431, 2.4569, 3.1442, 3.4273, 2.9873, 3.8932, 2.7289, 2.9117],
  "loci": ["rs2354387", "rs1516194", "rs11125373", "rs11125375", "rs1533428", "rs12328399", "rs17863688", "rs1516191", "rs10198564", "rs13394208", "rs13404286", "rs11562965", "rs7585968", "rs12713154", "rs10194873", "rs1516199", "rs11686436", "rs17864614", "rs7571090", "rs7608332", "rs7565870", "rs1541980", "rs1435808", "rs7561923", "rs11563112", "rs6733295", "rs7595930", "rs11563110", "rs7603003", "rs1369673", "rs10184299", "rs17868260", "rs1017419", "rs7590117", "rs6707783", "rs13387224", "rs10183053", "rs1155425", "rs3899750", "rs3861566"]
}
