{
  "id": "EdgeSet0617",
  "sources": ["Adygei", "Adygei", "Adygei", "Adygei", "Balochi", "Balochi", "Balochi", "Balochi", "Balochi", "BantuKenya", "BantuKenya", "BantuKenya", "BantuSouthAfrica", "BantuSouthAfrica", "BantuSouthAfrica", "BantuSouthAfrica", "Basque", "Basque", "Basque", "Basque", "Bedouin", "Bedouin", "Bedouin", "BiakaPygmy", "BiakaPygmy", "BiakaPygmy", "Burusho", "Burusho", "Burusho", "Burusho", "Burusho", "Cambodian", "Cambodian", "Cambodian", "Cambodian", "Cambodian", "Colombian", "Colombian", "Daur", "Daur", "Daur", "Daur", "Druze", "Druze", "Druze", "Kalash", "Kalash", "Kalash", "Kalash", "Kalash", "Lahu", "Mandenka", "Mandenka", "Maya", "Maya", "Maya", "MbutiPygmy", "Melanesian", "Melanesian", "Mongola", "Mongola", "Mongola", "Mozabite", "Palestinian", "Pima", "San", "Uygur"],
  "targets": ["Burusho", "Druze", "Palestinian", "Pima", "Basque", "Druze", "Kalash", "Palestinian", "Russian", "Mandenka", "San", "Yoruba", "BiakaPygmy", "MbutiPygmy", "San", "Yoruba", "Bedouin", "Palestinian", "Pima", "Russian", "Druze", "Melanesian", "Mozabite", "Mandenka", "MbutiPygmy", "San", "Daur", "Kalash", "Lahu", "Melanesian", "Russian", "Daur", "Kalash", "Melanesian", "Mongola", "Uygur", "Maya", "Pima", "Lahu", "Maya", "Mongola", "Uygur", "Mozabite", "Palestinian", "Russian", "Lahu", "Melanesian", "Mongola", "Mozabite", "Palestinian", "Yi", "MbutiPygmy", "Yoruba", "Pima", "Uygur", "Yakut", "San", "Papuan", "Russian", "Uygur", "Yakut", "Yi", "Palestinian", "Papuan", "Yakut", "Yakut", "Yi"],
  "weights": [1.9763, 2.0395, 1.759, 4.2087, 2.6096, 2.2, 2.6108, 2.5546, 2.1656, 3.8787, 5.5859, 2.2957, 4.4251, 4.5843, 5.7068, 3.8656, 2.5353, 2.0546, 4.6455, 2.6614, 1.9997, 3.215, 2.3969, 4.9912, 4.4684, 5.8687, 2.4694, 2.4466, 3.6606, 2.7937, 2.1437, 2.8471, 3.7336, 3.6926, 2.0475, 2.2182, 4.2732, 4.054, 3.9421, 5.0895, 3.0428, 2.491, 2.3415, 1.6337, 2.1192, 4.3137, 2.7584, 4.8344, 3.0832, 2.4759, 2.6821, 4.9713, 3.6549, 4.6748, 5.7061, 5.0629, 5.6836, 2.3449, 3.0607, 2.3973, 4.061, 3.3845, 1.8426, 2.7633, 5.004, 7.0876, 2.6524],
  "loci": ["rs2865255", "rs13430229", "rs2865272", "rs1035974", "rs11125677", "rs17048563", "rs13402339", "rs1429326", "rs2163048", "rs1429323", "rs12615090", "rs2195490", "rs13033975", "rs1594143", "rs2865297", "rs1429310", "rs1116357", "rs1424642", "rs9309292", "rs1863047", "rs1559557", "rs7557284", "rs1424646", "rs2042521", "rs10196360", "rs17048681", "rs2113604", "rs17189459", "rs1424648", "rs12713333", "rs966115", "rs6545625", "rs1424627", "rs7576091", "rs6545627", "rs1364524", "rs6755060", "rs1345941", "rs7604249", "rs4372943"]
}
