{
  "id": "EdgeSet0962",
  "sources": ["Adygei", "Adygei", "Adygei", "Balochi", "Balochi", "Balochi", "Balochi", "Balochi", "BantuKenya", "BantuKenya", "BantuKenya", "BantuKenya", "BantuKenya", "BantuKenya", "BantuSouthAfrica", "BantuSouthAfrica", "BantuSouthAfrica", "BantuSouthAfrica", "Basque", "Basque", "Basque", "Basque", "Basque", "Bedouin", "Bedouin", "Bedouin", "Bedouin", "Bedouin", "Bedouin", "BiakaPygmy", "BiakaPygmy", "BiakaPygmy", "Burusho", "Burusho", "Cambodian", "Cambodian", "Cambodian", "Cambodian", "Cambodian", "Colombian", "Colombian", "Colombian", "Daur", "Daur", "Daur", "Druze", "Druze", "Druze", "Kalash", "Kalash", "Lahu", "Lahu", "Lahu", "Lahu", "Lahu", "Mandenka", "Mandenka", "Maya", "Maya", "MbutiPygmy", "MbutiPygmy", "Melanesian", "Mongola", "Mongola", "Mongola", "Mongola", "Mozabite", "Mozabite", "Mozabite", "Papuan", "Pima", "Pima", "Russian", "San", "Uygur"],
  "targets": ["Basque", "Burusho", "Palestinian", "Bedouin", "Kalash", "Lahu", "MbutiPygmy", "Palestinian", "BantuSouthAfrica", "Colombian", "Mandenka", "San", "Yi", "Yoruba", "BiakaPygmy", "Mandenka", "MbutiPygmy", "San", "Burusho", "Daur", "Papuan", "Russian", "Yakut", "Cambodian", "Druze", "Lahu", "Mozabite", "Palestinian", "Russian", "Mandenka", "San", "Yoruba", "Kalash", "Melanesian", "Daur", "Lahu", "Melanesian", "Russian", "Yi", "Maya", "MbutiPygmy", "Pima", "Maya", "Uygur", "Yakut", "Kalash", "Mozabite", "Palestinian", "Melanesian", "Mongola", "Papuan", "Pima", "Uygur", "Yakut", "Yi", "MbutiPygmy", "Yoruba", "Pima", "Uygur", "San", "Yoruba", "Papuan", "Mozabite", "Pima", "Yakut", "Yi", "Palestinian", "Russian", "Yoruba", "Russian", "Yakut", "Yi", "Uygur", "Yakut", "Yakut"],
  "weights": [2.9629, 2.5867, 2.6787, 2.4274, 2.6802, 3.0875, 7.129, 2.2061, 5.2926, 6.1925, 4.7794, 6.5809, 6.3344, 4.4813, 4.3841, 3.8265, 5.5806, 6.0315, 3.1363, 4.4214, 4.8751, 2.594, 4.4449, 3.5142, 1.8888, 4.3653, 2.0654, 2.1, 2.6822, 4.4049, 5.1747, 3.9241, 3.6751, 4.2597, 2.5291, 2.4787, 3.885, 4.6962, 3.3913, 3.2527, 6.3763, 3.5833, 2.7428, 2.5738, 2.775, 3.3382, 2.1016, 2.0411, 3.623, 3.8247, 4.6427, 3.575, 2.6579, 3.0629, 3.3158, 4.4694, 2.874, 2.9746, 2.7657, 7.5197, 4.8604, 3.6696, 4.2947, 5.0945, 3.7303, 3.2277, 2.3368, 2.8494, 4.0522, 5.1667, 4.1229, 4.6126, 3.7195, 7.3592, 3.0576],
  "loci": ["rs7558069", "rs12612044", "rs10187600", "rs3923277", "rs13034052", "rs12998370", "rs7567068", "rs4377353", "rs6729109", "rs6730532", "rs11680324", "rs10191425", "rs11673925", "rs1125383", "rs4600676", "rs7569958", "rs10205453", "rs12621507", "rs4851735", "rs13028605", "rs1114769", "rs1437400", "rs6761331", "rs2679882", "rs2679870", "rs6543284", "rs2460257", "rs6709948", "rs7355418", "rs2679852", "rs2679851", "rs6736495", "rs2576797", "rs2376400", "rs2438090", "rs2576791", "rs7557916", "rs2576783", "rs6754553", "rs17030689"]
}
