{
  "id": "EdgeSet0493",
  "sources": ["Adygei", "Adygei", "Adygei", "Adygei", "Adygei", "Adygei", "Balochi", "Balochi", "Balochi", "Balochi", "Balochi", "BantuKenya", "BantuKenya", "BantuKenya", "BantuKenya", "BantuSouthAfrica", "BantuSouthAfrica", "BantuSouthAfrica", "BantuSouthAfrica", "Basque", "Basque", "Basque", "Basque", "Basque", "Basque", "Basque", "Bedouin", "Bedouin", "Bedouin", "Bedouin", "BiakaPygmy", "BiakaPygmy", "BiakaPygmy", "Burusho", "Burusho", "Burusho", "Burusho", "Burusho", "Cambodian", "Cambodian", "Cambodian", "Cambodian", "Colombian", "Colombian", "Colombian", "Colombian", "Colombian", "Daur", "Daur", "Daur", "Daur", "Daur", "Druze", "Druze", "Druze", "Lahu", "Lahu", "Lahu", "Mandenka", "Mandenka", "Maya", "Maya", "MbutiPygmy", "MbutiPygmy", "Melanesian", "Melanesian", "Mongola", "Mongola", "Mongola", "Palestinian", "Papuan", "Russian", "Uygur", "Uygur"],
  "targets": ["Balochi", "Cambodian", "Druze", "Kalash", "Palestinian", "Russian", "Kalash", "Mandenka", "Mozabite", "Russian", "Yi", "BantuSouthAfrica", "BiakaPygmy", "San", "Yoruba", "BiakaPygmy", "MbutiPygmy", "San", "Yoruba", "Bedouin", "Cambodian", "Colombian", "Druze", "Melanesian", "Mozabite", "Russian", "Kalash", "Mozabite", "Palestinian", "Uygur", "Mandenka", "MbutiPygmy", "San", "Druze", "Kalash", "Melanesian", "Russian", "Yi", "Lahu", "Maya", "Melanesian", "Pima", "Druze", "Maya", "Pima", "Russian", "San", "Lahu", "Mongola", "Mozabite", "Uygur", "Yi", "Kalash", "Mozabite", "Palestinian", "Melanesian", "Yakut", "Yi", "MbutiPygmy", "Yoruba", "Pima", "Yakut", "Pima", "San", "Papuan", "Russian", "Papuan", "Yakut", "Yi", "Russian", "San", "Yakut", "Yakut", "Yi"],
  "weights": [2.2234, 4.0894, 1.8277, 2.5531, 2.1564, 2.2992, 2.4307, 4.2858, 2.5381, 2.2462, 3.0524, 3.0112, 3.2989, 8.3738, 3.4759, 3.2912, 4.2125, 8.2614, 3.5376, 2.2087, 3.6957, 3.6352, 2.525, 4.2901, 2.7934, 2.3531, 2.3363, 2.325, 1.5956, 2.5531, 3.363, 4.0338, 8.2411, 2.1833, 2.4034, 3.9672, 2.5208, 3.0906, 3.0406, 4.9301, 4.0515, 5.8752, 4.4178, 2.4876, 3.6454, 3.0426, 10.2647, 2.3441, 1.6478, 4.1632, 2.2519, 1.7568, 2.318, 2.2126, 1.7501, 3.4227, 2.7391, 2.5898, 4.4401, 2.5886, 3.2791, 2.5164, 7.5909, 8.2032, 2.9395, 4.3574, 2.9893, 2.5015, 2.0053, 2.3132, 11.0294, 2.6503, 2.6859, 2.0102],
  "loci": ["rs6756667", "rs1868086", "rs1562452", "rs7589621", "rs1374748", "rs7583554", "rs3768728", "rs3768729", "rs3768730", "rs2346176", "rs4145836", "rs1374749", "rs6753127", "rs1992846", "rs7583088", "rs7571218", "rs13019268", "rs10495933", "rs1868092", "rs11689694", "rs4245811", "rs7606737", "rs17035106", "rs13011481", "rs12615428", "rs1447562", "rs4953363", "rs1447563", "rs1868090", "rs1105595", "rs1447564", "rs2346177", "rs1530623", "rs11125075", "rs11125076", "rs7587138", "rs7571742", "rs7559484", "rs12986899", "rs4953376"]
}
