{
  "id": "EdgeSet0754",
  "sources": ["Adygei", "Adygei", "Adygei", "Adygei", "Adygei", "Adygei", "Adygei", "Balochi", "Balochi", "Balochi", "BantuKenya", "BantuKenya", "BantuKenya", "BantuKenya", "BantuKenya", "BantuKenya", "BantuSouthAfrica", "BantuSouthAfrica", "BantuSouthAfrica", "Basque", "Basque", "Basque", "Bedouin", "Bedouin", "Bedouin", "Bedouin", "Bedouin", "Bedouin", "BiakaPygmy", "BiakaPygmy", "Burusho", "Burusho", "Burusho", "Burusho", "Cambodian", "Cambodian", "Cambodian", "Colombian", "Colombian", "Daur", "Daur", "Daur", "Daur", "Druze", "Druze", "Druze", "Druze", "Kalash", "Lahu", "Lahu", "Lahu", "Mandenka", "Mandenka", "Maya", "MbutiPygmy", "MbutiPygmy", "Melanesian", "Melanesian", "Mongola", "Mongola", "Mongola", "Papuan", "Russian", "San", "Uygur"],
  "targets": ["Basque", "Burusho", "Cambodian", "Druze", "Palestinian", "Uygur", "Yi", "Basque", "Bedouin", "Mozabite", "BiakaPygmy", "MbutiPygmy", "Melanesian", "Mozabite", "San", "Yoruba", "Mandenka", "MbutiPygmy", "Yoruba", "Kalash", "Mongola", "Russian", "Burusho", "Cambodian", "Druze", "Kalash", "Palestinian", "Uygur", "Mandenka", "MbutiPygmy", "Cambodian", "Lahu", "Melanesian", "Uygur", "Lahu", "Uygur", "Yi", "Maya", "Pima", "Maya", "Mongola", "Yakut", "Yi", "Lahu", "Palestinian", "Russian", "Yi", "Yi", "Palestinian", "Russian", "Uygur", "Mozabite", "Yoruba", "Pima", "San", "Yoruba", "Mongola", "Papuan", "Papuan", "Uygur", "Yakut", "San", "Uygur", "Yoruba", "Yi"],
  "weights": [2.173, 2.8256, 3.3578, 2.3714, 2.0935, 2.4041, 2.9547, 2.1174, 1.8099, 2.6297, 5.0366, 5.3867, 9.1797, 4.7978, 6.0962, 4.1875, 3.8398, 6.153, 5.0286, 2.3962, 4.0741, 2.2515, 2.1545, 2.4031, 1.9194, 2.0699, 1.4943, 2.026, 3.8418, 4.0427, 2.9651, 2.7829, 6.1195, 2.6163, 2.2648, 2.2077, 2.2931, 3.0072, 4.9372, 3.6803, 2.687, 2.1585, 2.564, 1.9729, 1.6959, 2.0058, 3.4822, 3.1909, 2.2442, 1.8482, 2.8544, 3.3506, 3.3923, 3.75, 6.6213, 4.7687, 5.1609, 3.5927, 4.3055, 2.5374, 2.2813, 9.3447, 2.1425, 4.4039, 2.3831],
  "loci": ["rs4852808", "rs4852809", "rs13413696", "rs17007083", "rs13405368", "rs12474121", "rs11126337", "rs17655927", "rs1529409", "rs4852814", "rs2303606", "rs1863810", "rs11897583", "rs17718067", "rs13387541", "rs227782", "rs84181", "rs227778", "rs227777", "rs2303598", "rs11674060", "rs2559081", "rs9677779", "rs1863812", "rs10187598", "rs10198903", "rs11897186", "rs934067", "rs750355", "rs2114811", "rs1896496", "rs7598653", "rs10192575", "rs2004421", "rs10198353", "rs2195194", "rs2900976", "rs6714267", "rs4123814", "rs1427688"]
}
