{
  "id": "EdgeSet0683",
  "sources": ["Adygei", "Adygei", "Adygei", "Adygei", "Adygei", "Adygei", "Adygei", "Balochi", "Balochi", "Balochi", "Balochi", "BantuKenya", "BantuKenya", "BantuKenya", "BantuKenya", "BantuSouthAfrica", "BantuSouthAfrica", "BantuSouthAfrica", "BantuSouthAfrica", "Basque", "Basque", "Basque", "Bedouin", "Bedouin", "Bedouin", "Bedouin", "Bedouin", "Bedouin", "BiakaPygmy", "BiakaPygmy", "BiakaPygmy", "BiakaPygmy", "Burusho", "Cambodian", "Cambodian", "Cambodian", "Cambodian", "Cambodian", "Colombian", "Colombian", "Colombian", "Colombian", "Colombian", "Colombian", "Daur", "Daur", "Daur", "Daur", "Druze", "Druze", "Druze", "Kalash", "Kalash", "Kalash", "Lahu", "Lahu", "Mandenka", "Mandenka", "Mandenka", "Maya", "Maya", "MbutiPygmy", "Melanesian", "Melanesian", "Mongola", "Mongola", "Mongola", "Mozabite", "Palestinian", "Papuan", "Pima", "Pima"],
  "targets": ["Basque", "Bedouin", "Cambodian", "Colombian", "Druze", "Palestinian", "Russian", "Druze", "Maya", "Papuan", "Yi", "BantuSouthAfrica", "BiakaPygmy", "San", "Yoruba", "BiakaPygmy", "Mandenka", "MbutiPygmy", "San", "Burusho", "Palestinian", "Russian", "Cambodian", "Druze", "Lahu", "Melanesian", "Palestinian", "Russian", "Mandenka", "MbutiPygmy", "San", "Yoruba", "Uygur", "Colombian", "Daur", "Maya", "Melanesian", "Pima", "Daur", "Lahu", "Maya", "Mongola", "Uygur", "Yakut", "Lahu", "Mongola", "Uygur", "Yakut", "Kalash", "Mozabite", "Palestinian", "Mongola", "Mozabite", "Yi", "Melanesian", "Pima", "MbutiPygmy", "San", "Yoruba", "Pima", "Yakut", "Yoruba", "Palestinian", "Papuan", "Uygur", "Yakut", "Yi", "Palestinian", "Uygur", "Pima", "San", "Yakut"],
  "weights": [2.7271, 1.9754, 3.1996, 2.6967, 1.6424, 1.8436, 2.1754, 2.0862, 2.9429, 3.9709, 4.1574, 4.6197, 4.8968, 5.9542, 4.1078, 5.5058, 3.3921, 5.2003, 5.4449, 3.4457, 2.8264, 2.5765, 2.8452, 1.4735, 3.5904, 3.5294, 1.6629, 3.1151, 3.4264, 3.8083, 5.5245, 3.15, 2.513, 2.0616, 2.0034, 2.3474, 3.9572, 3.6272, 1.6765, 2.2934, 2.0446, 1.6878, 1.774, 1.7198, 2.1457, 1.2288, 1.6096, 1.2879, 2.3968, 2.237, 1.5595, 2.7391, 2.6065, 3.2279, 3.8653, 3.6519, 3.9826, 5.301, 2.2251, 3.0114, 1.6941, 4.1755, 4.0284, 3.1992, 1.438, 1.3373, 2.2415, 2.1787, 1.9759, 6.1876, 9.6871, 3.1321],
  "loci": ["rs268859", "rs3771099", "rs6745303", "rs4671646", "rs268864", "rs268866", "rs2287064", "rs4671124", "rs268882", "rs268852", "rs7556894", "rs7582949", "rs17533781", "rs906575", "rs7561932", "rs7601027", "rs7601514", "rs10170788", "rs13409229", "rs1542994", "rs6743585", "rs1039767", "rs4671658", "rs11694684", "rs11895173", "rs6711791", "rs6738087", "rs17534153", "rs1194849", "rs268134", "rs874952", "rs1876518", "rs268133", "rs10186481", "rs2576923", "rs10496125", "rs7557569", "rs7583469", "rs11685231", "rs268123"]
}
