{
  "id": "EdgeSet0932",
  "sources": ["Adygei", "Adygei", "Adygei", "Adygei", "Adygei", "Adygei", "Balochi", "Balochi", "Balochi", "Balochi", "BantuKenya", "BantuKenya", "BantuKenya", "BantuKenya", "BantuKenya", "BantuSouthAfrica", "BantuSouthAfrica", "BantuSouthAfrica", "BantuSouthAfrica", "Basque", "Basque", "Basque", "Bedouin", "Bedouin", "Bedouin", "Bedouin", "BiakaPygmy", "BiakaPygmy", "BiakaPygmy", "Burusho", "Burusho", "Burusho", "Cambodian", "Cambodian", "Cambodian", "Cambodian", "Colombian", "Colombian", "Colombian", "Daur", "Daur", "Daur", "Druze", "Druze", "Druze", "Kalash", "Kalash", "Kalash", "Lahu", "Lahu", "Lahu", "Lahu", "Mandenka", "Mandenka", "Mandenka", "Maya", "MbutiPygmy", "Melanesian", "Melanesian", "Mongola", "Mongola", "Mozabite", "Mozabite", "Papuan", "Papuan", "Russian", "Uygur"],
  "targets": ["Balochi", "Bedouin", "Druze", "Kalash", "Mozabite", "Russian", "Basque", "Colombian", "Kalash", "Palestinian", "BantuSouthAfrica", "Mandenka", "MbutiPygmy", "San", "Yoruba", "BiakaPygmy", "Lahu", "San", "Yoruba", "Burusho", "Russian", "Uygur", "Burusho", "Druze", "Lahu", "Palestinian", "Mandenka", "MbutiPygmy", "San", "Kalash", "Lahu", "Russian", "Melanesian", "Mongola", "Uygur", "Yi", "Maya", "Pima", "Yakut", "Mongola", "Yakut", "Yi", "Kalash", "Mozabite", "Palestinian", "Melanesian", "Palestinian", "Papuan", "Mongola", "Papuan", "San", "Yi", "MbutiPygmy", "Mozabite", "Yoruba", "Pima", "San", "Papuan", "Pima", "Uygur", "Yakut", "Palestinian", "Yoruba", "Pima", "Yakut", "Uygur", "Yakut"],
  "weights": [3.0065, 2.3184, 2.4886, 3.0191, 2.3425, 2.8896, 3.751, 5.0898, 3.5891, 2.6509, 3.6808, 3.0909, 4.5791, 4.8967, 2.8073, 3.8423, 6.316, 4.7904, 3.2216, 3.6881, 3.3219, 3.682, 2.9735, 1.7493, 6.0906, 1.906, 3.601, 4.1433, 4.9341, 3.308, 5.1039, 3.4794, 4.6272, 2.9362, 3.3292, 3.1276, 2.8452, 4.7729, 5.3928, 2.9886, 4.125, 2.8746, 3.0102, 2.7203, 1.951, 4.8668, 2.377, 5.5195, 4.7151, 6.6309, 8.3505, 3.9156, 4.2961, 3.676, 1.6325, 3.1345, 5.26, 3.9615, 6.9199, 3.254, 4.2277, 2.3795, 3.5363, 7.9065, 6.9223, 3.757, 4.5687],
  "loci": ["rs4851439", "rs6732292", "rs12712101", "rs4851447", "rs11682765", "rs2871423", "rs4851454", "rs6707298", "rs10183203", "rs1110947", "rs290772", "rs1995826", "rs1703854", "rs7575166", "rs4308140", "rs17195147", "rs7607789", "rs7589339", "rs11687533", "rs17201799", "rs11123891", "rs12466719", "rs3900546", "rs4851466", "rs7420103", "rs7355302", "rs10186803", "rs6543081", "rs7569386", "rs11687570", "rs6755294", "rs2310116", "rs10496354", "rs10496357", "rs4851475", "rs2136435", "rs13407493", "rs4851484", "rs4280476", "rs10496358"]
}
