{
  "id": "EdgeSet0282",
  "sources": ["Adygei", "Adygei", "Adygei", "Adygei", "Balochi", "Balochi", "Balochi", "Balochi", "Balochi", "Balochi", "BantuKenya", "BantuKenya", "BantuKenya", "BantuKenya", "BantuSouthAfrica", "BantuSouthAfrica", "BantuSouthAfrica", "BantuSouthAfrica", "BantuSouthAfrica", "Basque", "Basque", "Basque", "Basque", "Bedouin", "Bedouin", "Bedouin", "Bedouin", "BiakaPygmy", "Burusho", "Burusho", "Burusho", "Cambodian", "Cambodian", "Cambodian", "Cambodian", "Cambodian", "Cambodian", "Colombian", "Colombian", "Daur", "Daur", "Daur", "Daur", "Daur", "Druze", "Druze", "Druze", "Druze", "Kalash", "Lahu", "Lahu", "Lahu", "Lahu", "Mandenka", "Maya", "MbutiPygmy", "MbutiPygmy", "MbutiPygmy", "Melanesian", "Melanesian", "Melanesian", "Mongola", "Mongola", "Mozabite", "Mozabite", "Palestinian", "Pima", "San", "Uygur", "Yakut"],
  "targets": ["Basque", "Kalash", "Papuan", "San", "Basque", "Bedouin", "Druze", "Kalash", "Palestinian", "Uygur", "BiakaPygmy", "Mandenka", "MbutiPygmy", "Yoruba", "BiakaPygmy", "Burusho", "Mandenka", "MbutiPygmy", "Yoruba", "Burusho", "Druze", "Palestinian", "Russian", "Druze", "Kalash", "Palestinian", "Russian", "MbutiPygmy", "Daur", "Mongola", "Mozabite", "Daur", "Papuan", "Uygur", "Yakut", "Yi", "Yoruba", "Maya", "Pima", "Lahu", "Melanesian", "Mongola", "Papuan", "Yi", "Kalash", "Mozabite", "Palestinian", "Russian", "Russian", "Melanesian", "Mongola", "Papuan", "Yakut", "Yoruba", "Yakut", "Pima", "San", "Yakut", "Papuan", "San", "Yi", "Uygur", "Yi", "Russian", "San", "Russian", "San", "Yoruba", "Yi", "Yi"],
  "weights": [2.4685, 3.4542, 5.1929, 8.8745, 2.4773, 1.8218, 1.7904, 2.253, 1.9007, 2.7791, 3.9365, 2.9709, 3.7424, 2.9116, 4.2397, 5.6296, 3.3478, 4.4903, 3.5589, 4.1164, 2.9287, 2.1068, 1.9951, 1.7115, 2.4961, 1.5175, 2.1264, 4.8099, 3.889, 3.7681, 4.1893, 2.2911, 3.6938, 2.4694, 2.609, 2.1655, 4.3806, 3.3291, 3.6632, 3.2559, 4.5654, 2.2755, 3.9617, 1.7373, 2.4968, 2.7046, 1.9398, 2.22, 2.761, 3.8117, 2.843, 3.9243, 2.9234, 2.5914, 4.5825, 9.0044, 9.0028, 5.698, 3.5842, 9.6716, 3.6466, 2.5865, 1.6818, 2.8523, 8.7453, 2.0565, 11.8854, 8.0057, 2.4628, 2.4536],
  "loci": ["rs10186544", "rs13395604", "rs1581035", "rs11695281", "rs2940790", "rs11127158", "rs12714234", "rs875789", "rs1509395", "rs2338014", "rs13024975", "rs2940795", "rs10203313", "rs869633", "rs6715256", "rs13023754", "rs11885873", "rs4233726", "rs4666083", "rs10181687", "rs4666086", "rs6547857", "rs13029005", "rs7589034", "rs6744005", "rs10205008", "rs7600983", "rs1881254", "rs9309663", "rs11680168", "rs11127168", "rs1997267", "rs2141326", "rs12617735", "rs17741435", "rs871872", "rs11679308", "rs10186460", "rs1881251", "rs2338545"]
}
