{
  "id": "EdgeSet0715",
  "sources": ["Adygei", "Adygei", "Adygei", "Adygei", "Balochi", "Balochi", "BantuKenya", "BantuKenya", "BantuKenya", "BantuKenya", "BantuKenya", "BantuSouthAfrica", "BantuSouthAfrica", "BantuSouthAfrica", "BantuSouthAfrica", "BantuSouthAfrica", "Basque", "Basque", "Basque", "Bedouin", "Bedouin", "Bedouin", "Bedouin", "BiakaPygmy", "BiakaPygmy", "BiakaPygmy", "Burusho", "Burusho", "Burusho", "Cambodian", "Cambodian", "Colombian", "Colombian", "Colombian", "Colombian", "Daur", "Daur", "Daur", "Daur", "Daur", "Druze", "Lahu", "Mandenka", "Mandenka", "Maya", "Maya", "Maya", "MbutiPygmy", "MbutiPygmy", "MbutiPygmy", "Melanesian", "Melanesian", "Mongola", "Mongola", "Mozabite", "Mozabite", "Palestinian", "Palestinian", "Papuan", "Pima", "Russian", "San", "Yakut"],
  "targets": ["Balochi", "Basque", "Kalash", "Palestinian", "Druze", "Kalash", "BantuSouthAfrica", "Bedouin", "Burusho", "Mandenka", "Yoruba", "BiakaPygmy", "Mandenka", "Melanesian", "San", "Yoruba", "Druze", "Kalash", "Palestinian", "Burusho", "Druze", "Mozabite", "Palestinian", "MbutiPygmy", "San", "Yoruba", "Lahu", "Russian", "San", "Lahu", "Melanesian", "Maya", "Papuan", "Pima", "Uygur", "Lahu", "Russian", "Uygur", "Yakut", "Yi", "Palestinian", "Maya", "MbutiPygmy", "Yoruba", "Pima", "Uygur", "Yakut", "Papuan", "San", "Yoruba", "Papuan", "Russian", "Yakut", "Yi", "Palestinian", "Russian", "Uygur", "Yoruba", "Yi", "Yakut", "Uygur", "Yakut", "Yi"],
  "weights": [2.1417, 1.9177, 1.6717, 1.7224, 1.9443, 2.3718, 3.1496, 3.904, 4.1437, 3.5488, 3.1089, 3.646, 3.8346, 4.5876, 5.7932, 3.058, 1.6566, 2.1456, 1.7462, 2.1914, 1.8597, 2.0094, 1.2722, 4.1856, 4.9936, 2.5284, 5.0317, 2.5166, 6.2719, 3.8041, 5.3519, 4.4915, 8.6177, 5.5219, 6.1543, 3.4299, 3.0038, 2.9844, 3.022, 2.8012, 1.9035, 6.0514, 3.5367, 2.4389, 4.9359, 4.882, 5.5243, 6.4666, 5.2267, 3.5198, 3.8743, 3.9523, 3.121, 2.3733, 2.1467, 2.0587, 3.2259, 4.0565, 4.8921, 5.82, 2.3802, 6.9, 2.7961],
  "loci": ["rs1864571", "rs881645", "rs1430778", "rs10194038", "rs1897177", "rs17034390", "rs17616984", "rs11691501", "rs10469954", "rs13429160", "rs4308115", "rs7563552", "rs11126157", "rs6715551", "rs10199432", "rs7592215", "rs713195", "rs1430795", "rs6729128", "rs958979", "rs2116050", "rs2861754", "rs966819", "rs905495", "rs11126162", "rs1393820", "rs1393821", "rs11126164", "rs7557514", "rs905491", "rs905493", "rs1910370", "rs1503242", "rs17034538", "rs1503241", "rs13006116", "rs13032405", "rs11679294", "rs10182649", "rs11126167"]
}
