{
  "id": "EdgeSet0958",
  "sources": ["Adygei", "Adygei", "Adygei", "Adygei", "Adygei", "Adygei", "Balochi", "Balochi", "Balochi", "Balochi", "BantuKenya", "BantuKenya", "BantuKenya", "BantuKenya", "BantuKenya", "BantuKenya", "BantuSouthAfrica", "BantuSouthAfrica", "BantuSouthAfrica", "BantuSouthAfrica", "BantuSouthAfrica", "Basque", "Basque", "Basque", "Basque", "Basque", "Bedouin", "Bedouin", "Bedouin", "Bedouin", "BiakaPygmy", "BiakaPygmy", "BiakaPygmy", "Burusho", "Burusho", "Cambodian", "Cambodian", "Cambodian", "Colombian", "Colombian", "Colombian", "Colombian", "Colombian", "Colombian", "Colombian", "Daur", "Daur", "Daur", "Daur", "Druze", "Druze", "Kalash", "Kalash", "Lahu", "Lahu", "Lahu", "Lahu", "Mandenka", "Mandenka", "Maya", "Maya", "MbutiPygmy", "Melanesian", "Melanesian", "Mongola", "Mongola", "Mozabite", "Palestinian", "Palestinian", "Pima", "Russian", "San", "Uygur", "Yakut"],
  "targets": ["Balochi", "Burusho", "Colombian", "Druze", "Kalash", "Russian", "Bedouin", "Burusho", "Melanesian", "Palestinian", "BantuSouthAfrica", "BiakaPygmy", "Mandenka", "MbutiPygmy", "San", "Yoruba", "BiakaPygmy", "Colombian", "Lahu", "Mandenka", "Yoruba", "Druze", "Maya", "Pima", "Russian", "Uygur", "Druze", "Mozabite", "Palestinian", "Uygur", "Mandenka", "MbutiPygmy", "Yoruba", "Maya", "Russian", "Papuan", "Yi", "Yoruba", "Kalash", "Mandenka", "Maya", "Pima", "Russian", "Uygur", "Yi", "Mongola", "Russian", "Uygur", "Yakut", "Mozabite", "Palestinian", "Maya", "Melanesian", "Melanesian", "Papuan", "Yakut", "Yi", "San", "Yoruba", "Papuan", "Yakut", "San", "Papuan", "Uygur", "Uygur", "Yi", "Palestinian", "Pima", "Russian", "San", "Yakut", "Yoruba", "Yakut", "Yi"],
  "weights": [2.1757, 2.2904, 3.4358, 2.3103, 3.3663, 2.0947, 1.8316, 2.5713, 3.7245, 2.0725, 5.4913, 3.5347, 3.5561, 5.1107, 4.9501, 3.3098, 4.8799, 5.6951, 6.467, 3.4849, 3.7158, 2.9334, 4.5233, 5.6011, 3.0649, 3.6035, 1.7357, 1.2912, 1.8456, 2.6429, 3.4006, 4.6227, 3.8543, 3.5232, 2.2399, 2.8676, 2.1006, 4.8773, 4.2195, 6.2401, 4.259, 4.666, 4.2308, 4.359, 4.3735, 1.6892, 3.5043, 2.5642, 2.6417, 1.8754, 1.9724, 4.267, 3.765, 4.0327, 3.962, 3.8609, 3.6688, 5.5209, 2.9359, 4.8119, 3.7783, 5.3217, 3.5177, 3.1002, 2.5949, 2.2372, 1.8473, 5.1088, 2.6046, 8.7289, 3.1194, 5.2437, 2.4245, 2.5246],
  "loci": ["rs10496386", "rs12479172", "rs2289357", "rs11679786", "rs11887144", "rs2165161", "rs10204762", "rs7567189", "rs7595911", "rs6749383", "rs10171578", "rs6543264", "rs6743006", "rs9679687", "rs11899001", "rs11893876", "rs2222186", "rs12471818", "rs1517862", "rs6727249", "rs6713364", "rs7571677", "rs17627543", "rs17627584", "rs4851705", "rs1517854", "rs6735422", "rs6721646", "rs17679436", "rs12623155", "rs17020855", "rs4851712", "rs6739285", "rs1474081", "rs4851042", "rs12615966", "rs428917", "rs442203", "rs403491", "rs444636"]
}
