{
  "id": "EdgeSet0118",
  "sources": ["Adygei", "Adygei", "Adygei", "Adygei", "Balochi", "Balochi", "Balochi", "Balochi", "Balochi", "BantuKenya", "BantuKenya", "BantuKenya", "BantuKenya", "BantuSouthAfrica", "BantuSouthAfrica", "BantuSouthAfrica", "Basque", "Basque", "Basque", "Basque", "Basque", "Bedouin", "Bedouin", "Bedouin", "Bedouin", "BiakaPygmy", "BiakaPygmy", "Burusho", "Burusho", "Cambodian", "Cambodian", "Cambodian", "Cambodian", "Cambodian", "Colombian", "Colombian", "Colombian", "Colombian", "Daur", "Daur", "Daur", "Daur", "Daur", "Druze", "Druze", "Druze", "Druze", "Kalash", "Kalash", "Kalash", "Lahu", "Lahu", "Lahu", "Lahu", "Mandenka", "Mandenka", "Mandenka", "Maya", "Maya", "MbutiPygmy", "Melanesian", "Melanesian", "Melanesian", "Melanesian", "Mongola", "Mongola", "Mongola", "Mozabite", "Papuan", "Uygur", "Yakut"],
  "targets": ["Burusho", "Druze", "Kalash", "Palestinian", "BiakaPygmy", "Burusho", "MbutiPygmy", "Russian", "Uygur", "BantuSouthAfrica", "Cambodian", "MbutiPygmy", "Yoruba", "MbutiPygmy", "San", "Yoruba", "Bedouin", "Druze", "Mozabite", "Palestinian", "Russian", "Druze", "Mozabite", "Palestinian", "Russian", "Mandenka", "San", "Palestinian", "Yi", "Lahu", "Papuan", "Uygur", "Yakut", "Yi", "Lahu", "Maya", "Papuan", "Pima", "Maya", "Mongola", "Uygur", "Yakut", "Yi", "MbutiPygmy", "Mozabite", "Palestinian", "Russian", "Melanesian", "Pima", "Russian", "Mongola", "Pima", "Yakut", "Yi", "Mozabite", "San", "Yoruba", "Mongola", "Pima", "San", "Papuan", "San", "Yakut", "Yi", "Pima", "Yakut", "Yi", "Russian", "San", "Yakut", "Yi"],
  "weights": [3.4624, 2.7826, 3.3499, 2.4481, 4.1454, 2.8978, 5.3595, 2.4777, 3.0134, 4.294, 5.594, 5.1454, 2.9884, 5.2355, 6.791, 3.3309, 2.0285, 2.1739, 2.3924, 2.3431, 2.2767, 2.0152, 2.172, 1.8149, 2.256, 3.2652, 5.9275, 2.8648, 4.455, 3.454, 4.6799, 3.2118, 3.316, 3.3889, 5.319, 2.8039, 6.0285, 4.4247, 4.0367, 2.9539, 2.3583, 2.8624, 2.7053, 5.9105, 2.2979, 2.2098, 2.4416, 6.5483, 4.1298, 2.8526, 3.0377, 4.2078, 3.2501, 3.9007, 3.3018, 6.6623, 2.6683, 3.839, 3.6245, 7.0446, 5.4451, 9.4204, 5.1156, 5.2311, 3.2033, 2.7587, 3.2212, 2.41, 10.0759, 2.6702, 4.1249],
  "loci": ["rs876614", "rs3771126", "rs13383253", "rs6432096", "rs1974676", "rs3821197", "rs3755259", "rs1465323", "rs11694911", "rs2463463", "rs1405948", "rs885815", "rs818169", "rs818167", "rs16856278", "rs2430424", "rs818179", "rs818182", "rs1641129", "rs818148", "rs11686084", "rs818155", "rs818154", "rs2430426", "rs13004435", "rs818185", "rs13018228", "rs7609435", "rs6710665", "rs17436529", "rs10185605", "rs1405950", "rs12466300", "rs2463460", "rs16856345", "rs13005655", "rs16856347", "rs2540275", "rs1641144", "rs1641147"]
}
