{
  "id": "EdgeSet0089",
  "sources": ["Adygei", "Adygei", "Adygei", "Adygei", "Adygei", "Adygei", "Balochi", "Balochi", "Balochi", "Balochi", "Balochi", "BantuKenya", "BantuKenya", "BantuKenya", "BantuKenya", "BantuSouthAfrica", "BantuSouthAfrica", "BantuSouthAfrica", "Basque", "Basque", "Basque", "Basque", "Bedouin", "Bedouin", "Bedouin", "Bedouin", "BiakaPygmy", "BiakaPygmy", "Burusho", "Burusho", "Burusho", "Burusho", "Cambodian", "Cambodian", "Cambodian", "Cambodian", "Colombian", "Colombian", "Colombian", "Daur", "Daur", "Daur", "Druze", "Druze", "Kalash", "Kalash", "Kalash", "Kalash", "Lahu", "Lahu", "Lahu", "Lahu", "Lahu", "Mandenka", "Mandenka", "Mandenka", "Maya", "MbutiPygmy", "MbutiPygmy", "Melanesian", "Melanesian", "Melanesian", "Mongola", "Mongola", "Mongola", "Mozabite", "Mozabite", "Palestinian", "Papuan", "Pima", "Pima", "Russian", "Yakut"],
  "targets": ["Basque", "Burusho", "Daur", "Druze", "Palestinian", "Russian", "Bedouin", "Daur", "Druze", "Palestinian", "Russian", "BantuSouthAfrica", "Mandenka", "MbutiPygmy", "Yoruba", "BiakaPygmy", "San", "Yoruba", "Druze", "Mozabite", "Palestinian", "Papuan", "Druze", "Mozabite", "Palestinian", "Russian", "MbutiPygmy", "Papuan", "Kalash", "Melanesian", "Mozabite", "Russian", "Lahu", "Maya", "Melanesian", "Yi", "Maya", "Pima", "San", "Pima", "Yakut", "Yi", "Mozabite", "Russian", "Pima", "Russian", "Uygur", "Yi", "Mandenka", "Mongola", "Papuan", "Pima", "San", "Mozabite", "San", "Yoruba", "Mongola", "San", "Yoruba", "Papuan", "Russian", "San", "Uygur", "Yakut", "Yi", "Palestinian", "Russian", "Russian", "Yi", "Yakut", "Yi", "Uygur", "Yi"],
  "weights": [1.9476, 2.9911, 4.2707, 1.9665, 2.1787, 2.4414, 1.663, 3.2717, 1.8989, 2.0905, 2.2408, 4.8369, 3.9694, 5.4258, 3.6962, 4.2167, 7.7678, 3.8497, 1.6342, 2.0994, 1.8292, 4.2821, 1.5129, 2.0904, 1.8622, 2.4872, 4.2489, 6.3648, 3.3483, 4.3654, 3.1426, 2.9465, 4.2176, 3.7469, 4.9428, 2.4544, 3.1812, 3.6212, 9.9247, 3.3805, 2.2411, 2.7349, 2.1662, 2.8717, 3.0806, 2.6995, 1.8895, 2.7816, 6.9295, 3.5256, 5.3225, 4.1879, 10.1254, 4.3145, 7.5874, 2.5119, 2.5905, 6.9507, 4.4125, 4.6898, 3.8927, 8.7776, 2.7766, 2.5102, 1.667, 2.018, 3.2221, 2.6111, 4.1258, 3.3051, 2.4386, 2.5108, 2.615],
  "loci": ["rs1829483", "rs2043949", "rs6431885", "rs10519830", "rs6728852", "rs7604664", "rs11691367", "rs979290", "rs11676805", "rs13013575", "rs1850912", "rs6708795", "rs2049072", "rs2946753", "rs270823", "rs13405933", "rs270835", "rs11682611", "rs7582203", "rs810067", "rs11676467", "rs772436", "rs10495558", "rs2948927", "rs1851703", "rs2948926", "rs1656168", "rs772425", "rs2948925", "rs12692341", "rs812810", "rs772428", "rs12623926", "rs6757465", "rs7583298", "rs6708659", "rs6431896", "rs6760840", "rs6431897", "rs1523612"]
}
