{
  "id": "EdgeSet0417",
  "sources": ["Adygei", "Adygei", "Adygei", "Adygei", "Adygei", "Adygei", "Adygei", "Balochi", "Balochi", "Balochi", "Balochi", "BantuKenya", "BantuKenya", "BantuKenya", "BantuKenya", "BantuSouthAfrica", "BantuSouthAfrica", "BantuSouthAfrica", "Basque", "Basque", "Basque", "Bedouin", "Bedouin", "Bedouin", "Bedouin", "Bedouin", "Bedouin", "BiakaPygmy", "BiakaPygmy", "BiakaPygmy", "BiakaPygmy", "Burusho", "Burusho", "Burusho", "Burusho", "Burusho", "Burusho", "Cambodian", "Cambodian", "Cambodian", "Cambodian", "Cambodian", "Cambodian", "Colombian", "Colombian", "Colombian", "Colombian", "Daur", "Daur", "Daur", "Daur", "Druze", "Druze", "Druze", "Druze", "Kalash", "Kalash", "Kalash", "Lahu", "Lahu", "Lahu", "Lahu", "Lahu", "Mandenka", "Mandenka", "Mandenka", "Maya", "MbutiPygmy", "Melanesian", "Melanesian", "Melanesian", "Melanesian", "Mongola", "Mongola", "Mozabite", "Palestinian", "Papuan", "Russian", "Russian", "Uygur"],
  "targets": ["Basque", "Daur", "Druze", "Kalash", "Palestinian", "Russian", "Uygur", "Basque", "Bedouin", "Kalash", "Lahu", "BantuSouthAfrica", "BiakaPygmy", "San", "Yoruba", "Mandenka", "San", "Yoruba", "Burusho", "Mozabite", "Russian", "Druze", "Kalash", "Melanesian", "Mozabite", "Palestinian", "Yakut", "Mandenka", "MbutiPygmy", "San", "Yoruba", "Kalash", "Lahu", "MbutiPygmy", "Melanesian", "Mongola", "Uygur", "Colombian", "Daur", "Lahu", "Pima", "Yakut", "Yi", "Maya", "MbutiPygmy", "Melanesian", "Yakut", "Mongola", "Palestinian", "Yakut", "Yi", "Mozabite", "Palestinian", "Russian", "Yakut", "Maya", "Russian", "Uygur", "Melanesian", "Palestinian", "Papuan", "Pima", "Yi", "MbutiPygmy", "Mozabite", "Yoruba", "Pima", "San", "Mongola", "Papuan", "Pima", "Yi", "Yakut", "Yi", "Russian", "Papuan", "Pima", "Yakut", "Yi", "Yi"],
  "weights": [3.1577, 3.303, 2.0927, 2.3067, 2.2451, 2.2253, 2.8804, 3.5873, 2.4593, 2.78, 3.0277, 4.602, 5.5769, 8.6343, 2.5908, 4.4716, 8.8998, 3.8882, 3.9244, 3.4049, 2.8505, 1.6293, 2.0739, 2.4626, 2.2394, 2.0645, 1.8902, 5.8367, 5.2281, 7.6904, 4.8138, 2.8747, 3.1651, 6.1886, 2.6404, 2.5346, 3.001, 2.8005, 1.6807, 2.9626, 3.719, 2.2568, 2.3846, 3.5944, 6.7067, 4.1627, 3.1809, 1.3918, 2.6002, 1.7406, 1.7011, 2.0223, 1.8133, 1.7627, 1.821, 4.4576, 2.4068, 2.8641, 2.7589, 3.022, 3.7588, 3.8584, 3.1524, 6.6918, 4.1604, 3.5107, 2.8555, 7.1435, 1.9021, 2.7599, 3.5275, 1.6581, 1.8197, 1.3353, 2.4083, 3.2015, 4.1814, 2.3465, 2.7897, 2.3187],
  "loci": ["rs432188", "rs13425134", "rs374153", "rs429228", "rs1366423", "rs1861427", "rs2072531", "rs1428571", "rs2072530", "rs1005213", "rs17025352", "rs2192919", "rs17025372", "rs7558770", "rs118900", "rs2072529", "rs417591", "rs17503184", "rs385341", "rs3828295", "rs106706", "rs446538", "rs433572", "rs11686356", "rs688673", "rs10490207", "rs380975", "rs373857", "rs381610", "rs2540904", "rs384994", "rs10490208", "rs404214", "rs6734505", "rs447136", "rs13006841", "rs666362", "rs13414508", "rs615449", "rs11124737"]
}
