{
  "id": "EdgeSet0695",
  "sources": ["Adygei", "Adygei", "Adygei", "Adygei", "Adygei", "Adygei", "Adygei", "Balochi", "Balochi", "Balochi", "Balochi", "Balochi", "Balochi", "BantuKenya", "BantuKenya", "BantuKenya", "BantuSouthAfrica", "BantuSouthAfrica", "BantuSouthAfrica", "BantuSouthAfrica", "Basque", "Basque", "Basque", "Basque", "Bedouin", "Bedouin", "Bedouin", "Bedouin", "BiakaPygmy", "BiakaPygmy", "BiakaPygmy", "BiakaPygmy", "Burusho", "Burusho", "Burusho", "Cambodian", "Cambodian", "Cambodian", "Cambodian", "Colombian", "Colombian", "Colombian", "Colombian", "Colombian", "Colombian", "Colombian", "Daur", "Daur", "Daur", "Daur", "Daur", "Druze", "Druze", "Kalash", "Kalash", "Kalash", "Kalash", "Lahu", "Lahu", "Lahu", "Lahu", "Mandenka", "Maya", "Maya", "Maya", "MbutiPygmy", "Melanesian", "Melanesian", "Mongola", "Mongola", "Mozabite", "Palestinian", "Papuan", "Pima", "Russian", "Russian", "Yakut"],
  "targets": ["Balochi", "Kalash", "Melanesian", "Mongola", "Palestinian", "Yakut", "Yi", "Bedouin", "Druze", "Kalash", "Palestinian", "Uygur", "Yoruba", "BantuSouthAfrica", "Mandenka", "Yoruba", "BiakaPygmy", "Mandenka", "San", "Yoruba", "Bedouin", "Druze", "Mozabite", "Russian", "Druze", "Mozabite", "Palestinian", "Russian", "Burusho", "Mandenka", "MbutiPygmy", "Yoruba", "Mozabite", "Palestinian", "Yakut", "Daur", "Lahu", "Mongola", "Yi", "Daur", "Kalash", "Maya", "MbutiPygmy", "Melanesian", "Mozabite", "Pima", "Lahu", "Russian", "Uygur", "Yakut", "Yi", "Palestinian", "Papuan", "Maya", "Mozabite", "Uygur", "Yi", "Mongola", "San", "Uygur", "Yi", "Yoruba", "Pima", "San", "Yi", "San", "Mongola", "Papuan", "Uygur", "Yakut", "Palestinian", "Pima", "Yakut", "San", "Uygur", "Yi", "Yi"],
  "weights": [1.9677, 2.0782, 3.0917, 2.7347, 1.8419, 1.8707, 2.3386, 1.9041, 2.1547, 2.2815, 1.5796, 2.5188, 3.8322, 3.9014, 3.3558, 3.1633, 3.9726, 3.2627, 10.232, 2.9584, 2.0093, 1.6757, 2.4911, 2.1886, 2.0524, 1.996, 1.7139, 2.1904, 6.4084, 3.6378, 7.3817, 3.7799, 2.4823, 1.9791, 1.9812, 3.4545, 3.2339, 3.0996, 3.026, 3.8129, 3.961, 3.6011, 9.7277, 4.2317, 3.6615, 3.5226, 2.8408, 2.7361, 3.1877, 2.3539, 2.2642, 1.8109, 3.1185, 3.4867, 2.8271, 2.4729, 2.283, 2.7097, 11.1464, 2.2719, 2.6465, 2.7771, 3.1014, 10.6902, 3.0975, 12.904, 3.4973, 2.5701, 2.195, 1.6425, 1.9173, 4.6834, 2.8087, 11.1179, 2.4118, 2.0725, 2.09],
  "loci": ["rs6756848", "rs6728380", "rs17031608", "rs1320854", "rs9309383", "rs7600569", "rs10177124", "rs1320862", "rs1906901", "rs10496132", "rs13383903", "rs17031703", "rs2951282", "rs2971848", "rs10206856", "rs2971816", "rs17031817", "rs10196975", "rs2951289", "rs1358698", "rs923466", "rs9309384", "rs1002897", "rs10203388", "rs1489701", "rs13415247", "rs1565328", "rs11689807", "rs4075737", "rs4671723", "rs4414666", "rs2971833", "rs2971828", "rs2969685", "rs2860235", "rs12470927", "rs1401453", "rs17032007", "rs2946375", "rs2946370"]
}
