{
  "id": "EdgeSet0871",
  "sources": ["Adygei", "Adygei", "Adygei", "Adygei", "Adygei", "Balochi", "Balochi", "Balochi", "Balochi", "Balochi", "Balochi", "BantuKenya", "BantuKenya", "BantuKenya", "BantuKenya", "BantuSouthAfrica", "BantuSouthAfrica", "BantuSouthAfrica", "BantuSouthAfrica", "BantuSouthAfrica", "Basque", "Basque", "Basque", "Bedouin", "Bedouin", "Bedouin", "Bedouin", "BiakaPygmy", "BiakaPygmy", "BiakaPygmy", "BiakaPygmy", "Burusho", "Burusho", "Burusho", "Cambodian", "Cambodian", "Cambodian", "Cambodian", "Colombian", "Colombian", "Colombian", "Colombian", "Colombian", "Daur", "Daur", "Daur", "Daur", "Daur", "Daur", "Druze", "Druze", "Druze", "Kalash", "Lahu", "Lahu", "Lahu", "Mandenka", "Mandenka", "Maya", "Maya", "MbutiPygmy", "Melanesian", "Melanesian", "Mongola", "Mongola", "Mozabite", "Mozabite", "Mozabite", "Palestinian", "Palestinian", "Papuan", "Papuan", "Papuan", "Pima", "Pima", "Pima", "Russian", "Yakut"],
  "targets": ["Bedouin", "Druze", "Melanesian", "Palestinian", "Russian", "Bedouin", "Burusho", "Kalash", "Palestinian", "Papuan", "Yi", "BantuSouthAfrica", "Mandenka", "San", "Yoruba", "BiakaPygmy", "Mandenka", "MbutiPygmy", "Mozabite", "San", "Palestinian", "Russian", "Uygur", "Kalash", "Mozabite", "Palestinian", "Uygur", "Mandenka", "MbutiPygmy", "San", "Yoruba", "Kalash", "MbutiPygmy", "San", "Daur", "Lahu", "Mongola", "Yakut", "Maya", "Melanesian", "Mongola", "Papuan", "Yi", "Maya", "Melanesian", "Mongola", "Pima", "Yakut", "Yi", "Kalash", "Palestinian", "Uygur", "Mozabite", "Mongola", "Yakut", "Yi", "San", "Yoruba", "Pima", "Uygur", "San", "Papuan", "Yi", "Yakut", "Yi", "Palestinian", "Papuan", "Yoruba", "Papuan", "Uygur", "Pima", "Yi", "Yoruba", "Russian", "Yakut", "Yi", "Uygur", "Yi"],
  "weights": [1.7442, 2.0453, 2.5825, 2.0447, 2.1591, 2.142, 3.2871, 2.1043, 2.0762, 3.3628, 4.0385, 4.5179, 3.2474, 7.5474, 3.4313, 6.5227, 4.3012, 5.2149, 4.6281, 7.8812, 2.3464, 1.9048, 2.1679, 1.8379, 2.2093, 1.3524, 2.0881, 6.2062, 7.4073, 10.1295, 6.0996, 3.52, 7.1552, 10.4087, 1.8674, 2.3848, 1.7273, 2.4472, 1.2271, 2.0865, 1.6908, 2.6622, 1.6079, 1.6329, 1.8387, 1.0931, 1.6082, 1.8423, 1.3444, 1.8625, 2.0801, 2.139, 2.1539, 2.0195, 1.9197, 2.0355, 6.8724, 2.8981, 1.3911, 2.2786, 9.0861, 2.2948, 2.1099, 1.8646, 1.4844, 2.1796, 2.9372, 3.4067, 3.2213, 2.168, 2.6434, 3.4172, 4.0572, 2.2341, 3.068, 1.7695, 2.0211, 2.6177],
  "loci": ["rs13013322", "rs7590343", "rs4513310", "rs7590097", "rs6547574", "rs12992282", "rs17708884", "rs17759986", "rs1918694", "rs11126974", "rs2178103", "rs1918690", "rs6729553", "rs1192305", "rs1192295", "rs1192269", "rs1192266", "rs1192332", "rs1192323", "rs13407438", "rs1192380", "rs6750190", "rs1192379", "rs1192372", "rs17608438", "rs1192396", "rs7584208", "rs11674022", "rs1649292", "rs1192273", "rs7584746", "rs736711", "rs6719802", "rs1529385", "rs2162567", "rs12993644", "rs10514645", "rs1365899", "rs890617", "rs999401"]
}
