{
  "id": "EdgeSet0753",
  "sources": ["Adygei", "Adygei", "Adygei", "Adygei", "Balochi", "Balochi", "Balochi", "Balochi", "BantuKenya", "BantuKenya", "BantuKenya", "BantuKenya", "BantuKenya", "BantuSouthAfrica", "BantuSouthAfrica", "BantuSouthAfrica", "BantuSouthAfrica", "Basque", "Basque", "Basque", "Basque", "Basque", "Basque", "Bedouin", "Bedouin", "Bedouin", "Bedouin", "Bedouin", "Bedouin", "BiakaPygmy", "BiakaPygmy", "BiakaPygmy", "Burusho", "Burusho", "Burusho", "Cambodian", "Cambodian", "Cambodian", "Cambodian", "Colombian", "Colombian", "Colombian", "Daur", "Daur", "Daur", "Daur", "Daur", "Druze", "Druze", "Druze", "Kalash", "Kalash", "Lahu", "Lahu", "Mandenka", "Mandenka", "Mandenka", "Maya", "Maya", "MbutiPygmy", "Melanesian", "Melanesian", "Mongola", "Mongola", "Mongola", "Mozabite", "Palestinian", "Palestinian", "Pima", "Pima", "Russian", "San", "Uygur", "Uygur", "Yakut"],
  "targets": ["Basque", "Bedouin", "Druze", "Palestinian", "Basque", "Bedouin", "Kalash", "Mozabite", "BantuSouthAfrica", "Basque", "BiakaPygmy", "Mandenka", "MbutiPygmy", "Mozabite", "Russian", "San", "Yoruba", "Bedouin", "Burusho", "Daur", "Druze", "Kalash", "Yi", "Burusho", "Daur", "Druze", "Kalash", "Mozabite", "Palestinian", "Mandenka", "MbutiPygmy", "San", "Kalash", "Melanesian", "Uygur", "Lahu", "Palestinian", "Uygur", "Yi", "Maya", "MbutiPygmy", "Pima", "Lahu", "Maya", "Mongola", "Yakut", "Yi", "Palestinian", "Pima", "Russian", "Palestinian", "Yoruba", "Russian", "Yi", "Mozabite", "San", "Yoruba", "Pima", "Yakut", "Yoruba", "Mongola", "Papuan", "Papuan", "Uygur", "Yakut", "Palestinian", "Russian", "Yakut", "San", "Yi", "Uygur", "Yoruba", "Yakut", "Yi", "Yi"],
  "weights": [2.1698, 2.1341, 2.5467, 2.2326, 2.6554, 2.0491, 2.8366, 2.4059, 4.5043, 5.2893, 4.6365, 3.4673, 5.6563, 4.3195, 6.4204, 5.5138, 3.969, 2.3421, 2.9357, 3.6698, 2.9302, 3.0971, 3.3641, 2.4946, 4.0385, 2.3587, 2.5486, 2.5075, 2.0589, 3.3036, 4.2942, 3.9703, 3.1485, 5.6622, 2.8118, 2.8625, 3.2293, 2.6917, 2.8546, 2.4796, 7.0413, 5.2041, 2.8148, 3.3167, 2.2578, 1.8929, 2.3485, 2.3025, 4.9911, 2.6891, 2.8265, 5.0806, 3.0786, 2.8458, 3.2337, 4.4121, 2.837, 4.1484, 2.9653, 3.8407, 3.9524, 2.5108, 3.8848, 2.9591, 2.0395, 2.7905, 2.3443, 3.6657, 7.0761, 4.1699, 2.6017, 4.5808, 2.4783, 2.5129, 2.2942],
  "loci": ["rs4852797", "rs11690862", "rs13428076", "rs13402171", "rs11687223", "rs6739650", "rs4350773", "rs6713986", "rs12329322", "rs4564797", "rs4241250", "rs4852806", "rs11690146", "rs2303596", "rs17007067", "rs10183967", "rs3764971", "rs11680124", "rs745917", "rs7568834", "rs4852808", "rs4852809", "rs13413696", "rs17007083", "rs13405368", "rs12474121", "rs11126337", "rs17655927", "rs1529409", "rs4852814", "rs2303606", "rs1863810", "rs11897583", "rs17718067", "rs13387541", "rs227782", "rs84181", "rs227778", "rs227777", "rs2303598"]
}
