{
  "id": "EdgeSet0578",
  "sources": ["Adygei", "Adygei", "Adygei", "Adygei", "Adygei", "Balochi", "Balochi", "Balochi", "Balochi", "BantuKenya", "BantuKenya", "BantuKenya", "BantuKenya", "BantuKenya", "BantuKenya", "BantuSouthAfrica", "BantuSouthAfrica", "BantuSouthAfrica", "BantuSouthAfrica", "Basque", "Basque", "Basque", "Basque", "Bedouin", "Bedouin", "Bedouin", "Bedouin", "BiakaPygmy", "BiakaPygmy", "BiakaPygmy", "BiakaPygmy", "Burusho", "Burusho", "Burusho", "Cambodian", "Cambodian", "Cambodian", "Cambodian", "Colombian", "Colombian", "Colombian", "Colombian", "Daur", "Daur", "Daur", "Daur", "Daur", "Druze", "Druze", "Druze", "Druze", "Druze", "Kalash", "Lahu", "Lahu", "Mandenka", "Mandenka", "Maya", "Maya", "Maya", "MbutiPygmy", "MbutiPygmy", "Melanesian", "Melanesian", "Melanesian", "Mongola", "Mongola", "Mongola", "Mongola", "Mozabite", "Mozabite", "Papuan", "Pima", "Russian", "Russian"],
  "targets": ["Balochi", "Basque", "Kalash", "Pima", "Uygur", "Burusho", "Druze", "Maya", "Melanesian", "BantuSouthAfrica", "BiakaPygmy", "Mandenka", "MbutiPygmy", "Russian", "Yoruba", "BiakaPygmy", "Mandenka", "San", "Yoruba", "Burusho", "Druze", "Maya", "Russian", "Druze", "Mozabite", "Palestinian", "Pima", "MbutiPygmy", "Mozabite", "San", "Yoruba", "Lahu", "Melanesian", "Yi", "Mongola", "Papuan", "Uygur", "Yi", "Lahu", "Maya", "Pima", "San", "Lahu", "Maya", "Mongola", "Pima", "Yakut", "Kalash", "Palestinian", "Papuan", "San", "Uygur", "Yi", "Yakut", "Yi", "MbutiPygmy", "Yoruba", "Pima", "Russian", "Yi", "San", "Yoruba", "Papuan", "Yakut", "Yi", "Papuan", "Pima", "Uygur", "Yakut", "Palestinian", "Russian", "Yakut", "Yi", "Uygur", "Yakut"],
  "weights": [2.2321, 2.5185, 1.7663, 5.0063, 1.8415, 2.8437, 2.2126, 3.2768, 3.6643, 4.2255, 4.0539, 3.4251, 4.1171, 6.2936, 3.3467, 3.434, 3.1929, 4.6706, 3.0615, 3.4198, 3.0145, 3.3032, 2.8618, 1.9294, 2.341, 1.6532, 4.604, 3.3462, 4.4686, 4.9181, 3.0614, 3.6896, 4.1467, 3.0557, 2.4924, 2.6608, 2.3162, 2.9302, 6.2221, 4.114, 4.239, 7.4914, 3.4021, 2.9441, 2.6065, 3.921, 2.6917, 2.1143, 1.8608, 2.6323, 6.0272, 3.0135, 3.1118, 3.4715, 3.869, 3.3089, 2.0908, 3.2993, 3.813, 4.5515, 5.1567, 3.0719, 3.4613, 3.4288, 4.131, 2.8922, 3.9967, 2.5001, 2.2109, 2.2499, 4.0571, 2.7917, 4.8859, 3.1648, 3.2562],
  "loci": ["rs6757726", "rs993161", "rs11890869", "rs11125482", "rs1011572", "rs12328023", "rs12474210", "rs17044497", "rs10205628", "rs6728653", "rs2059315", "rs11125487", "rs1357204", "rs1389574", "rs1608046", "rs2049197", "rs1157474", "rs6761256", "rs12475695", "rs10176563", "rs2172645", "rs2131786", "rs1565798", "rs1521943", "rs1521942", "rs17044683", "rs4672420", "rs17044715", "rs1389572", "rs13025722", "rs1402901", "rs745685", "rs10204358", "rs903231", "rs7567601", "rs1318578", "rs6727792", "rs6545350", "rs10164725", "rs9677678"]
}
