{
  "id": "EdgeSet0379",
  "sources": ["Adygei", "Adygei", "Adygei", "Adygei", "Adygei", "Balochi", "Balochi", "Balochi", "Balochi", "Balochi", "Balochi", "BantuKenya", "BantuKenya", "BantuKenya", "BantuKenya", "BantuKenya", "BantuKenya", "BantuSouthAfrica", "BantuSouthAfrica", "BantuSouthAfrica", "BantuSouthAfrica", "Basque", "Basque", "Basque", "Bedouin", "Bedouin", "Bedouin", "Bedouin", "BiakaPygmy", "BiakaPygmy", "BiakaPygmy", "Burusho", "Burusho", "Cambodian", "Cambodian", "Cambodian", "Cambodian", "Cambodian", "Colombian", "Colombian", "Colombian", "Daur", "Daur", "Daur", "Daur", "Druze", "Druze", "Kalash", "Kalash", "Kalash", "Lahu", "Lahu", "Lahu", "Lahu", "Mandenka", "Mandenka", "Maya", "MbutiPygmy", "MbutiPygmy", "MbutiPygmy", "MbutiPygmy", "Melanesian", "Melanesian", "Mongola", "Mongola", "Mongola", "Mozabite", "Papuan", "Papuan", "Pima", "Pima", "Yakut"],
  "targets": ["Bedouin", "Burusho", "Druze", "Palestinian", "Russian", "Basque", "Burusho", "Druze", "Palestinian", "Russian", "Uygur", "BantuSouthAfrica", "BiakaPygmy", "Mongola", "Mozabite", "Russian", "Yoruba", "Mandenka", "MbutiPygmy", "Yi", "Yoruba", "Bedouin", "Mozabite", "Palestinian", "Daur", "Druze", "Mozabite", "Palestinian", "MbutiPygmy", "San", "Yoruba", "Russian", "Yakut", "Colombian", "Daur", "Kalash", "Lahu", "Yi", "Maya", "Papuan", "Pima", "Lahu", "Mongola", "Uygur", "Yakut", "Kalash", "Palestinian", "Palestinian", "Russian", "Uygur", "Melanesian", "Pima", "Russian", "Yi", "San", "Yoruba", "Pima", "Papuan", "Pima", "San", "Yoruba", "Palestinian", "Papuan", "Papuan", "Uygur", "Yakut", "Palestinian", "Russian", "Yi", "Russian", "Yoruba", "Yi"],
  "weights": [1.7968, 2.505, 1.7395, 1.738, 2.0065, 2.7336, 2.629, 2.4144, 2.1548, 2.5373, 2.9549, 4.5439, 5.0125, 4.6181, 4.01, 4.7863, 3.2276, 4.4192, 6.9085, 5.7551, 4.264, 2.2554, 2.6906, 1.9397, 3.4019, 1.3798, 2.012, 1.575, 4.9832, 7.9668, 3.8777, 2.7357, 3.9438, 5.4451, 2.3995, 4.0925, 2.4382, 2.9545, 2.7245, 6.4376, 4.761, 2.7117, 2.5173, 2.5264, 2.8646, 2.0633, 1.4382, 2.1133, 2.5706, 2.7959, 3.865, 5.106, 4.7077, 2.602, 8.6561, 2.5594, 4.2518, 7.716, 8.1652, 10.1734, 5.335, 3.5701, 4.37, 4.5522, 2.7228, 2.5778, 1.9803, 4.4654, 4.4121, 4.3513, 6.336, 3.7191],
  "loci": ["rs848515", "rs3770817", "rs848607", "rs981355", "rs1533949", "rs848643", "rs848642", "rs13406184", "rs848596", "rs848637", "rs11691600", "rs848619", "rs12105545", "rs10490670", "rs848609", "rs2287105", "rs9941555", "rs744917", "rs918066", "rs12612163", "rs12464610", "rs11124523", "rs7600979", "rs6716264", "rs6709011", "rs10173568", "rs11894304", "rs10167726", "rs6758291", "rs759433", "rs759432", "rs759429", "rs17489732", "rs12052493", "rs6733328", "rs9308993", "rs1861396", "rs10170712", "rs6732843", "rs4670581"]
}
