{
  "id": "EdgeSet0955",
  "sources": ["Adygei", "Adygei", "Adygei", "Adygei", "Adygei", "Balochi", "Balochi", "Balochi", "BantuKenya", "BantuKenya", "BantuKenya", "BantuKenya", "BantuSouthAfrica", "BantuSouthAfrica", "BantuSouthAfrica", "BantuSouthAfrica", "Basque", "Basque", "Basque", "Basque", "Basque", "Basque", "Bedouin", "Bedouin", "Bedouin", "Bedouin", "Bedouin", "BiakaPygmy", "BiakaPygmy", "Burusho", "Burusho", "Cambodian", "Cambodian", "Cambodian", "Cambodian", "Colombian", "Colombian", "Colombian", "Colombian", "Daur", "Daur", "Daur", "Daur", "Daur", "Daur", "Druze", "Druze", "Mandenka", "Mandenka", "Maya", "Maya", "MbutiPygmy", "Melanesian", "Melanesian", "Melanesian", "Mongola", "Mongola", "Mozabite", "Mozabite", "Mozabite", "Palestinian", "Papuan", "Pima", "Pima", "Uygur", "Yakut"],
  "targets": ["Balochi", "Bedouin", "Burusho", "Kalash", "Pima", "Bedouin", "Druze", "Russian", "BiakaPygmy", "Mandenka", "San", "Yoruba", "BiakaPygmy", "Mandenka", "San", "Yoruba", "Druze", "Kalash", "Mongola", "Mozabite", "Russian", "Uygur", "Burusho", "Druze", "Mozabite", "Palestinian", "Russian", "MbutiPygmy", "Yoruba", "Lahu", "Uygur", "Lahu", "Uygur", "Yakut", "Yi", "Lahu", "Maya", "Pima", "Yakut", "Lahu", "Melanesian", "Mongola", "Uygur", "Yakut", "Yi", "Kalash", "Palestinian", "MbutiPygmy", "Yoruba", "Melanesian", "Mongola", "San", "Mongola", "Papuan", "Yi", "Pima", "Yi", "Pima", "Yakut", "Yoruba", "Russian", "San", "Russian", "Yakut", "Yakut", "Yi"],
  "weights": [1.6147, 1.8961, 2.7032, 1.4771, 3.8714, 1.2802, 1.6907, 2.0652, 4.6832, 4.542, 6.7486, 3.9122, 5.1487, 4.5398, 8.8531, 4.2761, 2.1263, 2.4725, 4.2439, 2.906, 2.4114, 3.2472, 2.6499, 1.8276, 2.2154, 1.9454, 1.9596, 4.3803, 4.5633, 4.6879, 2.8354, 4.0534, 3.4992, 4.1765, 3.6691, 4.0832, 1.9451, 4.1774, 3.96, 3.9012, 4.9713, 2.5766, 2.8751, 3.6048, 2.4968, 1.8592, 2.3072, 4.687, 3.7191, 3.7473, 2.8079, 9.4364, 5.5682, 3.0251, 4.8604, 4.0809, 1.9693, 4.2562, 5.526, 4.208, 2.4236, 8.943, 4.207, 4.5707, 2.924, 3.2946],
  "loci": ["rs4552208", "rs4075171", "rs11123985", "rs6543244", "rs4851675", "rs7590841", "rs7600959", "rs10198487", "rs4851677", "rs7602578", "rs13034048", "rs6758009", "rs13391945", "rs11892570", "rs13418480", "rs4597548", "rs6713996", "rs4851035", "rs7591412", "rs4851686", "rs13390052", "rs1519627", "rs2376159", "rs4851687", "rs17029703", "rs7588546", "rs6543247", "rs6756815", "rs7561329", "rs7570682", "rs4851691", "rs4851692", "rs908916", "rs4464293", "rs10179859", "rs2139397", "rs13396253", "rs2889323", "rs1519634", "rs2139399"]
}
