{
  "id": "EdgeSet0132",
  "sources": ["Adygei", "Adygei", "Adygei", "Adygei", "Adygei", "Adygei", "Adygei", "Adygei", "Adygei", "Adygei", "Balochi", "Balochi", "Balochi", "Balochi", "Balochi", "Balochi", "Balochi", "BantuKenya", "BantuKenya", "BantuKenya", "BantuKenya", "BantuSouthAfrica", "BantuSouthAfrica", "BantuSouthAfrica", "Basque", "Basque", "Basque", "Basque", "Bedouin", "Bedouin", "Bedouin", "BiakaPygmy", "BiakaPygmy", "BiakaPygmy", "BiakaPygmy", "Burusho", "Burusho", "Burusho", "Burusho", "Burusho", "Burusho", "Burusho", "Cambodian", "Cambodian", "Cambodian", "Cambodian", "Cambodian", "Cambodian", "Colombian", "Colombian", "Colombian", "Colombian", "Colombian", "Colombian", "Daur", "Daur", "Daur", "Druze", "Druze", "Druze", "Kalash", "Lahu", "Lahu", "Lahu", "Lahu", "Lahu", "Mandenka", "Mandenka", "Maya", "Maya", "MbutiPygmy", "MbutiPygmy", "Melanesian", "Melanesian", "Melanesian", "Mongola", "Mongola", "Mongola", "Mozabite", "Pima", "Pima", "Russian", "Uygur"],
  "targets": ["Balochi", "Bedouin", "Cambodian", "Druze", "Kalash", "Melanesian", "Mongola", "Mozabite", "Russian", "Yakut", "Basque", "Bedouin", "Burusho", "Kalash", "Mozabite", "Russian", "Uygur", "BantuSouthAfrica", "BiakaPygmy", "MbutiPygmy", "Yoruba", "BiakaPygmy", "Mandenka", "San", "Kalash", "Mozabite", "Palestinian", "Uygur", "Druze", "Kalash", "Palestinian", "Mandenka", "MbutiPygmy", "Papuan", "San", "Daur", "Kalash", "Lahu", "Melanesian", "Palestinian", "Papuan", "Uygur", "Daur", "Lahu", "Melanesian", "Mongola", "Papuan", "Yi", "Daur", "Maya", "Melanesian", "Mongola", "Pima", "Uygur", "Mongola", "Russian", "Yakut", "Melanesian", "Mozabite", "Russian", "Melanesian", "Papuan", "Pima", "Uygur", "Yakut", "Yi", "San", "Yoruba", "Pima", "Yi", "San", "Yoruba", "Papuan", "Pima", "Uygur", "Pima", "Yakut", "Yi", "Palestinian", "Uygur", "Yakut", "Yi", "Yakut"],
  "weights": [2.5951, 2.2927, 3.6372, 2.1782, 2.5196, 3.5585, 3.103, 2.7025, 2.842, 3.5552, 3.7366, 2.5122, 3.0862, 2.8723, 2.9367, 2.8075, 3.3904, 3.9265, 4.3746, 4.3456, 3.5652, 4.6326, 3.0263, 7.0719, 2.5728, 2.8424, 2.7523, 3.4893, 1.7177, 2.4439, 1.8194, 4.1183, 4.1242, 6.0103, 6.499, 3.0843, 3.2161, 3.7819, 4.4938, 2.9923, 5.2773, 3.2315, 2.3266, 3.5546, 3.5256, 2.6118, 3.8167, 2.1684, 4.6534, 3.2183, 3.9349, 4.4921, 3.8144, 4.1759, 2.1502, 3.7795, 2.7824, 3.2488, 2.4958, 2.5125, 3.7261, 6.1666, 5.345, 4.1613, 3.9533, 3.6512, 6.6986, 2.3696, 3.3128, 4.8419, 6.158, 4.0315, 4.0348, 4.3079, 3.742, 5.5461, 3.0993, 2.9801, 2.5873, 4.4617, 4.6045, 3.5338, 3.4699],
  "loci": ["rs11679686", "rs11681838", "rs7571803", "rs746579", "rs3816096", "rs2252958", "rs7584842", "rs2304401", "rs6718783", "rs2304402", "rs13016287", "rs4516403", "rs13001573", "rs7567094", "rs11690767", "rs12692444", "rs12612207", "rs4669765", "rs7567183", "rs6432226", "rs7596194", "rs4389306", "rs3923671", "rs7574891", "rs4669775", "rs10182021", "rs11889370", "rs12692445", "rs7587266", "rs7599540", "rs11695074", "rs4076903", "rs13421506", "rs7591344", "rs13384037", "rs7599768", "rs10185333", "rs11894146", "rs893346", "rs4669778"]
}
