{
  "id": "EdgeSet0698",
  "sources": ["Adygei", "Adygei", "Adygei", "Adygei", "Adygei", "Adygei", "Adygei", "Adygei", "Adygei", "Adygei", "Adygei", "Adygei", "Balochi", "Balochi", "Balochi", "Balochi", "Balochi", "BantuKenya", "BantuKenya", "BantuKenya", "BantuKenya", "BantuSouthAfrica", "BantuSouthAfrica", "BantuSouthAfrica", "BantuSouthAfrica", "BantuSouthAfrica", "Basque", "Basque", "Basque", "Basque", "Bedouin", "Bedouin", "Bedouin", "Bedouin", "BiakaPygmy", "BiakaPygmy", "BiakaPygmy", "BiakaPygmy", "Burusho", "Burusho", "Cambodian", "Cambodian", "Cambodian", "Cambodian", "Colombian", "Colombian", "Colombian", "Colombian", "Colombian", "Colombian", "Colombian", "Daur", "Daur", "Daur", "Druze", "Druze", "Druze", "Druze", "Kalash", "Kalash", "Kalash", "Kalash", "Lahu", "Lahu", "Lahu", "Lahu", "Mandenka", "Mandenka", "Mandenka", "Maya", "Maya", "Maya", "Maya", "Maya", "MbutiPygmy", "MbutiPygmy", "MbutiPygmy", "MbutiPygmy", "Melanesian", "Melanesian", "Mongola", "Mongola", "Mongola", "Mozabite", "Mozabite", "Palestinian", "Papuan", "Papuan", "Pima"],
  "targets": ["Basque", "Burusho", "Colombian", "Daur", "Druze", "Kalash", "Mongola", "Mozabite", "Pima", "Russian", "Uygur", "Yakut", "Bedouin", "Druze", "Kalash", "Maya", "Palestinian", "BantuSouthAfrica", "BiakaPygmy", "Mandenka", "Yoruba", "Mandenka", "MbutiPygmy", "Mongola", "San", "Yoruba", "Bedouin", "Colombian", "Druze", "Lahu", "Burusho", "Kalash", "Mozabite", "Russian", "Mandenka", "Papuan", "San", "Yoruba", "Lahu", "Mozabite", "Kalash", "Lahu", "Yakut", "Yi", "Daur", "Druze", "Melanesian", "Pima", "Uygur", "Yakut", "Yi", "Lahu", "Uygur", "Yakut", "Mozabite", "Palestinian", "Russian", "Uygur", "MbutiPygmy", "Pima", "San", "Yakut", "Maya", "Melanesian", "Mongola", "Yi", "MbutiPygmy", "Mozabite", "Yoruba", "Mongola", "Pima", "Uygur", "Yakut", "Yi", "Papuan", "Pima", "San", "Yoruba", "Papuan", "Russian", "Uygur", "Yakut", "Yi", "Palestinian", "Russian", "Uygur", "Pima", "San", "Yi"],
  "weights": [2.4231, 3.0489, 2.6259, 2.9092, 2.6316, 3.2864, 3.9896, 2.3736, 4.5227, 2.5195, 3.1102, 3.2736, 2.7828, 1.9484, 3.2892, 2.9851, 2.2827, 3.9641, 3.6276, 3.6808, 2.9855, 3.2096, 5.8288, 5.4985, 6.5527, 3.2572, 2.5638, 2.7952, 2.3476, 2.8795, 2.9418, 3.2355, 2.213, 2.4766, 3.5187, 7.5527, 5.518, 3.5109, 3.7382, 2.7082, 3.6894, 2.6284, 2.7492, 2.2069, 2.6216, 3.4715, 4.6478, 3.5167, 2.6792, 2.8043, 2.9068, 3.135, 2.9028, 3.0006, 2.2008, 2.3122, 2.4667, 2.0941, 7.4052, 4.9509, 7.7794, 3.8729, 2.5666, 4.7, 2.8432, 2.8591, 5.9952, 4.6387, 2.9813, 2.7173, 4.7578, 2.4915, 3.9337, 2.7589, 10.4669, 8.5643, 6.9816, 5.8806, 5.3592, 4.9976, 2.7911, 2.6425, 2.5866, 2.3709, 2.1522, 2.4302, 7.6108, 9.2354, 4.4309],
  "loci": ["rs7578320", "rs17032114", "rs7563565", "rs2139246", "rs11692361", "rs6722685", "rs12619205", "rs13023583", "rs4547518", "rs12373638", "rs12713568", "rs6721499", "rs3890755", "rs6742861", "rs6728018", "rs4480973", "rs3891585", "rs10865355", "rs9789535", "rs11897119", "rs2216120", "rs2300477", "rs2192954", "rs2300478", "rs6711787", "rs2284706", "rs2300483", "rs2300484", "rs2018434", "rs1000756", "rs10184250", "rs10490188", "rs6706382", "rs6754286", "rs2192963", "rs10195834", "rs2861113", "rs1981736", "rs6756458", "rs6725996"]
}
