{
  "id": "EdgeSet0135",
  "sources": ["Adygei", "Adygei", "Adygei", "Adygei", "Adygei", "Adygei", "Adygei", "Balochi", "Balochi", "Balochi", "Balochi", "BantuKenya", "BantuKenya", "BantuKenya", "BantuKenya", "BantuSouthAfrica", "BantuSouthAfrica", "BantuSouthAfrica", "BantuSouthAfrica", "BantuSouthAfrica", "Basque", "Basque", "Basque", "Basque", "Basque", "Bedouin", "Bedouin", "Bedouin", "Bedouin", "Bedouin", "Bedouin", "BiakaPygmy", "BiakaPygmy", "BiakaPygmy", "Burusho", "Burusho", "Burusho", "Cambodian", "Cambodian", "Cambodian", "Cambodian", "Cambodian", "Colombian", "Colombian", "Daur", "Daur", "Daur", "Daur", "Daur", "Druze", "Druze", "Druze", "Kalash", "Kalash", "Kalash", "Lahu", "Lahu", "Lahu", "Lahu", "Lahu", "Mandenka", "Mandenka", "Mandenka", "Maya", "MbutiPygmy", "Melanesian", "Melanesian", "Melanesian", "Mongola", "Mongola", "Mongola", "Mongola", "Mozabite", "Mozabite", "Mozabite", "Palestinian", "Papuan", "San", "Uygur", "Yakut", "Yakut"],
  "targets": ["Burusho", "Colombian", "Kalash", "Mongola", "Mozabite", "Papuan", "Yi", "Daur", "Kalash", "Maya", "Pima", "BantuSouthAfrica", "Mandenka", "MbutiPygmy", "Yoruba", "BiakaPygmy", "Colombian", "Mongola", "San", "Yoruba", "Druze", "Mongola", "Mozabite", "Russian", "San", "Burusho", "Druze", "Mandenka", "Palestinian", "Pima", "Yakut", "Mandenka", "MbutiPygmy", "San", "Kalash", "Russian", "Uygur", "Colombian", "Daur", "Lahu", "Papuan", "Yi", "Maya", "Pima", "Lahu", "Melanesian", "Pima", "Yakut", "Yi", "Kalash", "Mozabite", "Palestinian", "Melanesian", "Papuan", "Yakut", "MbutiPygmy", "Mozabite", "Papuan", "Pima", "Uygur", "Russian", "San", "Yoruba", "Pima", "San", "Mongola", "Papuan", "Yakut", "Mozabite", "Palestinian", "Uygur", "Yi", "Palestinian", "Russian", "Yoruba", "Russian", "San", "Yoruba", "Yi", "Yi", "Yoruba"],
  "weights": [2.1513, 4.0832, 2.4301, 4.33, 2.1825, 4.1652, 3.1592, 3.0873, 2.1604, 3.9896, 4.4601, 4.7962, 3.6153, 5.4953, 3.0311, 5.334, 6.7168, 6.4112, 7.5904, 4.3921, 2.5761, 3.6485, 2.8065, 2.8798, 7.9437, 2.3786, 1.8677, 4.4964, 2.0906, 3.713, 2.6141, 4.7792, 4.5474, 5.9112, 2.2463, 2.7308, 2.4629, 4.5127, 2.64, 3.9217, 3.1682, 2.6, 2.9175, 4.0364, 4.1612, 3.0756, 4.2472, 2.543, 2.7037, 2.4437, 2.0117, 1.6854, 2.8871, 3.3791, 2.4657, 7.0649, 4.9971, 4.0762, 4.6007, 3.876, 4.9753, 7.6327, 3.2575, 3.2444, 6.6216, 3.8148, 2.7359, 2.7563, 4.2809, 3.6696, 3.45, 3.2416, 2.1891, 2.4405, 3.9319, 2.1798, 8.1402, 8.2583, 2.8796, 2.2583, 4.0855],
  "loci": ["rs2716628", "rs869817", "rs11894033", "rs17546105", "rs7587240", "rs4669784", "rs4296404", "rs2581094", "rs2716651", "rs7607539", "rs966391", "rs2581087", "rs12988353", "rs2581084", "rs16858030", "rs13386620", "rs7590488", "rs2581081", "rs12468031", "rs2581076", "rs7567684", "rs2033877", "rs13016049", "rs2033874", "rs2581064", "rs6712004", "rs6760198", "rs2716644", "rs2581054", "rs1371610", "rs2716643", "rs4669792", "rs2716629", "rs13011455", "rs2581053", "rs1530146", "rs1530145", "rs1036668", "rs12613478", "rs4669793"]
}
