{
  "id": "EdgeSet0338",
  "sources": ["Adygei", "Adygei", "Adygei", "Adygei", "Adygei", "Adygei", "Adygei", "Balochi", "Balochi", "Balochi", "Balochi", "Balochi", "BantuKenya", "BantuKenya", "BantuKenya", "BantuKenya", "BantuSouthAfrica", "BantuSouthAfrica", "BantuSouthAfrica", "Basque", "Basque", "Basque", "Basque", "Bedouin", "Bedouin", "BiakaPygmy", "BiakaPygmy", "BiakaPygmy", "BiakaPygmy", "Burusho", "Burusho", "Burusho", "Burusho", "Burusho", "Burusho", "Cambodian", "Cambodian", "Cambodian", "Cambodian", "Colombian", "Colombian", "Colombian", "Colombian", "Daur", "Daur", "Daur", "Druze", "Druze", "Kalash", "Kalash", "Kalash", "Lahu", "Lahu", "Lahu", "Lahu", "Mandenka", "Mandenka", "Maya", "MbutiPygmy", "MbutiPygmy", "Melanesian", "Melanesian", "Mongola", "Mozabite", "Palestinian", "Palestinian", "San", "Uygur", "Uygur"],
  "targets": ["Balochi", "Basque", "Bedouin", "Maya", "Pima", "Russian", "Uygur", "Bedouin", "Druze", "Palestinian", "Papuan", "Uygur", "BantuSouthAfrica", "BiakaPygmy", "Mandenka", "Yoruba", "BiakaPygmy", "MbutiPygmy", "Yoruba", "Daur", "Druze", "Palestinian", "Russian", "Druze", "Palestinian", "Mandenka", "MbutiPygmy", "San", "Yoruba", "Cambodian", "Daur", "Kalash", "Russian", "San", "Uygur", "Lahu", "Mongola", "Uygur", "Yi", "Maya", "MbutiPygmy", "Pima", "Yakut", "Druze", "Yakut", "Yi", "Mozabite", "Palestinian", "Maya", "Mozabite", "Russian", "Mongola", "Pima", "Yakut", "Yi", "MbutiPygmy", "Yoruba", "Pima", "San", "Uygur", "Papuan", "Uygur", "Yi", "Yoruba", "Papuan", "Russian", "Yoruba", "Yakut", "Yi"],
  "weights": [2.5411, 2.3526, 2.449, 4.883, 4.2461, 2.3928, 2.6155, 2.2413, 2.6655, 2.2822, 3.7384, 2.8949, 3.1527, 3.8563, 2.3655, 2.9497, 4.5618, 5.8656, 3.9511, 2.8651, 2.6359, 2.309, 2.5501, 2.1178, 1.6034, 3.8709, 5.8428, 6.8116, 4.2193, 4.2986, 3.2851, 3.5491, 3.067, 6.9529, 3.5295, 2.6251, 1.4683, 3.2787, 2.113, 4.9668, 10.0538, 5.0717, 7.2179, 3.73, 2.3615, 2.782, 3.1044, 1.8408, 4.8997, 4.138, 3.4217, 2.383, 4.469, 3.2734, 2.4518, 4.4679, 2.7654, 3.6878, 8.1991, 6.8608, 2.4995, 4.0517, 1.5924, 4.8067, 3.2843, 2.7962, 6.9572, 3.4618, 3.08],
  "loci": ["rs6722904", "rs4670408", "rs2123770", "rs6543704", "rs1463313", "rs3769545", "rs723042", "rs7580131", "rs10208199", "rs2167972", "rs4569454", "rs10495786", "rs10495785", "rs5024713", "rs6751758", "rs10185344", "rs11895736", "rs7557776", "rs2305502", "rs7566302", "rs6719824", "rs13404913", "rs11885449", "rs2015189", "rs1869449", "rs13015373", "rs1869450", "rs1869451", "rs642472", "rs6757228", "rs6731569", "rs589403", "rs2034693", "rs8970", "rs622716", "rs3731572", "rs609277", "rs17012963", "rs17012970", "rs2123774"]
}
