{
  "id": "EdgeSet0114",
  "sources": ["Adygei", "Adygei", "Adygei", "Adygei", "Adygei", "Balochi", "Balochi", "Balochi", "Balochi", "BantuKenya", "BantuKenya", "BantuKenya", "BantuKenya", "BantuSouthAfrica", "BantuSouthAfrica", "BantuSouthAfrica", "BantuSouthAfrica", "BantuSouthAfrica", "Basque", "Basque", "Basque", "Basque", "Bedouin", "Bedouin", "BiakaPygmy", "BiakaPygmy", "BiakaPygmy", "Burusho", "Burusho", "Cambodian", "Cambodian", "Cambodian", "Cambodian", "Cambodian", "Colombian", "Colombian", "Colombian", "Daur", "Daur", "Daur", "Daur", "Druze", "Druze", "Druze", "Druze", "Kalash", "Kalash", "Kalash", "Lahu", "Lahu", "Lahu", "Mandenka", "Mandenka", "Mandenka", "Maya", "Maya", "Maya", "MbutiPygmy", "Melanesian", "Melanesian", "Melanesian", "Melanesian", "Mongola", "Mozabite", "Papuan", "Papuan", "Pima", "Russian", "Russian", "San", "Uygur"],
  "targets": ["Basque", "Bedouin", "Druze", "Maya", "Yakut", "Bedouin", "Burusho", "Druze", "Kalash", "BantuSouthAfrica", "Mandenka", "Mozabite", "Yoruba", "BiakaPygmy", "Mandenka", "MbutiPygmy", "San", "Yoruba", "Colombian", "Druze", "Lahu", "Melanesian", "Mozabite", "Palestinian", "Mandenka", "MbutiPygmy", "San", "Kalash", "Maya", "Melanesian", "Mongola", "Papuan", "Yakut", "Yi", "Maya", "Pima", "San", "Lahu", "Mongola", "Yakut", "Yi", "Maya", "Mozabite", "Palestinian", "Uygur", "Maya", "Mozabite", "Yakut", "Mongola", "Russian", "Yakut", "MbutiPygmy", "Mozabite", "Yoruba", "Pima", "Russian", "Uygur", "San", "Mongola", "Papuan", "Uygur", "Yakut", "Yi", "Palestinian", "San", "Uygur", "Yakut", "Uygur", "Yi", "Uygur", "Yoruba"],
  "weights": [2.6729, 1.9779, 2.7374, 3.1857, 3.2938, 2.5366, 2.5269, 3.0275, 2.756, 3.5563, 2.9737, 3.1863, 3.041, 3.8537, 2.9778, 4.7703, 6.288, 3.5975, 4.7784, 2.9455, 3.9473, 4.0754, 1.9584, 1.5024, 3.3369, 4.2939, 6.7462, 2.9968, 3.3272, 3.7386, 2.2355, 5.0321, 3.6042, 2.7186, 3.3214, 3.451, 8.2275, 2.655, 3.0237, 3.3532, 3.7661, 4.1974, 2.5701, 2.3627, 3.3414, 3.2622, 3.9561, 3.2105, 3.4383, 3.6387, 3.7235, 4.5584, 3.1304, 2.2082, 3.5211, 2.8842, 3.0529, 6.4549, 3.8483, 3.6029, 4.5266, 3.9798, 2.6642, 2.3998, 8.2261, 3.6912, 4.228, 2.7898, 4.8322, 8.3352, 4.1888],
  "loci": ["rs10929639", "rs4630742", "rs13383316", "rs10191873", "rs887961", "rs6741014", "rs887962", "rs17267630", "rs7577583", "rs10207325", "rs11676328", "rs6432075", "rs1006866", "rs7587651", "rs16855988", "rs10171793", "rs6432079", "rs16855996", "rs759340", "rs759341", "rs1468780", "rs10929642", "rs10929646", "rs7420933", "rs7583344", "rs887958", "rs11695911", "rs887959", "rs759343", "rs16856053", "rs7556858", "rs10490418", "rs16856070", "rs4669561", "rs6432082", "rs6432083", "rs4669564", "rs2011430", "rs13422172", "rs2357541"]
}
