{
  "id": "EdgeSet0587",
  "sources": ["Adygei", "Adygei", "Adygei", "Adygei", "Adygei", "Adygei", "Balochi", "Balochi", "Balochi", "Balochi", "Balochi", "BantuKenya", "BantuKenya", "BantuKenya", "BantuKenya", "BantuKenya", "BantuSouthAfrica", "BantuSouthAfrica", "BantuSouthAfrica", "Basque", "Basque", "Basque", "Basque", "Bedouin", "Bedouin", "Bedouin", "Bedouin", "BiakaPygmy", "BiakaPygmy", "BiakaPygmy", "Burusho", "Cambodian", "Cambodian", "Cambodian", "Cambodian", "Cambodian", "Colombian", "Colombian", "Colombian", "Colombian", "Colombian", "Colombian", "Daur", "Daur", "Daur", "Druze", "Druze", "Druze", "Druze", "Druze", "Kalash", "Kalash", "Kalash", "Kalash", "Lahu", "Lahu", "Lahu", "Lahu", "Mandenka", "Mandenka", "Maya", "Maya", "MbutiPygmy", "MbutiPygmy", "Melanesian", "Melanesian", "Mongola", "Mongola", "Mongola", "Mongola", "Mozabite", "Mozabite", "Mozabite", "Papuan", "Papuan", "Pima", "Pima", "Russian", "Russian", "Russian", "Uygur", "Yakut"],
  "targets": ["Balochi", "Bedouin", "Colombian", "Daur", "Druze", "Yakut", "Basque", "Druze", "Kalash", "Lahu", "Yi", "BantuSouthAfrica", "BiakaPygmy", "Mandenka", "MbutiPygmy", "Yoruba", "BiakaPygmy", "Mandenka", "San", "Bedouin", "Colombian", "Palestinian", "Russian", "Burusho", "Druze", "Mozabite", "Palestinian", "MbutiPygmy", "Melanesian", "San", "Uygur", "Daur", "MbutiPygmy", "Melanesian", "Mongola", "Papuan", "Daur", "Druze", "Maya", "MbutiPygmy", "Pima", "Uygur", "Mongola", "Papuan", "Yi", "Maya", "Mongola", "Mozabite", "Russian", "Uygur", "Melanesian", "Palestinian", "Papuan", "Pima", "Pima", "Russian", "Yakut", "Yi", "MbutiPygmy", "Yoruba", "Papuan", "Pima", "San", "Yoruba", "Mongola", "Pima", "Pima", "Uygur", "Yakut", "Yi", "Palestinian", "Yakut", "Yoruba", "Pima", "Russian", "Russian", "Uygur", "San", "Yakut", "Yi", "Yakut", "Yi"],
  "weights": [2.0979, 2.2229, 3.3616, 2.6505, 2.095, 2.6387, 2.4537, 1.9633, 2.234, 2.758, 2.599, 2.7427, 3.5149, 3.0614, 6.1248, 3.2151, 3.8618, 3.4665, 3.5961, 2.429, 3.4599, 2.4593, 2.2327, 2.5113, 2.1787, 2.3147, 2.0374, 6.2134, 7.0927, 4.7794, 2.9189, 2.0526, 8.6155, 4.4693, 3.9549, 2.6961, 4.2427, 3.0194, 3.3482, 8.4759, 5.5136, 3.6362, 3.1774, 2.1048, 2.8195, 2.3439, 3.7841, 2.4494, 2.6743, 2.3121, 4.0684, 2.2829, 2.5854, 4.5759, 4.6962, 3.0006, 2.8058, 2.3038, 6.5696, 2.8049, 2.7347, 3.9641, 6.4361, 6.6684, 4.6561, 5.7147, 4.3123, 2.6418, 2.4003, 2.6217, 1.9641, 3.4356, 4.3621, 5.3617, 2.6881, 6.105, 3.8705, 6.6962, 3.1159, 2.9248, 2.1728, 2.3598],
  "loci": ["rs698752", "rs1727505", "rs1727506", "rs843658", "rs843653", "rs843645", "rs10165485", "rs843704", "rs11890390", "rs843690", "rs843682", "rs10171249", "rs843743", "rs843748", "rs843713", "rs843718", "rs843726", "rs698756", "rs964092", "rs13407991", "rs6724542", "rs985773", "rs949516", "rs843622", "rs843669", "rs941351", "rs1527649", "rs17189869", "rs2280718", "rs4488702", "rs7567197", "rs11125533", "rs6756317", "rs13408182", "rs11678775", "rs13407315", "rs6545397", "rs13425775", "rs17045857", "rs7595929"]
}
