{
  "id": "EdgeSet0369",
  "sources": ["Adygei", "Adygei", "Adygei", "Adygei", "Adygei", "Adygei", "Adygei", "Adygei", "Balochi", "Balochi", "Balochi", "Balochi", "Balochi", "BantuKenya", "BantuKenya", "BantuKenya", "BantuKenya", "BantuKenya", "BantuSouthAfrica", "BantuSouthAfrica", "BantuSouthAfrica", "BantuSouthAfrica", "BantuSouthAfrica", "Basque", "Bedouin", "Bedouin", "Bedouin", "BiakaPygmy", "BiakaPygmy", "Burusho", "Burusho", "Burusho", "Cambodian", "Cambodian", "Cambodian", "Cambodian", "Cambodian", "Colombian", "Colombian", "Colombian", "Colombian", "Daur", "Daur", "Daur", "Daur", "Daur", "Daur", "Daur", "Druze", "Kalash", "Kalash", "Kalash", "Kalash", "Lahu", "Lahu", "Lahu", "Mandenka", "Mandenka", "Maya", "MbutiPygmy", "Melanesian", "Melanesian", "Melanesian", "Mongola", "Mongola", "Mozabite", "Mozabite", "Palestinian", "Papuan", "San", "Uygur"],
  "targets": ["Balochi", "Basque", "Bedouin", "Burusho", "Druze", "Kalash", "Russian", "Yi", "BantuSouthAfrica", "Burusho", "Druze", "Kalash", "Palestinian", "BantuSouthAfrica", "Cambodian", "MbutiPygmy", "Palestinian", "Yoruba", "BiakaPygmy", "Kalash", "Mandenka", "Mongola", "Yoruba", "Russian", "Druze", "Palestinian", "Papuan", "Mandenka", "MbutiPygmy", "Daur", "Melanesian", "Papuan", "Kalash", "Lahu", "Maya", "Mongola", "Yi", "Maya", "Papuan", "Pima", "San", "Kalash", "Melanesian", "Pima", "Russian", "Uygur", "Yakut", "Yi", "Palestinian", "Mongola", "Pima", "Yakut", "Yi", "MbutiPygmy", "Melanesian", "Uygur", "Mozabite", "Yoruba", "Pima", "San", "Papuan", "Uygur", "Yakut", "Yakut", "Yi", "Palestinian", "Papuan", "Russian", "Yakut", "Yakut", "Yi"],
  "weights": [1.9239, 3.351, 2.0169, 2.5428, 2.0585, 2.3267, 2.1877, 2.7936, 4.8439, 2.7376, 2.0501, 2.4717, 1.825, 3.4505, 4.1204, 5.4235, 3.2906, 2.9401, 3.217, 4.4147, 3.3871, 3.8648, 3.165, 3.3392, 1.4411, 1.6006, 3.2461, 3.6364, 4.3462, 3.3326, 4.1928, 3.5636, 4.4963, 3.5396, 3.7918, 2.9574, 3.1836, 3.7258, 6.7792, 3.9038, 7.6339, 4.0007, 3.7566, 5.139, 3.3122, 2.5024, 2.8163, 2.3982, 1.5783, 3.0718, 4.2031, 4.0154, 2.9565, 6.5988, 4.9509, 4.3512, 2.906, 2.5463, 3.1214, 7.6217, 3.9124, 3.5227, 3.2551, 3.095, 2.1667, 3.2659, 3.8644, 2.2781, 3.9689, 7.9859, 2.2138],
  "loci": ["rs10193157", "rs10495849", "rs1401777", "rs2968577", "rs1533969", "rs2949057", "rs935920", "rs2949065", "rs12712470", "rs1533971", "rs10495854", "rs2968602", "rs7355533", "rs11900940", "rs1880256", "rs2949081", "rs2968629", "rs17017895", "rs13409385", "rs1721781", "rs1620100", "rs833760", "rs13402895", "rs938024", "rs1912529", "rs833764", "rs1606033", "rs833773", "rs13390347", "rs1533972", "rs1705046", "rs833783", "rs10495856", "rs833787", "rs7566460", "rs13027698", "rs6543990", "rs10495859", "rs7563694", "rs2634806"]
}
