{
  "id": "EdgeSet0397",
  "sources": ["Adygei", "Adygei", "Adygei", "Adygei", "Adygei", "Balochi", "Balochi", "Balochi", "Balochi", "BantuKenya", "BantuKenya", "BantuKenya", "BantuKenya", "BantuKenya", "BantuSouthAfrica", "BantuSouthAfrica", "BantuSouthAfrica", "BantuSouthAfrica", "BantuSouthAfrica", "BantuSouthAfrica", "Basque", "Basque", "Basque", "Basque", "Bedouin", "Bedouin", "Bedouin", "BiakaPygmy", "BiakaPygmy", "BiakaPygmy", "BiakaPygmy", "Burusho", "Burusho", "Burusho", "Burusho", "Burusho", "Cambodian", "Cambodian", "Cambodian", "Cambodian", "Colombian", "Colombian", "Colombian", "Colombian", "Daur", "Daur", "Daur", "Daur", "Druze", "Druze", "Kalash", "Kalash", "Kalash", "Kalash", "Kalash", "Lahu", "Mandenka", "Mandenka", "Maya", "Maya", "MbutiPygmy", "Melanesian", "Mongola", "Mongola", "Mozabite", "Palestinian", "Papuan", "Pima", "Russian"],
  "targets": ["Balochi", "Burusho", "Maya", "Mozabite", "Russian", "Basque", "Druze", "Kalash", "Papuan", "BantuSouthAfrica", "Mandenka", "MbutiPygmy", "San", "Yoruba", "BiakaPygmy", "Mandenka", "MbutiPygmy", "Melanesian", "San", "Yoruba", "Druze", "Kalash", "Papuan", "Russian", "Druze", "Palestinian", "Pima", "Mandenka", "MbutiPygmy", "San", "Yoruba", "Lahu", "Maya", "Palestinian", "Russian", "Yakut", "Lahu", "Mongola", "Uygur", "Yi", "Daur", "Lahu", "Maya", "Pima", "Lahu", "Maya", "Yakut", "Yi", "Kalash", "Palestinian", "Mongola", "Palestinian", "Papuan", "Uygur", "Yi", "Mongola", "Mozabite", "Yoruba", "Mongola", "Pima", "Pima", "Papuan", "Yakut", "Yi", "Pima", "Russian", "Yi", "Yakut", "Yakut"],
  "weights": [2.6018, 3.961, 3.0587, 3.7148, 2.5365, 2.3617, 2.0209, 1.9714, 3.184, 4.5877, 4.0087, 4.5836, 7.1452, 4.089, 5.3988, 4.2621, 4.5782, 6.2847, 8.2653, 4.4691, 2.2572, 2.5591, 3.7364, 2.0038, 1.813, 2.4612, 4.2586, 4.7852, 5.7642, 7.6, 4.3632, 3.3152, 4.2804, 3.0503, 2.7679, 3.0733, 2.2763, 1.5883, 2.5373, 2.1228, 2.0804, 1.9933, 1.3136, 3.6065, 2.3237, 2.3683, 3.7753, 2.2626, 2.2345, 2.1111, 3.9308, 2.7161, 3.3574, 2.9906, 3.7914, 2.1504, 4.8323, 3.339, 2.3003, 3.5975, 7.3214, 3.7707, 2.0879, 2.2661, 4.8186, 2.4585, 3.834, 3.9373, 3.0894],
  "loci": ["rs336031", "rs17021886", "rs336030", "rs10192788", "rs17021897", "rs6741148", "rs7557493", "rs163077", "rs163078", "rs2855658", "rs10916", "rs1800440", "rs9341252", "rs162556", "rs10175338", "rs2447753", "rs2435962", "rs149425", "rs17490770", "rs162329", "rs162330", "rs232542", "rs232541", "rs11886702", "rs10490621", "rs11124634", "rs232544", "rs232553", "rs1108460", "rs10204598", "rs2432661", "rs17491111", "rs232624", "rs232610", "rs17022114", "rs232606", "rs232603", "rs184577", "rs11677850", "rs6730133"]
}
