{
  "id": "EdgeSet0889",
  "sources": ["Adygei", "Adygei", "Adygei", "Adygei", "Balochi", "Balochi", "Balochi", "Balochi", "Balochi", "BantuKenya", "BantuKenya", "BantuKenya", "BantuKenya", "BantuSouthAfrica", "BantuSouthAfrica", "BantuSouthAfrica", "BantuSouthAfrica", "Basque", "Basque", "Basque", "Basque", "Basque", "Bedouin", "Bedouin", "Bedouin", "Bedouin", "Bedouin", "BiakaPygmy", "BiakaPygmy", "BiakaPygmy", "Burusho", "Burusho", "Burusho", "Burusho", "Burusho", "Cambodian", "Cambodian", "Cambodian", "Colombian", "Colombian", "Colombian", "Colombian", "Daur", "Daur", "Daur", "Druze", "Druze", "Druze", "Druze", "Kalash", "Kalash", "Kalash", "Kalash", "Lahu", "Lahu", "Lahu", "Mandenka", "Mandenka", "Mandenka", "Maya", "Maya", "Maya", "MbutiPygmy", "MbutiPygmy", "MbutiPygmy", "Melanesian", "Melanesian", "Mongola", "Mongola", "Mongola", "Pima", "Yakut"],
  "targets": ["Balochi", "Basque", "Druze", "Russian", "Basque", "Bedouin", "Daur", "Uygur", "Yakut", "BiakaPygmy", "Mandenka", "Mozabite", "Yoruba", "BiakaPygmy", "Mandenka", "San", "Yoruba", "Burusho", "Druze", "Kalash", "Papuan", "Russian", "Burusho", "Colombian", "Mozabite", "Palestinian", "Russian", "MbutiPygmy", "Pima", "San", "Colombian", "Daur", "Druze", "Kalash", "Palestinian", "Lahu", "Melanesian", "Mongola", "Maya", "Pima", "Uygur", "Yi", "Lahu", "Yakut", "Yi", "Kalash", "Mozabite", "Palestinian", "Russian", "Mozabite", "Palestinian", "Russian", "Uygur", "Papuan", "Yakut", "Yi", "Mozabite", "San", "Yoruba", "Pima", "Yakut", "Yi", "Palestinian", "Pima", "San", "Papuan", "Uygur", "Papuan", "Uygur", "Yi", "Yi", "Yi"],
  "weights": [2.6409, 2.7313, 2.6675, 2.7697, 2.409, 1.8762, 3.7807, 2.3237, 2.8987, 4.9394, 2.4686, 4.2901, 2.4626, 5.5363, 4.1526, 4.8376, 3.7004, 3.6419, 2.6001, 3.2416, 4.3577, 1.7929, 2.6744, 4.1682, 1.9775, 2.0109, 2.3285, 7.0523, 10.7081, 5.4357, 3.7947, 2.7597, 2.8431, 3.2419, 2.9562, 1.8849, 2.6942, 2.8884, 3.2608, 7.7388, 3.4912, 4.636, 2.1408, 1.6665, 2.4142, 3.7322, 2.1773, 2.2796, 2.4284, 3.5355, 3.1536, 3.1123, 2.9016, 3.4661, 1.8777, 2.0018, 3.728, 4.0444, 2.3241, 6.3698, 3.6294, 3.9947, 6.4835, 10.7833, 6.9737, 2.9217, 3.5993, 3.6624, 3.0144, 2.7205, 8.2485, 2.0697],
  "loci": ["rs2887012", "rs938486", "rs2271666", "rs11547281", "rs938487", "rs3810831", "rs6753271", "rs6547705", "rs13001400", "rs4832054", "rs13400210", "rs12621901", "rs6709175", "rs1518722", "rs4971995", "rs4972001", "rs6710843", "rs12714206", "rs7075", "rs11684204", "rs7594862", "rs6705301", "rs6746682", "rs4426530", "rs9309641", "rs12467791", "rs988731", "rs11682584", "rs6547750", "rs2099825", "rs9309643", "rs2970925", "rs2919854", "rs2919852", "rs11676474", "rs4972174", "rs12614973", "rs2970911", "rs735679", "rs894198"]
}
