{
  "id": "EdgeSet0719",
  "sources": ["Adygei", "Adygei", "Adygei", "Adygei", "Adygei", "Adygei", "Adygei", "Adygei", "Adygei", "Balochi", "Balochi", "Balochi", "Balochi", "Balochi", "Balochi", "BantuKenya", "BantuKenya", "BantuKenya", "BantuKenya", "BantuSouthAfrica", "BantuSouthAfrica", "BantuSouthAfrica", "Basque", "Basque", "Bedouin", "Bedouin", "Bedouin", "Bedouin", "Bedouin", "BiakaPygmy", "BiakaPygmy", "BiakaPygmy", "Burusho", "Burusho", "Burusho", "Burusho", "Cambodian", "Cambodian", "Cambodian", "Cambodian", "Cambodian", "Colombian", "Colombian", "Colombian", "Daur", "Daur", "Daur", "Druze", "Druze", "Druze", "Kalash", "Kalash", "Lahu", "Lahu", "Mandenka", "Mandenka", "Maya", "Maya", "Maya", "MbutiPygmy", "MbutiPygmy", "Melanesian", "Melanesian", "Mongola", "Mongola", "Mozabite", "Mozabite", "Mozabite", "Palestinian", "Papuan", "Pima", "Uygur", "Yakut"],
  "targets": ["Balochi", "Basque", "Bedouin", "Burusho", "Maya", "Melanesian", "Palestinian", "Russian", "Yi", "Bedouin", "Burusho", "Colombian", "Druze", "Pima", "Yakut", "BantuSouthAfrica", "Mandenka", "Papuan", "Yoruba", "BiakaPygmy", "Mandenka", "Yoruba", "Kalash", "Russian", "Druze", "Maya", "Mozabite", "Palestinian", "Russian", "MbutiPygmy", "San", "Yoruba", "Druze", "Lahu", "Pima", "Yakut", "Lahu", "Maya", "Pima", "Yakut", "Yi", "Maya", "Papuan", "Uygur", "Lahu", "Mongola", "Yakut", "Kalash", "Mozabite", "Palestinian", "Melanesian", "Papuan", "Mongola", "Uygur", "MbutiPygmy", "Yoruba", "Pima", "Uygur", "Yakut", "San", "Yoruba", "Papuan", "Yi", "Yakut", "Yi", "Palestinian", "Papuan", "Yoruba", "Russian", "San", "Yi", "Yi", "Yi"],
  "weights": [2.8281, 2.9263, 2.3163, 3.5235, 3.6519, 5.4596, 2.3725, 2.9318, 4.5753, 2.3425, 2.8809, 4.1737, 2.5362, 4.1923, 2.5296, 3.7315, 3.0099, 6.876, 2.9869, 3.1369, 3.2478, 3.5983, 2.2231, 2.9122, 1.9944, 3.211, 2.2938, 1.364, 2.6059, 2.9592, 7.1927, 3.4797, 3.1111, 4.9252, 4.7878, 3.0867, 4.5677, 3.7023, 4.2366, 2.8872, 3.1723, 3.2404, 6.5651, 3.4906, 4.15, 1.7301, 2.9379, 2.7546, 2.4515, 1.9088, 4.6639, 4.9351, 4.3513, 4.4797, 3.501, 3.0849, 3.8271, 3.5144, 4.1382, 7.148, 3.8357, 3.8135, 5.3707, 2.8425, 3.0269, 2.2455, 5.2075, 4.4213, 2.6029, 10.8139, 4.495, 2.5051, 2.409],
  "loci": ["rs7558466", "rs6546353", "rs10439493", "rs17034864", "rs7582426", "rs17034884", "rs10203061", "rs4671871", "rs9808513", "rs7575344", "rs11681944", "rs11126175", "rs4671873", "rs921248", "rs17034987", "rs1075454", "rs744636", "rs2861798", "rs751759", "rs17523693", "rs6757906", "rs4078978", "rs13009282", "rs2278789", "rs17035037", "rs12713631", "rs1868402", "rs12994570", "rs6758449", "rs7560138", "rs1822468", "rs10496161", "rs3732042", "rs1530392", "rs6746740", "rs766405", "rs6546371", "rs10179521", "rs4671898", "rs13383631"]
}
