{
  "id": "EdgeSet0489",
  "sources": ["Adygei", "Adygei", "Adygei", "Adygei", "Adygei", "Balochi", "Balochi", "Balochi", "Balochi", "Balochi", "BantuKenya", "BantuKenya", "BantuKenya", "BantuKenya", "BantuSouthAfrica", "BantuSouthAfrica", "BantuSouthAfrica", "BantuSouthAfrica", "BantuSouthAfrica", "Basque", "Basque", "Basque", "Basque", "Bedouin", "Bedouin", "Bedouin", "Bedouin", "BiakaPygmy", "BiakaPygmy", "BiakaPygmy", "Burusho", "Burusho", "Burusho", "Burusho", "Burusho", "Cambodian", "Cambodian", "Cambodian", "Cambodian", "Cambodian", "Cambodian", "Colombian", "Colombian", "Colombian", "Colombian", "Colombian", "Daur", "Daur", "Daur", "Daur", "Druze", "Druze", "Druze", "Kalash", "Kalash", "Kalash", "Kalash", "Lahu", "Lahu", "Lahu", "Lahu", "Mandenka", "Mandenka", "Maya", "Maya", "MbutiPygmy", "MbutiPygmy", "MbutiPygmy", "Melanesian", "Melanesian", "Mongola", "Mozabite", "Mozabite", "Mozabite", "Mozabite", "Papuan", "Pima", "Pima", "Pima", "Russian", "Uygur", "Yakut"],
  "targets": ["Balochi", "Kalash", "Mozabite", "Palestinian", "Pima", "Basque", "Bedouin", "Daur", "Druze", "Mozabite", "BantuSouthAfrica", "BiakaPygmy", "Mandenka", "Yoruba", "MbutiPygmy", "Russian", "San", "Uygur", "Yoruba", "Bedouin", "Kalash", "Maya", "Russian", "Druze", "MbutiPygmy", "Mozabite", "Palestinian", "Mandenka", "MbutiPygmy", "San", "Colombian", "Druze", "Mongola", "Russian", "Yi", "Daur", "Lahu", "Maya", "Melanesian", "Mongola", "Yi", "Daur", "Maya", "Papuan", "Pima", "Yakut", "MbutiPygmy", "Mongola", "Yakut", "Yi", "Kalash", "Palestinian", "Uygur", "Maya", "Palestinian", "Pima", "Russian", "Maya", "Melanesian", "Uygur", "Yi", "Mozabite", "Yoruba", "Papuan", "Pima", "Mozabite", "San", "Yoruba", "Mongola", "Papuan", "Uygur", "Palestinian", "Pima", "Russian", "Uygur", "Uygur", "San", "Uygur", "Yakut", "Yakut", "Yi", "Yi"],
  "weights": [3.3979, 2.9202, 3.6187, 3.1382, 5.5042, 2.7136, 2.3475, 5.4463, 2.5112, 3.0154, 3.6811, 3.4066, 2.8939, 2.8257, 4.0085, 4.8786, 4.4742, 5.2941, 2.6433, 2.2282, 2.5139, 3.4573, 2.5949, 1.8607, 4.7811, 2.6435, 1.698, 3.3504, 4.7917, 4.4371, 3.5273, 2.7621, 3.0828, 3.3795, 3.4494, 3.4344, 4.362, 3.9047, 4.7584, 3.2626, 3.4259, 4.085, 2.7594, 3.5398, 5.2787, 4.3169, 6.5211, 3.256, 3.8591, 3.6474, 2.3272, 2.2408, 3.1432, 3.3781, 2.4751, 5.1208, 2.9811, 4.5821, 4.5931, 3.9579, 4.0236, 3.6788, 1.8394, 2.9001, 5.3167, 4.7603, 5.2939, 4.1144, 4.4665, 2.6125, 3.2111, 2.8756, 5.8752, 3.5177, 5.015, 3.5568, 7.8202, 6.7818, 5.1774, 4.1063, 2.9305, 3.2168],
  "loci": ["rs1020445", "rs7604415", "rs4952805", "rs10205024", "rs3820729", "rs11125055", "rs951012", "rs281476", "rs7601785", "rs281472", "rs1530668", "rs2594489", "rs281508", "rs3738894", "rs14138", "rs281505", "rs281501", "rs281498", "rs281497", "rs281489", "rs882586", "rs183984", "rs281484", "rs281482", "rs885181", "rs2594499", "rs6728851", "rs1838793", "rs4245806", "rs4952809", "rs4245808", "rs4953334", "rs714104", "rs11888552", "rs4337520", "rs6742517", "rs11681778", "rs7564967", "rs881547", "rs11688133"]
}
