{
  "id": "EdgeSet0525",
  "sources": ["Adygei", "Adygei", "Adygei", "Adygei", "Adygei", "Adygei", "Balochi", "Balochi", "Balochi", "Balochi", "Balochi", "Balochi", "Balochi", "BantuKenya", "BantuKenya", "BantuKenya", "BantuKenya", "BantuKenya", "BantuKenya", "BantuKenya", "BantuSouthAfrica", "BantuSouthAfrica", "BantuSouthAfrica", "BantuSouthAfrica", "BantuSouthAfrica", "Basque", "Basque", "Basque", "Basque", "Bedouin", "Bedouin", "Bedouin", "Bedouin", "Bedouin", "Bedouin", "Bedouin", "BiakaPygmy", "BiakaPygmy", "BiakaPygmy", "Burusho", "Burusho", "Burusho", "Burusho", "Burusho", "Burusho", "Cambodian", "Cambodian", "Cambodian", "Cambodian", "Cambodian", "Colombian", "Colombian", "Colombian", "Colombian", "Colombian", "Daur", "Daur", "Daur", "Daur", "Druze", "Druze", "Kalash", "Lahu", "Lahu", "Lahu", "Mandenka", "Maya", "Maya", "MbutiPygmy", "MbutiPygmy", "Melanesian", "Mongola", "Mongola", "Mongola", "Mongola", "Mozabite", "Mozabite", "Palestinian", "Pima", "Pima", "Pima", "Uygur", "Yakut"],
  "targets": ["Burusho", "Cambodian", "Druze", "Kalash", "Mozabite", "Russian", "Bedouin", "Cambodian", "Kalash", "Lahu", "Mongola", "Palestinian", "Russian", "BantuSouthAfrica", "Bedouin", "BiakaPygmy", "Mandenka", "MbutiPygmy", "Mozabite", "San", "BiakaPygmy", "Mandenka", "MbutiPygmy", "San", "Yoruba", "Burusho", "Kalash", "Palestinian", "Russian", "Cambodian", "Kalash", "Melanesian", "Mozabite", "Palestinian", "Papuan", "Russian", "Mandenka", "MbutiPygmy", "Yoruba", "Cambodian", "Colombian", "Druze", "Maya", "Papuan", "Uygur", "Daur", "Lahu", "Papuan", "Russian", "Yi", "Daur", "Maya", "Pima", "San", "Yi", "Maya", "MbutiPygmy", "Yakut", "Yi", "Melanesian", "Palestinian", "Palestinian", "Melanesian", "Papuan", "Yakut", "Yoruba", "Pima", "Russian", "San", "Yoruba", "Papuan", "Papuan", "Russian", "Uygur", "Yi", "Palestinian", "Papuan", "Russian", "Russian", "Yakut", "Yi", "Yi", "Yi"],
  "weights": [2.5461, 2.599, 2.2763, 2.576, 2.3771, 2.6673, 2.5919, 3.0314, 2.7518, 3.034, 3.4129, 2.17, 2.8628, 3.6625, 4.1827, 3.7843, 3.5685, 4.1376, 3.8858, 7.8217, 3.6946, 3.4547, 4.4259, 8.14, 3.2146, 3.4996, 2.8918, 2.4777, 3.2717, 3.4865, 2.9292, 3.5957, 2.3039, 2.0421, 2.9522, 3.5443, 3.6858, 4.078, 3.8942, 2.7692, 4.0196, 2.906, 3.633, 2.6398, 2.8505, 2.9546, 2.3788, 2.8066, 3.1686, 3.3238, 3.057, 2.9932, 3.7306, 8.9985, 3.4361, 3.1587, 6.2416, 3.2343, 3.052, 3.9041, 2.007, 2.3751, 3.6292, 2.977, 3.7057, 2.7156, 3.9817, 3.8888, 8.395, 4.8684, 3.4306, 3.448, 3.7036, 2.686, 3.1864, 2.1505, 3.3776, 2.5992, 4.8255, 4.6339, 3.9705, 3.055, 3.3985],
  "loci": ["rs2268363", "rs989359", "rs2268359", "rs1558607", "rs2300438", "rs2300437", "rs11125190", "rs2072486", "rs2072485", "rs1922466", "rs6746533", "rs2349413", "rs2349414", "rs917944", "rs1922469", "rs3788982", "rs17038059", "rs10171892", "rs13009588", "rs17038094", "rs1553476", "rs11694529", "rs1910566", "rs6545094", "rs1277460", "rs17038105", "rs1277459", "rs12465332", "rs13389334", "rs17038141", "rs3913665", "rs1504175", "rs1857706", "rs1504188", "rs1504189", "rs1882560", "rs11903014", "rs6724851", "rs13033004", "rs1504170"]
}
