{
  "id": "EdgeSet0969",
  "sources": ["Adygei", "Adygei", "Adygei", "Adygei", "Adygei", "Adygei", "Adygei", "Balochi", "Balochi", "Balochi", "Balochi", "Balochi", "Balochi", "BantuKenya", "BantuKenya", "BantuKenya", "BantuKenya", "BantuKenya", "BantuKenya", "BantuSouthAfrica", "BantuSouthAfrica", "BantuSouthAfrica", "BantuSouthAfrica", "BantuSouthAfrica", "Basque", "Basque", "Basque", "Bedouin", "Bedouin", "Bedouin", "Bedouin", "BiakaPygmy", "BiakaPygmy", "BiakaPygmy", "Burusho", "Burusho", "Burusho", "Burusho", "Cambodian", "Cambodian", "Cambodian", "Cambodian", "Colombian", "Colombian", "Colombian", "Daur", "Daur", "Daur", "Daur", "Daur", "Daur", "Druze", "Druze", "Druze", "Druze", "Kalash", "Kalash", "Lahu", "Lahu", "Lahu", "Lahu", "Mandenka", "Mandenka", "Mandenka", "Maya", "Maya", "Maya", "Maya", "MbutiPygmy", "Melanesian", "Melanesian", "Mongola", "Mongola", "Mozabite", "Mozabite", "Palestinian", "Papuan", "Papuan", "Pima", "San", "San", "Yakut"],
  "targets": ["Balochi", "Basque", "Bedouin", "Burusho", "Palestinian", "Russian", "Uygur", "Bedouin", "Burusho", "Druze", "Palestinian", "San", "Uygur", "BantuSouthAfrica", "BiakaPygmy", "Lahu", "Mandenka", "Mozabite", "Yoruba", "BiakaPygmy", "Mandenka", "MbutiPygmy", "Pima", "Yoruba", "Druze", "Palestinian", "Russian", "Druze", "Kalash", "Mozabite", "Palestinian", "MbutiPygmy", "Mozabite", "San", "Druze", "Kalash", "Maya", "Russian", "Lahu", "MbutiPygmy", "Melanesian", "Uygur", "Daur", "Maya", "Pima", "Maya", "MbutiPygmy", "Melanesian", "Uygur", "Yakut", "Yi", "Mongola", "Mozabite", "Palestinian", "Russian", "Palestinian", "Papuan", "MbutiPygmy", "Uygur", "Yakut", "Yi", "MbutiPygmy", "San", "Yoruba", "Pima", "Russian", "Uygur", "Yakut", "Yi", "Papuan", "Pima", "Yakut", "Yi", "Palestinian", "Pima", "Russian", "Pima", "Yakut", "San", "Yakut", "Yoruba", "Yi"],
  "weights": [2.1447, 2.5289, 2.2038, 2.8301, 1.9883, 2.8665, 3.0428, 2.1999, 2.3532, 2.0787, 1.8744, 6.2293, 2.7892, 3.4906, 3.3679, 5.0619, 2.9965, 3.5974, 2.8748, 3.673, 3.5203, 4.2698, 7.0005, 3.6324, 2.4914, 2.2569, 2.8085, 1.9576, 2.2765, 1.9364, 1.7827, 3.4975, 3.4284, 6.1385, 2.5755, 2.6573, 3.3232, 3.286, 3.4762, 4.1648, 3.3212, 1.9575, 3.3631, 2.4348, 5.4183, 2.7904, 5.451, 3.4462, 2.3412, 3.6502, 2.5439, 3.4018, 2.2334, 1.6925, 3.2448, 2.0589, 4.1728, 4.735, 4.232, 4.5804, 3.4444, 4.1836, 5.4768, 2.3564, 4.737, 3.0736, 2.9457, 4.0948, 4.744, 2.9026, 5.4994, 3.6998, 2.096, 2.0118, 5.0258, 2.5899, 5.8023, 4.4626, 8.3406, 7.0348, 4.4719, 3.7578],
  "loci": ["rs10170383", "rs10496397", "rs4851803", "rs12478989", "rs2084779", "rs1518611", "rs1224540", "rs1126240", "rs10201413", "rs11124048", "rs17031337", "rs7601184", "rs11897231", "rs7590257", "rs2044902", "rs17196637", "rs10496399", "rs10496400", "rs11680713", "rs12617710", "rs17031393", "rs7564636", "rs4485589", "rs12474808", "rs11685896", "rs896444", "rs12622971", "rs4851816", "rs6743358", "rs4851073", "rs4851074", "rs12478680", "rs876585", "rs10201112", "rs4851819", "rs4851079", "rs17031438", "rs6733999", "rs4851821", "rs4851822"]
}
