{
  "id": "EdgeSet0247",
  "sources": ["Adygei", "Adygei", "Adygei", "Adygei", "Adygei", "Adygei", "Balochi", "Balochi", "Balochi", "Balochi", "Balochi", "BantuKenya", "BantuKenya", "BantuKenya", "BantuKenya", "BantuKenya", "BantuKenya", "BantuSouthAfrica", "BantuSouthAfrica", "BantuSouthAfrica", "BantuSouthAfrica", "Basque", "Basque", "Basque", "Basque", "Basque", "Basque", "Basque", "Bedouin", "Bedouin", "Bedouin", "Bedouin", "BiakaPygmy", "BiakaPygmy", "BiakaPygmy", "Burusho", "Burusho", "Cambodian", "Cambodian", "Cambodian", "Cambodian", "Cambodian", "Cambodian", "Colombian", "Colombian", "Colombian", "Daur", "Daur", "Daur", "Daur", "Druze", "Druze", "Kalash", "Kalash", "Lahu", "Lahu", "Mandenka", "Mandenka", "Mandenka", "Maya", "Maya", "MbutiPygmy", "MbutiPygmy", "Melanesian", "Mongola", "Mongola", "Mongola", "Mongola", "Mozabite", "Palestinian", "Palestinian", "Papuan", "Russian", "San", "Uygur", "Uygur"],
  "targets": ["Balochi", "Basque", "Bedouin", "Druze", "Palestinian", "Uygur", "Burusho", "Druze", "Papuan", "Pima", "Uygur", "BantuSouthAfrica", "BiakaPygmy", "Mandenka", "MbutiPygmy", "San", "Yoruba", "BiakaPygmy", "Mandenka", "MbutiPygmy", "Yoruba", "Burusho", "Kalash", "Palestinian", "Russian", "Uygur", "Yakut", "Yi", "Burusho", "Druze", "Mozabite", "Palestinian", "MbutiPygmy", "Melanesian", "San", "Druze", "San", "Kalash", "Lahu", "MbutiPygmy", "Russian", "Yakut", "Yi", "Maya", "Pima", "Yakut", "Maya", "Melanesian", "Mongola", "Yakut", "Maya", "Russian", "Papuan", "Russian", "Uygur", "Yi", "Maya", "MbutiPygmy", "Yoruba", "Pima", "Yi", "Papuan", "San", "Papuan", "Papuan", "Uygur", "Yakut", "Yi", "Yoruba", "Russian", "Yi", "Russian", "Uygur", "Yoruba", "Yakut", "Yi"],
  "weights": [1.7418, 1.9123, 1.6006, 1.838, 1.5337, 2.0073, 2.3662, 1.9408, 3.3168, 3.2334, 1.9887, 3.8773, 5.5319, 3.3804, 5.4219, 6.642, 2.3576, 6.0099, 3.3816, 5.803, 3.0609, 2.6238, 2.7507, 1.8098, 2.4886, 2.5602, 2.9569, 3.7075, 2.5906, 1.8749, 2.8332, 1.6194, 6.1863, 6.8603, 7.746, 2.1038, 8.2581, 3.5653, 2.9417, 7.4164, 2.69, 3.1577, 2.9, 2.121, 1.8073, 3.2056, 3.556, 4.559, 2.4907, 1.846, 4.444, 2.5425, 3.2437, 2.805, 2.951, 2.6132, 5.2332, 5.6055, 2.5187, 2.5832, 3.4869, 6.6941, 8.2198, 3.5267, 3.3289, 1.9098, 2.4882, 1.8989, 3.2937, 2.4437, 2.9762, 3.0368, 3.6088, 6.4966, 2.2174, 2.3174],
  "loci": ["rs1374459", "rs7557676", "rs12617874", "rs6734383", "rs4665199", "rs17667100", "rs4665552", "rs12468314", "rs1530758", "rs1562752", "rs10194644", "rs1839415", "rs7574091", "rs1375866", "rs1449979", "rs17673557", "rs896020", "rs10495739", "rs1375868", "rs17673828", "rs1868591", "rs11684503", "rs12712887", "rs1449968", "rs7598792", "rs11677047", "rs2197957", "rs17674213", "rs1470672", "rs11685427", "rs4560066", "rs6719620", "rs1037301", "rs11689846", "rs12621867", "rs12172900", "rs2253405", "rs1438131", "rs1025703", "rs751029"]
}
