{
  "id": "EdgeSet0355",
  "sources": ["Adygei", "Adygei", "Adygei", "Adygei", "Adygei", "Adygei", "Adygei", "Balochi", "Balochi", "Balochi", "Balochi", "Balochi", "Balochi", "Balochi", "BantuKenya", "BantuKenya", "BantuKenya", "BantuKenya", "BantuKenya", "BantuSouthAfrica", "BantuSouthAfrica", "BantuSouthAfrica", "BantuSouthAfrica", "Basque", "Basque", "Basque", "Basque", "Basque", "Basque", "Bedouin", "Bedouin", "Bedouin", "Bedouin", "Bedouin", "BiakaPygmy", "BiakaPygmy", "BiakaPygmy", "Burusho", "Burusho", "Burusho", "Burusho", "Burusho", "Burusho", "Cambodian", "Cambodian", "Cambodian", "Colombian", "Colombian", "Colombian", "Colombian", "Colombian", "Colombian", "Daur", "Daur", "Daur", "Daur", "Daur", "Druze", "Druze", "Kalash", "Lahu", "Lahu", "Lahu", "Lahu", "Lahu", "Lahu", "Mandenka", "Mandenka", "Maya", "Maya", "MbutiPygmy", "Melanesian", "Melanesian", "Melanesian", "Mongola", "Mongola", "Mozabite", "Mozabite", "Mozabite", "Mozabite", "Uygur"],
  "targets": ["Basque", "Bedouin", "Daur", "Kalash", "Mongola", "Pima", "Russian", "Basque", "Druze", "Mongola", "Palestinian", "Russian", "Uygur", "Yakut", "BiakaPygmy", "Mandenka", "MbutiPygmy", "San", "Yoruba", "BiakaPygmy", "Mandenka", "MbutiPygmy", "San", "Colombian", "Daur", "Druze", "Mozabite", "Papuan", "Yi", "Druze", "Kalash", "Mozabite", "Palestinian", "Russian", "MbutiPygmy", "San", "Yoruba", "Daur", "Druze", "Kalash", "Papuan", "Pima", "Uygur", "Lahu", "Maya", "Yi", "Daur", "Maya", "Mongola", "Papuan", "Pima", "Yi", "Lahu", "Mongola", "Palestinian", "Uygur", "Yakut", "Mozabite", "Russian", "Palestinian", "Melanesian", "Mongola", "Russian", "Uygur", "Yakut", "Yi", "Mozabite", "Yoruba", "Pima", "Yakut", "San", "Mongola", "Palestinian", "Papuan", "Uygur", "Yakut", "Palestinian", "Papuan", "Russian", "Yoruba", "Yakut"],
  "weights": [2.538, 2.1623, 3.0422, 3.1166, 3.0156, 3.7118, 2.0624, 2.5592, 2.5778, 3.4971, 2.4679, 2.7143, 2.9636, 3.2324, 3.2627, 3.7651, 5.5349, 6.5098, 3.236, 4.1855, 4.3862, 4.8532, 6.6558, 3.62, 2.9898, 2.3769, 2.9973, 3.7802, 3.8573, 1.8452, 2.5145, 2.3617, 1.778, 2.1617, 4.7521, 5.7486, 3.7244, 3.3242, 3.5616, 4.105, 4.6184, 4.2634, 3.5499, 3.4995, 3.4345, 3.0624, 4.4403, 2.5653, 3.9276, 4.8161, 3.0638, 4.4028, 3.2272, 2.0569, 3.7729, 2.2862, 2.6184, 2.6574, 2.4707, 2.4285, 3.9515, 3.126, 5.7194, 3.1102, 3.1878, 3.87, 4.3442, 3.0187, 2.261, 3.3901, 6.8513, 3.2335, 3.3096, 3.4118, 2.4304, 2.6114, 2.4833, 4.9804, 3.0266, 4.4634, 2.559],
  "loci": ["rs2887973", "rs7583467", "rs10179790", "rs10495824", "rs11124380", "rs11891404", "rs1519918", "rs3845770", "rs7355314", "rs2371401", "rs1220222", "rs10165088", "rs1220211", "rs4670089", "rs10203553", "rs6717045", "rs7420776", "rs9917264", "rs2178046", "rs7575839", "rs1527616", "rs11683103", "rs6706888", "rs12989663", "rs6739366", "rs10201571", "rs2888082", "rs7580063", "rs6715411", "rs6543865", "rs3731951", "rs3115248", "rs3115238", "rs11897499", "rs1917410", "rs3115260", "rs1917416", "rs11902219", "rs1917418", "rs3108124"]
}
