{
  "id": "EdgeSet0334",
  "sources": ["Adygei", "Adygei", "Adygei", "Adygei", "Adygei", "Adygei", "Balochi", "Balochi", "Balochi", "Balochi", "Balochi", "Balochi", "Balochi", "BantuKenya", "BantuKenya", "BantuKenya", "BantuSouthAfrica", "BantuSouthAfrica", "BantuSouthAfrica", "BantuSouthAfrica", "BantuSouthAfrica", "Basque", "Basque", "Basque", "Basque", "Bedouin", "Bedouin", "Bedouin", "Bedouin", "BiakaPygmy", "BiakaPygmy", "BiakaPygmy", "BiakaPygmy", "Burusho", "Cambodian", "Cambodian", "Cambodian", "Cambodian", "Colombian", "Colombian", "Colombian", "Daur", "Daur", "Daur", "Daur", "Druze", "Druze", "Druze", "Druze", "Kalash", "Kalash", "Kalash", "Kalash", "Lahu", "Mandenka", "Maya", "Maya", "MbutiPygmy", "MbutiPygmy", "Melanesian", "Melanesian", "Melanesian", "Mongola", "Mongola", "Mongola", "Mozabite", "Palestinian", "Palestinian", "Papuan", "Papuan", "Pima"],
  "targets": ["Basque", "Burusho", "Maya", "Mozabite", "Palestinian", "Russian", "Bedouin", "Druze", "Maya", "Palestinian", "Pima", "Russian", "Uygur", "BantuSouthAfrica", "Mandenka", "San", "BiakaPygmy", "Mandenka", "MbutiPygmy", "San", "Yoruba", "Burusho", "Druze", "Mozabite", "Palestinian", "Burusho", "Daur", "Druze", "MbutiPygmy", "MbutiPygmy", "Mozabite", "San", "Yoruba", "Kalash", "Colombian", "Mongola", "Uygur", "Yakut", "Maya", "Mongola", "Pima", "Mongola", "Papuan", "Yakut", "Yi", "Lahu", "Mozabite", "Palestinian", "Russian", "Lahu", "Melanesian", "Russian", "Yakut", "Yi", "Yoruba", "Russian", "Uygur", "Pima", "San", "Mongola", "Papuan", "Uygur", "Papuan", "Yakut", "Yi", "Papuan", "Uygur", "Yakut", "San", "Yakut", "Russian"],
  "weights": [2.8139, 3.0902, 2.964, 3.1609, 2.4689, 2.085, 2.3384, 1.9951, 3.4004, 1.7667, 4.9442, 2.5811, 2.6776, 4.1438, 2.4733, 10.8891, 4.7454, 4.0941, 6.4173, 10.958, 3.9586, 3.1271, 2.6402, 3.0224, 2.7556, 2.9577, 4.0401, 1.9243, 6.8471, 5.126, 5.3138, 9.8404, 5.1667, 3.0144, 3.371, 2.4537, 1.9834, 2.3358, 3.2288, 3.6247, 2.7875, 2.0104, 3.6762, 1.5402, 1.8137, 3.4519, 2.923, 1.9314, 2.5751, 3.324, 3.2827, 3.0854, 3.054, 2.0765, 2.6854, 3.0628, 3.3985, 7.4275, 9.9392, 3.2991, 3.5273, 3.0867, 4.6431, 2.3683, 1.7306, 4.7001, 2.5307, 2.8778, 11.9673, 3.9697, 4.2134],
  "loci": ["rs219208", "rs4449182", "rs3769554", "rs1454312", "rs1028598", "rs1000951", "rs10490453", "rs2008845", "rs6722859", "rs7423562", "rs219200", "rs219077", "rs219079", "rs368858", "rs438695", "rs11896749", "rs11885904", "rs542631", "rs377892", "rs397240", "rs219099", "rs13030608", "rs219101", "rs218178", "rs218209", "rs218214", "rs17012565", "rs218218", "rs11124305", "rs10490450", "rs218223", "rs11904654", "rs218224", "rs11124308", "rs17325551", "rs218186", "rs7583121", "rs17397526", "rs218193", "rs7608890"]
}
