{
  "id": "EdgeSet0477",
  "sources": ["Adygei", "Adygei", "Adygei", "Adygei", "Adygei", "Balochi", "Balochi", "Balochi", "Balochi", "Balochi", "Balochi", "Balochi", "BantuKenya", "BantuKenya", "BantuKenya", "BantuKenya", "BantuKenya", "BantuSouthAfrica", "BantuSouthAfrica", "BantuSouthAfrica", "BantuSouthAfrica", "Basque", "Basque", "Basque", "Basque", "Basque", "Basque", "Bedouin", "Bedouin", "Bedouin", "Bedouin", "Bedouin", "Bedouin", "BiakaPygmy", "BiakaPygmy", "BiakaPygmy", "Burusho", "Burusho", "Burusho", "Burusho", "Cambodian", "Cambodian", "Colombian", "Colombian", "Colombian", "Colombian", "Daur", "Daur", "Daur", "Daur", "Daur", "Druze", "Druze", "Druze", "Druze", "Druze", "Kalash", "Kalash", "Kalash", "Lahu", "Mandenka", "Maya", "Maya", "MbutiPygmy", "MbutiPygmy", "Melanesian", "Mongola", "Palestinian", "Papuan", "San", "Uygur"],
  "targets": ["Bedouin", "Burusho", "Lahu", "Melanesian", "Palestinian", "Bedouin", "Cambodian", "Kalash", "Lahu", "Mongola", "Mozabite", "Palestinian", "BantuSouthAfrica", "BiakaPygmy", "Mandenka", "MbutiPygmy", "Yoruba", "BiakaPygmy", "Mandenka", "San", "Yoruba", "Burusho", "Maya", "Mozabite", "Palestinian", "Russian", "Uygur", "Druze", "Kalash", "MbutiPygmy", "Mozabite", "Palestinian", "Russian", "Mandenka", "MbutiPygmy", "San", "Daur", "Kalash", "Melanesian", "Uygur", "Lahu", "Yi", "Maya", "Pima", "Yakut", "Yi", "Maya", "Papuan", "Uygur", "Yakut", "Yi", "Mozabite", "Palestinian", "Papuan", "Uygur", "Yi", "Melanesian", "Uygur", "Yi", "Yakut", "Yoruba", "Pima", "Yoruba", "San", "Yoruba", "Papuan", "Yakut", "Russian", "Yi", "Yoruba", "Yakut"],
  "weights": [2.3928, 3.0193, 4.0873, 4.2681, 2.2742, 2.2644, 3.2193, 2.8911, 4.6236, 3.2831, 2.6946, 2.4156, 2.9348, 4.031, 2.545, 3.7172, 2.6264, 4.2077, 2.5656, 4.9644, 2.8123, 3.8501, 5.3437, 2.5577, 2.9585, 3.1918, 3.4109, 2.0692, 3.2145, 4.8534, 2.1626, 1.8686, 2.1005, 3.9424, 3.6424, 4.6179, 3.3141, 2.8871, 4.172, 2.9772, 3.3229, 2.9134, 3.5069, 3.4971, 4.3955, 4.0918, 4.5359, 3.5499, 2.6735, 2.7728, 2.8355, 1.9302, 1.9992, 3.5962, 2.3599, 2.8692, 3.9822, 2.4988, 2.8162, 4.2842, 2.1359, 3.5841, 5.8693, 3.854, 3.4851, 4.379, 2.0994, 2.2425, 3.5926, 4.001, 2.9348],
  "loci": ["rs17033859", "rs3821063", "rs6716630", "rs13402828", "rs13412964", "rs1878385", "rs718731", "rs7591446", "rs7599740", "rs1522993", "rs1403450", "rs10209296", "rs7583802", "rs6713298", "rs17323037", "rs1517001", "rs1589039", "rs938662", "rs614281", "rs6722418", "rs546639", "rs608139", "rs534288", "rs666214", "rs17033965", "rs3731949", "rs528349", "rs585156", "rs556650", "rs10207776", "rs2204204", "rs667747", "rs12185636", "rs506134", "rs10490342", "rs645565", "rs542413", "rs10490341", "rs628877", "rs629772"]
}
