{
  "id": "EdgeSet0319",
  "sources": ["Adygei", "Adygei", "Adygei", "Adygei", "Adygei", "Adygei", "Adygei", "Adygei", "Adygei", "Balochi", "Balochi", "Balochi", "BantuKenya", "BantuKenya", "BantuKenya", "BantuKenya", "BantuSouthAfrica", "BantuSouthAfrica", "BantuSouthAfrica", "Basque", "Basque", "Basque", "Basque", "Basque", "Bedouin", "Bedouin", "Bedouin", "Bedouin", "BiakaPygmy", "BiakaPygmy", "BiakaPygmy", "Burusho", "Burusho", "Burusho", "Burusho", "Cambodian", "Cambodian", "Cambodian", "Cambodian", "Cambodian", "Colombian", "Colombian", "Colombian", "Colombian", "Daur", "Daur", "Daur", "Druze", "Druze", "Druze", "Druze", "Kalash", "Kalash", "Lahu", "Lahu", "Lahu", "Lahu", "Mandenka", "Mandenka", "Maya", "Maya", "MbutiPygmy", "MbutiPygmy", "Melanesian", "Melanesian", "Mongola", "Mongola", "Mongola", "Mongola", "Mozabite", "Palestinian", "Papuan", "Papuan", "Pima", "San", "Uygur", "Yakut"],
  "targets": ["Basque", "Bedouin", "Kalash", "Maya", "Mongola", "Pima", "Russian", "Uygur", "Yi", "Basque", "Daur", "Russian", "BantuSouthAfrica", "BiakaPygmy", "Burusho", "Mandenka", "Mandenka", "MbutiPygmy", "Yoruba", "Daur", "Druze", "Kalash", "Pima", "Uygur", "Druze", "Kalash", "Mozabite", "Russian", "MbutiPygmy", "San", "Yoruba", "Colombian", "Daur", "Mongola", "Uygur", "Daur", "Kalash", "Lahu", "Melanesian", "Uygur", "Daur", "Maya", "Pima", "San", "Melanesian", "Russian", "Yi", "Melanesian", "Mozabite", "Palestinian", "Russian", "Maya", "San", "Mongola", "Pima", "San", "Yakut", "San", "Yoruba", "Melanesian", "Pima", "San", "Yoruba", "Papuan", "Yi", "Papuan", "Uygur", "Yakut", "Yi", "Palestinian", "Uygur", "Yi", "Yoruba", "Yakut", "Yoruba", "Yi", "Yi"],
  "weights": [1.9361, 2.0838, 2.9486, 2.8509, 3.3209, 3.0014, 2.5512, 2.173, 2.7239, 2.9121, 3.1228, 3.0188, 2.672, 3.7201, 6.0135, 2.8296, 2.2256, 5.2572, 3.1012, 3.1596, 2.3418, 3.1142, 3.0817, 2.5311, 1.4355, 2.9498, 1.7288, 2.1103, 5.6029, 9.0884, 3.8915, 4.6289, 3.2019, 3.3295, 2.8971, 2.8925, 3.6933, 2.3736, 3.2054, 2.5635, 5.0956, 3.3221, 3.6411, 10.6756, 3.1252, 3.2655, 2.4068, 3.6695, 2.0078, 2.0309, 2.3893, 2.8711, 9.6438, 2.0346, 3.5031, 9.9502, 2.3786, 8.9817, 3.3953, 4.209, 2.294, 10.8138, 4.73, 3.1464, 2.2386, 3.0858, 2.323, 2.0848, 1.9421, 1.9302, 2.7901, 2.4543, 6.1606, 3.4573, 9.0935, 1.9602, 2.155],
  "loci": ["rs13404171", "rs11686479", "rs2365200", "rs10490519", "rs2216831", "rs11888670", "rs2194463", "rs12621279", "rs6731612", "rs11903753", "rs2216832", "rs6543604", "rs6543606", "rs7560152", "rs1530394", "rs1947027", "rs12622868", "rs1443712", "rs10171858", "rs1443711", "rs1443709", "rs17010826", "rs12992405", "rs7570373", "rs6720151", "rs4951967", "rs4952053", "rs764072", "rs17010928", "rs10192210", "rs10204608", "rs4952055", "rs11124248", "rs12619859", "rs4952056", "rs12104508", "rs4952060", "rs1867329", "rs6728152", "rs11681503"]
}
