{
  "id": "EdgeSet0981",
  "sources": ["Adygei", "Adygei", "Adygei", "Adygei", "Adygei", "Adygei", "Balochi", "Balochi", "Balochi", "Balochi", "Balochi", "BantuKenya", "BantuKenya", "BantuKenya", "BantuKenya", "BantuSouthAfrica", "BantuSouthAfrica", "BantuSouthAfrica", "BantuSouthAfrica", "Basque", "Basque", "Bedouin", "Bedouin", "Bedouin", "BiakaPygmy", "BiakaPygmy", "BiakaPygmy", "BiakaPygmy", "Burusho", "Burusho", "Burusho", "Cambodian", "Cambodian", "Cambodian", "Cambodian", "Cambodian", "Colombian", "Colombian", "Colombian", "Colombian", "Daur", "Daur", "Daur", "Daur", "Daur", "Daur", "Druze", "Druze", "Druze", "Kalash", "Kalash", "Kalash", "Lahu", "Lahu", "Lahu", "Lahu", "Mandenka", "Mandenka", "Mandenka", "Mandenka", "Mandenka", "Mandenka", "Maya", "Maya", "MbutiPygmy", "MbutiPygmy", "Melanesian", "Melanesian", "Mongola", "Mongola", "Mongola", "Mozabite", "Mozabite", "Palestinian", "Papuan", "Uygur", "Uygur"],
  "targets": ["Balochi", "Basque", "Bedouin", "Burusho", "Druze", "Palestinian", "Cambodian", "Colombian", "Daur", "Druze", "Pima", "BantuSouthAfrica", "Mandenka", "San", "Yoruba", "BiakaPygmy", "MbutiPygmy", "San", "Yoruba", "Bedouin", "Maya", "Druze", "Palestinian", "Uygur", "MbutiPygmy", "Mozabite", "San", "Yoruba", "Kalash", "Lahu", "Maya", "Daur", "Kalash", "Melanesian", "Mongola", "Uygur", "Druze", "Papuan", "Pima", "Yakut", "Lahu", "Melanesian", "Mongola", "Papuan", "Uygur", "Yi", "Palestinian", "Russian", "Yakut", "Palestinian", "Papuan", "Russian", "Maya", "Pima", "San", "Yi", "Mozabite", "Palestinian", "Russian", "San", "Yakut", "Yoruba", "Pima", "San", "San", "Yakut", "Papuan", "Pima", "San", "Yakut", "Yi", "Palestinian", "Yoruba", "Russian", "Yi", "Yakut", "Yi"],
  "weights": [2.3083, 2.035, 1.9787, 2.7094, 2.0048, 2.0862, 3.2882, 2.7745, 2.5285, 2.1833, 2.8619, 4.4686, 4.395, 9.8093, 3.9853, 4.5307, 5.2229, 8.7753, 3.7902, 2.241, 3.9671, 1.7489, 1.7405, 2.7357, 4.8518, 4.2168, 9.2237, 3.3805, 2.392, 4.1878, 3.8976, 1.8245, 3.7127, 1.9352, 2.7823, 2.2233, 3.3746, 2.9853, 2.57, 3.1903, 3.271, 2.2388, 2.4056, 2.3309, 1.7209, 1.8632, 1.9762, 2.7627, 3.3879, 3.14, 4.5214, 3.3259, 4.3919, 4.7818, 9.5761, 3.7253, 3.4364, 3.7288, 4.2082, 9.512, 5.8398, 3.4363, 2.4986, 9.2917, 9.2645, 7.0175, 2.5932, 2.3866, 10.0884, 2.3318, 2.5211, 2.4487, 3.3404, 2.7104, 2.9842, 2.6546, 2.5378],
  "loci": ["rs6543438", "rs13393451", "rs12613145", "rs17220280", "rs1551718", "rs17286241", "rs4487086", "rs17033205", "rs11693050", "rs6721068", "rs1448103", "rs1375000", "rs1868255", "rs1006413", "rs10182443", "rs4577275", "rs1345198", "rs1470590", "rs10191793", "rs10182025", "rs10514795", "rs13388051", "rs7607147", "rs13384571", "rs6543445", "rs877693", "rs6712885", "rs12615112", "rs2034357", "rs1375005", "rs17033380", "rs4676305", "rs11124137", "rs17033416", "rs10175212", "rs10865075", "rs11681787", "rs2108208", "rs1448120", "rs4676309"]
}
