{
  "id": "EdgeSet0492",
  "sources": ["Adygei", "Adygei", "Adygei", "Adygei", "Adygei", "Adygei", "Balochi", "Balochi", "Balochi", "Balochi", "Balochi", "BantuKenya", "BantuKenya", "BantuKenya", "BantuKenya", "BantuKenya", "BantuKenya", "BantuSouthAfrica", "BantuSouthAfrica", "BantuSouthAfrica", "BantuSouthAfrica", "Basque", "Basque", "Basque", "Basque", "Basque", "Basque", "Bedouin", "Bedouin", "Bedouin", "Bedouin", "BiakaPygmy", "BiakaPygmy", "BiakaPygmy", "Burusho", "Burusho", "Burusho", "Cambodian", "Cambodian", "Cambodian", "Cambodian", "Cambodian", "Colombian", "Colombian", "Colombian", "Colombian", "Daur", "Daur", "Daur", "Daur", "Daur", "Druze", "Druze", "Druze", "Druze", "Kalash", "Lahu", "Lahu", "Lahu", "Mandenka", "Mandenka", "Maya", "Maya", "MbutiPygmy", "Melanesian", "Melanesian", "Melanesian", "Mongola", "Mozabite", "Palestinian", "Papuan", "Uygur", "Uygur"],
  "targets": ["Balochi", "Basque", "Cambodian", "Druze", "Mozabite", "Palestinian", "Bedouin", "Kalash", "Mongola", "Palestinian", "Russian", "BantuSouthAfrica", "BiakaPygmy", "Mandenka", "MbutiPygmy", "Yi", "Yoruba", "BiakaPygmy", "Papuan", "San", "Yoruba", "Burusho", "Cambodian", "Colombian", "Melanesian", "Papuan", "Russian", "Kalash", "Mozabite", "Palestinian", "Russian", "Burusho", "Mandenka", "MbutiPygmy", "Druze", "Uygur", "Yi", "Colombian", "Druze", "Lahu", "Melanesian", "Uygur", "Kalash", "Maya", "Pima", "Russian", "Lahu", "Mongola", "Papuan", "Uygur", "Yi", "Kalash", "Mozabite", "Palestinian", "Russian", "Pima", "Melanesian", "Papuan", "Yakut", "MbutiPygmy", "Yoruba", "Pima", "Yakut", "San", "Mongola", "Papuan", "Russian", "Papuan", "Palestinian", "Russian", "Yakut", "Yakut", "Yi"],
  "weights": [2.5278, 2.4604, 3.102, 1.917, 2.4125, 2.1526, 2.0675, 2.8632, 3.0738, 2.1043, 2.2403, 3.2784, 4.226, 3.5148, 4.0911, 4.7253, 3.1343, 4.9957, 6.5749, 5.1285, 3.7758, 3.2868, 3.0567, 3.3308, 4.0286, 5.2199, 2.056, 2.625, 1.8456, 2.0223, 1.9905, 5.6205, 4.2778, 4.1182, 3.248, 4.3215, 4.2482, 3.9334, 3.1487, 3.3402, 3.5445, 2.7548, 3.4666, 2.5137, 2.8686, 3.0625, 2.9477, 1.9201, 3.0636, 2.4675, 2.0814, 2.8333, 2.2178, 1.9907, 2.2292, 4.0251, 3.514, 3.1781, 2.9884, 4.2972, 3.2326, 2.1779, 2.621, 5.6746, 3.1818, 3.3678, 4.3325, 3.1809, 1.9809, 2.1417, 3.6809, 2.5498, 3.0784],
  "loci": ["rs1867786", "rs11894252", "rs2121266", "rs4952818", "rs7579899", "rs13403798", "rs7571879", "rs2044456", "rs6720535", "rs9973653", "rs6753302", "rs4953342", "rs4953344", "rs1868089", "rs11900910", "rs4953347", "rs6758592", "rs6726454", "rs4953352", "rs4953353", "rs6756667", "rs1868086", "rs1562452", "rs7589621", "rs1374748", "rs7583554", "rs3768728", "rs3768729", "rs3768730", "rs2346176", "rs4145836", "rs1374749", "rs6753127", "rs1992846", "rs7583088", "rs7571218", "rs13019268", "rs10495933", "rs1868092", "rs11689694"]
}
