{
  "id": "EdgeSet0611",
  "sources": ["Adygei", "Adygei", "Adygei", "Adygei", "Adygei", "Adygei", "Adygei", "Balochi", "Balochi", "Balochi", "Balochi", "BantuKenya", "BantuKenya", "BantuKenya", "BantuKenya", "BantuKenya", "BantuKenya", "BantuKenya", "BantuSouthAfrica", "BantuSouthAfrica", "BantuSouthAfrica", "Basque", "Basque", "Basque", "Basque", "Basque", "Bedouin", "Bedouin", "Bedouin", "Bedouin", "Bedouin", "BiakaPygmy", "BiakaPygmy", "BiakaPygmy", "Burusho", "Burusho", "Burusho", "Cambodian", "Cambodian", "Cambodian", "Colombian", "Colombian", "Colombian", "Colombian", "Colombian", "Daur", "Daur", "Daur", "Daur", "Daur", "Daur", "Druze", "Druze", "Druze", "Druze", "Kalash", "Kalash", "Lahu", "Lahu", "Mandenka", "Mandenka", "Maya", "MbutiPygmy", "MbutiPygmy", "Melanesian", "Melanesian", "Melanesian", "Melanesian", "Mongola", "Mongola", "Mozabite", "Palestinian", "Papuan", "Pima", "Russian", "San", "Yakut"],
  "targets": ["Balochi", "Basque", "Burusho", "Kalash", "Mozabite", "Russian", "Yakut", "Maya", "Melanesian", "Russian", "Yakut", "BantuSouthAfrica", "BiakaPygmy", "Mandenka", "MbutiPygmy", "Mozabite", "Palestinian", "Pima", "BiakaPygmy", "San", "Yoruba", "Burusho", "Druze", "Kalash", "Lahu", "Russian", "Burusho", "Druze", "Palestinian", "Yakut", "Yi", "Mandenka", "MbutiPygmy", "Yoruba", "Daur", "Melanesian", "Mongola", "Lahu", "Mongola", "Mozabite", "Maya", "Mongola", "Pima", "Russian", "Yakut", "Kalash", "Mongola", "Papuan", "Pima", "Uygur", "Yakut", "Kalash", "Mozabite", "Palestinian", "Uygur", "Papuan", "Russian", "Melanesian", "Yi", "MbutiPygmy", "Yoruba", "Pima", "San", "Yoruba", "Papuan", "San", "Uygur", "Yi", "Mozabite", "Uygur", "Palestinian", "Russian", "San", "San", "Yakut", "Yoruba", "Yi"],
  "weights": [2.1813, 2.4522, 2.922, 2.7033, 2.0411, 1.9235, 2.504, 3.2695, 4.2227, 2.2461, 2.2695, 4.2345, 3.4084, 3.1956, 4.4434, 4.062, 4.2858, 5.9847, 3.6824, 8.1982, 3.7508, 3.1151, 2.4028, 3.0361, 4.3666, 2.5878, 2.9509, 1.9237, 1.7356, 3.1092, 3.2438, 2.6705, 3.6766, 2.9638, 3.2282, 3.8014, 2.8123, 2.1683, 2.23, 2.7552, 1.9985, 4.5822, 3.3197, 3.2911, 2.6773, 3.4254, 2.6171, 4.1806, 3.945, 2.5248, 2.5956, 2.4166, 2.0333, 1.9121, 2.0497, 4.5057, 2.7193, 3.2183, 2.0907, 4.1142, 2.91, 3.3497, 9.6276, 4.0394, 3.726, 11.2232, 3.4118, 3.2121, 3.0072, 2.7465, 2.1502, 2.4458, 11.0872, 11.185, 2.6684, 8.9784, 2.4596],
  "loci": ["rs985792", "rs969302", "rs7602551", "rs12613716", "rs12623278", "rs11695736", "rs759615", "rs1468914", "rs4671277", "rs13016868", "rs214047", "rs214045", "rs1001471", "rs2111475", "rs214044", "rs7576924", "rs214042", "rs888281", "rs1549031", "rs7355411", "rs214038", "rs214036", "rs13396365", "rs2058870", "rs10203280", "rs12616518", "rs17268758", "rs10460555", "rs2111470", "rs9808416", "rs6706818", "rs2193481", "rs6545572", "rs6747380", "rs2032696", "rs6714635", "rs13432055", "rs13423780", "rs2193488", "rs17190254"]
}
