{
  "id": "EdgeSet0144",
  "sources": ["Adygei", "Adygei", "Adygei", "Adygei", "Adygei", "Adygei", "Adygei", "Balochi", "Balochi", "Balochi", "BantuKenya", "BantuKenya", "BantuKenya", "BantuSouthAfrica", "BantuSouthAfrica", "BantuSouthAfrica", "BantuSouthAfrica", "BantuSouthAfrica", "Basque", "Basque", "Basque", "Basque", "Bedouin", "Bedouin", "Bedouin", "BiakaPygmy", "BiakaPygmy", "BiakaPygmy", "Burusho", "Burusho", "Burusho", "Burusho", "Cambodian", "Cambodian", "Cambodian", "Cambodian", "Cambodian", "Cambodian", "Cambodian", "Cambodian", "Colombian", "Colombian", "Colombian", "Colombian", "Colombian", "Daur", "Daur", "Daur", "Daur", "Daur", "Druze", "Druze", "Druze", "Kalash", "Kalash", "Kalash", "Lahu", "Lahu", "Lahu", "Mandenka", "Mandenka", "Maya", "Maya", "Maya", "Maya", "MbutiPygmy", "Melanesian", "Melanesian", "Melanesian", "Mongola", "Mongola", "Mongola", "Palestinian", "Papuan", "Pima", "Russian", "Russian", "San"],
  "targets": ["Basque", "Bedouin", "Daur", "Druze", "Kalash", "Palestinian", "Russian", "Kalash", "Mozabite", "Papuan", "BantuSouthAfrica", "MbutiPygmy", "Yoruba", "BiakaPygmy", "MbutiPygmy", "Papuan", "San", "Yoruba", "Bedouin", "Kalash", "Russian", "San", "Druze", "Mozabite", "Palestinian", "Mandenka", "MbutiPygmy", "San", "Melanesian", "Russian", "Uygur", "Yakut", "Kalash", "Lahu", "Mongola", "Mozabite", "Papuan", "Uygur", "Yakut", "Yi", "Kalash", "Lahu", "Maya", "Pima", "Uygur", "Maya", "Mongola", "Pima", "Yakut", "Yi", "Mozabite", "Palestinian", "Russian", "Palestinian", "Papuan", "Yakut", "Melanesian", "Pima", "Yi", "MbutiPygmy", "Yoruba", "Melanesian", "Mongola", "Pima", "Uygur", "San", "Mongola", "Papuan", "Yi", "Pima", "Yakut", "Yi", "Russian", "Uygur", "Uygur", "Yakut", "Yi", "Yoruba"],
  "weights": [2.5118, 2.4031, 3.7549, 2.0917, 2.5815, 2, 2.4533, 3.1483, 3.0884, 3.8726, 4.8125, 4.107, 3.922, 4.5616, 4.4141, 5.9019, 6.1861, 3.7405, 2.9347, 3.6541, 2.7963, 8.925, 1.8231, 2.3323, 1.8494, 4.3604, 4.4285, 7.4392, 3.7897, 2.78, 3.527, 2.3487, 4.6301, 3.808, 2.8945, 3.2761, 4.0512, 2.7071, 2.4105, 3.172, 5.3184, 5.5292, 3.5374, 4.2307, 4.5574, 2.251, 2.6616, 3.817, 3.0788, 3.2426, 2.3179, 1.474, 2.2079, 2.791, 4.352, 3.5851, 4.0615, 5.3623, 3.483, 3.3393, 1.6939, 3.6667, 2.4504, 2.9803, 2.8035, 6.7941, 4.4725, 3.9205, 3.5781, 4.31, 2.8184, 3.262, 2.2927, 3.6988, 5.1793, 2.7418, 4.7074, 6.1887],
  "loci": ["rs10169963", "rs7606568", "rs10188470", "rs10495600", "rs779921", "rs6432310", "rs13011788", "rs779916", "rs11898082", "rs779914", "rs6432315", "rs4669862", "rs1401702", "rs4668771", "rs11675322", "rs7599581", "rs1519543", "rs2139380", "rs2139381", "rs939221", "rs871535", "rs7568831", "rs13395192", "rs11690210", "rs6432321", "rs11684315", "rs1401697", "rs11694463", "rs6715697", "rs559703", "rs651254", "rs2113810", "rs1519541", "rs10514648", "rs10490550", "rs515602", "rs10490549", "rs10490548", "rs10490547", "rs10929823"]
}
