{
  "id": "EdgeSet0924",
  "sources": ["Adygei", "Adygei", "Balochi", "Balochi", "Balochi", "Balochi", "BantuKenya", "BantuKenya", "BantuKenya", "BantuKenya", "BantuSouthAfrica", "BantuSouthAfrica", "BantuSouthAfrica", "BantuSouthAfrica", "BantuSouthAfrica", "Basque", "Basque", "Basque", "Basque", "Basque", "Bedouin", "Bedouin", "BiakaPygmy", "BiakaPygmy", "BiakaPygmy", "Burusho", "Burusho", "Burusho", "Burusho", "Burusho", "Cambodian", "Cambodian", "Cambodian", "Cambodian", "Colombian", "Colombian", "Colombian", "Daur", "Daur", "Daur", "Daur", "Druze", "Druze", "Druze", "Kalash", "Lahu", "Lahu", "Lahu", "Mandenka", "Mandenka", "Mandenka", "Maya", "MbutiPygmy", "MbutiPygmy", "Melanesian", "Melanesian", "Mongola", "Mongola", "Mongola", "Mozabite", "Palestinian", "Palestinian", "Pima", "Uygur"],
  "targets": ["Balochi", "Burusho", "Druze", "Kalash", "Palestinian", "Russian", "BiakaPygmy", "Mandenka", "Papuan", "Yoruba", "BiakaPygmy", "Mandenka", "MbutiPygmy", "Papuan", "Yoruba", "Bedouin", "Druze", "Kalash", "Russian", "Uygur", "Druze", "Mozabite", "Mandenka", "MbutiPygmy", "San", "Cambodian", "Mongola", "Palestinian", "Papuan", "Pima", "Daur", "Lahu", "Melanesian", "Papuan", "Maya", "MbutiPygmy", "Pima", "Mongola", "Uygur", "Yakut", "Yi", "Mozabite", "Palestinian", "Russian", "Russian", "Melanesian", "Uygur", "Yi", "MbutiPygmy", "Mozabite", "Yoruba", "Pima", "Papuan", "San", "Papuan", "Yi", "Uygur", "Yakut", "Yi", "Yi", "Russian", "Uygur", "Yakut", "Yakut"],
  "weights": [1.8165, 3.4081, 1.9111, 3.0878, 2.1528, 2.5007, 3.9577, 2.519, 5.3729, 2.3001, 4.3851, 3.7096, 5.7109, 6.2285, 3.4561, 3.4003, 3.0657, 3.9829, 3.1799, 3.9559, 1.3964, 1.537, 3.9527, 4.8559, 5.6696, 3.7452, 3.6835, 3.4514, 4.4248, 5.5166, 3.3495, 2.9199, 3.4862, 3.8246, 2.8981, 8.3237, 2.8993, 2.3921, 3.3519, 3.8033, 3.5698, 1.7706, 1.5829, 2.0591, 2.6224, 3.7197, 3.5818, 3.7908, 4.819, 4.4994, 2.6644, 2.5421, 7.1303, 7.4223, 4.8136, 4.673, 3.0925, 3.8954, 3.1631, 3.6767, 1.8851, 2.907, 6.4929, 3.4259],
  "loci": ["rs11123840", "rs2942904", "rs1513639", "rs17020649", "rs2942883", "rs10175405", "rs3112256", "rs2175792", "rs11123842", "rs4851370", "rs1513628", "rs12616239", "rs1567803", "rs2137671", "rs1567804", "rs1567805", "rs4074920", "rs12469700", "rs17024692", "rs964582", "rs12691175", "rs7582332", "rs6740105", "rs11897738", "rs7591855", "rs1955124", "rs13419188", "rs17024734", "rs7565018", "rs12467539", "rs6740234", "rs13426695", "rs11694387", "rs7419651", "rs17024792", "rs17024814", "rs7580771", "rs3811561", "rs3849377", "rs3888170"]
}
