{
  "id": "EdgeSet0375",
  "sources": ["Adygei", "Adygei", "Adygei", "Adygei", "Adygei", "Adygei", "Adygei", "Adygei", "Balochi", "Balochi", "Balochi", "Balochi", "BantuKenya", "BantuKenya", "BantuKenya", "BantuKenya", "BantuKenya", "BantuSouthAfrica", "BantuSouthAfrica", "BantuSouthAfrica", "BantuSouthAfrica", "Basque", "Basque", "Basque", "Basque", "Basque", "Bedouin", "Bedouin", "Bedouin", "BiakaPygmy", "BiakaPygmy", "BiakaPygmy", "BiakaPygmy", "Burusho", "Burusho", "Burusho", "Burusho", "Burusho", "Cambodian", "Cambodian", "Cambodian", "Cambodian", "Colombian", "Colombian", "Colombian", "Colombian", "Daur", "Daur", "Daur", "Daur", "Daur", "Daur", "Daur", "Druze", "Druze", "Druze", "Druze", "Druze", "Kalash", "Kalash", "Kalash", "Lahu", "Lahu", "Lahu", "Mandenka", "Mandenka", "Mandenka", "Maya", "Maya", "Maya", "MbutiPygmy", "MbutiPygmy", "MbutiPygmy", "MbutiPygmy", "Melanesian", "Melanesian", "Melanesian", "Mongola", "Mongola", "Mongola", "Palestinian", "Papuan", "Papuan", "Papuan", "Russian", "San", "Yakut"],
  "targets": ["Balochi", "Basque", "Bedouin", "BiakaPygmy", "Mozabite", "Palestinian", "Pima", "Russian", "Burusho", "Colombian", "Maya", "Melanesian", "BantuSouthAfrica", "Cambodian", "Mandenka", "MbutiPygmy", "Papuan", "BiakaPygmy", "Mandenka", "San", "Yoruba", "Daur", "Druze", "Lahu", "Maya", "Palestinian", "Druze", "Mozabite", "Palestinian", "Colombian", "Mandenka", "MbutiPygmy", "San", "Colombian", "Palestinian", "Papuan", "Russian", "Uygur", "Lahu", "Mongola", "Uygur", "Yi", "Lahu", "Maya", "Papuan", "Yakut", "Lahu", "Melanesian", "Mongola", "Russian", "Uygur", "Yakut", "Yi", "Kalash", "Lahu", "Mozabite", "Palestinian", "Russian", "Melanesian", "Mozabite", "Russian", "Mongola", "San", "Yi", "MbutiPygmy", "San", "Yoruba", "Papuan", "Pima", "Uygur", "Melanesian", "Mozabite", "Palestinian", "San", "Mongola", "Papuan", "San", "Uygur", "Yakut", "Yi", "Russian", "Pima", "Yakut", "Yi", "Yi", "Yoruba", "Yi"],
  "weights": [2.5377, 3.3265, 2.5107, 6.0029, 3.179, 2.3341, 3.6626, 3.2536, 2.6695, 4.2094, 2.3585, 4.7611, 3.5518, 4.9507, 2.83, 5.2943, 4.9602, 3.2242, 3.1968, 7.1343, 2.6046, 4.4521, 3.1323, 5.278, 3.5962, 3.0048, 2.0488, 2.5703, 2.1812, 5.2134, 3.3796, 5.2788, 7.8306, 3.7041, 2.9551, 3.7965, 4.476, 2.6468, 2.9163, 2.6702, 2.63, 2.5675, 3.3139, 2.6592, 2.9448, 2.9151, 2.7833, 3.6995, 1.8409, 4.1053, 2.4291, 2.4002, 2.0993, 2.8328, 3.8913, 2.768, 2.0238, 2.8698, 4.7255, 3.2578, 3.2005, 2.3889, 9.4399, 2.1536, 5.4499, 7.7526, 2.8373, 2.846, 3.1642, 2.482, 6.8549, 5.8079, 5.6532, 9.6989, 3.554, 4.2418, 9.7577, 2.0688, 2.0331, 1.8392, 3.1507, 4.1392, 4.2283, 3.538, 4.4871, 7.6258, 1.7619],
  "loci": ["rs4670143", "rs10190416", "rs17407330", "rs17407386", "rs7569878", "rs7608543", "rs10490674", "rs10200367", "rs6750395", "rs13014174", "rs7584784", "rs9308990", "rs982353", "rs717805", "rs4670544", "rs3770968", "rs12615281", "rs3770949", "rs3821165", "rs888076", "rs3770945", "rs4670549", "rs4670551", "rs3770939", "rs11124513", "rs4670552", "rs12466450", "rs17018690", "rs1465335", "rs3755214", "rs3821163", "rs4670145", "rs7595245", "rs3821161", "rs3770924", "rs3770920", "rs17038833", "rs876458", "rs3770911", "rs12996582"]
}
