{
  "id": "EdgeSet0739",
  "sources": ["Adygei", "Adygei", "Adygei", "Adygei", "Adygei", "Balochi", "Balochi", "Balochi", "Balochi", "BantuKenya", "BantuKenya", "BantuKenya", "BantuSouthAfrica", "BantuSouthAfrica", "BantuSouthAfrica", "BantuSouthAfrica", "Basque", "Basque", "Basque", "Basque", "Bedouin", "Bedouin", "Bedouin", "BiakaPygmy", "BiakaPygmy", "Burusho", "Burusho", "Cambodian", "Cambodian", "Cambodian", "Cambodian", "Cambodian", "Colombian", "Colombian", "Colombian", "Daur", "Daur", "Daur", "Daur", "Druze", "Druze", "Druze", "Kalash", "Kalash", "Kalash", "Lahu", "Lahu", "Lahu", "Lahu", "Mandenka", "Mandenka", "Mandenka", "Mandenka", "Maya", "Maya", "MbutiPygmy", "MbutiPygmy", "Melanesian", "Mongola", "Mongola", "Mongola", "Mozabite", "Palestinian", "Russian", "Russian", "Uygur"],
  "targets": ["Bedouin", "Burusho", "Cambodian", "Druze", "Palestinian", "Bedouin", "Mozabite", "Palestinian", "Uygur", "BiakaPygmy", "Mandenka", "Yoruba", "BiakaPygmy", "MbutiPygmy", "San", "Yoruba", "Daur", "Kalash", "Russian", "Yakut", "Druze", "Mozabite", "Palestinian", "San", "Yoruba", "Daur", "Palestinian", "Lahu", "MbutiPygmy", "Mongola", "Uygur", "Yi", "Lahu", "Maya", "Pima", "Mongola", "Uygur", "Yakut", "Yi", "Kalash", "Maya", "Russian", "Maya", "Palestinian", "Russian", "Melanesian", "Mongola", "Pima", "San", "MbutiPygmy", "Mozabite", "San", "Yoruba", "Pima", "Russian", "Mozabite", "San", "Papuan", "Pima", "Uygur", "Yi", "Yoruba", "Russian", "Uygur", "Yakut", "Yi"],
  "weights": [1.7105, 2.8444, 3.3963, 2.1351, 2.2052, 2.2332, 2.793, 1.9665, 2.73, 4.8621, 4.033, 4.0407, 3.0683, 5.7092, 5.2962, 3.8588, 2.8538, 2.9638, 2.4427, 3.2359, 1.5771, 2.794, 1.998, 5.5854, 3.661, 3.3708, 2.766, 4.1243, 6.8677, 2.4119, 2.5915, 2.8219, 6.0382, 2.2182, 4.6585, 2.8839, 2.7828, 2.9452, 3.3809, 2.9436, 3.9817, 1.888, 4.4677, 2.8424, 3.5482, 5.4026, 3.8325, 6.5673, 9.3892, 4.7001, 3.7771, 5.8063, 2.6322, 4.6454, 3.9377, 5.6547, 6.5797, 2.5001, 5.5703, 2.5619, 3.0802, 3.6634, 2.3552, 2.9021, 3.7534, 2.586],
  "loci": ["rs6749533", "rs6709121", "rs3771515", "rs17005644", "rs3771512", "rs1448927", "rs17005666", "rs1807968", "rs10179737", "rs7579830", "rs3771504", "rs3911077", "rs3911080", "rs3821262", "rs3771494", "rs3755377", "rs404420", "rs454305", "rs375668", "rs13393308", "rs731461", "rs426081", "rs6708768", "rs374640", "rs446086", "rs11466212", "rs7562947", "rs428225", "rs378322", "rs438242", "rs1523300", "rs10489984", "rs10489985", "rs4852650", "rs2215021", "rs2190649", "rs3915035", "rs10489987", "rs17005910", "rs11680093"]
}
