{
  "id": "EdgeSet0601",
  "sources": ["Adygei", "Adygei", "Adygei", "Adygei", "Adygei", "Balochi", "Balochi", "Balochi", "Balochi", "Balochi", "BantuKenya", "BantuKenya", "BantuSouthAfrica", "BantuSouthAfrica", "BantuSouthAfrica", "BantuSouthAfrica", "BantuSouthAfrica", "BantuSouthAfrica", "Basque", "Basque", "Basque", "Basque", "Basque", "Bedouin", "Bedouin", "Bedouin", "Bedouin", "BiakaPygmy", "BiakaPygmy", "BiakaPygmy", "BiakaPygmy", "Burusho", "Burusho", "Burusho", "Burusho", "Cambodian", "Cambodian", "Cambodian", "Cambodian", "Cambodian", "Colombian", "Colombian", "Daur", "Daur", "Daur", "Daur", "Daur", "Druze", "Druze", "Druze", "Kalash", "Lahu", "Lahu", "Lahu", "Lahu", "Mandenka", "Mandenka", "Mandenka", "Mandenka", "Maya", "Melanesian", "Melanesian", "Melanesian", "Mongola", "Mongola", "Mozabite", "Mozabite", "Papuan", "Papuan", "Pima", "San", "Uygur"],
  "targets": ["Bedouin", "Kalash", "Russian", "San", "Uygur", "Bedouin", "Burusho", "Daur", "Druze", "Pima", "Mandenka", "Yoruba", "BiakaPygmy", "Lahu", "Mandenka", "MbutiPygmy", "San", "Yoruba", "Druze", "Kalash", "Palestinian", "Papuan", "Russian", "Druze", "Mozabite", "Palestinian", "Pima", "Cambodian", "Mandenka", "MbutiPygmy", "San", "Cambodian", "Lahu", "Pima", "Russian", "Kalash", "Lahu", "Mongola", "Pima", "Yi", "Maya", "Pima", "Lahu", "Mongola", "Uygur", "Yakut", "Yi", "Mozabite", "Palestinian", "Russian", "Lahu", "MbutiPygmy", "Melanesian", "Mongola", "Yi", "MbutiPygmy", "Mozabite", "Palestinian", "Yoruba", "Melanesian", "Papuan", "Uygur", "Yakut", "Yakut", "Yi", "Palestinian", "Russian", "Uygur", "Yakut", "Russian", "Yoruba", "Yakut"],
  "weights": [2.9496, 4.3371, 3.2448, 8.0658, 3.7455, 2.2093, 2.1505, 2.6237, 2.0857, 3.5942, 2.3, 1.9258, 4.3688, 7.6097, 4.233, 5.8773, 6.0655, 4.6401, 1.6803, 3.8147, 1.9514, 2.703, 2.2651, 1.4937, 1.9416, 1.5246, 4.2834, 5.003, 3.7368, 5.1144, 6.0322, 2.8749, 5.3436, 3.6338, 2.43, 4.2325, 5.0428, 3.2567, 5.2507, 3.1193, 1.2005, 3.9369, 6.0482, 2.6013, 2.7618, 3.016, 1.7751, 1.7987, 1.305, 2.058, 6.8812, 8.0075, 6.9638, 5.5908, 5.6482, 4.7035, 3.1307, 3.1563, 2.3018, 5.2698, 3.1609, 4.1727, 4.1252, 2.7949, 2.8218, 1.7757, 2.4538, 3.8377, 3.501, 3.1089, 6.9646, 3.0761],
  "loci": ["rs2043713", "rs6746287", "rs10189439", "rs2576705", "rs6729144", "rs11894557", "rs6734415", "rs2589077", "rs13422645", "rs2920971", "rs12991861", "rs2864830", "rs3099080", "rs7600669", "rs1349885", "rs1902057", "rs11125567", "rs4672035", "rs4672040", "rs3828235", "rs4672045", "rs7593229", "rs7591128", "rs4671246", "rs7567744", "rs12622380", "rs12612931", "rs957267", "rs13011640", "rs17792521", "rs13032503", "rs12992408", "rs17369150", "rs3748944", "rs13028892", "rs12987272", "rs3748945", "rs12993624", "rs10496050", "rs13010217"]
}
