{
  "id": "EdgeSet0359",
  "sources": ["Adygei", "Adygei", "Adygei", "Adygei", "Adygei", "Adygei", "Balochi", "Balochi", "Balochi", "Balochi", "Balochi", "Balochi", "BantuKenya", "BantuKenya", "BantuKenya", "BantuKenya", "BantuSouthAfrica", "BantuSouthAfrica", "BantuSouthAfrica", "BantuSouthAfrica", "Basque", "Basque", "Basque", "Basque", "Bedouin", "Bedouin", "Bedouin", "Bedouin", "BiakaPygmy", "BiakaPygmy", "BiakaPygmy", "BiakaPygmy", "BiakaPygmy", "Burusho", "Burusho", "Burusho", "Burusho", "Burusho", "Cambodian", "Cambodian", "Cambodian", "Colombian", "Colombian", "Colombian", "Colombian", "Daur", "Daur", "Daur", "Druze", "Druze", "Druze", "Lahu", "Lahu", "Lahu", "Mandenka", "Mandenka", "Maya", "MbutiPygmy", "MbutiPygmy", "Melanesian", "Melanesian", "Mongola", "Mozabite", "Mozabite", "Palestinian", "Uygur", "Uygur"],
  "targets": ["Balochi", "Basque", "Burusho", "Kalash", "Russian", "Yakut", "Bedouin", "Burusho", "Kalash", "Mozabite", "Papuan", "Russian", "Mandenka", "MbutiPygmy", "Mozabite", "Yoruba", "BiakaPygmy", "Mandenka", "San", "Yoruba", "Druze", "Mozabite", "Palestinian", "Russian", "Druze", "Kalash", "Mozabite", "Palestinian", "Mandenka", "MbutiPygmy", "San", "Yakut", "Yoruba", "Kalash", "Maya", "Papuan", "Russian", "Uygur", "Lahu", "Mongola", "Uygur", "Lahu", "Maya", "MbutiPygmy", "Pima", "Mongola", "Uygur", "Yi", "Kalash", "Palestinian", "Russian", "Melanesian", "Mongola", "Yi", "San", "Yoruba", "Pima", "San", "Yoruba", "Papuan", "Yi", "Yakut", "Palestinian", "Yoruba", "Papuan", "Yakut", "Yi"],
  "weights": [2.1745, 1.6375, 3.3047, 2.5426, 1.8264, 3.9303, 2.0072, 2.4626, 2.1994, 3.3998, 4.0301, 2.2537, 4.0961, 4.8222, 4.1498, 3.6567, 5.4552, 3.3037, 8.7422, 3.7921, 1.872, 2.3537, 1.811, 2.0526, 1.453, 2.2005, 2.3686, 1.3248, 4.9612, 6.021, 9.2205, 7.1698, 4.4969, 2.5265, 3.6261, 4.1987, 2.6315, 2.7262, 3.205, 2.9215, 3.2476, 6.0911, 2.764, 5.9204, 3.0172, 2.8041, 2.9651, 2.8559, 1.9395, 1.5982, 2.1739, 6.0393, 4.3817, 4.7967, 8.2392, 3.0767, 1.6208, 8.559, 5.2751, 4.9707, 4.9624, 2.5828, 2.4792, 4.2474, 4.0882, 2.3544, 3.3874],
  "loci": ["rs13386676", "rs6760654", "rs17326727", "rs10204114", "rs17015980", "rs17387182", "rs2290383", "rs10495833", "rs17398711", "rs2888114", "rs1453266", "rs13416097", "rs1169255", "rs1993218", "rs6746716", "rs1573957", "rs12712411", "rs1922353", "rs1922356", "rs1922364", "rs1971830", "rs17016153", "rs4588165", "rs2119082", "rs6753039", "rs6717658", "rs2218144", "rs17016258", "rs2119083", "rs11124417", "rs968059", "rs1371500", "rs11124419", "rs12995641", "rs13403909", "rs4670450", "rs1439859", "rs13012070", "rs11887414", "rs17038724"]
}
