{
  "id": "EdgeSet0128",
  "sources": ["Adygei", "Adygei", "Adygei", "Adygei", "Adygei", "Adygei", "Balochi", "Balochi", "Balochi", "Balochi", "Balochi", "Balochi", "Balochi", "BantuKenya", "BantuKenya", "BantuKenya", "BantuSouthAfrica", "BantuSouthAfrica", "BantuSouthAfrica", "Basque", "Basque", "Basque", "Bedouin", "Bedouin", "BiakaPygmy", "BiakaPygmy", "BiakaPygmy", "Burusho", "Burusho", "Cambodian", "Cambodian", "Cambodian", "Cambodian", "Cambodian", "Cambodian", "Cambodian", "Colombian", "Colombian", "Colombian", "Daur", "Daur", "Daur", "Daur", "Druze", "Druze", "Druze", "Druze", "Kalash", "Kalash", "Lahu", "Lahu", "Mandenka", "Mandenka", "Maya", "Maya", "MbutiPygmy", "MbutiPygmy", "Melanesian", "Melanesian", "Melanesian", "Melanesian", "Mongola", "Mongola", "Mongola", "Mongola", "Mongola", "Mozabite", "Palestinian", "Papuan", "Russian", "Uygur"],
  "targets": ["Balochi", "Bedouin", "Druze", "Mozabite", "Papuan", "Russian", "Bedouin", "Burusho", "Cambodian", "Melanesian", "Mongola", "Mozabite", "Papuan", "BantuSouthAfrica", "Mandenka", "Yoruba", "MbutiPygmy", "San", "Yoruba", "Burusho", "Palestinian", "Russian", "Druze", "Palestinian", "Mandenka", "MbutiPygmy", "San", "Kalash", "Lahu", "Daur", "Kalash", "MbutiPygmy", "Melanesian", "Mongola", "Papuan", "Yi", "Maya", "Pima", "Yakut", "Kalash", "Papuan", "Yakut", "Yi", "Palestinian", "Russian", "Uygur", "Yakut", "Palestinian", "Russian", "Papuan", "Yi", "San", "Yoruba", "Pima", "Yakut", "Papuan", "San", "Mongola", "Palestinian", "Papuan", "Yakut", "Papuan", "San", "Uygur", "Yakut", "Yi", "Palestinian", "Russian", "Uygur", "San", "Yi"],
  "weights": [2.26, 1.8058, 1.8916, 2.5027, 4.4744, 1.8787, 1.942, 2.4308, 4.0485, 3.0036, 2.7344, 2.4364, 3.6238, 3.2214, 2.7331, 2.3759, 6.4081, 5.8084, 3.8472, 2.8551, 2.4194, 2.3444, 1.4788, 1.592, 3.2293, 6.393, 5.1648, 2.961, 4.4052, 2.8102, 3.5804, 8.4245, 2.6055, 3.3126, 3.544, 3.5834, 1.2206, 1.8403, 2.3813, 2.8085, 3.0932, 1.9076, 2.9415, 1.6122, 2.0511, 2.2922, 2.579, 2.5003, 2.5162, 4.0563, 3.2834, 5.2214, 2.0384, 1.5006, 2.5623, 7.9832, 7.982, 2.9165, 2.9634, 2.7331, 2.476, 3.4719, 6.7046, 2.4361, 2.9842, 3.1463, 2.048, 2.1724, 4.3822, 6.6287, 2.4634],
  "loci": ["rs908275", "rs925748", "rs12478033", "rs10929716", "rs9287725", "rs6731491", "rs6750442", "rs6739182", "rs12614177", "rs4669694", "rs6752604", "rs7608117", "rs2037105", "rs10495579", "rs6751137", "rs908276", "rs1828930", "rs7589786", "rs11683786", "rs3732103", "rs921322", "rs8996", "rs6753921", "rs1515219", "rs11884214", "rs13404430", "rs6716817", "rs12479227", "rs4669700", "rs10203916", "rs753770", "rs12622447", "rs6432187", "rs10189756", "rs7424263", "rs4533449", "rs12990641", "rs4668723", "rs6716724", "rs10929734"]
}
