{
  "id": "EdgeSet0778",
  "sources": ["Adygei", "Adygei", "Adygei", "Adygei", "Adygei", "Balochi", "Balochi", "Balochi", "Balochi", "Balochi", "BantuKenya", "BantuKenya", "BantuKenya", "BantuKenya", "BantuSouthAfrica", "BantuSouthAfrica", "BantuSouthAfrica", "BantuSouthAfrica", "Basque", "Basque", "Basque", "Basque", "Basque", "Bedouin", "Bedouin", "Bedouin", "Bedouin", "Bedouin", "BiakaPygmy", "BiakaPygmy", "BiakaPygmy", "BiakaPygmy", "BiakaPygmy", "Burusho", "Burusho", "Burusho", "Burusho", "Burusho", "Cambodian", "Cambodian", "Cambodian", "Cambodian", "Colombian", "Colombian", "Colombian", "Daur", "Daur", "Daur", "Daur", "Druze", "Druze", "Druze", "Kalash", "Kalash", "Lahu", "Lahu", "Mandenka", "Mandenka", "Mandenka", "Mandenka", "Maya", "Maya", "Maya", "MbutiPygmy", "MbutiPygmy", "MbutiPygmy", "Melanesian", "Melanesian", "Mongola", "Mongola", "Mozabite", "Mozabite", "Palestinian", "Papuan", "Pima", "Pima", "Uygur"],
  "targets": ["Basque", "Druze", "Kalash", "Papuan", "Russian", "Basque", "Bedouin", "Kalash", "Maya", "Russian", "BantuSouthAfrica", "Burusho", "MbutiPygmy", "Yoruba", "Mandenka", "MbutiPygmy", "San", "Yoruba", "Kalash", "Mozabite", "Palestinian", "Pima", "Yi", "Cambodian", "Daur", "Melanesian", "Mozabite", "Palestinian", "Mandenka", "MbutiPygmy", "Palestinian", "San", "Yoruba", "Daur", "Maya", "Russian", "Uygur", "Yi", "Colombian", "Kalash", "Yakut", "Yi", "Lahu", "Maya", "Russian", "Lahu", "MbutiPygmy", "Mongola", "Russian", "Kalash", "Mozabite", "Palestinian", "Mozabite", "Russian", "Mongola", "Yi", "MbutiPygmy", "Russian", "San", "Yoruba", "Papuan", "Pima", "Uygur", "Mongola", "Mozabite", "San", "Papuan", "Yi", "Uygur", "Yi", "Russian", "Yoruba", "Yakut", "San", "Uygur", "Yi", "Yakut"],
  "weights": [2.3802, 1.5406, 2.1425, 4.079, 2.7684, 2.3131, 2.4862, 2.5305, 3.1568, 2.9689, 4.8258, 5.0127, 4.1145, 3.6579, 4.2732, 4.6592, 5.0437, 3.7131, 2.4464, 2.6954, 2.3172, 5.2802, 4.7461, 3.1119, 2.9693, 4.2853, 2.6833, 1.8439, 4.1665, 3.9729, 5.3456, 6.021, 3.7702, 3.0869, 3.6247, 3.3063, 3.3358, 3.5581, 3.9357, 3.0628, 2.573, 2.9649, 3.9376, 2.7287, 4.2996, 3.3631, 6.4015, 2.6028, 4.3051, 1.9357, 2.5076, 1.8494, 2.6879, 2.7762, 3.0831, 3.0645, 4.7101, 5.6723, 5.6492, 3.533, 4.314, 4.6784, 2.6084, 6.6254, 5.4792, 6.4738, 3.9139, 3.9645, 2.0417, 2.6824, 3.2214, 4.8218, 2.8471, 7.5041, 4.5591, 5.2879, 2.1915],
  "loci": ["rs3771833", "rs975664", "rs9808455", "rs11902071", "rs6727957", "rs12475818", "rs3771836", "rs759588", "rs3771840", "rs3771841", "rs10207441", "rs3821318", "rs3771846", "rs17010840", "rs2216307", "rs3771848", "rs12477554", "rs4627599", "rs4853116", "rs3821320", "rs4853119", "rs3771863", "rs10168411", "rs11684394", "rs1468900", "rs6717216", "rs7568535", "rs980545", "rs12328696", "rs13017967", "rs13018200", "rs4853125", "rs2422150", "rs1861430", "rs12612891", "rs10490307", "rs10490308", "rs2160369", "rs2216103", "rs12469135"]
}
