{
  "id": "EdgeSet0943",
  "sources": ["Adygei", "Adygei", "Adygei", "Adygei", "Adygei", "Adygei", "Balochi", "Balochi", "Balochi", "Balochi", "BantuKenya", "BantuKenya", "BantuKenya", "BantuKenya", "BantuSouthAfrica", "BantuSouthAfrica", "BantuSouthAfrica", "Basque", "Basque", "Basque", "Bedouin", "Bedouin", "Bedouin", "Bedouin", "Bedouin", "BiakaPygmy", "BiakaPygmy", "BiakaPygmy", "BiakaPygmy", "Burusho", "Burusho", "Burusho", "Cambodian", "Cambodian", "Cambodian", "Cambodian", "Colombian", "Colombian", "Daur", "Daur", "Druze", "Druze", "Druze", "Kalash", "Lahu", "Lahu", "Lahu", "Lahu", "Lahu", "Mandenka", "Mandenka", "Mandenka", "Maya", "Maya", "MbutiPygmy", "MbutiPygmy", "MbutiPygmy", "Melanesian", "Melanesian", "Mongola", "Mongola", "Mozabite", "Palestinian", "Papuan", "Papuan", "Russian", "Yakut"],
  "targets": ["Basque", "Cambodian", "Druze", "Kalash", "Russian", "Uygur", "Basque", "Palestinian", "Russian", "Yi", "BantuSouthAfrica", "Mandenka", "San", "Yoruba", "BiakaPygmy", "MbutiPygmy", "Yoruba", "Kalash", "Mozabite", "Palestinian", "Burusho", "Druze", "Mozabite", "Palestinian", "Uygur", "Mandenka", "MbutiPygmy", "San", "Yoruba", "Kalash", "Melanesian", "Palestinian", "Daur", "Lahu", "Pima", "Yi", "Maya", "Pima", "Mongola", "Yakut", "Kalash", "Mozabite", "Palestinian", "Palestinian", "Melanesian", "Mongola", "Mozabite", "Uygur", "Yi", "Mozabite", "San", "Yoruba", "Pima", "Uygur", "Mozabite", "San", "Yoruba", "Papuan", "Yi", "Yakut", "Yi", "Uygur", "Russian", "San", "Yakut", "Uygur", "Yi"],
  "weights": [2.1043, 2.7578, 1.846, 2.4725, 2.4685, 2.3099, 3.0694, 3.3954, 2.9831, 3.4808, 4.7426, 3.7859, 6.8117, 3.3852, 5.2363, 5.0081, 4.7294, 2.4194, 2.9211, 2.2687, 2.5448, 1.3062, 2.1759, 1.3642, 2.125, 4.0514, 5.0724, 7.1345, 4.6647, 2.9979, 3.5626, 2.6108, 2.2064, 3.0369, 3.4055, 2.5199, 1.274, 1.1255, 1.2436, 2.3437, 2.2356, 2.3401, 1.7468, 2.3304, 3.1587, 2.1429, 4.6126, 2.5943, 2.2278, 4.2911, 6.1911, 3.636, 1.3763, 2.6032, 4.6515, 6.2936, 4.2477, 1.5249, 2.9715, 2.0208, 1.5677, 2.9339, 2.6149, 8.3387, 3.6818, 2.3398, 1.7412],
  "loci": ["rs11690532", "rs2141781", "rs17027255", "rs13018263", "rs759382", "rs6543146", "rs6737325", "rs6543148", "rs10207579", "rs1403548", "rs6741235", "rs4851604", "rs7601773", "rs4851017", "rs13019784", "rs11688802", "rs1403551", "rs741285", "rs6761291", "rs1523196", "rs11123936", "rs10193009", "rs2005881", "rs4851619", "rs17027517", "rs1861229", "rs1861228", "rs7573475", "rs17027547", "rs7593772", "rs957404", "rs6725806", "rs13011360", "rs6708609", "rs2058612", "rs3806581", "rs1008397", "rs1016160", "rs2215946", "rs2192669"]
}
