{
  "id": "EdgeSet0484",
  "sources": ["Adygei", "Adygei", "Adygei", "Adygei", "Adygei", "Adygei", "Balochi", "Balochi", "Balochi", "Balochi", "Balochi", "BantuKenya", "BantuKenya", "BantuKenya", "BantuKenya", "BantuSouthAfrica", "BantuSouthAfrica", "BantuSouthAfrica", "BantuSouthAfrica", "BantuSouthAfrica", "Basque", "Basque", "Basque", "Bedouin", "Bedouin", "Bedouin", "BiakaPygmy", "BiakaPygmy", "BiakaPygmy", "BiakaPygmy", "BiakaPygmy", "Burusho", "Burusho", "Burusho", "Burusho", "Burusho", "Cambodian", "Cambodian", "Cambodian", "Cambodian", "Colombian", "Colombian", "Colombian", "Colombian", "Daur", "Daur", "Daur", "Daur", "Druze", "Druze", "Druze", "Kalash", "Kalash", "Lahu", "Lahu", "Lahu", "Lahu", "Mandenka", "Maya", "Maya", "Maya", "MbutiPygmy", "Melanesian", "Melanesian", "Melanesian", "Mongola", "Mongola", "Mozabite", "Mozabite", "Palestinian", "Papuan", "Pima", "Pima", "Uygur"],
  "targets": ["Balochi", "Bedouin", "Palestinian", "Russian", "San", "Uygur", "BantuKenya", "Bedouin", "Burusho", "Mozabite", "Russian", "BantuSouthAfrica", "Mandenka", "MbutiPygmy", "Yoruba", "Mandenka", "MbutiPygmy", "Russian", "San", "Yoruba", "Cambodian", "Kalash", "Russian", "Druze", "Kalash", "Mozabite", "Mandenka", "MbutiPygmy", "Mozabite", "San", "Yoruba", "Lahu", "Papuan", "Uygur", "Yakut", "Yi", "Daur", "Lahu", "Mongola", "Papuan", "Maya", "Papuan", "Pima", "Yakut", "Lahu", "Mongola", "Yakut", "Yi", "Kalash", "Palestinian", "Russian", "Melanesian", "Palestinian", "Mongola", "Papuan", "Pima", "Yi", "Yoruba", "Mongola", "Pima", "Yi", "San", "Papuan", "Pima", "Uygur", "San", "Yakut", "Palestinian", "Yoruba", "Russian", "Yakut", "Uygur", "Yi", "Yakut"],
  "weights": [2.8062, 2.205, 2.7277, 2.6415, 6.8081, 3.1908, 3.7, 2.455, 3.62, 2.9522, 2.8845, 4.7356, 2.9685, 4.3422, 3.1726, 4.1421, 5.246, 5.9979, 5.6609, 4.4855, 3.3662, 2.7809, 2.3564, 2.1137, 2.3725, 2.3124, 3.8825, 3.9231, 4.3738, 4.4008, 3.6746, 3.8691, 3.722, 2.42, 3.1055, 3.0984, 2.9345, 3.7072, 3.4524, 3.5537, 5.0997, 5.9565, 5.342, 5.7381, 3.3907, 2.8121, 2.6913, 2.4677, 2.4828, 2.3273, 2.3909, 3.4854, 2.4817, 3.9405, 5.9108, 5.0506, 3.4923, 2.1283, 4.6215, 2.2294, 3.7462, 4.4999, 3.0448, 4.9769, 3.3595, 6.9158, 3.2584, 2.6093, 3.654, 2.7868, 4.3555, 4.0967, 3.991, 3.1788],
  "loci": ["rs10187908", "rs1375341", "rs1868388", "rs747032", "rs6720958", "rs13036100", "rs12999695", "rs10206343", "rs7578578", "rs2595191", "rs2711292", "rs2029087", "rs2711299", "rs2711295", "rs13023787", "rs11903566", "rs6751349", "rs12471357", "rs1463162", "rs2595199", "rs4953292", "rs2595202", "rs6715568", "rs6706140", "rs2595204", "rs2595205", "rs7607360", "rs11125043", "rs2711301", "rs1562651", "rs1562653", "rs6751933", "rs753572", "rs12464563", "rs2595211", "rs11677077", "rs6705717", "rs7594827", "rs2245633", "rs2595214"]
}
