{
  "id": "EdgeSet0713",
  "sources": ["Adygei", "Adygei", "Adygei", "Adygei", "Adygei", "Balochi", "Balochi", "Balochi", "Balochi", "Balochi", "BantuKenya", "BantuKenya", "BantuKenya", "BantuKenya", "BantuKenya", "BantuSouthAfrica", "BantuSouthAfrica", "BantuSouthAfrica", "BantuSouthAfrica", "BantuSouthAfrica", "Basque", "Basque", "Basque", "Basque", "Basque", "Bedouin", "Bedouin", "Bedouin", "Bedouin", "BiakaPygmy", "BiakaPygmy", "BiakaPygmy", "BiakaPygmy", "Burusho", "Burusho", "Burusho", "Burusho", "Burusho", "Cambodian", "Cambodian", "Cambodian", "Cambodian", "Cambodian", "Cambodian", "Colombian", "Colombian", "Daur", "Daur", "Daur", "Daur", "Daur", "Daur", "Daur", "Druze", "Druze", "Druze", "Kalash", "Kalash", "Kalash", "Kalash", "Lahu", "Lahu", "Mandenka", "Mandenka", "Maya", "Maya", "MbutiPygmy", "MbutiPygmy", "Melanesian", "Melanesian", "Mongola", "Mongola", "Mozabite", "Palestinian", "Papuan", "Pima", "Pima", "Yakut"],
  "targets": ["Bedouin", "Cambodian", "Mongola", "Mozabite", "Yoruba", "Bedouin", "Burusho", "Kalash", "Mongola", "Yi", "BantuSouthAfrica", "MbutiPygmy", "Papuan", "San", "Yoruba", "BiakaPygmy", "Mandenka", "MbutiPygmy", "San", "Yoruba", "Bedouin", "Druze", "Kalash", "Mozabite", "Russian", "Kalash", "Mozabite", "Palestinian", "Russian", "Mandenka", "MbutiPygmy", "Papuan", "Yoruba", "Kalash", "Mongola", "Papuan", "Pima", "Yi", "Colombian", "Kalash", "Lahu", "Melanesian", "Russian", "Yakut", "Maya", "Melanesian", "Druze", "Lahu", "MbutiPygmy", "Mongola", "Uygur", "Yakut", "Yi", "Melanesian", "Palestinian", "Russian", "Palestinian", "Pima", "Russian", "Uygur", "San", "Uygur", "MbutiPygmy", "Yoruba", "Pima", "Yakut", "Melanesian", "San", "Papuan", "Yakut", "Uygur", "Yi", "Palestinian", "Yi", "Yi", "Uygur", "Yi", "Yoruba"],
  "weights": [1.8863, 3.1386, 2.6673, 1.825, 3.7581, 1.9238, 2.4058, 2.0012, 2.4573, 3.2871, 5.0018, 5.5539, 5.7136, 6.2653, 4.0152, 4.9498, 4.4187, 5.4274, 6.2573, 3.9441, 1.9215, 1.4353, 1.9957, 1.7738, 2.4167, 2.5744, 1.9111, 1.8172, 2.5739, 4.3469, 5.2909, 5.9471, 4.038, 2.6125, 2.4227, 5.8315, 2.6128, 3.1841, 4.9437, 3.4653, 3.2529, 4.2739, 3.912, 4.3337, 1.9952, 4.0263, 4.2772, 3.3581, 5.8598, 3.0819, 3.004, 3.2125, 3.658, 3.4255, 1.8824, 2.6823, 2.2105, 2.9772, 2.5788, 2.4268, 7.7094, 3.3101, 4.3283, 2.8538, 2.15, 2.9288, 5.8922, 7.4933, 4.1899, 3.351, 2.484, 2.9753, 1.9634, 4.1241, 5.6527, 2.4132, 3.3702, 3.8092],
  "loci": ["rs9309403", "rs1367462", "rs1430762", "rs11692071", "rs7586232", "rs1978656", "rs4671839", "rs12465119", "rs4671841", "rs6735177", "rs4671196", "rs10496149", "rs1430770", "rs1864572", "rs1367458", "rs974482", "rs934311", "rs1367457", "rs4671197", "rs2861708", "rs10174757", "rs11883880", "rs10865365", "rs7607241", "rs10519126", "rs4671846", "rs10519124", "rs7580140", "rs13432159", "rs12713602", "rs2116051", "rs1346870", "rs1346869", "rs730424", "rs12713604", "rs11904674", "rs17034385", "rs934312", "rs4671849", "rs1367468"]
}
