{
  "id": "EdgeSet0112",
  "sources": ["Adygei", "Adygei", "Adygei", "Adygei", "Balochi", "Balochi", "Balochi", "Balochi", "Balochi", "Balochi", "Balochi", "Balochi", "BantuKenya", "BantuKenya", "BantuKenya", "BantuKenya", "BantuKenya", "BantuSouthAfrica", "BantuSouthAfrica", "BantuSouthAfrica", "BantuSouthAfrica", "BantuSouthAfrica", "BantuSouthAfrica", "BantuSouthAfrica", "Basque", "Basque", "Basque", "Basque", "Bedouin", "Bedouin", "Bedouin", "Bedouin", "BiakaPygmy", "BiakaPygmy", "BiakaPygmy", "BiakaPygmy", "Burusho", "Burusho", "Burusho", "Burusho", "Burusho", "Burusho", "Cambodian", "Cambodian", "Cambodian", "Cambodian", "Cambodian", "Cambodian", "Colombian", "Colombian", "Colombian", "Colombian", "Colombian", "Daur", "Daur", "Daur", "Daur", "Daur", "Druze", "Druze", "Druze", "Kalash", "Lahu", "Lahu", "Mandenka", "Mandenka", "Mandenka", "Mandenka", "Mandenka", "Mandenka", "Maya", "Maya", "Maya", "MbutiPygmy", "MbutiPygmy", "Melanesian", "Melanesian", "Melanesian", "Mongola", "Mongola", "Mozabite", "Papuan", "Pima", "Russian"],
  "targets": ["Basque", "Mozabite", "Palestinian", "Russian", "Basque", "Bedouin", "BiakaPygmy", "Burusho", "Druze", "Kalash", "Lahu", "Uygur", "BiakaPygmy", "Lahu", "MbutiPygmy", "Mozabite", "Yoruba", "Basque", "BiakaPygmy", "Druze", "MbutiPygmy", "Mozabite", "San", "Yoruba", "Burusho", "Kalash", "Palestinian", "Russian", "Burusho", "Druze", "Mozabite", "Palestinian", "Mandenka", "MbutiPygmy", "San", "Yoruba", "Kalash", "Melanesian", "Papuan", "Pima", "Russian", "Yi", "Colombian", "Daur", "Mongola", "Pima", "Yakut", "Yi", "Daur", "Lahu", "Maya", "Russian", "Yakut", "Lahu", "Maya", "Pima", "Russian", "Yi", "Palestinian", "Russian", "San", "Palestinian", "Uygur", "Yi", "MbutiPygmy", "Mozabite", "Palestinian", "San", "Yakut", "Yoruba", "Pima", "Uygur", "Yakut", "San", "Yoruba", "Mongola", "Papuan", "Pima", "Yakut", "Yi", "Yoruba", "San", "Yakut", "Uygur"],
  "weights": [2.6588, 2.8105, 2.1549, 2.8211, 2.347, 2.5381, 5.8877, 2.9618, 2.9818, 2.8532, 2.9415, 2.3416, 4.3649, 4.7829, 6.1452, 3.169, 2.9521, 5.4588, 4.5041, 4.3338, 6.0958, 3.9333, 7.0421, 3.8754, 2.9875, 2.7069, 2.0713, 2.2831, 3.1575, 2.1422, 2.0984, 1.4676, 4.3749, 5.2981, 7.4231, 3.8888, 3.1574, 3.1372, 4.0245, 3.4508, 3.1022, 3.6007, 2.8053, 1.9207, 1.8685, 2.221, 1.9908, 2.0769, 3.1238, 3.4667, 2.5253, 3.4678, 2.8174, 2.3274, 2.7019, 2.4293, 2.6522, 2.3289, 2.2695, 2.9761, 6.9411, 2.7203, 2.1624, 2.3359, 6.002, 3.2066, 3.4287, 6.9391, 5.16, 3.2456, 1.8877, 2.1675, 2.0629, 8.5822, 5.4668, 3.2813, 2.2463, 3.6632, 2.2426, 1.9997, 3.1165, 8.8986, 2.3366, 2.0271],
  "loci": ["rs2163336", "rs11883961", "rs6733974", "rs6734239", "rs731453", "rs2303920", "rs1549754", "rs6705493", "rs3791749", "rs17364519", "rs930137", "rs1469541", "rs6716186", "rs4073397", "rs6727702", "rs3885668", "rs4669522", "rs7632", "rs4233874", "rs6432057", "rs4583435", "rs12622986", "rs7569312", "rs6708630", "rs11680378", "rs7587317", "rs4233877", "rs7585544", "rs6741290", "rs6759180", "rs1138729", "rs2241113", "rs717886", "rs6746630", "rs11896140", "rs6749325", "rs7593918", "rs13403621", "rs10177773", "rs6432071"]
}
