{
  "id": "EdgeSet0143",
  "sources": ["Adygei", "Adygei", "Adygei", "Adygei", "Adygei", "Balochi", "Balochi", "Balochi", "Balochi", "BantuKenya", "BantuKenya", "BantuKenya", "BantuKenya", "BantuKenya", "BantuSouthAfrica", "BantuSouthAfrica", "Basque", "Basque", "Basque", "Basque", "Basque", "Basque", "Bedouin", "Bedouin", "Bedouin", "BiakaPygmy", "BiakaPygmy", "BiakaPygmy", "BiakaPygmy", "BiakaPygmy", "Burusho", "Burusho", "Burusho", "Burusho", "Burusho", "Cambodian", "Cambodian", "Cambodian", "Cambodian", "Colombian", "Colombian", "Colombian", "Colombian", "Colombian", "Daur", "Daur", "Daur", "Daur", "Druze", "Druze", "Druze", "Druze", "Druze", "Druze", "Kalash", "Kalash", "Kalash", "Lahu", "Lahu", "Lahu", "Mandenka", "Mandenka", "Maya", "Maya", "Maya", "Maya", "MbutiPygmy", "Melanesian", "Melanesian", "Melanesian", "Mongola", "Mongola", "Mongola", "Mongola", "Mozabite", "Palestinian", "Papuan", "Papuan", "San", "Uygur", "Uygur", "Yakut"],
  "targets": ["Basque", "Kalash", "Melanesian", "Palestinian", "Russian", "Kalash", "Palestinian", "Uygur", "Yi", "BantuSouthAfrica", "Cambodian", "Mandenka", "MbutiPygmy", "Yoruba", "BiakaPygmy", "San", "Burusho", "Druze", "Maya", "Pima", "Russian", "Uygur", "Druze", "Mozabite", "Palestinian", "Colombian", "Mandenka", "MbutiPygmy", "San", "Yoruba", "Daur", "Kalash", "Maya", "Palestinian", "Russian", "Lahu", "Maya", "Mongola", "Yi", "Daur", "Kalash", "Maya", "Papuan", "Pima", "Melanesian", "Mongola", "Uygur", "Yakut", "Kalash", "Maya", "Mozabite", "Pima", "Russian", "Uygur", "Mozabite", "San", "Yi", "Melanesian", "Mongola", "Yi", "MbutiPygmy", "Yoruba", "Melanesian", "Mongola", "Pima", "Russian", "San", "Papuan", "Pima", "Yi", "Papuan", "Pima", "Yakut", "Yi", "Palestinian", "Russian", "Uygur", "Yi", "Yoruba", "Yakut", "Yi", "Yi"],
  "weights": [2.2568, 2.8916, 3.7838, 2.0481, 2.3748, 3.1535, 2.0415, 2.6036, 4.5298, 5.2537, 6.0479, 4.0636, 5.655, 4.204, 4.6832, 6.3603, 4.2033, 2.3621, 3.4424, 2.8883, 2.5913, 2.9573, 1.8261, 2.5823, 1.6563, 8.4239, 4.4402, 5.0406, 7.2487, 4.5085, 3.148, 4.229, 3.6386, 3.119, 3.0875, 4.5104, 3.3216, 3.0858, 3.8758, 5.4073, 5.8263, 4.7081, 5.5037, 4.6769, 3.8282, 3.2492, 2.656, 2.6775, 3.3576, 4.0188, 2.8301, 3.2496, 2.1513, 2.4965, 4.7408, 9.1677, 5.0361, 4.8127, 4.1665, 3.8927, 4.2172, 1.6812, 3.3706, 2.957, 2.5195, 3.1512, 7.2323, 3.7245, 3.3697, 4.0371, 5.146, 3.4175, 3.1989, 3.2328, 2.4124, 2.2942, 3.6679, 4.509, 6.8882, 2.6624, 3.5414, 3.8069],
  "loci": ["rs873715", "rs4668762", "rs16858854", "rs10929808", "rs1534432", "rs2118515", "rs10211429", "rs6733711", "rs10176670", "rs949981", "rs1898605", "rs7568996", "rs7587865", "rs1011575", "rs1547587", "rs4377309", "rs2196700", "rs1534422", "rs1534428", "rs7594033", "rs10169963", "rs7606568", "rs10188470", "rs10495600", "rs779921", "rs6432310", "rs13011788", "rs779916", "rs11898082", "rs779914", "rs6432315", "rs4669862", "rs1401702", "rs4668771", "rs11675322", "rs7599581", "rs1519543", "rs2139380", "rs2139381", "rs939221"]
}
