{
  "id": "EdgeSet0145",
  "sources": ["Adygei", "Adygei", "Adygei", "Adygei", "Balochi", "Balochi", "Balochi", "Balochi", "BantuKenya", "BantuKenya", "BantuKenya", "BantuKenya", "BantuKenya", "BantuSouthAfrica", "BantuSouthAfrica", "BantuSouthAfrica", "BantuSouthAfrica", "Basque", "Basque", "Basque", "Basque", "Basque", "Basque", "Bedouin", "Bedouin", "Bedouin", "Bedouin", "BiakaPygmy", "BiakaPygmy", "BiakaPygmy", "Burusho", "Burusho", "Burusho", "Cambodian", "Cambodian", "Cambodian", "Cambodian", "Colombian", "Colombian", "Colombian", "Colombian", "Colombian", "Daur", "Daur", "Daur", "Daur", "Daur", "Druze", "Druze", "Kalash", "Kalash", "Kalash", "Kalash", "Lahu", "Lahu", "Lahu", "Lahu", "Lahu", "Lahu", "Mandenka", "Mandenka", "Maya", "Maya", "MbutiPygmy", "Melanesian", "Melanesian", "Melanesian", "Mongola", "Mongola", "Mongola", "Papuan", "Papuan", "San", "Uygur"],
  "targets": ["Basque", "Druze", "Palestinian", "Russian", "Kalash", "Mozabite", "Palestinian", "Papuan", "BiakaPygmy", "Mandenka", "MbutiPygmy", "Russian", "Yoruba", "BiakaPygmy", "MbutiPygmy", "San", "Yoruba", "Bedouin", "Burusho", "Palestinian", "Papuan", "Pima", "Yakut", "Druze", "MbutiPygmy", "Palestinian", "Russian", "MbutiPygmy", "San", "Yoruba", "Mozabite", "Russian", "Uygur", "Mongola", "Papuan", "Yakut", "Yi", "Kalash", "Maya", "Palestinian", "Pima", "Uygur", "Maya", "Melanesian", "Mongola", "Pima", "Yi", "Mozabite", "Palestinian", "Palestinian", "Russian", "Uygur", "Yakut", "Maya", "Melanesian", "Pima", "Uygur", "Yakut", "Yi", "MbutiPygmy", "Yoruba", "Mongola", "Pima", "Yoruba", "Papuan", "Yakut", "Yi", "Pima", "Uygur", "Yakut", "Pima", "Uygur", "Yoruba", "Yakut"],
  "weights": [2.3062, 1.7647, 1.9093, 2.1465, 3.2099, 2.6528, 2.6883, 4.3404, 4.6025, 3.8277, 4.3772, 3.9738, 3.6562, 4.9648, 4.5851, 5.7056, 3.6307, 2.8002, 4.2697, 2.7255, 4.8594, 6.2339, 3.8542, 2.1534, 4.538, 2.0854, 2.2324, 5.0551, 6.9907, 3.9905, 3.6477, 3.3932, 3.6181, 2.4539, 3.611, 2.1025, 2.8664, 5.1426, 3.1504, 5.0605, 3.8903, 4.7983, 2.203, 3.1437, 1.8217, 3.6029, 2.8423, 2.1486, 1.6191, 2.5954, 2.8208, 3.5344, 3.2521, 3.3411, 3.2287, 4.7838, 3.4738, 3.2744, 3.2091, 3.9822, 1.6795, 2.6164, 3.0743, 3.7732, 4.2338, 3.9662, 2.9907, 4.102, 2.994, 2.3368, 6.0877, 4.1979, 6.1856, 2.9732],
  "loci": ["rs871535", "rs7568831", "rs13395192", "rs11690210", "rs6432321", "rs11684315", "rs1401697", "rs11694463", "rs6715697", "rs559703", "rs651254", "rs2113810", "rs1519541", "rs10514648", "rs10490550", "rs515602", "rs10490549", "rs10490548", "rs10490547", "rs10929823", "rs890073", "rs497202", "rs625842", "rs501596", "rs659599", "rs7607490", "rs6719434", "rs2288192", "rs890069", "rs17465002", "rs10189072", "rs13019538", "rs7609362", "rs1469215", "rs6722342", "rs2113818", "rs12616457", "rs7562714", "rs4669869", "rs10191541"]
}
