{
  "id": "EdgeSet0728",
  "sources": ["Adygei", "Adygei", "Adygei", "Adygei", "Adygei", "Adygei", "Balochi", "Balochi", "Balochi", "Balochi", "BantuKenya", "BantuKenya", "BantuKenya", "BantuKenya", "BantuKenya", "BantuKenya", "BantuKenya", "BantuSouthAfrica", "BantuSouthAfrica", "BantuSouthAfrica", "BantuSouthAfrica", "BantuSouthAfrica", "Basque", "Basque", "Basque", "Basque", "Bedouin", "Bedouin", "Bedouin", "Bedouin", "BiakaPygmy", "BiakaPygmy", "BiakaPygmy", "BiakaPygmy", "Burusho", "Burusho", "Burusho", "Burusho", "Burusho", "Cambodian", "Cambodian", "Cambodian", "Cambodian", "Cambodian", "Colombian", "Colombian", "Colombian", "Colombian", "Daur", "Daur", "Druze", "Druze", "Kalash", "Kalash", "Lahu", "Lahu", "Lahu", "Lahu", "Mandenka", "Mandenka", "Mandenka", "Maya", "Maya", "MbutiPygmy", "Melanesian", "Melanesian", "Mongola", "Mongola", "Mongola", "Mongola", "Mozabite", "Palestinian", "Russian", "San", "Uygur", "Yakut"],
  "targets": ["Balochi", "Basque", "Druze", "Papuan", "Russian", "Yi", "Kalash", "Palestinian", "Russian", "Yakut", "BantuSouthAfrica", "BiakaPygmy", "Mandenka", "MbutiPygmy", "Mozabite", "Pima", "Yoruba", "BiakaPygmy", "Mandenka", "Melanesian", "San", "Yoruba", "Bedouin", "Kalash", "Palestinian", "Russian", "Druze", "Mozabite", "Palestinian", "Russian", "Lahu", "Mandenka", "MbutiPygmy", "Yoruba", "Cambodian", "Lahu", "Melanesian", "San", "Uygur", "Daur", "Lahu", "Maya", "Melanesian", "Yi", "Kalash", "Maya", "Papuan", "Pima", "Mongola", "Yakut", "Mozabite", "Palestinian", "Palestinian", "Papuan", "Mandenka", "Pima", "San", "Yi", "MbutiPygmy", "San", "Yoruba", "Mongola", "Pima", "San", "Papuan", "Uygur", "Papuan", "Uygur", "Yakut", "Yi", "Pima", "Uygur", "Yakut", "Yi", "Yi", "Yi"],
  "weights": [1.7734, 1.9494, 1.7463, 3.3558, 2.1675, 4.0208, 2.1757, 1.7623, 1.6449, 2.759, 5.6098, 5.1754, 4.6152, 5.457, 4.1849, 5.559, 4.3205, 6.0324, 4.8467, 7.1755, 7.547, 3.5771, 2.0563, 2.3611, 2.081, 1.9114, 1.8276, 2.8127, 1.6926, 2.1567, 5.8713, 4.9908, 5.8046, 4.6357, 3.0598, 3.8638, 3.2481, 7.1832, 2.4301, 2.6176, 3.5593, 3.2144, 3.5319, 2.7775, 4.2194, 2.5382, 4.7173, 4.6173, 1.8058, 2.1735, 3.0063, 1.848, 2.1322, 3.1289, 6.2784, 5.0433, 7.4827, 3.5458, 4.5246, 6.2777, 3.4631, 2.9939, 3.8594, 7.5717, 3.4908, 3.0679, 3.8289, 2.5152, 1.8941, 2.2359, 4.2523, 2.5548, 3.0726, 6.6433, 2.7502, 2.5308],
  "loci": ["rs6546449", "rs2312072", "rs6546454", "rs4254535", "rs7600429", "rs4610084", "rs13424275", "rs4462818", "rs7579647", "rs4267542", "rs7585796", "rs6743513", "rs7584385", "rs4386359", "rs6546473", "rs4567970", "rs4318420", "rs6743357", "rs13393201", "rs4314026", "rs12465132", "rs4618092", "rs6546477", "rs7601505", "rs4315565", "rs6727307", "rs13030844", "rs4854537", "rs7424907", "rs4854538", "rs7569175", "rs6546480", "rs7591556", "rs10167468", "rs4854472", "rs4527239", "rs10203421", "rs7600244", "rs1106518", "rs4435491"]
}
