{
  "id": "EdgeSet0344",
  "sources": ["Adygei", "Adygei", "Adygei", "Adygei", "Adygei", "Adygei", "Adygei", "Adygei", "Adygei", "Balochi", "Balochi", "Balochi", "Balochi", "Balochi", "Balochi", "Balochi", "Balochi", "BantuKenya", "BantuKenya", "BantuKenya", "BantuKenya", "BantuKenya", "BantuKenya", "BantuKenya", "BantuSouthAfrica", "BantuSouthAfrica", "BantuSouthAfrica", "Basque", "Basque", "Basque", "Basque", "Bedouin", "Bedouin", "Bedouin", "Bedouin", "BiakaPygmy", "BiakaPygmy", "BiakaPygmy", "Burusho", "Burusho", "Burusho", "Burusho", "Burusho", "Cambodian", "Cambodian", "Cambodian", "Colombian", "Colombian", "Colombian", "Colombian", "Daur", "Daur", "Daur", "Druze", "Druze", "Druze", "Kalash", "Kalash", "Kalash", "Lahu", "Lahu", "Lahu", "Lahu", "Mandenka", "Mandenka", "Maya", "MbutiPygmy", "Melanesian", "Mongola", "Mongola", "Palestinian", "Papuan", "Pima", "San", "Uygur", "Uygur", "Yakut"],
  "targets": ["Balochi", "Bedouin", "Daur", "Kalash", "Mongola", "Pima", "Russian", "Uygur", "Yi", "Basque", "Bedouin", "Burusho", "Cambodian", "Druze", "Mongola", "Pima", "Russian", "BantuSouthAfrica", "BiakaPygmy", "Burusho", "Cambodian", "Kalash", "Russian", "Yoruba", "MbutiPygmy", "San", "Yoruba", "Druze", "Kalash", "Mozabite", "Russian", "Druze", "Mozabite", "Palestinian", "Papuan", "Mandenka", "MbutiPygmy", "San", "Kalash", "Mozabite", "Palestinian", "Russian", "Uygur", "Lahu", "Melanesian", "Papuan", "Lahu", "Maya", "San", "Yakut", "Mongola", "Yakut", "Yi", "Mozabite", "Palestinian", "Russian", "Maya", "Mongola", "Uygur", "Mongola", "San", "Uygur", "Yi", "Mozabite", "Yoruba", "Pima", "San", "Papuan", "Papuan", "Yi", "Russian", "Pima", "Russian", "Yoruba", "Yakut", "Yi", "Yi"],
  "weights": [1.7685, 2.1127, 2.5537, 3.3325, 2.963, 2.6245, 2.3952, 2.5945, 3.6721, 2.1291, 1.9166, 2.993, 4.0549, 2.313, 3.1832, 2.7855, 2.2932, 4.6732, 4.5116, 5.2268, 4.6733, 5.2931, 5.5632, 4.4229, 5.7111, 9.4055, 3.4493, 2.7914, 3.5703, 2.7446, 2.9554, 1.4696, 1.989, 2.0599, 3.1503, 4.4217, 5.2367, 10.0242, 3.9437, 3.5609, 3.1469, 3.0779, 3.3833, 4.3566, 3.4774, 3.4506, 6.0805, 3.4101, 11.0836, 5.004, 2.4093, 2.2041, 2.2672, 2.3128, 2.3908, 3.5676, 5.6861, 4.4579, 3.5176, 4.0561, 10.6603, 3.0349, 3.8601, 3.4916, 3.1676, 4.1904, 9.633, 2.8691, 3.596, 2.3684, 2.4846, 2.7375, 2.802, 9.3889, 2.7285, 2.6469, 1.9888],
  "loci": ["rs4670815", "rs1448561", "rs10193965", "rs10188211", "rs13386750", "rs13035680", "rs6543733", "rs11904039", "rs7585514", "rs12712350", "rs1868348", "rs7574123", "rs7588291", "rs1375196", "rs7585657", "rs6543739", "rs2367955", "rs6755276", "rs12471341", "rs17338665", "rs4449111", "rs2367957", "rs4670914", "rs12995445", "rs7594686", "rs6749326", "rs6758248", "rs2030548", "rs13428565", "rs1879861", "rs17338700", "rs11691402", "rs1543976", "rs1533840", "rs12712361", "rs7588336", "rs6714970", "rs6735386", "rs1522585", "rs12712364"]
}
