{
  "id": "EdgeSet0227",
  "sources": ["Adygei", "Adygei", "Adygei", "Adygei", "Adygei", "Adygei", "Adygei", "Balochi", "Balochi", "Balochi", "Balochi", "BantuKenya", "BantuKenya", "BantuKenya", "BantuKenya", "BantuKenya", "BantuKenya", "BantuSouthAfrica", "BantuSouthAfrica", "BantuSouthAfrica", "BantuSouthAfrica", "Basque", "Basque", "Basque", "Basque", "Bedouin", "Bedouin", "Bedouin", "Bedouin", "Bedouin", "BiakaPygmy", "BiakaPygmy", "BiakaPygmy", "BiakaPygmy", "Burusho", "Burusho", "Burusho", "Burusho", "Cambodian", "Cambodian", "Cambodian", "Cambodian", "Colombian", "Colombian", "Colombian", "Colombian", "Colombian", "Daur", "Daur", "Daur", "Daur", "Druze", "Druze", "Kalash", "Kalash", "Kalash", "Kalash", "Kalash", "Lahu", "Lahu", "Lahu", "Lahu", "Mandenka", "Mandenka", "Maya", "Maya", "Maya", "Maya", "MbutiPygmy", "Melanesian", "Melanesian", "Melanesian", "Mongola", "Mongola", "Mongola", "Mozabite", "Mozabite", "Papuan", "San", "Uygur", "Yakut"],
  "targets": ["Balochi", "Basque", "Druze", "Melanesian", "Papuan", "Russian", "Yi", "Basque", "Bedouin", "BiakaPygmy", "Druze", "BantuSouthAfrica", "Mandenka", "MbutiPygmy", "Palestinian", "San", "Yoruba", "BiakaPygmy", "Mandenka", "MbutiPygmy", "Yoruba", "Kalash", "Melanesian", "Palestinian", "Russian", "Burusho", "Druze", "Mozabite", "Palestinian", "Yakut", "Mandenka", "MbutiPygmy", "San", "Yoruba", "Cambodian", "Mongola", "Papuan", "Uygur", "MbutiPygmy", "Pima", "Uygur", "Yi", "Kalash", "Maya", "Melanesian", "Pima", "Russian", "Lahu", "Melanesian", "Mongola", "Yakut", "Palestinian", "Uygur", "Maya", "MbutiPygmy", "Mongola", "Mozabite", "Yakut", "Mongola", "Pima", "Uygur", "Yi", "Palestinian", "Yoruba", "Mozabite", "Pima", "Russian", "Yi", "San", "Papuan", "Uygur", "Yakut", "Papuan", "Pima", "Uygur", "Palestinian", "Yoruba", "Yakut", "Yoruba", "Yi", "Yi"],
  "weights": [2.8145, 2.8192, 2.3092, 3.8467, 2.86, 2.9871, 2.6721, 3.1789, 2.7276, 4.8082, 2.6398, 3.3188, 3.1905, 8.1752, 3.8922, 7.5696, 3.3309, 4.1906, 3.5392, 8.3562, 3.4001, 3.3476, 3.8889, 3.0015, 2.9374, 2.5553, 2.2705, 2.4441, 1.9384, 2.7133, 3.5222, 8.1854, 6.1725, 3.31, 2.6552, 2.396, 2.4321, 3.193, 8.6451, 4.41, 2.6498, 2.826, 4.0319, 2.9836, 4.361, 3.9918, 3.9466, 2.7665, 2.1957, 2.0342, 1.5099, 1.9422, 2.5658, 3.4729, 9.1905, 3.921, 4.1392, 3.3498, 2.6206, 3.6437, 2.551, 2.4749, 3.9155, 2.6459, 5.127, 3.163, 3.4732, 2.8297, 9.9905, 1.8826, 3.2944, 2.4904, 2.2965, 3.2576, 2.2697, 2.3064, 3.8302, 2.2181, 7.0228, 2.3546, 2.3816],
  "loci": ["rs4666453", "rs1550104", "rs1013363", "rs7589372", "rs1079171", "rs3732148", "rs746776", "rs11678116", "rs3072", "rs9679195", "rs7255", "rs11903198", "rs11675383", "rs11693547", "rs9085", "rs7562230", "rs6531253", "rs13385191", "rs340595", "rs340596", "rs340600", "rs13010056", "rs4971548", "rs13403407", "rs340620", "rs7576149", "rs6729843", "rs4971546", "rs564125", "rs653347", "rs2164720", "rs587139", "rs12624282", "rs601325", "rs514459", "rs590370", "rs582107", "rs6709100", "rs6743521", "rs6531254"]
}
