{
  "id": "EdgeSet0641",
  "sources": ["Adygei", "Adygei", "Adygei", "Adygei", "Adygei", "Adygei", "Balochi", "Balochi", "Balochi", "Balochi", "Balochi", "Balochi", "Balochi", "BantuKenya", "BantuKenya", "BantuKenya", "BantuKenya", "BantuSouthAfrica", "BantuSouthAfrica", "BantuSouthAfrica", "BantuSouthAfrica", "BantuSouthAfrica", "BantuSouthAfrica", "BantuSouthAfrica", "Basque", "Basque", "Basque", "Basque", "Basque", "Bedouin", "Bedouin", "Bedouin", "BiakaPygmy", "BiakaPygmy", "BiakaPygmy", "Burusho", "Burusho", "Burusho", "Burusho", "Burusho", "Burusho", "Cambodian", "Cambodian", "Cambodian", "Cambodian", "Cambodian", "Cambodian", "Colombian", "Colombian", "Daur", "Daur", "Daur", "Daur", "Daur", "Druze", "Druze", "Druze", "Druze", "Kalash", "Kalash", "Kalash", "Kalash", "Lahu", "Mandenka", "Mandenka", "Maya", "Maya", "Maya", "MbutiPygmy", "MbutiPygmy", "Melanesian", "Melanesian", "Melanesian", "Mongola", "Mongola", "Mongola", "Mozabite", "Palestinian", "Pima", "San", "Yakut"],
  "targets": ["Balochi", "Bedouin", "Daur", "Lahu", "Russian", "Yakut", "Bedouin", "BiakaPygmy", "Colombian", "Kalash", "Uygur", "Yakut", "Yi", "BantuSouthAfrica", "BiakaPygmy", "Mandenka", "Yoruba", "BiakaPygmy", "Burusho", "Mandenka", "MbutiPygmy", "Mozabite", "San", "Yoruba", "Bedouin", "Burusho", "MbutiPygmy", "Russian", "Uygur", "Druze", "Mozabite", "Palestinian", "Mandenka", "MbutiPygmy", "San", "Maya", "Melanesian", "Pima", "Russian", "Uygur", "Yakut", "Daur", "Lahu", "Maya", "Melanesian", "Papuan", "Yakut", "Maya", "Pima", "Lahu", "Mongola", "Pima", "Uygur", "Yi", "Kalash", "Mozabite", "Palestinian", "Russian", "Mozabite", "Palestinian", "Russian", "Yi", "Yi", "Mozabite", "Yoruba", "Mozabite", "Pima", "Uygur", "San", "Yoruba", "Mongola", "Papuan", "Russian", "Papuan", "Uygur", "Yi", "Palestinian", "Russian", "Yi", "Uygur", "Yi"],
  "weights": [2.1483, 2.5223, 3.8724, 3.303, 2.3784, 3.007, 2.9732, 5.7025, 3.4441, 3.0783, 2.9647, 3.1887, 3.6423, 2.5359, 3.373, 2.602, 2.3446, 3.2691, 5.5817, 3.0472, 4.1009, 3.4765, 5.746, 2.4536, 2.9687, 4.0269, 4.8479, 3.1683, 3.6758, 2.7674, 2.3506, 2.1819, 3.4014, 4.275, 6.0914, 3.3805, 5.1487, 4.2171, 3.3267, 3.8692, 3.8925, 2.8815, 2.3915, 5.1068, 4.4286, 4.6219, 3.4663, 2.4574, 2.9249, 2.7504, 3.094, 3.9942, 3.5079, 2.6878, 2.9507, 2.6473, 2.7813, 2.9946, 2.6864, 2.5648, 2.6993, 3.6792, 2.9481, 3.6776, 2.7021, 3.2057, 2.7537, 3.1208, 5.1104, 3.8731, 4.3409, 2.3389, 4.602, 4.5075, 3.6178, 2.8591, 2.2371, 2.4162, 4.4444, 6.8254, 2.2915],
  "loci": ["rs197083", "rs28687", "rs17597263", "rs2192513", "rs1442877", "rs9309316", "rs4672311", "rs1442883", "rs4672312", "rs11693165", "rs10168190", "rs10187463", "rs6545750", "rs11125811", "rs11125812", "rs12471948", "rs1025876", "rs1019264", "rs722889", "rs1372876", "rs1442873", "rs4671352", "rs4672319", "rs7572396", "rs10490062", "rs7558298", "rs11682656", "rs2419402", "rs11694104", "rs4672323", "rs7566185", "rs730402", "rs763297", "rs17050473", "rs9653546", "rs12619805", "rs6545760", "rs17400093", "rs17328175", "rs1005038"]
}
