{
  "id": "EdgeSet0303",
  "sources": ["Adygei", "Adygei", "Adygei", "Adygei", "Adygei", "Adygei", "Balochi", "Balochi", "Balochi", "Balochi", "Balochi", "Balochi", "Balochi", "BantuKenya", "BantuKenya", "BantuKenya", "BantuKenya", "BantuKenya", "BantuSouthAfrica", "BantuSouthAfrica", "BantuSouthAfrica", "Basque", "Basque", "Basque", "Bedouin", "Bedouin", "Bedouin", "Bedouin", "Bedouin", "BiakaPygmy", "BiakaPygmy", "BiakaPygmy", "BiakaPygmy", "BiakaPygmy", "Burusho", "Burusho", "Burusho", "Burusho", "Burusho", "Cambodian", "Cambodian", "Cambodian", "Colombian", "Colombian", "Colombian", "Colombian", "Colombian", "Daur", "Daur", "Druze", "Druze", "Druze", "Kalash", "Kalash", "Kalash", "Kalash", "Kalash", "Lahu", "Lahu", "Mandenka", "Maya", "Maya", "Maya", "MbutiPygmy", "MbutiPygmy", "Melanesian", "Melanesian", "Mongola", "Mongola", "Mozabite", "Mozabite", "Mozabite", "Papuan", "Papuan", "Pima", "Yakut"],
  "targets": ["Balochi", "Basque", "Bedouin", "Druze", "Palestinian", "Russian", "Basque", "Bedouin", "Kalash", "Maya", "Palestinian", "Pima", "San", "BantuSouthAfrica", "Maya", "MbutiPygmy", "San", "Yoruba", "BiakaPygmy", "Mandenka", "Yoruba", "Bedouin", "Druze", "Mongola", "Burusho", "Druze", "Mozabite", "Palestinian", "Russian", "Mandenka", "MbutiPygmy", "San", "Uygur", "Yoruba", "Colombian", "Kalash", "Pima", "Russian", "Yi", "Daur", "Lahu", "Yi", "Maya", "MbutiPygmy", "Melanesian", "Pima", "Yi", "Lahu", "Yakut", "Mozabite", "Palestinian", "Pima", "Melanesian", "Mongola", "Russian", "Uygur", "Yakut", "Melanesian", "Yi", "Yoruba", "Melanesian", "Mongola", "Pima", "Russian", "San", "Papuan", "Pima", "Russian", "Uygur", "Palestinian", "Russian", "Uygur", "San", "Yakut", "Yakut", "Yi"],
  "weights": [2.4558, 1.7125, 1.6774, 1.7782, 1.74, 1.8743, 2.564, 2.516, 2.6292, 3.3339, 2.7567, 3.8344, 10.0801, 4.6873, 6.6632, 5.8733, 9.3391, 4.2925, 4.6433, 3.8459, 3.8512, 1.7746, 1.9255, 2.3138, 2.9039, 1.8399, 2.6159, 1.775, 1.8576, 4.2456, 7.2122, 9.3706, 6.2363, 4.5573, 2.9828, 3.8425, 2.2523, 3.037, 2.812, 2.1153, 2.892, 3.0747, 2.9811, 8.0529, 3.1723, 2.3804, 2.9253, 3.0764, 2.9008, 2.7527, 1.7733, 2.9121, 3.2611, 3.1787, 2.4652, 2.6998, 2.8808, 2.9183, 3.3394, 2.4321, 2.2634, 2.5748, 2.1507, 8.211, 10.9201, 3.7767, 2.4718, 2.4495, 2.394, 2.76, 2.7585, 3.2914, 9.8345, 3.573, 1.8975, 2.2658],
  "loci": ["rs4629120", "rs4132594", "rs3922423", "rs4265970", "rs12623676", "rs6747958", "rs13012046", "rs7567152", "rs4074280", "rs4075920", "rs6707371", "rs12714292", "rs4581855", "rs12616992", "rs4597472", "rs12613938", "rs12620548", "rs4414641", "rs7574859", "rs12476676", "rs4535004", "rs7603844", "rs4666288", "rs12993382", "rs6547982", "rs6731938", "rs4444478", "rs4666289", "rs11688109", "rs4349303", "rs6748439", "rs4274563", "rs10201541", "rs7425824", "rs6722748", "rs11681977", "rs13412672", "rs13412790", "rs4405807", "rs11688143"]
}
