{
  "id": "EdgeSet0528",
  "sources": ["Adygei", "Adygei", "Adygei", "Adygei", "Adygei", "Balochi", "Balochi", "Balochi", "Balochi", "Balochi", "BantuKenya", "BantuKenya", "BantuKenya", "BantuSouthAfrica", "BantuSouthAfrica", "BantuSouthAfrica", "BantuSouthAfrica", "Basque", "Basque", "Basque", "Basque", "Basque", "Basque", "Basque", "Bedouin", "Bedouin", "Bedouin", "Bedouin", "Bedouin", "Bedouin", "Bedouin", "BiakaPygmy", "BiakaPygmy", "BiakaPygmy", "BiakaPygmy", "Burusho", "Burusho", "Burusho", "Burusho", "Burusho", "Cambodian", "Cambodian", "Cambodian", "Cambodian", "Cambodian", "Cambodian", "Colombian", "Colombian", "Colombian", "Colombian", "Colombian", "Daur", "Daur", "Daur", "Daur", "Daur", "Druze", "Druze", "Kalash", "Kalash", "Lahu", "Mandenka", "Mandenka", "Maya", "Maya", "MbutiPygmy", "MbutiPygmy", "Melanesian", "Mongola", "Mongola", "Papuan", "Russian", "Uygur", "Uygur"],
  "targets": ["Balochi", "Burusho", "Druze", "Mozabite", "Russian", "Bedouin", "Cambodian", "Kalash", "Melanesian", "Mozabite", "BantuSouthAfrica", "MbutiPygmy", "Yoruba", "Mandenka", "MbutiPygmy", "Mozabite", "Yoruba", "Cambodian", "Druze", "Kalash", "Lahu", "Mozabite", "Palestinian", "Russian", "Burusho", "Druze", "Kalash", "Melanesian", "Mozabite", "Palestinian", "Uygur", "MbutiPygmy", "Mozabite", "San", "Yoruba", "Kalash", "Palestinian", "Papuan", "San", "Uygur", "Lahu", "Melanesian", "Mongola", "Russian", "Uygur", "Yi", "Lahu", "Maya", "MbutiPygmy", "Pima", "Yakut", "Lahu", "Mozabite", "Pima", "Yakut", "Yi", "Palestinian", "Russian", "Melanesian", "Mongola", "Melanesian", "MbutiPygmy", "Yoruba", "Pima", "San", "Papuan", "San", "Papuan", "Uygur", "Yi", "San", "Yakut", "Yakut", "Yi"],
  "weights": [2.533, 2.6549, 2.3492, 2.8158, 2.5582, 2.0379, 4.1354, 1.6571, 3.7103, 2.6145, 3.7234, 4.3777, 2.6924, 4.0731, 5.7639, 4.7542, 3.7564, 3.3669, 1.9727, 2.5926, 4.1426, 2.4226, 1.791, 2.1445, 2.6093, 1.7035, 2.3653, 3.8901, 2.3117, 1.5423, 2.2986, 4.816, 4.0168, 8.0214, 3.264, 2.8932, 2.5064, 5.8992, 9.8829, 2.4464, 3.1094, 4.3002, 2.6968, 2.836, 2.6863, 2.8417, 5.97, 5.4374, 9.2957, 4.3403, 6.5669, 3.0393, 3.1909, 5.7969, 2.5119, 2.619, 1.3172, 2.4074, 3.8853, 3.0163, 4.2362, 5.4227, 2.1557, 3.4687, 10.0353, 8.0369, 8.9076, 5.6338, 2.2478, 2.0758, 11.0903, 3.2692, 3.1134, 2.4322],
  "loci": ["rs1032838", "rs12993053", "rs11125217", "rs10178071", "rs6720857", "rs12713042", "rs6743414", "rs11125222", "rs13016730", "rs4971708", "rs4971718", "rs4971729", "rs9677134", "rs2067670", "rs1427448", "rs1427446", "rs1469360", "rs10495970", "rs10495971", "rs1896305", "rs2350021", "rs9636436", "rs7590557", "rs1365864", "rs12992623", "rs1365862", "rs7578654", "rs1344647", "rs13004547", "rs1365858", "rs13412860", "rs11680024", "rs7424350", "rs1991387", "rs7557485", "rs1427454", "rs817095", "rs860133", "rs860994", "rs2556406"]
}
