{
  "id": "EdgeSet0965",
  "sources": ["Adygei", "Adygei", "Adygei", "Adygei", "Balochi", "Balochi", "Balochi", "Balochi", "Balochi", "Balochi", "BantuKenya", "BantuKenya", "BantuKenya", "BantuKenya", "BantuSouthAfrica", "BantuSouthAfrica", "BantuSouthAfrica", "BantuSouthAfrica", "Basque", "Basque", "Basque", "Basque", "Basque", "Bedouin", "Bedouin", "BiakaPygmy", "BiakaPygmy", "BiakaPygmy", "Burusho", "Burusho", "Burusho", "Burusho", "Cambodian", "Cambodian", "Cambodian", "Cambodian", "Cambodian", "Cambodian", "Colombian", "Colombian", "Colombian", "Colombian", "Colombian", "Daur", "Daur", "Daur", "Daur", "Druze", "Druze", "Druze", "Druze", "Druze", "Lahu", "Lahu", "Lahu", "Lahu", "Mandenka", "Mandenka", "Maya", "MbutiPygmy", "Melanesian", "Melanesian", "Melanesian", "Mongola", "Mongola", "Mozabite", "Mozabite", "Palestinian", "Papuan", "Pima", "Pima", "Uygur"],
  "targets": ["Basque", "Bedouin", "Kalash", "Uygur", "Burusho", "Cambodian", "Druze", "Palestinian", "Russian", "Uygur", "BiakaPygmy", "Papuan", "San", "Yoruba", "Mandenka", "MbutiPygmy", "San", "Yoruba", "Bedouin", "Druze", "Palestinian", "Russian", "Yi", "Mozabite", "Palestinian", "Mandenka", "MbutiPygmy", "Yoruba", "Cambodian", "Druze", "Kalash", "Palestinian", "Colombian", "Kalash", "Melanesian", "Papuan", "Uygur", "Yakut", "Lahu", "Maya", "Pima", "Russian", "Yakut", "Melanesian", "Pima", "Yakut", "Yi", "Mongola", "Mozabite", "Papuan", "Russian", "Uygur", "Mongola", "Papuan", "Yakut", "Yi", "MbutiPygmy", "Yoruba", "Pima", "San", "Mongola", "Yakut", "Yi", "Yakut", "Yi", "Russian", "Yoruba", "Russian", "Pima", "San", "Yakut", "Yi"],
  "weights": [2.5187, 1.8905, 2.709, 2.7901, 2.3726, 3.1496, 1.9712, 2.1632, 2.7752, 2.3183, 3.479, 4.9607, 5.29, 2.6007, 3.0111, 3.8801, 5.3698, 3.5758, 2.4013, 2.6856, 2.6038, 3.0887, 3.3201, 1.9786, 1.9875, 2.9163, 3.8011, 3.283, 3.5532, 2.8142, 2.6767, 2.7502, 5.3694, 3.4102, 3.9099, 4.2588, 3.2764, 3.5596, 5.4389, 2.5293, 6.6451, 6.1095, 5.4995, 4.4991, 6.7258, 2.2714, 3.0314, 3.0695, 2.2664, 5.3446, 2.7427, 2.4178, 3.2539, 4.5062, 3.6301, 2.9306, 3.732, 2.8792, 6.2671, 4.035, 2.7919, 3.8856, 3.0077, 3.324, 2.0082, 2.6757, 3.6082, 2.0922, 6.0692, 9.5586, 6.7423, 2.7351],
  "loci": ["rs10202544", "rs2576736", "rs3792043", "rs1020064", "rs3792050", "rs4851754", "rs2576748", "rs2679889", "rs17689220", "rs4851756", "rs6727677", "rs2679876", "rs2679874", "rs1010746", "rs17638586", "rs10460493", "rs1054250", "rs2576767", "rs2278501", "rs2576778", "rs880427", "rs2118291", "rs6738207", "rs4640402", "rs4851765", "rs12616624", "rs11124031", "rs4374396", "rs6543293", "rs1914748", "rs4851770", "rs6750100", "rs4851772", "rs4851774", "rs7583367", "rs881526", "rs884876", "rs6543296", "rs7604966", "rs7608329"]
}
