{
  "id": "EdgeSet0877",
  "sources": ["Adygei", "Adygei", "Adygei", "Adygei", "Adygei", "Balochi", "Balochi", "Balochi", "Balochi", "Balochi", "Balochi", "Balochi", "Balochi", "Balochi", "BantuKenya", "BantuKenya", "BantuKenya", "BantuKenya", "BantuSouthAfrica", "BantuSouthAfrica", "BantuSouthAfrica", "BantuSouthAfrica", "Basque", "Basque", "Basque", "Basque", "Basque", "Basque", "Bedouin", "Bedouin", "BiakaPygmy", "BiakaPygmy", "BiakaPygmy", "Burusho", "Burusho", "Cambodian", "Cambodian", "Cambodian", "Cambodian", "Cambodian", "Colombian", "Colombian", "Colombian", "Colombian", "Daur", "Daur", "Daur", "Daur", "Druze", "Druze", "Druze", "Kalash", "Lahu", "Lahu", "Lahu", "Lahu", "Mandenka", "Mandenka", "Mandenka", "Maya", "Maya", "MbutiPygmy", "MbutiPygmy", "Melanesian", "Mongola", "Mongola", "Mozabite", "Mozabite", "Papuan", "Papuan", "Uygur", "Yakut"],
  "targets": ["Basque", "Bedouin", "Palestinian", "Russian", "Uygur", "BantuSouthAfrica", "Burusho", "Melanesian", "Mongola", "Palestinian", "Papuan", "Uygur", "Yakut", "Yi", "BiakaPygmy", "Mandenka", "San", "Yoruba", "BiakaPygmy", "Mandenka", "San", "Yoruba", "Bedouin", "Burusho", "Druze", "Russian", "San", "Uygur", "Mozabite", "Palestinian", "MbutiPygmy", "San", "Yoruba", "Kalash", "Pima", "Colombian", "Lahu", "Melanesian", "Uygur", "Yi", "Maya", "Pima", "Russian", "Uygur", "Maya", "Mongola", "Yakut", "Yi", "Kalash", "Palestinian", "Russian", "Melanesian", "MbutiPygmy", "Mongola", "Yakut", "Yi", "MbutiPygmy", "Mozabite", "Yoruba", "Papuan", "Pima", "Mongola", "San", "Papuan", "Yakut", "Yi", "Palestinian", "Russian", "Yakut", "Yoruba", "Yakut", "Yi"],
  "weights": [2.2458, 2.4167, 2.0636, 2.5443, 2.5882, 5.4862, 3.0126, 3.4079, 4.7043, 2.5825, 4.0082, 2.7641, 3.7386, 4.271, 4.4625, 3.5055, 6.3817, 3.7918, 5.4105, 4.2262, 6.8553, 4.5823, 2.7726, 3.0294, 2.1856, 2.7786, 7.9507, 3.7302, 2.1338, 1.8876, 5.7429, 6.7515, 4.7913, 2.8941, 3.3705, 3.7521, 3.6307, 3.0068, 2.9528, 2.6098, 1.9337, 3.7067, 3.7714, 3.495, 3.0136, 2.3031, 2.0037, 1.8815, 2.042, 1.8925, 2.4754, 3.2281, 7.0583, 3.0611, 3.3668, 3.0464, 5.1075, 4.2426, 3.0328, 4.7376, 3.5074, 6.4362, 7.1417, 2.9689, 2.6202, 2.1687, 2.2438, 2.9009, 5.162, 4.8717, 2.6658, 2.4565],
  "loci": ["rs882883", "rs12714137", "rs6745529", "rs6732834", "rs6736348", "rs10206876", "rs4831998", "rs7601117", "rs17713693", "rs6719501", "rs6748174", "rs6737773", "rs872470", "rs13001442", "rs11547160", "rs4832163", "rs4459734", "rs2292653", "rs4247303", "rs10460585", "rs3923229", "rs6747513", "rs1969260", "rs15413", "rs938376", "rs7340340", "rs955592", "rs3821021", "rs6741368", "rs1135604", "rs11690650", "rs11696093", "rs12465686", "rs1877954", "rs11682343", "rs17026335", "rs4832175", "rs4832176", "rs908307", "rs7594872"]
}
