{
  "id": "EdgeSet0703",
  "sources": ["Adygei", "Adygei", "Adygei", "Adygei", "Adygei", "Adygei", "Adygei", "Balochi", "Balochi", "Balochi", "Balochi", "Balochi", "BantuKenya", "BantuKenya", "BantuKenya", "BantuKenya", "BantuSouthAfrica", "BantuSouthAfrica", "BantuSouthAfrica", "Basque", "Basque", "Basque", "Basque", "Basque", "Bedouin", "Bedouin", "Bedouin", "BiakaPygmy", "BiakaPygmy", "BiakaPygmy", "BiakaPygmy", "Burusho", "Burusho", "Burusho", "Burusho", "Burusho", "Cambodian", "Cambodian", "Cambodian", "Cambodian", "Colombian", "Colombian", "Colombian", "Daur", "Daur", "Daur", "Daur", "Druze", "Druze", "Druze", "Druze", "Kalash", "Kalash", "Kalash", "Kalash", "Kalash", "Kalash", "Lahu", "Lahu", "Lahu", "Mandenka", "Mandenka", "Mandenka", "Maya", "Maya", "Maya", "MbutiPygmy", "Melanesian", "Melanesian", "Mongola", "Mongola", "Mozabite", "Mozabite", "Palestinian", "Pima", "Pima", "Uygur", "Yakut"],
  "targets": ["Balochi", "Burusho", "Kalash", "Palestinian", "Pima", "Yakut", "Yi", "Bedouin", "Burusho", "Mandenka", "Mozabite", "Uygur", "Bedouin", "BiakaPygmy", "Mandenka", "Yoruba", "BiakaPygmy", "Mandenka", "Yoruba", "Bedouin", "Kalash", "Melanesian", "Mongola", "Uygur", "Mozabite", "Palestinian", "Yakut", "Cambodian", "MbutiPygmy", "Mozabite", "Yoruba", "Cambodian", "Daur", "Druze", "Kalash", "Pima", "Melanesian", "Mongola", "Mozabite", "Papuan", "Maya", "Mongola", "Pima", "Lahu", "Mongola", "Russian", "Yakut", "Mozabite", "Palestinian", "Pima", "Russian", "Lahu", "Melanesian", "Pima", "Russian", "Uygur", "Yakut", "Mongola", "Papuan", "San", "MbutiPygmy", "San", "Yoruba", "Pima", "Russian", "Yi", "San", "Mongola", "Papuan", "Uygur", "Yi", "Russian", "San", "Russian", "Russian", "Yi", "Yi", "Yi"],
  "weights": [2.0292, 2.0722, 2.206, 2.0641, 4.2705, 2.7509, 3.088, 2.1756, 1.6974, 4.5453, 2.3408, 2.5448, 4.2557, 3.2297, 2.9763, 3.1424, 3.1921, 2.6481, 3.0694, 3.1368, 3.1291, 4.3799, 3.7541, 2.9022, 2.4651, 2.3473, 3.0368, 4.6634, 5.417, 4.0373, 2.809, 2.8011, 2.9609, 2.4176, 2.464, 5.024, 3.1169, 3.3363, 4.0509, 3.9102, 1.8545, 3.7745, 5.0784, 3.8769, 3.1119, 3.6952, 2.3618, 2.5669, 1.7744, 4.8288, 3.0044, 3.9275, 4.7574, 4.3138, 3.0634, 2.6546, 2.8432, 3.0236, 5.4026, 6.6218, 5.404, 5.1069, 2.394, 5.1039, 4.3333, 4.4289, 6.3754, 3.8128, 2.1775, 2.9386, 2.9507, 3.1674, 5.4, 2.6916, 4.7382, 4.6876, 2.7629, 2.8649],
  "loci": ["rs10490198", "rs3732047", "rs12713587", "rs7587400", "rs868373", "rs10519066", "rs1362477", "rs10519071", "rs6546272", "rs4671759", "rs11674518", "rs10496137", "rs1362479", "rs4671761", "rs1362483", "rs11126103", "rs1420370", "rs1420371", "rs10210389", "rs4671162", "rs1420373", "rs1548900", "rs12471464", "rs1362484", "rs1362486", "rs1468824", "rs981718", "rs1420376", "rs1861460", "rs6734176", "rs6727258", "rs4635520", "rs1420357", "rs12621498", "rs1362475", "rs2080399", "rs1420358", "rs10496139", "rs10496140", "rs1420360"]
}
