{
  "id": "EdgeSet0684",
  "sources": ["Adygei", "Adygei", "Adygei", "Adygei", "Adygei", "Adygei", "Adygei", "Balochi", "Balochi", "Balochi", "Balochi", "Balochi", "Balochi", "Balochi", "BantuKenya", "BantuKenya", "BantuKenya", "BantuKenya", "BantuKenya", "BantuSouthAfrica", "BantuSouthAfrica", "Basque", "Basque", "Basque", "Basque", "Bedouin", "Bedouin", "Bedouin", "Bedouin", "Bedouin", "BiakaPygmy", "BiakaPygmy", "BiakaPygmy", "BiakaPygmy", "Burusho", "Cambodian", "Cambodian", "Cambodian", "Cambodian", "Cambodian", "Colombian", "Colombian", "Colombian", "Daur", "Daur", "Daur", "Daur", "Daur", "Daur", "Druze", "Druze", "Druze", "Kalash", "Kalash", "Kalash", "Lahu", "Lahu", "Lahu", "Mandenka", "Maya", "Maya", "MbutiPygmy", "MbutiPygmy", "Melanesian", "Melanesian", "Melanesian", "Melanesian", "Melanesian", "Mongola", "Mongola", "Mongola", "Mozabite", "Mozabite", "Mozabite", "Pima", "Pima", "Uygur", "Yakut"],
  "targets": ["Bedouin", "Colombian", "Druze", "Kalash", "Lahu", "Palestinian", "Yi", "Bedouin", "Colombian", "Druze", "Kalash", "MbutiPygmy", "Palestinian", "Papuan", "BantuSouthAfrica", "BiakaPygmy", "Palestinian", "Papuan", "Yoruba", "Mandenka", "MbutiPygmy", "Burusho", "Druze", "Kalash", "Russian", "Burusho", "Daur", "Druze", "Mozabite", "Palestinian", "Mandenka", "MbutiPygmy", "San", "Yoruba", "Uygur", "Kalash", "Maya", "Mongola", "Papuan", "Pima", "MbutiPygmy", "Pima", "Yi", "Druze", "Lahu", "Melanesian", "Mongola", "Yakut", "Yi", "Mozabite", "Palestinian", "Russian", "Lahu", "Papuan", "Uygur", "Melanesian", "Mongola", "Papuan", "Yoruba", "Pima", "Yakut", "San", "Yoruba", "Mongola", "Mozabite", "Palestinian", "Papuan", "Uygur", "Uygur", "Yakut", "Yi", "Papuan", "Uygur", "Yi", "Yakut", "Yi", "Yakut", "Yi"],
  "weights": [1.9174, 3.8333, 1.7627, 2.4229, 2.523, 1.9459, 3.378, 2.1733, 4.864, 1.9837, 2.5946, 5.6834, 2.2003, 2.7352, 3.6609, 3.556, 4.3939, 5.5759, 2.8551, 3.2425, 4.1782, 3.7407, 2.6541, 2.7619, 2.6991, 3.3846, 3.1502, 1.681, 2.4941, 1.9945, 3.357, 4.396, 3.2793, 2.8441, 2.9111, 3.3143, 2.3872, 2.2639, 3.0345, 3.3343, 6.6858, 2.3748, 3.572, 3.6591, 2.3609, 3.6828, 2.1042, 2.272, 2.9586, 2.4807, 1.6448, 2.439, 2.6463, 3.2487, 2.9199, 2.9679, 2.121, 2.5829, 2.3534, 2.9877, 2.9432, 4.6179, 4.4121, 4.3033, 3.1759, 2.8099, 3.757, 3.9871, 2.3402, 2.299, 2.7217, 4.4042, 3.1165, 3.9762, 2.6346, 3.4944, 2.8148, 2.7497],
  "loci": ["rs6743585", "rs1039767", "rs4671658", "rs11694684", "rs11895173", "rs6711791", "rs6738087", "rs17534153", "rs1194849", "rs268134", "rs874952", "rs1876518", "rs268133", "rs10186481", "rs2576923", "rs10496125", "rs7557569", "rs7583469", "rs11685231", "rs268123", "rs1437466", "rs2860773", "rs1370394", "rs13032509", "rs17476501", "rs840966", "rs840967", "rs840969", "rs10519034", "rs840976", "rs2244259", "rs2244238", "rs10451656", "rs840943", "rs840947", "rs13393157", "rs17536001", "rs840952", "rs13432799", "rs10203913"]
}
