{
  "id": "EdgeSet0733",
  "sources": ["Adygei", "Adygei", "Adygei", "Adygei", "Adygei", "Adygei", "Adygei", "Adygei", "Balochi", "Balochi", "Balochi", "Balochi", "Balochi", "Balochi", "BantuKenya", "BantuKenya", "BantuKenya", "BantuKenya", "BantuSouthAfrica", "BantuSouthAfrica", "BantuSouthAfrica", "BantuSouthAfrica", "Basque", "Basque", "Basque", "Basque", "Bedouin", "Bedouin", "Bedouin", "Bedouin", "BiakaPygmy", "BiakaPygmy", "BiakaPygmy", "BiakaPygmy", "Burusho", "Burusho", "Burusho", "Burusho", "Cambodian", "Cambodian", "Cambodian", "Cambodian", "Cambodian", "Cambodian", "Colombian", "Colombian", "Colombian", "Colombian", "Colombian", "Daur", "Daur", "Daur", "Druze", "Druze", "Druze", "Druze", "Kalash", "Kalash", "Lahu", "Lahu", "Lahu", "Mandenka", "Mandenka", "Mandenka", "Maya", "Maya", "MbutiPygmy", "MbutiPygmy", "MbutiPygmy", "Melanesian", "Mongola", "Mongola", "Mongola", "Mozabite", "Mozabite", "Mozabite", "Palestinian", "Pima", "Russian", "Russian", "San", "Uygur", "Uygur"],
  "targets": ["Balochi", "Basque", "Bedouin", "Druze", "Melanesian", "Palestinian", "Uygur", "Yi", "Basque", "Burusho", "Cambodian", "Kalash", "Melanesian", "Mozabite", "BiakaPygmy", "Mandenka", "MbutiPygmy", "Yoruba", "Mandenka", "MbutiPygmy", "Pima", "Yoruba", "Druze", "Kalash", "Russian", "Uygur", "Burusho", "Druze", "Palestinian", "Russian", "Mandenka", "MbutiPygmy", "San", "Yoruba", "Druze", "Kalash", "Palestinian", "Uygur", "Daur", "Lahu", "Mongola", "Papuan", "Uygur", "Yi", "Daur", "Maya", "Pima", "San", "Yakut", "Melanesian", "Mongola", "Yakut", "Kalash", "Mozabite", "Palestinian", "Russian", "Papuan", "Uygur", "Melanesian", "Russian", "Yi", "Mozabite", "San", "Yoruba", "Pima", "Yi", "Melanesian", "Mozabite", "San", "Papuan", "Mozabite", "Uygur", "Yi", "Palestinian", "Pima", "Russian", "Papuan", "Yi", "Uygur", "Yakut", "Yoruba", "Yakut", "Yi"],
  "weights": [2.3207, 2.7835, 2.1737, 2.7029, 3.7979, 2.4137, 2.9611, 3.2352, 2.3022, 2.6484, 2.7651, 1.8618, 3.6709, 2.5475, 3.6301, 3.2043, 4.7806, 2.8406, 3.417, 5.2085, 7.833, 3.7461, 2.9139, 2.1811, 2.761, 2.6153, 2.3186, 1.9788, 1.5669, 2.0826, 2.8394, 3.9808, 5.3974, 2.8716, 2.7176, 2.4739, 2.6223, 2.6011, 2.8174, 2.816, 2.4974, 3.7809, 2.3538, 2.6304, 3.7852, 1.7829, 4.7378, 7.8655, 4.4177, 4.6764, 2.1406, 2.6688, 2.3967, 2.5856, 1.7302, 2.6225, 3.7523, 1.8582, 4.4008, 3.1261, 3.0655, 4.0951, 6.6035, 2.3873, 4.233, 3.1353, 7.3681, 5.3234, 7.0461, 3.8052, 3.1962, 2.4716, 2.4323, 2.5327, 7.5853, 2.472, 4.0023, 5.2573, 2.2883, 3.0147, 5.9828, 2.6776, 2.404],
  "loci": ["rs4852272", "rs13034911", "rs11126237", "rs11126238", "rs6546534", "rs7579933", "rs13431612", "rs6759804", "rs12987661", "rs4852869", "rs6546537", "rs17036889", "rs7567691", "rs1396800", "rs12468574", "rs6718872", "rs4852918", "rs6704754", "rs12620484", "rs7578474", "rs2048255", "rs12612409", "rs877123", "rs6546544", "rs1912118", "rs2312548", "rs10177224", "rs7563401", "rs12622388", "rs7567400", "rs7597155", "rs13412112", "rs721566", "rs10210787", "rs6546548", "rs7588022", "rs4853025", "rs3771542", "rs6730981", "rs2168115"]
}
