{
  "id": "EdgeSet0322",
  "sources": ["Adygei", "Adygei", "Adygei", "Adygei", "Adygei", "Adygei", "Balochi", "Balochi", "Balochi", "Balochi", "Balochi", "Balochi", "BantuKenya", "BantuKenya", "BantuKenya", "BantuSouthAfrica", "BantuSouthAfrica", "BantuSouthAfrica", "Basque", "Basque", "Bedouin", "Bedouin", "BiakaPygmy", "BiakaPygmy", "BiakaPygmy", "BiakaPygmy", "Burusho", "Burusho", "Burusho", "Burusho", "Burusho", "Burusho", "Cambodian", "Cambodian", "Cambodian", "Cambodian", "Cambodian", "Colombian", "Colombian", "Colombian", "Daur", "Daur", "Daur", "Daur", "Druze", "Druze", "Druze", "Druze", "Druze", "Kalash", "Lahu", "Lahu", "Lahu", "Mandenka", "Mandenka", "Maya", "Maya", "MbutiPygmy", "MbutiPygmy", "Melanesian", "Melanesian", "Melanesian", "Mongola", "Mongola", "Mongola", "Mozabite", "Mozabite", "Mozabite", "Palestinian", "Papuan", "San", "Yakut"],
  "targets": ["Balochi", "Bedouin", "Burusho", "Kalash", "Mozabite", "Uygur", "Basque", "Bedouin", "Colombian", "Druze", "Russian", "Yakut", "BantuSouthAfrica", "MbutiPygmy", "Yoruba", "BiakaPygmy", "Mandenka", "San", "Bedouin", "Russian", "Druze", "Palestinian", "Mandenka", "MbutiPygmy", "San", "Yoruba", "Daur", "Druze", "Kalash", "Melanesian", "Papuan", "Yi", "Kalash", "Lahu", "Mongola", "Papuan", "Yi", "Maya", "MbutiPygmy", "Pima", "Papuan", "Russian", "Uygur", "Yakut", "Lahu", "Mongola", "Palestinian", "Papuan", "Russian", "Papuan", "Melanesian", "Mongola", "Yi", "San", "Yoruba", "Mongola", "Pima", "San", "Yoruba", "Mongola", "Uygur", "Yi", "Uygur", "Yakut", "Yi", "Palestinian", "San", "Yi", "Yi", "Yi", "Yoruba", "Yi"],
  "weights": [1.942, 1.8595, 2.8709, 2.621, 2.7066, 2.4726, 2.0671, 1.872, 4.2213, 1.8815, 2.4698, 2.8429, 2.9668, 5.3996, 3.8869, 4.2539, 3.8864, 4.9845, 2.0576, 2.2034, 2.0734, 1.6803, 3.772, 3.5589, 5.1798, 3.9292, 4.3905, 3.4023, 3.3698, 3.8618, 4.0984, 3.759, 3.0793, 2.3092, 2.7565, 3.7348, 3.6992, 3.4446, 7.9605, 3.8601, 3.4073, 3.4452, 2.0107, 1.9496, 2.9886, 3.6131, 2.0179, 3.6808, 2.6316, 3.4719, 2.9735, 2.311, 2.6395, 4.8634, 2.6536, 2.8216, 1.4659, 6.1952, 5.0732, 2.7978, 2.7181, 2.8066, 2.0022, 2.4219, 2.722, 2.6504, 5.8061, 4.8029, 3.2797, 3.5116, 5.0122, 2.9393],
  "loci": ["rs1540926", "rs590557", "rs649509", "rs672364", "rs659396", "rs3769619", "rs619002", "rs13377", "rs15056", "rs678829", "rs7606498", "rs644736", "rs646103", "rs6543624", "rs11124256", "rs10178948", "rs12988379", "rs11896460", "rs10210639", "rs10178210", "rs13422633", "rs961316", "rs604127", "rs606089", "rs4276068", "rs10179712", "rs10865088", "rs207403", "rs207407", "rs1560268", "rs207410", "rs207411", "rs207416", "rs207417", "rs2064816", "rs207419", "rs10153659", "rs207421", "rs207423", "rs6756897"]
}
