{
  "id": "EdgeSet0565",
  "sources": ["Adygei", "Adygei", "Adygei", "Adygei", "Adygei", "Adygei", "Adygei", "Adygei", "Balochi", "Balochi", "Balochi", "Balochi", "Balochi", "Balochi", "BantuKenya", "BantuKenya", "BantuKenya", "BantuKenya", "BantuSouthAfrica", "BantuSouthAfrica", "BantuSouthAfrica", "BantuSouthAfrica", "BantuSouthAfrica", "Basque", "Basque", "Basque", "Basque", "Basque", "Bedouin", "Bedouin", "Bedouin", "Bedouin", "BiakaPygmy", "BiakaPygmy", "BiakaPygmy", "BiakaPygmy", "BiakaPygmy", "Burusho", "Burusho", "Burusho", "Burusho", "Cambodian", "Cambodian", "Cambodian", "Cambodian", "Colombian", "Colombian", "Colombian", "Colombian", "Daur", "Daur", "Daur", "Daur", "Daur", "Druze", "Druze", "Druze", "Druze", "Kalash", "Kalash", "Kalash", "Lahu", "Lahu", "Lahu", "Lahu", "Mandenka", "Mandenka", "Mandenka", "Maya", "Maya", "Maya", "MbutiPygmy", "Melanesian", "Melanesian", "Mongola", "Mozabite", "Mozabite", "Mozabite", "Papuan", "Papuan", "Papuan", "Pima", "Russian", "Uygur", "Yakut"],
  "targets": ["Balochi", "Basque", "Bedouin", "Kalash", "Maya", "Mongola", "Palestinian", "Russian", "Basque", "Burusho", "Mozabite", "Palestinian", "Papuan", "Russian", "Mandenka", "MbutiPygmy", "San", "Yoruba", "BiakaPygmy", "Mandenka", "MbutiPygmy", "San", "Yoruba", "Burusho", "Druze", "Lahu", "Mongola", "Palestinian", "Daur", "Druze", "Mozabite", "Palestinian", "Colombian", "Mandenka", "MbutiPygmy", "San", "Yoruba", "Cambodian", "Kalash", "Melanesian", "Yakut", "Lahu", "Mongola", "Pima", "Russian", "Maya", "MbutiPygmy", "Pima", "San", "Lahu", "Mongola", "Papuan", "Uygur", "Yi", "Kalash", "Mozabite", "Palestinian", "Russian", "Palestinian", "Russian", "Uygur", "Maya", "Mongola", "Papuan", "Yi", "Melanesian", "Mozabite", "Yoruba", "Melanesian", "Pima", "Yakut", "Yoruba", "Papuan", "Uygur", "Uygur", "Palestinian", "Uygur", "Yi", "Russian", "Uygur", "Yakut", "San", "Uygur", "Yakut", "Yi"],
  "weights": [1.842, 2.1635, 2.1068, 2.5251, 3.0601, 3.6669, 1.9999, 2.1112, 1.915, 1.8015, 2.5422, 1.9004, 3.8297, 1.9665, 3.762, 6.2266, 7.8558, 3.2107, 4.7594, 5.1024, 7.0961, 5.4982, 4.6584, 2.0441, 2.3063, 3.0016, 2.9807, 2.1985, 3.5563, 2.23, 2.3784, 1.661, 6.9727, 4.1642, 6.237, 7.135, 3.3064, 2.0641, 2.6061, 2.6938, 2.5462, 2.9807, 2.1932, 3.2257, 2.2565, 4.535, 8.9897, 4.6869, 9.8256, 3.3697, 2.9836, 4.2652, 2.5254, 2.1147, 3.0937, 2.6604, 2.2543, 2.3801, 2.5645, 2.6446, 3.5195, 4.6057, 3.4003, 3.9891, 3.1388, 4.9669, 4.9077, 2.9351, 2.9861, 2.6532, 2.9111, 5.8085, 3.6242, 2.7652, 2.5211, 2.421, 3.3141, 2.8382, 4.8625, 4.7596, 4.9593, 8.5773, 2.0052, 2.3037, 1.8292],
  "loci": ["rs2141844", "rs13417515", "rs12621157", "rs11885364", "rs13389926", "rs17042688", "rs2464650", "rs6709386", "rs7607212", "rs1922210", "rs6715421", "rs2032993", "rs12464727", "rs12468211", "rs17730780", "rs3111858", "rs13018183", "rs2727876", "rs2727875", "rs1424794", "rs10178558", "rs7590476", "rs6720308", "rs2727886", "rs17788159", "rs3096453", "rs2552353", "rs7602238", "rs10169856", "rs4971815", "rs2552346", "rs2727865", "rs1424802", "rs7586951", "rs13399394", "rs2552347", "rs10189978", "rs2552356", "rs12612899", "rs10196517"]
}
