{
  "id": "EdgeSet0180",
  "sources": ["Adygei", "Adygei", "Adygei", "Adygei", "Adygei", "Adygei", "Balochi", "Balochi", "Balochi", "Balochi", "Balochi", "Balochi", "Balochi", "BantuKenya", "BantuKenya", "BantuKenya", "BantuKenya", "BantuKenya", "BantuSouthAfrica", "BantuSouthAfrica", "BantuSouthAfrica", "BantuSouthAfrica", "Basque", "Basque", "Basque", "Basque", "Bedouin", "Bedouin", "BiakaPygmy", "BiakaPygmy", "BiakaPygmy", "BiakaPygmy", "BiakaPygmy", "Burusho", "Burusho", "Burusho", "Cambodian", "Cambodian", "Cambodian", "Cambodian", "Colombian", "Colombian", "Colombian", "Colombian", "Daur", "Daur", "Daur", "Daur", "Druze", "Druze", "Kalash", "Kalash", "Lahu", "Lahu", "Lahu", "Mandenka", "Mandenka", "Mandenka", "Mandenka", "Maya", "Maya", "MbutiPygmy", "MbutiPygmy", "Melanesian", "Melanesian", "Mongola", "Mongola", "Mongola", "Mozabite", "Papuan", "Papuan", "Papuan", "Russian", "Uygur", "Uygur"],
  "targets": ["Basque", "Bedouin", "Burusho", "Druze", "Kalash", "Russian", "Basque", "Bedouin", "Burusho", "Druze", "Maya", "Palestinian", "Russian", "BantuSouthAfrica", "BiakaPygmy", "Mandenka", "Melanesian", "Yoruba", "Mandenka", "MbutiPygmy", "San", "Yoruba", "Druze", "Kalash", "Mozabite", "Russian", "Mozabite", "Palestinian", "Burusho", "Colombian", "MbutiPygmy", "Russian", "San", "Lahu", "Palestinian", "Uygur", "Daur", "Mongola", "Papuan", "Yi", "Maya", "Papuan", "Pima", "San", "Lahu", "Melanesian", "Yakut", "Yi", "Mozabite", "Palestinian", "Mozabite", "Palestinian", "Melanesian", "Papuan", "Yi", "MbutiPygmy", "Mozabite", "Yakut", "Yoruba", "MbutiPygmy", "Pima", "San", "Yoruba", "Mongola", "Pima", "Uygur", "Yakut", "Yi", "Palestinian", "San", "Uygur", "Yi", "Uygur", "Yakut", "Yi"],
  "weights": [2.4282, 2.2437, 2.8226, 2.3496, 2.4223, 2.5899, 2.2096, 2.2066, 2.6631, 2.0795, 4.4928, 2.1319, 2.4981, 3.8771, 5.3801, 2.9156, 4.8269, 2.5722, 4.0083, 6.8428, 8.8905, 3.5843, 2.4618, 2.8013, 2.7493, 2.9267, 2.3651, 1.7437, 6.0753, 7.1271, 6.9215, 7.0952, 9.1731, 5.6405, 2.6521, 2.823, 2.0015, 2.2024, 2.9029, 1.81, 2.9556, 5.6736, 2.9738, 11.6396, 2.8417, 2.6167, 2.5994, 2.3025, 2.5447, 2.302, 2.8333, 2.6727, 3.3144, 2.574, 2.4819, 6.774, 4.8333, 4.877, 2.7118, 8.9602, 3.0169, 10.1336, 6.4408, 2.7494, 4.1006, 2.8035, 2.5218, 1.971, 2.3069, 12.0116, 3.4258, 2.8449, 2.4359, 2.5182, 3.5752],
  "loci": ["rs10185113", "rs1430045", "rs1897098", "rs4832633", "rs6531153", "rs10175438", "rs12469770", "rs1346752", "rs1346753", "rs1430054", "rs12463697", "rs4240228", "rs6705856", "rs7604116", "rs6714955", "rs4560110", "rs4416216", "rs4832647", "rs4497881", "rs4441471", "rs10168963", "rs15653", "rs12997119", "rs11096634", "rs11676612", "rs10171652", "rs10176532", "rs11893415", "rs7425164", "rs13026539", "rs967824", "rs10207081", "rs6743717", "rs6723770", "rs751192", "rs4832660", "rs10167880", "rs1862061", "rs2880359", "rs1024925"]
}
