{
  "id": "EdgeSet0046",
  "sources": ["Adygei", "Adygei", "Adygei", "Adygei", "Adygei", "Adygei", "Adygei", "Balochi", "Balochi", "Balochi", "Balochi", "Balochi", "Balochi", "BantuKenya", "BantuKenya", "BantuKenya", "BantuKenya", "BantuKenya", "BantuSouthAfrica", "BantuSouthAfrica", "BantuSouthAfrica", "BantuSouthAfrica", "BantuSouthAfrica", "Basque", "Basque", "Basque", "Basque", "Bedouin", "Bedouin", "Bedouin", "Bedouin", "BiakaPygmy", "BiakaPygmy", "BiakaPygmy", "Burusho", "Burusho", "Burusho", "Burusho", "Cambodian", "Cambodian", "Cambodian", "Cambodian", "Colombian", "Colombian", "Colombian", "Colombian", "Colombian", "Daur", "Daur", "Daur", "Daur", "Druze", "Druze", "Druze", "Kalash", "Kalash", "Kalash", "Kalash", "Lahu", "Lahu", "Mandenka", "Mandenka", "Mandenka", "Maya", "MbutiPygmy", "MbutiPygmy", "Melanesian", "Melanesian", "Melanesian", "Mongola", "Mongola", "Mongola", "Mongola", "Mozabite"],
  "targets": ["Basque", "Burusho", "Colombian", "Druze", "Mozabite", "Palestinian", "Papuan", "Basque", "Burusho", "Kalash", "Mozabite", "Palestinian", "Russian", "BantuSouthAfrica", "Basque", "BiakaPygmy", "Mandenka", "Yoruba", "BiakaPygmy", "Cambodian", "Mandenka", "San", "Yoruba", "Bedouin", "Mozabite", "Palestinian", "Russian", "Druze", "Kalash", "Mozabite", "Palestinian", "Mandenka", "MbutiPygmy", "San", "Palestinian", "Papuan", "Uygur", "Yakut", "Daur", "Lahu", "Yakut", "Yi", "Lahu", "Maya", "Pima", "Uygur", "Yakut", "Lahu", "Mongola", "Yakut", "Yi", "Mozabite", "Palestinian", "Russian", "Mongola", "Palestinian", "Pima", "Uygur", "Pima", "Yi", "MbutiPygmy", "Papuan", "Yoruba", "Pima", "San", "Yoruba", "Mozabite", "Papuan", "Yi", "Russian", "Uygur", "Yakut", "Yi", "Uygur"],
  "weights": [2.7017, 3.2104, 4.6182, 2.3111, 2.3559, 2.3239, 3.7306, 3.0086, 3.5604, 2.7386, 2.6475, 2.5017, 3.1767, 4.0317, 4.934, 3.3269, 3.0406, 2.9536, 4.536, 6.6098, 4.451, 7.6701, 4.0458, 2.55, 2.8697, 2.6285, 3.2001, 2.0493, 3.6539, 2.4291, 1.8608, 3.3155, 4.5268, 6.3033, 3.3063, 3.5387, 3.2657, 4.3449, 2.4279, 2.7272, 2.8953, 2.0959, 4.0191, 3.0791, 3.047, 5.0956, 4.0016, 2.4876, 2.2369, 2.6593, 1.902, 2.3192, 2.253, 3.1786, 3.1239, 3.0572, 3.4408, 3.0604, 3.6497, 2.5054, 5.442, 6.471, 2.8447, 2.1694, 7.2182, 5.7267, 3.4052, 3.0554, 3.452, 3.7424, 2.9629, 2.5423, 2.3545, 3.1136],
  "loci": ["rs642267", "rs17555205", "rs11682901", "rs12474326", "rs12712004", "rs1564331", "rs6724821", "rs4849963", "rs7607534", "rs10495502", "rs1479234", "rs17621354", "rs17563363", "rs10495504", "rs10495505", "rs1904321", "rs1382743", "rs1564333", "rs11892756", "rs12711951", "rs1479237", "rs10172284", "rs11673833", "rs13405591", "rs7581129", "rs6749924", "rs826021", "rs2121221", "rs7597907", "rs10519641", "rs699549", "rs699550", "rs699551", "rs285545", "rs4849968", "rs10176368", "rs17019651", "rs10495507", "rs17019686", "rs10202915"]
}
