{
  "id": "EdgeSet0810",
  "sources": ["Adygei", "Adygei", "Adygei", "Adygei", "Adygei", "Balochi", "Balochi", "Balochi", "Balochi", "BantuKenya", "BantuKenya", "BantuKenya", "BantuKenya", "BantuKenya", "BantuSouthAfrica", "BantuSouthAfrica", "BantuSouthAfrica", "Basque", "Basque", "Basque", "Basque", "Basque", "Bedouin", "Bedouin", "Bedouin", "Bedouin", "BiakaPygmy", "BiakaPygmy", "BiakaPygmy", "BiakaPygmy", "Burusho", "Burusho", "Burusho", "Burusho", "Cambodian", "Cambodian", "Cambodian", "Cambodian", "Colombian", "Colombian", "Colombian", "Colombian", "Daur", "Daur", "Druze", "Druze", "Druze", "Kalash", "Kalash", "Kalash", "Kalash", "Lahu", "Lahu", "Lahu", "Lahu", "Mandenka", "Mandenka", "Maya", "MbutiPygmy", "MbutiPygmy", "Melanesian", "Mongola", "Mongola", "Mongola", "Mozabite", "Palestinian", "Palestinian", "Papuan", "Russian"],
  "targets": ["Balochi", "Daur", "Kalash", "Palestinian", "Yi", "Burusho", "Mongola", "Russian", "Uygur", "BantuSouthAfrica", "BiakaPygmy", "Mandenka", "Mozabite", "Yoruba", "BiakaPygmy", "Mozabite", "Yoruba", "Bedouin", "Druze", "Papuan", "Russian", "Uygur", "Druze", "Mozabite", "Palestinian", "Uygur", "Mandenka", "MbutiPygmy", "San", "Yoruba", "Daur", "Palestinian", "San", "Uygur", "Daur", "Lahu", "Melanesian", "Mongola", "Maya", "Pima", "San", "Yakut", "Maya", "Yakut", "Mongola", "Palestinian", "Uygur", "Maya", "Pima", "Russian", "Yi", "Mandenka", "Melanesian", "Mongola", "Yakut", "San", "Yoruba", "Pima", "Papuan", "San", "Papuan", "Pima", "Uygur", "Yi", "Palestinian", "Russian", "Yi", "San", "Uygur"],
  "weights": [1.8063, 3.1097, 2.7835, 1.8652, 2.1829, 3.0114, 2.6003, 2.3426, 2.3538, 3.7734, 3.9306, 3.298, 3.5788, 2.5696, 4.2027, 4.4549, 3.457, 1.8491, 2.0841, 5.3846, 2.8198, 2.7507, 1.8753, 2.6222, 1.8589, 3.139, 3.4845, 3.5045, 8.1295, 3.3509, 2.888, 3.2412, 9.9147, 2.9282, 2.6243, 2.4421, 2.5987, 2.5043, 4.0669, 5.5348, 12.047, 5.2603, 4.4227, 1.7281, 2.7662, 1.8541, 2.3399, 5.2822, 3.9606, 2.9223, 2.5182, 5.3076, 2.5802, 2.5476, 2.6749, 8.9191, 2.5389, 4.8888, 7.5292, 6.8177, 3.1459, 3.8377, 2.3215, 2.2381, 2.9838, 2.7412, 2.965, 10.7262, 2.5873],
  "loci": ["rs11126632", "rs2129495", "rs13404421", "rs6722155", "rs13386612", "rs1487036", "rs13410776", "rs1487041", "rs12617814", "rs992351", "rs2054834", "rs1386382", "rs10175035", "rs1586421", "rs6726826", "rs7606314", "rs992870", "rs4852442", "rs17014630", "rs6716793", "rs4594471", "rs10183550", "rs13387483", "rs13388014", "rs6751378", "rs6734567", "rs12713927", "rs13021944", "rs10865432", "rs1897616", "rs10172925", "rs7602889", "rs4853352", "rs4853355", "rs1368502", "rs11126645", "rs1527178", "rs1609077", "rs13412903", "rs2163873"]
}
