{
  "id": "EdgeSet0800",
  "sources": ["Adygei", "Adygei", "Adygei", "Adygei", "Adygei", "Adygei", "Adygei", "Balochi", "Balochi", "Balochi", "Balochi", "Balochi", "BantuKenya", "BantuKenya", "BantuKenya", "BantuSouthAfrica", "BantuSouthAfrica", "BantuSouthAfrica", "BantuSouthAfrica", "Basque", "Basque", "Basque", "Bedouin", "Bedouin", "Bedouin", "Bedouin", "BiakaPygmy", "BiakaPygmy", "BiakaPygmy", "BiakaPygmy", "Burusho", "Burusho", "Burusho", "Burusho", "Burusho", "Burusho", "Burusho", "Cambodian", "Cambodian", "Cambodian", "Cambodian", "Cambodian", "Cambodian", "Colombian", "Colombian", "Colombian", "Colombian", "Colombian", "Colombian", "Daur", "Daur", "Daur", "Daur", "Druze", "Druze", "Druze", "Kalash", "Kalash", "Lahu", "Lahu", "Lahu", "Mandenka", "Maya", "Maya", "Maya", "Maya", "MbutiPygmy", "MbutiPygmy", "Melanesian", "Melanesian", "Melanesian", "Melanesian", "Mongola", "Mongola", "Mongola", "Mozabite", "Mozabite", "Papuan", "Papuan", "Papuan", "Pima", "Russian", "Uygur", "Uygur"],
  "targets": ["Balochi", "Basque", "Druze", "Kalash", "Palestinian", "Russian", "Uygur", "Bedouin", "Burusho", "Daur", "Kalash", "Uygur", "BantuSouthAfrica", "Mandenka", "Yoruba", "BiakaPygmy", "MbutiPygmy", "Mongola", "San", "Druze", "Russian", "Uygur", "Druze", "Kalash", "Mozabite", "Palestinian", "Mandenka", "MbutiPygmy", "Mozabite", "San", "Cambodian", "Druze", "Lahu", "Maya", "Melanesian", "Uygur", "Yakut", "Colombian", "Daur", "Lahu", "Melanesian", "Uygur", "Yi", "Lahu", "Maya", "Melanesian", "Mongola", "Pima", "Yi", "Melanesian", "Mongola", "Palestinian", "Pima", "Kalash", "Palestinian", "Russian", "Palestinian", "Russian", "Uygur", "Yakut", "Yi", "Yoruba", "Melanesian", "Palestinian", "Pima", "Yi", "Papuan", "San", "Papuan", "Pima", "Yakut", "Yi", "Pima", "Uygur", "Yi", "Papuan", "Yoruba", "Pima", "San", "Yi", "San", "Uygur", "Yakut", "Yi"],
  "weights": [1.9628, 2.1147, 1.5196, 1.6246, 1.7562, 1.7401, 2.8747, 1.7544, 2.1946, 2.74, 2.0528, 2.1086, 4.5635, 3.4493, 2.9268, 5.0042, 5.3045, 6.774, 7.6565, 1.6854, 2.2617, 2.707, 1.3469, 1.5981, 2.4965, 1.7368, 3.7556, 3.539, 3.9631, 7.1412, 3.812, 2.1562, 3.6474, 3.2588, 3.8013, 2.6245, 2.6384, 3.1739, 2.1625, 2.5153, 2.8547, 2.5441, 2.6252, 3.3282, 2.0499, 4.3208, 2.9781, 3.409, 4.0186, 2.9588, 2.3865, 3.7044, 3.8763, 1.4501, 1.6522, 1.6982, 1.7483, 2.0395, 2.2737, 2.3234, 2.4879, 2.0994, 3.5161, 3.1225, 3.9691, 3.5336, 7.5179, 7.5859, 3.8874, 4.9512, 2.8775, 3.417, 4.0404, 2.8478, 3.1189, 5.8533, 3.2202, 5.9647, 8.7387, 4.3414, 8.8479, 2.3805, 1.9747, 2.7289],
  "loci": ["rs1517782", "rs10170138", "rs7561233", "rs2102827", "rs17013207", "rs7607547", "rs4853278", "rs10520165", "rs1400847", "rs1517776", "rs4331533", "rs1929443", "rs7607019", "rs10196177", "rs721390", "rs13398751", "rs2860872", "rs17405288", "rs10520169", "rs1929458", "rs7592470", "rs11901979", "rs10208262", "rs17013378", "rs11884377", "rs10520170", "rs1921626", "rs17013386", "rs1921627", "rs17333884", "rs7422204", "rs7355718", "rs7561189", "rs7563917", "rs9808165", "rs13388459", "rs1446718", "rs1470504", "rs17406084", "rs17334205"]
}
