{
  "id": "EdgeSet0972",
  "sources": ["Adygei", "Adygei", "Adygei", "Adygei", "Adygei", "Adygei", "Adygei", "Balochi", "Balochi", "Balochi", "Balochi", "Balochi", "Balochi", "BantuKenya", "BantuKenya", "BantuKenya", "BantuKenya", "BantuSouthAfrica", "BantuSouthAfrica", "BantuSouthAfrica", "BantuSouthAfrica", "Basque", "Basque", "Basque", "Basque", "Basque", "Basque", "Bedouin", "Bedouin", "Bedouin", "Bedouin", "BiakaPygmy", "BiakaPygmy", "BiakaPygmy", "Burusho", "Burusho", "Burusho", "Burusho", "Burusho", "Burusho", "Cambodian", "Cambodian", "Cambodian", "Cambodian", "Cambodian", "Colombian", "Colombian", "Daur", "Daur", "Daur", "Daur", "Daur", "Daur", "Druze", "Druze", "Druze", "Kalash", "Lahu", "Mandenka", "Maya", "Maya", "Maya", "MbutiPygmy", "Melanesian", "Melanesian", "Mongola", "Mozabite", "Palestinian", "Papuan", "Papuan", "Pima", "San", "Uygur", "Yakut"],
  "targets": ["Bedouin", "Kalash", "Palestinian", "Pima", "Russian", "Uygur", "Yoruba", "Bedouin", "Cambodian", "Colombian", "Kalash", "Melanesian", "Russian", "BantuSouthAfrica", "Mandenka", "San", "Yoruba", "Mandenka", "MbutiPygmy", "Mozabite", "Yoruba", "Colombian", "Mozabite", "Palestinian", "Pima", "Russian", "Uygur", "Colombian", "Druze", "Mongola", "Palestinian", "Lahu", "Mandenka", "MbutiPygmy", "Colombian", "Lahu", "MbutiPygmy", "Papuan", "Uygur", "Yakut", "Lahu", "Mozabite", "Palestinian", "Papuan", "Uygur", "Maya", "Pima", "Druze", "Lahu", "Maya", "Mongola", "Pima", "Russian", "Melanesian", "Mozabite", "Russian", "Maya", "Mongola", "Yoruba", "Mozabite", "Pima", "Uygur", "San", "Papuan", "Yakut", "Yi", "Palestinian", "Russian", "Uygur", "Yakut", "San", "Yoruba", "Yi", "Yi"],
  "weights": [2.1335, 2.818, 2.1373, 5.823, 1.9008, 2.5621, 4.6099, 1.9259, 2.0436, 4.4877, 2.1831, 3.2026, 1.8643, 4.4928, 3.554, 7.9334, 4.0483, 4.0018, 6.0441, 3.7836, 4.1055, 4.0164, 2.7869, 2.595, 5.7083, 2.4918, 2.9513, 3.3815, 1.7963, 2.6817, 1.7886, 5.3163, 4.2955, 4.9501, 5.5772, 4.3083, 6.8909, 3.3563, 3.2415, 3.4028, 3.1776, 2.1423, 2.2015, 2.9052, 3.0931, 3.3474, 6.1848, 2.0566, 4.1982, 3.6228, 2.4437, 6.1978, 2.8028, 2.9686, 2.0107, 1.542, 3.9529, 2.9938, 2.3672, 4.281, 6.4243, 3.5715, 8.1056, 2.7135, 3.26, 2.4135, 2.2013, 1.7378, 2.8793, 2.8602, 11.1867, 7.9971, 2.1211, 2.8194],
  "loci": ["rs17031627", "rs955799", "rs10496401", "rs10514814", "rs4556998", "rs11899929", "rs11899967", "rs997522", "rs12987484", "rs12712216", "rs1114882", "rs4851843", "rs11691815", "rs4851848", "rs4851857", "rs12470376", "rs1897169", "rs7571132", "rs6732799", "rs2376977", "rs7588033", "rs9646959", "rs2047699", "rs12464067", "rs1367406", "rs12995333", "rs4851870", "rs1465639", "rs2163350", "rs7589561", "rs2377339", "rs2163349", "rs6543342", "rs10180659", "rs3769504", "rs3769503", "rs3754806", "rs879900", "rs6740343", "rs6731173"]
}
