{
  "id": "EdgeSet0416",
  "sources": ["Adygei", "Adygei", "Adygei", "Adygei", "Adygei", "Balochi", "Balochi", "Balochi", "Balochi", "BantuKenya", "BantuKenya", "BantuSouthAfrica", "BantuSouthAfrica", "BantuSouthAfrica", "BantuSouthAfrica", "Basque", "Basque", "Bedouin", "Bedouin", "Bedouin", "Bedouin", "Bedouin", "Bedouin", "Bedouin", "BiakaPygmy", "BiakaPygmy", "BiakaPygmy", "BiakaPygmy", "Burusho", "Burusho", "Burusho", "Cambodian", "Cambodian", "Cambodian", "Cambodian", "Colombian", "Colombian", "Colombian", "Colombian", "Colombian", "Colombian", "Daur", "Daur", "Daur", "Daur", "Daur", "Druze", "Druze", "Kalash", "Kalash", "Kalash", "Lahu", "Mandenka", "Mandenka", "Mandenka", "Maya", "Maya", "MbutiPygmy", "MbutiPygmy", "Melanesian", "Melanesian", "Melanesian", "Mongola", "Mongola", "Mongola", "Mozabite", "Palestinian", "Palestinian", "Pima", "Uygur", "Yakut"],
  "targets": ["Basque", "Kalash", "Lahu", "Palestinian", "Russian", "Kalash", "Lahu", "Pima", "Uygur", "BantuSouthAfrica", "Yoruba", "BiakaPygmy", "Mandenka", "San", "Yoruba", "Burusho", "Russian", "Burusho", "Druze", "Kalash", "Maya", "Mozabite", "Palestinian", "Yakut", "Mandenka", "MbutiPygmy", "San", "Yoruba", "Cambodian", "Lahu", "Maya", "Colombian", "Daur", "Lahu", "Melanesian", "Daur", "Maya", "MbutiPygmy", "Melanesian", "Russian", "Yakut", "Maya", "Mongola", "Pima", "Yakut", "Yi", "Mozabite", "Russian", "Palestinian", "Russian", "Uygur", "Papuan", "Mozabite", "San", "Yoruba", "Pima", "Yi", "Papuan", "San", "Mongola", "Papuan", "Pima", "Papuan", "Yakut", "Yi", "Russian", "Russian", "Yakut", "San", "Yi", "Yi"],
  "weights": [2.9355, 2.2563, 3.5805, 2.2249, 2.0538, 2.7245, 3.0913, 3.941, 2.6495, 3.5804, 2.4853, 5.3748, 4.2845, 7.3508, 3.6819, 3.2183, 2.6911, 3.0655, 2.0612, 2.5717, 3.6363, 2.4335, 2.1476, 2.2316, 5.0864, 5.6281, 7.1509, 4.2501, 4.8867, 3.7909, 3.1252, 3.1471, 2.8102, 3.8755, 4.0972, 2.8058, 3.4189, 7.4529, 4.9078, 4.1922, 3.0888, 1.9748, 2.4378, 3.28, 1.8482, 1.3164, 2.3205, 1.4726, 2.2598, 2.2347, 2.7015, 5.4173, 4.1604, 7.4175, 3.7096, 3.1994, 2.0405, 8.9354, 5.825, 2.5542, 3.7496, 4.7666, 4.57, 2.9072, 2.5392, 2.3808, 1.924, 2.365, 8.6646, 2.2333, 1.8673],
  "loci": ["rs12619775", "rs5543", "rs5541", "rs13005439", "rs7601672", "rs17500300", "rs9309051", "rs13020366", "rs2110923", "rs918049", "rs2110922", "rs11674059", "rs2072532", "rs13389504", "rs4952491", "rs17501526", "rs444999", "rs2058693", "rs417614", "rs387103", "rs432188", "rs13425134", "rs374153", "rs429228", "rs1366423", "rs1861427", "rs2072531", "rs1428571", "rs2072530", "rs1005213", "rs17025352", "rs2192919", "rs17025372", "rs7558770", "rs118900", "rs2072529", "rs417591", "rs17503184", "rs385341", "rs3828295"]
}
