{
  "id": "EdgeSet0591",
  "sources": ["Adygei", "Adygei", "Adygei", "Adygei", "Adygei", "Balochi", "Balochi", "Balochi", "Balochi", "Balochi", "BantuKenya", "BantuKenya", "BantuKenya", "BantuKenya", "BantuSouthAfrica", "BantuSouthAfrica", "BantuSouthAfrica", "Basque", "Basque", "Basque", "Basque", "Basque", "Basque", "Bedouin", "Bedouin", "Bedouin", "Bedouin", "BiakaPygmy", "BiakaPygmy", "Burusho", "Burusho", "Burusho", "Burusho", "Cambodian", "Cambodian", "Cambodian", "Cambodian", "Cambodian", "Colombian", "Daur", "Daur", "Daur", "Daur", "Druze", "Kalash", "Lahu", "Mandenka", "Mandenka", "Maya", "Maya", "MbutiPygmy", "MbutiPygmy", "Melanesian", "Mongola", "Mongola", "Mongola", "Mongola", "Mozabite", "Mozabite", "Mozabite", "Papuan", "Papuan", "Pima", "Pima", "Pima", "Russian"],
  "targets": ["Bedouin", "Daur", "Druze", "Melanesian", "Mongola", "Basque", "Bedouin", "Druze", "Palestinian", "Russian", "BantuSouthAfrica", "BiakaPygmy", "Mandenka", "Yoruba", "MbutiPygmy", "San", "Yoruba", "Bedouin", "Daur", "Druze", "Kalash", "Russian", "Uygur", "Druze", "Kalash", "Mozabite", "Palestinian", "Mandenka", "MbutiPygmy", "Melanesian", "Papuan", "Uygur", "Yakut", "Daur", "Papuan", "Russian", "Yakut", "Yi", "Maya", "Lahu", "Pima", "Uygur", "Yakut", "Palestinian", "Melanesian", "Yi", "Mozabite", "Yoruba", "Pima", "Yakut", "San", "Yoruba", "Pima", "Papuan", "Uygur", "Yakut", "Yi", "Palestinian", "Russian", "Yoruba", "Russian", "Uygur", "San", "Uygur", "Yakut", "Yakut"],
  "weights": [2.6, 2.6509, 2.0629, 3.8012, 2.6386, 2.3313, 1.9276, 1.6139, 1.9336, 2.231, 5.3412, 4.273, 2.9751, 3.5125, 5.0502, 6.3996, 4.6223, 2.4455, 3.9711, 2.2664, 3.3387, 2.6853, 3.3278, 2.0607, 3.43, 2.7317, 2.0258, 4.0201, 4.4195, 4.3946, 3.1033, 3.2751, 3.1284, 2.5929, 2.4582, 2.7186, 2.5139, 2.8139, 2.1645, 3.3637, 4.5332, 2.6836, 2.3631, 1.7027, 4.9395, 2.2736, 3.7798, 2.7518, 4.0318, 3.886, 6.5567, 3.3983, 6.1236, 4.071, 2.4312, 2.1503, 2.7208, 2.9837, 3.3583, 3.6299, 3.0022, 3.5368, 8.8172, 4.6515, 4.3042, 2.6684],
  "loci": ["rs10181201", "rs4641979", "rs6545432", "rs6545433", "rs7584223", "rs6735962", "rs7608414", "rs6715538", "rs6545435", "rs3106204", "rs1510611", "rs2941584", "rs966003", "rs2971878", "rs907136", "rs2941589", "rs2931462", "rs2941591", "rs6717369", "rs7560775", "rs354232", "rs354230", "rs168506", "rs354211", "rs13404168", "rs13404269", "rs2666036", "rs2248749", "rs354239", "rs6752720", "rs168507", "rs354197", "rs354204", "rs13401661", "rs2288682", "rs980644", "rs13412839", "rs7567746", "rs4671231", "rs974916"]
}
