{
  "id": "EdgeSet0851",
  "sources": ["Adygei", "Adygei", "Adygei", "Adygei", "Adygei", "Adygei", "Adygei", "Balochi", "Balochi", "Balochi", "Balochi", "Balochi", "Balochi", "Balochi", "Balochi", "BantuKenya", "BantuKenya", "BantuKenya", "BantuKenya", "BantuKenya", "BantuSouthAfrica", "BantuSouthAfrica", "BantuSouthAfrica", "BantuSouthAfrica", "Basque", "Basque", "Basque", "Basque", "Basque", "Bedouin", "Bedouin", "Bedouin", "Bedouin", "Bedouin", "Bedouin", "BiakaPygmy", "BiakaPygmy", "BiakaPygmy", "Burusho", "Burusho", "Burusho", "Cambodian", "Cambodian", "Cambodian", "Cambodian", "Cambodian", "Colombian", "Colombian", "Colombian", "Colombian", "Colombian", "Daur", "Daur", "Daur", "Daur", "Daur", "Daur", "Daur", "Druze", "Druze", "Druze", "Druze", "Kalash", "Lahu", "Lahu", "Lahu", "Lahu", "Mandenka", "Mandenka", "Maya", "Maya", "MbutiPygmy", "MbutiPygmy", "Melanesian", "Melanesian", "Melanesian", "Mongola", "Mongola", "Mozabite", "Palestinian", "Palestinian", "Pima", "Pima", "Russian", "Uygur"],
  "targets": ["Basque", "Bedouin", "Daur", "Druze", "Kalash", "Russian", "Yi", "Bedouin", "Burusho", "Colombian", "Druze", "Kalash", "Mozabite", "Uygur", "Yakut", "BantuSouthAfrica", "BiakaPygmy", "Mandenka", "MbutiPygmy", "Mozabite", "BiakaPygmy", "Mandenka", "San", "Yoruba", "Bedouin", "Kalash", "Palestinian", "Russian", "Yakut", "Druze", "Mongola", "Mozabite", "Pima", "Uygur", "Yi", "Mandenka", "MbutiPygmy", "San", "Druze", "Mongola", "Pima", "Lahu", "Mongola", "Russian", "Yakut", "Yi", "Maya", "Papuan", "Pima", "Uygur", "Yi", "Kalash", "Lahu", "Mongola", "Pima", "Uygur", "Yakut", "Yi", "Melanesian", "Papuan", "Pima", "Russian", "Mozabite", "Mongola", "Mozabite", "Uygur", "Yi", "San", "Yoruba", "Pima", "San", "San", "Yoruba", "Papuan", "Uygur", "Yakut", "Yakut", "Yi", "Palestinian", "Russian", "Yoruba", "Russian", "San", "Uygur", "Yakut"],
  "weights": [2.9982, 2.3355, 4.0071, 2.4037, 2.3836, 2.6096, 3.2421, 1.8049, 2.7303, 2.0744, 1.7407, 1.8492, 2.3677, 1.6623, 2.464, 3.9587, 3.8789, 2.8098, 5.6774, 4.2645, 4.9688, 4.2078, 8.2157, 4.3457, 2.3811, 2.7719, 2.2885, 2.6763, 3.6195, 1.9529, 2.3592, 2.0611, 3.2186, 1.8605, 2.3734, 3.6195, 5.2623, 7.3051, 2.6165, 3.1902, 3.5374, 3.1644, 2.5811, 3.1855, 2.8487, 2.5273, 2.0726, 1.9994, 2.4448, 1.8429, 2.2562, 2.8236, 2.9956, 2.2853, 3.0863, 2.3216, 2.4437, 2.3059, 3.4008, 3.4761, 2.5091, 2.1913, 2.3295, 2.8795, 3.4953, 3.5261, 2.7298, 7.3499, 3.1266, 3.016, 9.0266, 7.0464, 5.1837, 2.868, 1.8785, 2.2074, 2.0559, 2.1199, 2.2228, 2.0719, 3.8215, 2.7719, 9.0186, 2.3695, 2.0542],
  "loci": ["rs7597163", "rs12476834", "rs6712750", "rs6754474", "rs1870114", "rs7577855", "rs984903", "rs6717876", "rs1457340", "rs1457341", "rs6738160", "rs2198935", "rs921963", "rs6547354", "rs12619674", "rs7589480", "rs7557987", "rs4349373", "rs12617125", "rs10173666", "rs6729829", "rs2862492", "rs7581118", "rs11678304", "rs6547361", "rs12233122", "rs13398367", "rs2862482", "rs6547363", "rs1595071", "rs2862499", "rs7608659", "rs6547369", "rs1435887", "rs966308", "rs1435883", "rs1435893", "rs11691303", "rs11684122", "rs11693671"]
}
