{
  "id": "EdgeSet0781",
  "sources": ["Adygei", "Adygei", "Adygei", "Adygei", "Adygei", "Adygei", "Adygei", "Adygei", "Adygei", "Balochi", "Balochi", "Balochi", "Balochi", "Balochi", "Balochi", "BantuKenya", "BantuKenya", "BantuKenya", "BantuKenya", "BantuKenya", "BantuSouthAfrica", "BantuSouthAfrica", "BantuSouthAfrica", "BantuSouthAfrica", "Basque", "Basque", "Basque", "Basque", "Basque", "Basque", "Basque", "Basque", "Bedouin", "Bedouin", "Bedouin", "Bedouin", "Bedouin", "Bedouin", "BiakaPygmy", "BiakaPygmy", "BiakaPygmy", "Burusho", "Burusho", "Burusho", "Cambodian", "Cambodian", "Cambodian", "Cambodian", "Cambodian", "Cambodian", "Colombian", "Colombian", "Daur", "Daur", "Daur", "Daur", "Daur", "Druze", "Druze", "Druze", "Kalash", "Kalash", "Kalash", "Kalash", "Lahu", "Lahu", "Lahu", "Lahu", "Mandenka", "Mandenka", "Mandenka", "Maya", "MbutiPygmy", "MbutiPygmy", "Melanesian", "Melanesian", "Mongola", "Mongola", "Mongola", "Mozabite", "Mozabite", "Papuan", "Pima", "Russian", "San", "Uygur"],
  "targets": ["Basque", "Bedouin", "Cambodian", "Druze", "Mozabite", "Palestinian", "Papuan", "Uygur", "Yakut", "Bedouin", "Colombian", "Kalash", "Mongola", "Palestinian", "Yakut", "BantuSouthAfrica", "Burusho", "Mandenka", "Mozabite", "Yoruba", "BiakaPygmy", "Mandenka", "San", "Yoruba", "Colombian", "Druze", "Maya", "Melanesian", "Mozabite", "Palestinian", "Papuan", "Russian", "Burusho", "Druze", "Melanesian", "Mozabite", "Palestinian", "Russian", "Mandenka", "MbutiPygmy", "San", "Mozabite", "Palestinian", "Russian", "Mongola", "Mozabite", "Palestinian", "Pima", "Russian", "Uygur", "Maya", "Yakut", "Lahu", "Mongola", "Pima", "Uygur", "Yi", "Palestinian", "Pima", "Yakut", "Melanesian", "Papuan", "Pima", "Russian", "Melanesian", "Mongola", "Pima", "Yakut", "Mongola", "San", "Yoruba", "Pima", "Yi", "Yoruba", "Papuan", "Yi", "Uygur", "Yakut", "Yi", "Papuan", "Pima", "San", "San", "Yakut", "Yoruba", "Yakut"],
  "weights": [2.3236, 2.0747, 2.9485, 1.9465, 3.2032, 2.0225, 4.5833, 2.3959, 3.134, 2.2313, 4.1994, 3.0755, 2.8646, 2.2717, 3.761, 4.119, 4.686, 3.0898, 4.0343, 3.4286, 4.0397, 3.898, 6.8657, 3.7146, 4.8181, 2.1439, 4.9644, 4.3898, 2.8098, 2.3875, 5.0574, 2.9672, 2.5307, 1.7969, 3.0377, 2.3809, 1.6434, 2.4036, 4.3408, 3.8682, 7.0977, 3.8114, 2.5358, 2.7948, 2.5153, 3.2071, 3.7062, 3.66, 3.8055, 2.9571, 2.1242, 4.047, 3.0966, 1.9553, 3.6563, 2.5233, 2.4863, 1.7156, 3.7504, 3.7067, 3.7245, 5.006, 4.25, 2.9569, 3.9807, 2.7416, 4.4948, 3.3517, 4.4489, 6.9556, 3.2019, 4.0142, 6.2371, 4.4829, 3.3912, 3.5513, 2.282, 2.4162, 2.6016, 4.6461, 4.0671, 9.6645, 8.6423, 2.8842, 6.8876, 2.8957],
  "loci": ["rs764672", "rs10194748", "rs13385597", "rs2110933", "rs10200423", "rs17011222", "rs4852370", "rs6718666", "rs6749524", "rs981297", "rs715161", "rs1861429", "rs2098383", "rs6546992", "rs6546993", "rs6704951", "rs10490316", "rs13431298", "rs11896584", "rs735881", "rs2110937", "rs4140811", "rs7598693", "rs6737535", "rs6744901", "rs6546997", "rs6757296", "rs2901674", "rs6547000", "rs11889063", "rs11126470", "rs13031576", "rs4853153", "rs7581555", "rs2192924", "rs12611634", "rs10201616", "rs12619807", "rs4853154", "rs6714189"]
}
