{
  "id": "EdgeSet0240",
  "sources": ["Adygei", "Adygei", "Adygei", "Adygei", "Balochi", "Balochi", "Balochi", "Balochi", "BantuKenya", "BantuKenya", "BantuKenya", "BantuKenya", "BantuSouthAfrica", "BantuSouthAfrica", "Basque", "Basque", "Bedouin", "Bedouin", "Bedouin", "Bedouin", "BiakaPygmy", "BiakaPygmy", "BiakaPygmy", "BiakaPygmy", "BiakaPygmy", "Burusho", "Burusho", "Burusho", "Burusho", "Burusho", "Burusho", "Burusho", "Burusho", "Burusho", "Cambodian", "Cambodian", "Cambodian", "Cambodian", "Cambodian", "Cambodian", "Colombian", "Colombian", "Colombian", "Colombian", "Daur", "Daur", "Daur", "Daur", "Daur", "Druze", "Druze", "Lahu", "Lahu", "Mandenka", "Mandenka", "Maya", "Maya", "MbutiPygmy", "MbutiPygmy", "Melanesian", "Melanesian", "Melanesian", "Mongola", "Mongola", "Mozabite", "Palestinian", "Papuan", "Pima", "Russian", "Russian", "San", "San", "Uygur"],
  "targets": ["Basque", "Mongola", "Russian", "Yoruba", "Basque", "Mozabite", "Palestinian", "Russian", "BantuSouthAfrica", "BiakaPygmy", "Mandenka", "MbutiPygmy", "Mandenka", "MbutiPygmy", "Druze", "Russian", "Druze", "Kalash", "Mozabite", "Palestinian", "Cambodian", "Mandenka", "MbutiPygmy", "San", "Yoruba", "Cambodian", "Colombian", "Kalash", "Lahu", "Mozabite", "Palestinian", "Pima", "Yakut", "Yi", "Daur", "Kalash", "Lahu", "Melanesian", "Papuan", "Yakut", "Kalash", "Maya", "Pima", "Yi", "Kalash", "Lahu", "Melanesian", "Mongola", "Yi", "Palestinian", "Russian", "Mongola", "Yi", "Mozabite", "Yoruba", "Papuan", "Pima", "San", "Yoruba", "Mongola", "Papuan", "Yi", "Pima", "Yakut", "San", "Uygur", "Yakut", "Yi", "Uygur", "Yi", "Uygur", "Yoruba", "Yakut"],
  "weights": [2.6323, 3.7847, 2.9402, 5.7775, 2.9504, 2.4816, 2.019, 2.8415, 3.0352, 4.3132, 3.3031, 5.1569, 2.6169, 5.2739, 2.3556, 2.784, 1.8171, 2.6077, 2.5061, 1.6592, 7.6017, 4.0095, 5.7825, 6.4615, 4.2756, 2.7004, 4.3529, 2.883, 4.164, 3.9814, 2.2624, 3.5165, 2.0889, 3.6495, 3.2351, 3.9003, 3.9557, 3.9075, 3.078, 2.3026, 3.3328, 3.9355, 4.1296, 4.6208, 3.2236, 3.9612, 3.8393, 3.0692, 3.7617, 1.7963, 2.6792, 3.6102, 4.7732, 4.0158, 2.9332, 3.9855, 4.4285, 7.5206, 5.4209, 3.5934, 1.6581, 4.2925, 3.3161, 2.7891, 5.8216, 2.034, 2.2987, 4.2536, 2.7006, 4.4163, 7.6118, 5.4793, 2.3943],
  "loci": ["rs1876768", "rs2136377", "rs7569443", "rs1396725", "rs2175091", "rs1509361", "rs4563252", "rs4314021", "rs11886927", "rs1876769", "rs13411515", "rs1396730", "rs4533498", "rs2339516", "rs1876770", "rs937932", "rs6746518", "rs7557726", "rs7568047", "rs13006508", "rs1509392", "rs6544021", "rs900928", "rs937930", "rs1564811", "rs729108", "rs4146005", "rs13007912", "rs4299360", "rs7424467", "rs1601287", "rs1997325", "rs936751", "rs2220152", "rs1813627", "rs10495730", "rs1484680", "rs4665513", "rs1484678", "rs10495729"]
}
