{
  "id": "EdgeSet0885",
  "sources": ["Adygei", "Adygei", "Adygei", "Adygei", "Adygei", "Adygei", "Balochi", "Balochi", "Balochi", "Balochi", "Balochi", "Balochi", "Balochi", "BantuKenya", "BantuKenya", "BantuKenya", "BantuKenya", "BantuKenya", "BantuSouthAfrica", "BantuSouthAfrica", "BantuSouthAfrica", "Basque", "Basque", "Basque", "Basque", "Bedouin", "Bedouin", "Bedouin", "Bedouin", "BiakaPygmy", "BiakaPygmy", "BiakaPygmy", "Burusho", "Burusho", "Cambodian", "Cambodian", "Cambodian", "Cambodian", "Cambodian", "Cambodian", "Cambodian", "Colombian", "Colombian", "Colombian", "Colombian", "Daur", "Daur", "Daur", "Druze", "Druze", "Druze", "Druze", "Kalash", "Kalash", "Lahu", "Lahu", "Lahu", "Mandenka", "Mandenka", "Maya", "Maya", "Melanesian", "Melanesian", "Melanesian", "Mongola", "Mongola", "Mozabite", "Mozabite", "Palestinian", "Palestinian", "Papuan", "Pima", "Pima", "Russian"],
  "targets": ["Basque", "Kalash", "Maya", "Palestinian", "Russian", "Uygur", "Basque", "Bedouin", "Druze", "Mozabite", "Palestinian", "Uygur", "Yakut", "BantuSouthAfrica", "Mandenka", "MbutiPygmy", "San", "Yoruba", "MbutiPygmy", "San", "Yoruba", "Druze", "Melanesian", "Papuan", "Russian", "Druze", "Mozabite", "Palestinian", "Russian", "Mandenka", "MbutiPygmy", "San", "Lahu", "Melanesian", "Daur", "Lahu", "Mongola", "Russian", "Uygur", "Yakut", "Yi", "Daur", "Maya", "Pima", "San", "Mongola", "Yakut", "Yi", "Kalash", "Maya", "Palestinian", "Uygur", "Palestinian", "Uygur", "Mongola", "Uygur", "Yi", "MbutiPygmy", "Yoruba", "Mozabite", "Pima", "Papuan", "Uygur", "Yi", "Pima", "Uygur", "Papuan", "Russian", "Pima", "Uygur", "Yi", "Yakut", "Yi", "Uygur"],
  "weights": [2.0289, 1.9827, 3.6674, 1.5209, 2.2777, 1.8443, 1.8167, 1.6546, 1.6594, 2.4535, 1.6267, 2.3837, 2.2807, 4.2518, 4.0767, 4.2541, 8.4369, 3.9129, 4.5907, 8.5698, 3.3938, 1.6817, 3.651, 3.6339, 2.3052, 1.5251, 2.2096, 1.4767, 1.844, 5.5036, 5.1026, 9.0582, 5.3503, 5.0327, 3.2046, 3.865, 2.3524, 4.1504, 3.1049, 2.6036, 3.0246, 3.4613, 2.1894, 2.7857, 10.1593, 2.6459, 1.4972, 2.6709, 1.4033, 3.014, 1.4409, 1.7735, 1.4254, 2.0233, 3.8638, 5.0457, 4.4056, 4.4879, 2.81, 3.6042, 2.5532, 4.4222, 3.8119, 4.2229, 3.8711, 2.4675, 4.0816, 2.7008, 2.6113, 1.7036, 4.3493, 2.7034, 4.7941, 2.4479],
  "loci": ["rs10779967", "rs2303340", "rs1075622", "rs17618119", "rs2367202", "rs1424520", "rs1025104", "rs1019592", "rs2241434", "rs11395", "rs3731818", "rs1124686", "rs2288123", "rs12620810", "rs2367203", "rs3770064", "rs6749090", "rs965636", "rs10175330", "rs4832254", "rs12714176", "rs3770059", "rs1540391", "rs2241432", "rs749581", "rs7422930", "rs7419344", "rs4832257", "rs6758173", "rs1559514", "rs13017143", "rs9677502", "rs17510512", "rs4832270", "rs17027112", "rs11675942", "rs12617962", "rs1863063", "rs11127026", "rs2113616"]
}
