{
  "id": "EdgeSet0772",
  "sources": ["Adygei", "Adygei", "Adygei", "Adygei", "Adygei", "Balochi", "Balochi", "Balochi", "Balochi", "BantuKenya", "BantuKenya", "BantuSouthAfrica", "BantuSouthAfrica", "BantuSouthAfrica", "BantuSouthAfrica", "BantuSouthAfrica", "Basque", "Basque", "Basque", "Bedouin", "Bedouin", "Bedouin", "BiakaPygmy", "BiakaPygmy", "BiakaPygmy", "BiakaPygmy", "Burusho", "Burusho", "Burusho", "Burusho", "Cambodian", "Cambodian", "Cambodian", "Cambodian", "Cambodian", "Colombian", "Colombian", "Colombian", "Daur", "Daur", "Daur", "Daur", "Druze", "Druze", "Druze", "Druze", "Kalash", "Kalash", "Lahu", "Lahu", "Mandenka", "Mandenka", "Maya", "MbutiPygmy", "Melanesian", "Melanesian", "Melanesian", "Mongola", "Mongola", "Mozabite", "Palestinian", "Papuan", "Papuan", "Uygur", "Yakut"],
  "targets": ["Balochi", "Basque", "Mongola", "Palestinian", "Uygur", "BantuKenya", "Bedouin", "Mongola", "Palestinian", "MbutiPygmy", "Yoruba", "BiakaPygmy", "Mandenka", "MbutiPygmy", "San", "Yoruba", "Bedouin", "Russian", "Yi", "Druze", "Mozabite", "Palestinian", "MbutiPygmy", "Mozabite", "San", "Yoruba", "Mozabite", "Palestinian", "Russian", "Yakut", "Daur", "Lahu", "Melanesian", "Pima", "Yi", "Lahu", "Maya", "Pima", "Lahu", "Melanesian", "Palestinian", "Yi", "Kalash", "Palestinian", "Papuan", "Russian", "Melanesian", "Palestinian", "Mongola", "Yi", "Mozabite", "Yoruba", "Pima", "San", "Mongola", "Papuan", "Pima", "Uygur", "Yi", "Yoruba", "Uygur", "Pima", "Yi", "Yakut", "Yi"],
  "weights": [2.8283, 3.2639, 4.2689, 2.9013, 3.8958, 4.0251, 1.9868, 2.9599, 2.1328, 5.0461, 3.6934, 4.9454, 4.3219, 5.3871, 6.6967, 3.3891, 1.9631, 2.1352, 4.1151, 1.5901, 2.2526, 1.8379, 5.4148, 4.3261, 6.2529, 4.1806, 3.0359, 2.6988, 2.7606, 2.8309, 2.0305, 2.1076, 3.6922, 3.9335, 1.726, 2.9324, 1.4983, 2.5255, 1.8192, 2.9972, 4.3886, 1.523, 2.5116, 2.0387, 3.7259, 2.6103, 3.2559, 2.7737, 2.0688, 1.7325, 4.0901, 2.8938, 2.1205, 5.917, 2.6844, 3.0665, 4.046, 2.3845, 2.3103, 4.2195, 2.4704, 4.5466, 3.2643, 2.2335, 2.553],
  "loci": ["rs3771744", "rs909177", "rs13429740", "rs6718621", "rs3213672", "rs6751601", "rs17009927", "rs2268420", "rs7556852", "rs1063588", "rs1047911", "rs6707475", "rs10779958", "rs2241028", "rs363674", "rs759075", "rs4853033", "rs363697", "rs13407946", "rs17667404", "rs205651", "rs205650", "rs11900406", "rs363608", "rs363640", "rs363641", "rs363612", "rs150139", "rs363617", "rs10197048", "rs363666", "rs12621560", "rs1137", "rs205628", "rs205627", "rs205621", "rs11678611", "rs2021753", "rs205611", "rs11891041"]
}
