{
  "id": "EdgeSet0723",
  "sources": ["Adygei", "Adygei", "Adygei", "Adygei", "Adygei", "Balochi", "Balochi", "Balochi", "Balochi", "Balochi", "Balochi", "Balochi", "BantuKenya", "BantuKenya", "BantuKenya", "BantuKenya", "BantuSouthAfrica", "BantuSouthAfrica", "BantuSouthAfrica", "Basque", "Basque", "Basque", "Basque", "Bedouin", "Bedouin", "Bedouin", "Bedouin", "Bedouin", "BiakaPygmy", "BiakaPygmy", "BiakaPygmy", "BiakaPygmy", "Burusho", "Burusho", "Burusho", "Burusho", "Burusho", "Cambodian", "Cambodian", "Cambodian", "Cambodian", "Colombian", "Colombian", "Colombian", "Colombian", "Colombian", "Colombian", "Daur", "Daur", "Daur", "Daur", "Daur", "Druze", "Druze", "Druze", "Kalash", "Kalash", "Lahu", "Lahu", "Mandenka", "Mandenka", "Maya", "Maya", "MbutiPygmy", "Melanesian", "Melanesian", "Mongola", "Mongola", "Mongola", "Mozabite", "Mozabite", "Palestinian", "Papuan", "Russian", "Uygur", "Yakut"],
  "targets": ["Basque", "Burusho", "Druze", "Maya", "Palestinian", "Burusho", "Kalash", "Melanesian", "Mozabite", "Palestinian", "Papuan", "Russian", "BantuSouthAfrica", "MbutiPygmy", "San", "Yoruba", "BiakaPygmy", "San", "Yoruba", "Bedouin", "Druze", "Mongola", "Papuan", "Druze", "Mozabite", "Palestinian", "Pima", "Uygur", "Mandenka", "MbutiPygmy", "San", "Yoruba", "Kalash", "Maya", "Mongola", "Pima", "Yakut", "Lahu", "Melanesian", "Uygur", "Yi", "Kalash", "Lahu", "Maya", "Mongola", "Papuan", "Pima", "Mongola", "Russian", "Uygur", "Yakut", "Yi", "Mozabite", "Palestinian", "Russian", "Maya", "Yakut", "Mongola", "Papuan", "MbutiPygmy", "Yoruba", "Pima", "Russian", "San", "Papuan", "Yakut", "Pima", "San", "Yi", "Palestinian", "Yakut", "Uygur", "Yi", "Uygur", "Yakut", "Yi"],
  "weights": [1.9018, 1.9946, 1.814, 2.894, 1.8806, 2.173, 2.6007, 3.8042, 2.2998, 2.1039, 4.6009, 3.5766, 4.7425, 5.7673, 7.8931, 3.2681, 5.3024, 7.5161, 4.1714, 2.1337, 1.8774, 3.4676, 4.3026, 2.0072, 2.2649, 1.7944, 3.5364, 2.5367, 3.1381, 4.6823, 7.3057, 3.7839, 2.1711, 2.6286, 3.1754, 3.6872, 3.2567, 2.9265, 3.1911, 3.2809, 3.1636, 3.1668, 3.77, 1.822, 3.4695, 3.9028, 3.3881, 3.1813, 3.4461, 2.1559, 1.7579, 2.3482, 2.9887, 1.9251, 2.019, 2.8242, 3.3026, 3.6558, 2.4387, 4.724, 2.6755, 2.9935, 3.3829, 6.4352, 3.2189, 2.9333, 4.4348, 9.2501, 2.4306, 2.2216, 3.2584, 2.3862, 3.6748, 2.9961, 2.2441, 2.4039],
  "loci": ["rs6724540", "rs6546418", "rs10180884", "rs6726966", "rs7570797", "rs4627609", "rs6731427", "rs4854436", "rs4854482", "rs10178143", "rs13410673", "rs3969864", "rs7601120", "rs7566935", "rs13033526", "rs13000978", "rs4068860", "rs4854447", "rs4854498", "rs10172004", "rs7561173", "rs7572183", "rs10174331", "rs10174998", "rs7590468", "rs4854502", "rs4854504", "rs4854505", "rs4854448", "rs7593402", "rs4854506", "rs4068867", "rs2280244", "rs4362592", "rs4309612", "rs11897544", "rs4854451", "rs6720182", "rs4627610", "rs4854512"]
}
