{
  "id": "EdgeSet0712",
  "sources": ["Adygei", "Adygei", "Adygei", "Adygei", "Adygei", "Adygei", "Adygei", "Balochi", "Balochi", "Balochi", "Balochi", "BantuKenya", "BantuKenya", "BantuKenya", "BantuKenya", "BantuKenya", "BantuKenya", "BantuKenya", "BantuKenya", "BantuKenya", "BantuSouthAfrica", "BantuSouthAfrica", "BantuSouthAfrica", "BantuSouthAfrica", "BantuSouthAfrica", "Basque", "Basque", "Basque", "Basque", "Bedouin", "Bedouin", "Bedouin", "Bedouin", "BiakaPygmy", "BiakaPygmy", "BiakaPygmy", "BiakaPygmy", "BiakaPygmy", "Burusho", "Burusho", "Burusho", "Burusho", "Cambodian", "Cambodian", "Cambodian", "Cambodian", "Colombian", "Colombian", "Colombian", "Daur", "Daur", "Daur", "Daur", "Daur", "Druze", "Druze", "Druze", "Kalash", "Kalash", "Kalash", "Lahu", "Lahu", "Lahu", "Lahu", "Lahu", "Lahu", "Mandenka", "Maya", "Melanesian", "Melanesian", "Melanesian", "Mongola", "Mongola", "Mozabite", "Mozabite", "Palestinian", "Papuan", "Papuan", "San", "Yakut"],
  "targets": ["Basque", "Bedouin", "Cambodian", "Kalash", "Mozabite", "Palestinian", "Yakut", "Bedouin", "Burusho", "Druze", "Kalash", "BiakaPygmy", "Colombian", "Daur", "Mandenka", "MbutiPygmy", "Papuan", "Pima", "San", "Yoruba", "Mandenka", "MbutiPygmy", "Melanesian", "San", "Yoruba", "Druze", "Kalash", "Mozabite", "Russian", "Mozabite", "Palestinian", "Russian", "Yakut", "Mandenka", "MbutiPygmy", "Papuan", "San", "Yoruba", "Mongola", "Palestinian", "Pima", "Uygur", "Colombian", "Lahu", "Russian", "Uygur", "Maya", "Melanesian", "Yakut", "Druze", "Lahu", "Mongola", "Uygur", "Yakut", "Mongola", "Palestinian", "Russian", "Palestinian", "Pima", "Russian", "MbutiPygmy", "Melanesian", "Papuan", "San", "Uygur", "Yi", "Yoruba", "Pima", "Papuan", "San", "Uygur", "Uygur", "Yi", "Palestinian", "Pima", "Yakut", "Yakut", "Yi", "Yoruba", "Yi"],
  "weights": [2.6108, 1.9855, 2.9856, 2.1252, 1.9635, 1.7651, 2.527, 2.1345, 2.0817, 2.6761, 2.3977, 5.1185, 5.5451, 5.2923, 4.3185, 6.0242, 4.9471, 4.6581, 7.265, 4.531, 3.2669, 5.7225, 5.6708, 5.9576, 3.4608, 2.1742, 1.76, 1.8992, 2.6263, 1.9035, 1.6658, 2.6715, 2.4263, 4.1126, 5.2565, 6.392, 7.3343, 4.2057, 2.3463, 1.6995, 2.362, 2.1383, 4.1095, 4.4514, 3.717, 2.7122, 1.731, 4.9095, 3.6063, 3.9669, 4.3961, 2.7268, 2.5994, 2.8037, 4.112, 1.5833, 2.565, 1.5726, 2.5037, 2.4055, 8.4313, 6.205, 5.2436, 8.7846, 4.1494, 3.9018, 2.7727, 1.9036, 4.362, 7.146, 3.6215, 2.5564, 2.4031, 1.6884, 2.6888, 2.2406, 3.5981, 4.2163, 6.4266, 2.9083],
  "loci": ["rs6732490", "rs2861703", "rs980227", "rs4141819", "rs10490725", "rs10490726", "rs7572685", "rs4671821", "rs1549782", "rs1541864", "rs6754339", "rs2060041", "rs17040168", "rs17040171", "rs2861709", "rs1897174", "rs11681312", "rs11675630", "rs4671826", "rs12162351", "rs9309403", "rs1367462", "rs1430762", "rs11692071", "rs7586232", "rs1978656", "rs4671839", "rs12465119", "rs4671841", "rs6735177", "rs4671196", "rs10496149", "rs1430770", "rs1864572", "rs1367458", "rs974482", "rs934311", "rs1367457", "rs4671197", "rs2861708"]
}
