{
  "id": "EdgeSet0230",
  "sources": ["Adygei", "Adygei", "Adygei", "Adygei", "Adygei", "Balochi", "Balochi", "Balochi", "BantuKenya", "BantuKenya", "BantuKenya", "BantuKenya", "BantuKenya", "BantuSouthAfrica", "BantuSouthAfrica", "BantuSouthAfrica", "BantuSouthAfrica", "Basque", "Basque", "Basque", "Basque", "Basque", "Basque", "Bedouin", "Bedouin", "Bedouin", "Bedouin", "Bedouin", "Bedouin", "Bedouin", "BiakaPygmy", "BiakaPygmy", "BiakaPygmy", "Burusho", "Burusho", "Burusho", "Cambodian", "Cambodian", "Cambodian", "Cambodian", "Cambodian", "Colombian", "Colombian", "Colombian", "Colombian", "Colombian", "Daur", "Daur", "Daur", "Druze", "Kalash", "Kalash", "Lahu", "Lahu", "Lahu", "Mandenka", "Maya", "Maya", "Maya", "MbutiPygmy", "MbutiPygmy", "Melanesian", "Melanesian", "Mongola", "Mongola", "Mongola", "Mozabite", "Mozabite", "Mozabite", "Palestinian", "Papuan", "Papuan", "Uygur", "Yakut"],
  "targets": ["Balochi", "Basque", "Bedouin", "Druze", "Lahu", "Basque", "Burusho", "Russian", "BantuSouthAfrica", "MbutiPygmy", "San", "Yi", "Yoruba", "Mandenka", "MbutiPygmy", "San", "Yoruba", "Cambodian", "Kalash", "Mozabite", "Palestinian", "Pima", "Russian", "Druze", "Kalash", "Melanesian", "Mongola", "Mozabite", "Palestinian", "Papuan", "Mandenka", "MbutiPygmy", "San", "Daur", "Kalash", "Yakut", "Daur", "Druze", "Melanesian", "Papuan", "Yi", "Maya", "Melanesian", "Papuan", "Pima", "Uygur", "Lahu", "Uygur", "Yakut", "Palestinian", "Maya", "Russian", "Melanesian", "Papuan", "Uygur", "Yoruba", "Mongola", "Papuan", "Yakut", "Mozabite", "Yoruba", "Mongola", "Uygur", "Uygur", "Yakut", "Yi", "Pima", "Russian", "San", "Pima", "San", "Uygur", "Yakut", "Yi"],
  "weights": [2.8489, 3.189, 2.5689, 2.4863, 4.2622, 2.7265, 2.4744, 2.3594, 4.3705, 5.3501, 6.6362, 5.5184, 3.571, 4.3975, 6.0536, 5.4924, 4.3697, 3.4256, 3.389, 3.2036, 2.2413, 3.7698, 3.1298, 1.6985, 3.2283, 3.1185, 2.7962, 2.8982, 1.5502, 5.2441, 4.7667, 5.76, 7.3168, 3.0897, 2.7971, 2.8519, 1.7331, 2.6404, 2.0369, 4.6895, 1.9805, 2.8231, 4.446, 4.6315, 3.6163, 4.6447, 3.3616, 1.3647, 1.5335, 1.0496, 3.7774, 3.1762, 3.6551, 4.6683, 3.1622, 2.4087, 3.6607, 3.8465, 2.2427, 6.7876, 4.8383, 2.6588, 2.2444, 1.9107, 2.179, 2.0222, 5.0281, 4.5301, 8.1992, 3.0524, 9.801, 3.7521, 1.6455, 1.725],
  "loci": ["rs4507059", "rs4128553", "rs3923037", "rs2337382", "rs4665639", "rs7558478", "rs6728178", "rs10495712", "rs6733447", "rs10164442", "rs6754295", "rs6725189", "rs1042031", "rs1801701", "rs676210", "rs693", "rs673548", "rs11126598", "rs550619", "rs1713222", "rs666126", "rs571468", "rs541041", "rs540156", "rs565202", "rs1429974", "rs11886946", "rs754524", "rs754523", "rs534100", "rs97458", "rs312956", "rs12470778", "rs312966", "rs17399838", "rs312985", "rs506585", "rs1878512", "rs10206521", "rs10169543"]
}
