{
  "id": "EdgeSet0440",
  "sources": ["Adygei", "Adygei", "Adygei", "Adygei", "Adygei", "Adygei", "Balochi", "Balochi", "Balochi", "Balochi", "Balochi", "BantuKenya", "BantuKenya", "BantuKenya", "BantuKenya", "BantuKenya", "BantuKenya", "BantuSouthAfrica", "BantuSouthAfrica", "BantuSouthAfrica", "BantuSouthAfrica", "Basque", "Basque", "Basque", "Basque", "Basque", "Basque", "Basque", "Bedouin", "Bedouin", "Bedouin", "Bedouin", "BiakaPygmy", "BiakaPygmy", "BiakaPygmy", "BiakaPygmy", "Burusho", "Burusho", "Burusho", "Burusho", "Burusho", "Cambodian", "Cambodian", "Cambodian", "Cambodian", "Colombian", "Colombian", "Daur", "Daur", "Daur", "Daur", "Druze", "Druze", "Kalash", "Kalash", "Kalash", "Lahu", "Lahu", "Mandenka", "Mandenka", "Maya", "Maya", "MbutiPygmy", "Melanesian", "Melanesian", "Melanesian", "Melanesian", "Mongola", "Mongola", "Mongola", "Mozabite", "Papuan", "Russian", "Russian", "Yakut"],
  "targets": ["Cambodian", "Colombian", "Druze", "Kalash", "Mozabite", "Palestinian", "Bedouin", "Druze", "Kalash", "Mozabite", "Uygur", "BantuSouthAfrica", "BiakaPygmy", "Daur", "MbutiPygmy", "Russian", "Yoruba", "Mandenka", "MbutiPygmy", "San", "Yoruba", "Burusho", "Druze", "Kalash", "Mozabite", "Palestinian", "Russian", "Uygur", "Druze", "Mozabite", "Palestinian", "Uygur", "Mandenka", "MbutiPygmy", "San", "Uygur", "Cambodian", "Kalash", "Lahu", "Mongola", "Uygur", "Daur", "Kalash", "Lahu", "Yi", "Maya", "Pima", "Mongola", "Russian", "Yakut", "Yi", "Mozabite", "Palestinian", "Mongola", "Mozabite", "Uygur", "Papuan", "Yi", "San", "Yoruba", "Papuan", "Pima", "San", "Palestinian", "Papuan", "Uygur", "Yoruba", "Papuan", "Yakut", "Yi", "Papuan", "Yoruba", "Yakut", "Yi", "Yi"],
  "weights": [3.5258, 5.8068, 2.3115, 2.8309, 2.5136, 1.9778, 2.4445, 2.7218, 2.975, 2.7284, 3.7142, 3.9034, 3.6751, 4.4625, 5.3005, 4.3026, 3.249, 3.5909, 4.4557, 5.9605, 3.414, 2.8762, 2.2863, 2.825, 2.5647, 2.3948, 2.8938, 4.5346, 1.9667, 2.0326, 1.5801, 3.2227, 4.0933, 5.5561, 6.415, 5.4471, 3.031, 2.5647, 3.4068, 2.9898, 3.7124, 2.8533, 3.0919, 2.1884, 2.7377, 2.4841, 2.9627, 2.6273, 2.9045, 2.6992, 2.4495, 2.3401, 1.8755, 2.8646, 3.4979, 3.6117, 5.5672, 2.9403, 4.565, 3.277, 5.8063, 2.4473, 6.9003, 4.3165, 5.5098, 4.7563, 5.1941, 5.1316, 2.4552, 2.324, 5.6571, 7.4389, 2.9074, 2.9641, 1.7059],
  "loci": ["rs17029408", "rs10779930", "rs17029451", "rs17029452", "rs2302346", "rs11691536", "rs10490557", "rs6723361", "rs10202624", "rs12466769", "rs6724757", "rs2374407", "rs2053347", "rs2286702", "rs6716767", "rs12465160", "rs1981664", "rs10206058", "rs1992258", "rs7592036", "rs12615383", "rs7560797", "rs222467", "rs13015280", "rs17389988", "rs92303", "rs11124877", "rs1496328", "rs10495897", "rs11685479", "rs13022188", "rs13030217", "rs713611", "rs1390610", "rs13028484", "rs4368378", "rs924114", "rs12712846", "rs2888839", "rs17029781"]
}
