{
  "id": "EdgeSet0503",
  "sources": ["Adygei", "Adygei", "Adygei", "Adygei", "Balochi", "Balochi", "Balochi", "Balochi", "BantuKenya", "BantuKenya", "BantuKenya", "BantuKenya", "BantuKenya", "BantuKenya", "BantuKenya", "BantuSouthAfrica", "BantuSouthAfrica", "BantuSouthAfrica", "Basque", "Basque", "Basque", "Basque", "Basque", "Bedouin", "Bedouin", "Bedouin", "Bedouin", "Bedouin", "Bedouin", "BiakaPygmy", "BiakaPygmy", "Burusho", "Burusho", "Burusho", "Burusho", "Cambodian", "Cambodian", "Cambodian", "Cambodian", "Cambodian", "Cambodian", "Colombian", "Colombian", "Colombian", "Colombian", "Daur", "Daur", "Daur", "Druze", "Druze", "Druze", "Druze", "Druze", "Kalash", "Lahu", "Lahu", "Lahu", "Mandenka", "Mandenka", "Maya", "Maya", "MbutiPygmy", "Melanesian", "Melanesian", "Mongola", "Mongola", "Mozabite", "Mozabite", "Palestinian", "Palestinian", "Papuan", "Papuan", "Pima", "Pima", "Yakut"],
  "targets": ["Balochi", "Druze", "Palestinian", "Yakut", "BantuSouthAfrica", "Bedouin", "Burusho", "Mandenka", "BantuSouthAfrica", "BiakaPygmy", "Kalash", "Mandenka", "MbutiPygmy", "San", "Yoruba", "BiakaPygmy", "San", "Yoruba", "Druze", "Melanesian", "Palestinian", "Pima", "Russian", "Druze", "Kalash", "Mozabite", "Palestinian", "Russian", "Yakut", "MbutiPygmy", "San", "Cambodian", "Melanesian", "Pima", "Yi", "Druze", "Mandenka", "Melanesian", "Mongola", "Pima", "Uygur", "Daur", "Maya", "MbutiPygmy", "Russian", "Mongola", "Papuan", "Yi", "Kalash", "Maya", "Mozabite", "Palestinian", "Pima", "MbutiPygmy", "Melanesian", "Mongola", "Uygur", "Yakut", "Yoruba", "Pima", "Yakut", "San", "Mongola", "Papuan", "Uygur", "Yakut", "Palestinian", "Papuan", "Pima", "Russian", "Yakut", "Yi", "Uygur", "Yi", "Yi"],
  "weights": [2.8177, 2.6396, 2.7926, 3.8181, 5.6683, 2.3086, 2.6261, 3.5212, 4.7564, 4.051, 5.7593, 3.8941, 5.0054, 7.5301, 3.4698, 5.4359, 7.4764, 4.0842, 2.2307, 4.0752, 2.3088, 3.3055, 2.2497, 1.4963, 2.3955, 1.702, 1.6762, 2.1276, 3.3501, 5.4845, 6.6474, 2.2039, 3.5697, 4.1318, 3.7916, 2.9389, 3.7239, 3.6485, 2.4541, 4.1095, 2.0004, 3.6583, 3.2192, 7.712, 3.9117, 2.6216, 2.3519, 2.8579, 2.4963, 4.1071, 1.8979, 1.7773, 2.7368, 6.4786, 3.8146, 2.6112, 2.5364, 4.3526, 3.09, 4.1721, 3.4647, 8.6706, 5.0085, 4.5381, 2.5635, 3.3395, 1.8402, 3.4352, 2.7535, 2.1476, 4.2977, 2.5155, 3.0201, 3.7879, 3.298],
  "loci": ["rs6708635", "rs13411760", "rs17540157", "rs17481182", "rs17481321", "rs13432506", "rs736377", "rs6761800", "rs17036039", "rs11899526", "rs1865258", "rs17036060", "rs10193261", "rs7581528", "rs7558419", "rs7585571", "rs6739975", "rs1036292", "rs2163982", "rs4953442", "rs919883", "rs7565217", "rs3814036", "rs6713052", "rs12373778", "rs10084454", "rs6761572", "rs4952862", "rs1865257", "rs10495942", "rs4953447", "rs7593339", "rs17036168", "rs2436772", "rs10460536", "rs2692215", "rs13393256", "rs11125114", "rs4953456", "rs919878"]
}
