{
  "id": "EdgeSet0714",
  "sources": ["Adygei", "Adygei", "Adygei", "Adygei", "Balochi", "Balochi", "Balochi", "Balochi", "Balochi", "BantuKenya", "BantuKenya", "BantuKenya", "BantuKenya", "BantuSouthAfrica", "BantuSouthAfrica", "BantuSouthAfrica", "BantuSouthAfrica", "BantuSouthAfrica", "Basque", "Basque", "Basque", "Basque", "Basque", "Bedouin", "Bedouin", "BiakaPygmy", "BiakaPygmy", "BiakaPygmy", "BiakaPygmy", "Burusho", "Burusho", "Burusho", "Burusho", "Burusho", "Cambodian", "Cambodian", "Cambodian", "Cambodian", "Colombian", "Colombian", "Daur", "Daur", "Daur", "Daur", "Daur", "Daur", "Daur", "Druze", "Lahu", "Lahu", "Mandenka", "Mandenka", "Mandenka", "Maya", "Maya", "Maya", "MbutiPygmy", "MbutiPygmy", "Melanesian", "Mongola", "Mongola", "Mongola", "Mongola", "Mozabite", "Russian", "Yakut", "Yakut"],
  "targets": ["Bedouin", "Burusho", "Kalash", "Palestinian", "Druze", "Kalash", "Mozabite", "Uygur", "Yi", "BantuSouthAfrica", "Mandenka", "MbutiPygmy", "San", "BiakaPygmy", "Mandenka", "Papuan", "San", "Yoruba", "Bedouin", "Druze", "Kalash", "Palestinian", "Russian", "Mozabite", "Palestinian", "Mandenka", "Melanesian", "San", "Yoruba", "Kalash", "Mongola", "Pima", "Uygur", "Yi", "Daur", "Lahu", "Melanesian", "Russian", "Maya", "Pima", "Druze", "Lahu", "MbutiPygmy", "Mongola", "Uygur", "Yakut", "Yi", "Palestinian", "Papuan", "Yi", "MbutiPygmy", "Mozabite", "Yoruba", "Pima", "Uygur", "Yakut", "Melanesian", "San", "Papuan", "Mozabite", "Pima", "Yakut", "Yi", "Russian", "Yi", "Yi", "Yoruba"],
  "weights": [1.7566, 2.5761, 2.0585, 2.0655, 2.3755, 1.8297, 2.3374, 2.7014, 3.688, 4.2726, 4.2465, 4.4015, 5.4388, 3.712, 3.9638, 5.8277, 5.7089, 3.2434, 1.5226, 1.7439, 1.8992, 1.919, 2.6176, 1.9626, 1.7247, 3.9824, 5.0544, 5.6672, 3.2545, 2.3777, 2.9945, 3.9844, 2.9146, 3.2255, 3.5932, 3.177, 5.2047, 4.699, 3.4615, 4.5063, 4.3835, 3.6991, 4.9518, 3.0068, 2.8974, 3.6932, 2.9759, 1.8747, 6.4007, 4.325, 3.5971, 3.6795, 3.07, 3.2109, 4.1834, 5.3908, 4.6827, 5.3828, 4.0947, 3.3097, 4.2703, 3.5669, 2.7948, 2.5168, 4.7842, 3.6579, 4.6266],
  "loci": ["rs10174757", "rs11883880", "rs10865365", "rs7607241", "rs10519126", "rs4671846", "rs10519124", "rs7580140", "rs13432159", "rs12713602", "rs2116051", "rs1346870", "rs1346869", "rs730424", "rs12713604", "rs11904674", "rs17034385", "rs934312", "rs4671849", "rs1367468", "rs1864571", "rs881645", "rs1430778", "rs10194038", "rs1897177", "rs17034390", "rs17616984", "rs11691501", "rs10469954", "rs13429160", "rs4308115", "rs7563552", "rs11126157", "rs6715551", "rs10199432", "rs7592215", "rs713195", "rs1430795", "rs6729128", "rs958979"]
}
