{
  "id": "EdgeSet0986",
  "sources": ["Adygei", "Adygei", "Adygei", "Adygei", "Adygei", "Adygei", "Adygei", "Balochi", "Balochi", "Balochi", "Balochi", "Balochi", "BantuKenya", "BantuKenya", "BantuKenya", "BantuKenya", "BantuSouthAfrica", "BantuSouthAfrica", "BantuSouthAfrica", "Basque", "Basque", "Basque", "Basque", "Basque", "Bedouin", "Bedouin", "Bedouin", "Bedouin", "Bedouin", "Bedouin", "BiakaPygmy", "BiakaPygmy", "BiakaPygmy", "Burusho", "Burusho", "Burusho", "Burusho", "Burusho", "Cambodian", "Cambodian", "Cambodian", "Cambodian", "Cambodian", "Cambodian", "Cambodian", "Colombian", "Colombian", "Colombian", "Colombian", "Colombian", "Daur", "Daur", "Daur", "Druze", "Druze", "Druze", "Druze", "Kalash", "Lahu", "Lahu", "Lahu", "Mandenka", "Mandenka", "Maya", "Maya", "MbutiPygmy", "MbutiPygmy", "Melanesian", "Melanesian", "Melanesian", "Mongola", "Mozabite", "Palestinian", "Palestinian", "Papuan", "Russian", "Yakut"],
  "targets": ["Basque", "Bedouin", "Druze", "Lahu", "Palestinian", "Papuan", "Russian", "Burusho", "Colombian", "Daur", "Palestinian", "Russian", "BantuSouthAfrica", "Mandenka", "San", "Yoruba", "Mandenka", "Mozabite", "San", "Druze", "Lahu", "Papuan", "Russian", "Uygur", "Burusho", "Daur", "Druze", "Kalash", "Palestinian", "Russian", "Mandenka", "MbutiPygmy", "San", "Colombian", "Kalash", "Melanesian", "Papuan", "Uygur", "Daur", "Kalash", "Lahu", "Melanesian", "Uygur", "Yakut", "Yi", "Maya", "Pima", "Uygur", "Yakut", "Yoruba", "Lahu", "Mozabite", "Yi", "Kalash", "Mozabite", "Palestinian", "Russian", "Uygur", "Melanesian", "Uygur", "Yi", "San", "Yoruba", "Pima", "Yakut", "San", "Yoruba", "Mongola", "Papuan", "Yi", "Yakut", "Yoruba", "Russian", "Uygur", "Uygur", "Uygur", "Yi"],
  "weights": [2.3045, 1.7863, 1.7333, 3.2124, 2.0029, 3.6021, 1.8985, 3.0438, 3.6489, 2.56, 2.3591, 2.6593, 3.6616, 3.6514, 7.4024, 3.3564, 3.8369, 4.1402, 6.9771, 2.6282, 4.1689, 4.0377, 2.5973, 3.2604, 2.6586, 2.0233, 1.852, 2.4798, 1.7307, 2.0222, 3.9818, 3.3458, 6.3164, 3.4799, 2.4375, 3.1217, 3.8223, 2.6255, 1.6572, 2.7861, 2.6164, 2.6497, 2.6417, 2.2197, 1.8576, 3.8324, 4.9172, 3.651, 3.1629, 5.4946, 2.4948, 3.3439, 1.8643, 2.7245, 2.8526, 2.0492, 1.7869, 2.6899, 2.8862, 3.8864, 2.3637, 6.5717, 3.5092, 2.4713, 2.9378, 5.5917, 5.1005, 2.4279, 3.9486, 2.7103, 2.2169, 3.7289, 2.0228, 2.7527, 3.6431, 3.48, 2.2154],
  "loci": ["rs2215482", "rs13390271", "rs17718567", "rs2889744", "rs4676323", "rs6744712", "rs6708562", "rs6759439", "rs2079918", "rs7607270", "rs3922303", "rs1558398", "rs2191588", "rs2191590", "rs4676325", "rs985682", "rs2109595", "rs12617850", "rs6753056", "rs13022458", "rs6725836", "rs2191595", "rs11124165", "rs17663111", "rs2191581", "rs758822", "rs6747330", "rs4133137", "rs7597645", "rs6729086", "rs4676118", "rs6755570", "rs6761939", "rs17683291", "rs10514800", "rs11890663", "rs4676120", "rs7557667", "rs6753182", "rs6709735"]
}
