{
  "id": "EdgeSet0670",
  "sources": ["Adygei", "Adygei", "Adygei", "Adygei", "Adygei", "Balochi", "Balochi", "Balochi", "Balochi", "BantuKenya", "BantuKenya", "BantuKenya", "BantuSouthAfrica", "BantuSouthAfrica", "BantuSouthAfrica", "BantuSouthAfrica", "Basque", "Basque", "Basque", "Bedouin", "Bedouin", "Bedouin", "Bedouin", "BiakaPygmy", "BiakaPygmy", "BiakaPygmy", "BiakaPygmy", "Burusho", "Burusho", "Burusho", "Burusho", "Burusho", "Cambodian", "Cambodian", "Cambodian", "Cambodian", "Cambodian", "Colombian", "Colombian", "Colombian", "Colombian", "Colombian", "Daur", "Daur", "Daur", "Daur", "Daur", "Kalash", "Kalash", "Lahu", "Lahu", "Lahu", "Lahu", "Mandenka", "Mandenka", "Maya", "Maya", "MbutiPygmy", "MbutiPygmy", "Melanesian", "Mongola", "Mozabite", "Palestinian", "San", "Uygur", "Yakut"],
  "targets": ["Balochi", "Basque", "Mandenka", "Palestinian", "Uygur", "Daur", "Kalash", "Palestinian", "Uygur", "BiakaPygmy", "Mandenka", "Yoruba", "BiakaPygmy", "MbutiPygmy", "San", "Yoruba", "Bedouin", "Burusho", "Druze", "Burusho", "Druze", "Kalash", "Palestinian", "MbutiPygmy", "Mozabite", "San", "Yoruba", "Druze", "Kalash", "Maya", "Palestinian", "Russian", "Lahu", "Maya", "Melanesian", "Mongola", "Uygur", "Maya", "Melanesian", "Pima", "Uygur", "Yi", "Maya", "Mongola", "Papuan", "Yakut", "Yi", "Palestinian", "Russian", "Melanesian", "Mongola", "Papuan", "Yakut", "MbutiPygmy", "Yoruba", "Pima", "Russian", "Pima", "San", "Papuan", "Yi", "Palestinian", "Yakut", "Yakut", "Yi", "Yi"],
  "weights": [2.8051, 3.0435, 5.5407, 2.782, 3.2396, 3.5536, 2.2727, 2.1192, 2.8636, 3.3369, 4.0761, 3.1189, 4.1199, 4.896, 6.9821, 3.0962, 2.8796, 3.5054, 3.1067, 2.5538, 1.6538, 2.2348, 2.0162, 5.0997, 4.0033, 8.4619, 3.7877, 2.8607, 2.9458, 4.2501, 2.6004, 2.9149, 2.1881, 4.0095, 2.7086, 2.3853, 2.7232, 3.0468, 3.5707, 2.6791, 2.4928, 2.8976, 4.8298, 2.5467, 2.8471, 3.1551, 2.6108, 2.3446, 2.7165, 2.5869, 2.102, 1.4654, 3.6846, 5.5931, 3.5352, 3.0571, 3.4426, 6.0588, 7.5404, 2.4546, 2.4077, 2.7035, 3.4642, 8.2728, 2.1535, 3.0294],
  "loci": ["rs4616468", "rs12713498", "rs10166971", "rs17620012", "rs12996866", "rs3770387", "rs6708611", "rs7579192", "rs17028259", "rs11683408", "rs6738024", "rs6727120", "rs7589241", "rs6755620", "rs329478", "rs329489", "rs7560803", "rs1545196", "rs2439183", "rs329483", "rs17753048", "rs13018603", "rs10198990", "rs2917793", "rs2581047", "rs17028375", "rs329502", "rs10496105", "rs329497", "rs6718082", "rs2576837", "rs7349403", "rs11679748", "rs10186108", "rs7562080", "rs10496107", "rs12477310", "rs3919686", "rs1881712", "rs6710681"]
}
