{
  "id": "EdgeSet0935",
  "sources": ["Adygei", "Adygei", "Adygei", "Adygei", "Balochi", "Balochi", "Balochi", "Balochi", "Balochi", "BantuKenya", "BantuKenya", "BantuKenya", "BantuKenya", "BantuSouthAfrica", "BantuSouthAfrica", "BantuSouthAfrica", "BantuSouthAfrica", "Basque", "Basque", "Basque", "Basque", "Bedouin", "Bedouin", "Bedouin", "Bedouin", "Bedouin", "BiakaPygmy", "BiakaPygmy", "Burusho", "Burusho", "Cambodian", "Cambodian", "Cambodian", "Cambodian", "Cambodian", "Colombian", "Colombian", "Colombian", "Daur", "Daur", "Daur", "Daur", "Druze", "Druze", "Druze", "Druze", "Druze", "Kalash", "Kalash", "Lahu", "Lahu", "Lahu", "Lahu", "Mandenka", "Mandenka", "Mandenka", "Maya", "MbutiPygmy", "MbutiPygmy", "Melanesian", "Mongola", "Mongola", "Mongola", "Mongola", "Mongola", "Mozabite", "Papuan", "Papuan", "Pima", "Russian", "Uygur"],
  "targets": ["Balochi", "Druze", "Kalash", "Lahu", "Lahu", "Melanesian", "Palestinian", "Papuan", "Uygur", "BiakaPygmy", "Mandenka", "San", "Yoruba", "BiakaPygmy", "MbutiPygmy", "San", "Yoruba", "Bedouin", "Burusho", "Druze", "Uygur", "Druze", "Kalash", "Mozabite", "Palestinian", "Russian", "Mandenka", "Yoruba", "Cambodian", "Kalash", "Lahu", "Melanesian", "Mongola", "Yakut", "Yi", "Maya", "Pima", "Yi", "Melanesian", "Mongola", "San", "Yakut", "Melanesian", "Mozabite", "Palestinian", "Pima", "Russian", "Palestinian", "Pima", "Melanesian", "Mongola", "Palestinian", "Uygur", "MbutiPygmy", "San", "Yoruba", "Pima", "San", "Yoruba", "Papuan", "Mozabite", "Pima", "Uygur", "Yakut", "Yi", "Pima", "Uygur", "Yakut", "Russian", "Yi", "Yakut"],
  "weights": [2.2827, 1.5795, 1.8462, 3.7605, 2.9851, 3.2216, 2.3581, 4.6076, 2.549, 4.5407, 3.4984, 5.4777, 4.1067, 4.6626, 5.1087, 5.5507, 3.7774, 2.0706, 2.1117, 2.001, 2.9561, 1.3834, 1.8297, 1.9358, 1.9453, 2.0968, 3.9373, 3.6736, 3.7764, 1.6553, 3.0323, 4.0805, 3.24, 3.2598, 2.8495, 2.3958, 3.3212, 3.0415, 4.8692, 3.4949, 7.0677, 3.2265, 4.8186, 1.5782, 1.8197, 2.5663, 1.7312, 1.8463, 3.65, 4.2193, 3.291, 3.2816, 2.3882, 4.8519, 5.1947, 3.4265, 2.8526, 5.5801, 5.0029, 4.6333, 3.008, 3.4538, 2.6553, 2.5514, 2.7055, 2.651, 4.6455, 5.1386, 2.3607, 2.8145, 2.6008],
  "loci": ["rs1139583", "rs13425874", "rs10205230", "rs7560764", "rs2871432", "rs6720836", "rs2310144", "rs7603475", "rs13011687", "rs12470621", "rs2214890", "rs2056400", "rs1541435", "rs1541434", "rs1019033", "rs2190360", "rs2190358", "rs6742301", "rs13414479", "rs6726051", "rs740044", "rs4851519", "rs12467316", "rs4141134", "rs4851522", "rs1108338", "rs7561460", "rs4851526", "rs17026386", "rs4851527", "rs2302589", "rs3218890", "rs3218920", "rs2072476", "rs2072474", "rs3218984", "rs7589525", "rs4851531", "rs13020571", "rs4850995"]
}
