{
  "id": "EdgeSet0836",
  "sources": ["Adygei", "Adygei", "Adygei", "Adygei", "Adygei", "Adygei", "Balochi", "Balochi", "Balochi", "BantuKenya", "BantuKenya", "BantuKenya", "BantuKenya", "BantuKenya", "BantuSouthAfrica", "BantuSouthAfrica", "Basque", "Basque", "Basque", "Bedouin", "Bedouin", "Bedouin", "Bedouin", "Bedouin", "Bedouin", "Bedouin", "BiakaPygmy", "BiakaPygmy", "BiakaPygmy", "BiakaPygmy", "BiakaPygmy", "Burusho", "Burusho", "Burusho", "Burusho", "Cambodian", "Cambodian", "Cambodian", "Cambodian", "Cambodian", "Cambodian", "Colombian", "Colombian", "Colombian", "Colombian", "Daur", "Daur", "Daur", "Daur", "Druze", "Kalash", "Kalash", "Kalash", "Kalash", "Kalash", "Kalash", "Lahu", "Lahu", "Mandenka", "Mandenka", "Mandenka", "Maya", "Maya", "Maya", "MbutiPygmy", "Melanesian", "Melanesian", "Melanesian", "Mongola", "Mongola", "Mongola", "Mongola", "Mozabite", "Mozabite", "Mozabite", "Papuan", "Papuan", "Pima", "Russian", "Uygur"],
  "targets": ["Balochi", "Basque", "Druze", "Kalash", "Palestinian", "Russian", "Druze", "Kalash", "Mozabite", "BantuSouthAfrica", "BiakaPygmy", "MbutiPygmy", "Uygur", "Yoruba", "BiakaPygmy", "Yoruba", "Druze", "Melanesian", "Mozabite", "Druze", "Kalash", "Mongola", "Mozabite", "Palestinian", "Papuan", "Russian", "Colombian", "Mandenka", "MbutiPygmy", "San", "Yoruba", "Cambodian", "Druze", "Melanesian", "Russian", "Daur", "Kalash", "Lahu", "Mongola", "Yakut", "Yi", "Maya", "Pima", "Uygur", "Yakut", "Maya", "Melanesian", "Yakut", "Yi", "Palestinian", "Lahu", "Mongola", "Russian", "Uygur", "Yakut", "Yoruba", "Pima", "Yi", "MbutiPygmy", "Papuan", "Yoruba", "Pima", "San", "Yi", "San", "Mongola", "Papuan", "Yi", "Palestinian", "Papuan", "Russian", "Yakut", "Palestinian", "Papuan", "Yoruba", "Yi", "Yoruba", "San", "Uygur", "Yakut"],
  "weights": [2.495, 2.797, 2.1891, 3.0242, 2.4962, 2.5078, 2.0644, 2.655, 2.0623, 3.7092, 3.3456, 4.4348, 4.8028, 2.9017, 4.0948, 3.6772, 2.0805, 4.4996, 2.4333, 2.0791, 2.8204, 3.0386, 1.9026, 2.1384, 3.4607, 2.338, 5.1978, 3.6925, 4.6786, 7.5275, 3.5191, 3.4114, 2.416, 4.8272, 2.5176, 2.5239, 3.3956, 3.9702, 2.2968, 2.6432, 2.8845, 3.3568, 5.1862, 3.5528, 3.1954, 5.2415, 3.4456, 2.3156, 2.6502, 2.1658, 4.9045, 3.8035, 2.912, 2.874, 4.3305, 3.9707, 5.9011, 3.9093, 4.3237, 3.754, 2.863, 3.2752, 8.2234, 4.6117, 8.2886, 4.0878, 5.1554, 4.0413, 3.102, 3.8016, 2.852, 2.6218, 2.0975, 2.8952, 3.401, 4.2854, 4.0526, 9.9205, 2.6033, 2.8329],
  "loci": ["rs983217", "rs1434096", "rs13034462", "rs1434098", "rs10496234", "rs2974173", "rs6740491", "rs2117289", "rs12172883", "rs2974179", "rs2916516", "rs7572401", "rs2916526", "rs1816611", "rs17261202", "rs2916531", "rs2974142", "rs12713994", "rs974736", "rs2916480", "rs2974140", "rs1030733", "rs1030734", "rs10192641", "rs1434100", "rs4143780", "rs1434104", "rs2974135", "rs1434105", "rs1434106", "rs4643562", "rs17018285", "rs6721643", "rs2196158", "rs12472674", "rs11689409", "rs2974134", "rs2974133", "rs955105", "rs4591366"]
}
