{
  "id": "EdgeSet0903",
  "sources": ["Adygei", "Adygei", "Adygei", "Adygei", "Adygei", "Balochi", "Balochi", "Balochi", "Balochi", "Balochi", "BantuKenya", "BantuKenya", "BantuKenya", "BantuKenya", "BantuSouthAfrica", "BantuSouthAfrica", "BantuSouthAfrica", "BantuSouthAfrica", "Basque", "Basque", "Basque", "Basque", "Bedouin", "Bedouin", "Bedouin", "Bedouin", "Bedouin", "BiakaPygmy", "BiakaPygmy", "Burusho", "Burusho", "Burusho", "Cambodian", "Cambodian", "Cambodian", "Cambodian", "Cambodian", "Colombian", "Colombian", "Daur", "Daur", "Daur", "Daur", "Daur", "Druze", "Druze", "Druze", "Druze", "Kalash", "Kalash", "Kalash", "Lahu", "Lahu", "Lahu", "Lahu", "Mandenka", "Mandenka", "Maya", "Maya", "MbutiPygmy", "MbutiPygmy", "MbutiPygmy", "Melanesian", "Mongola", "Mongola", "Mongola", "Mozabite", "Mozabite", "Palestinian", "Palestinian", "Papuan", "Papuan"],
  "targets": ["Basque", "Burusho", "Druze", "Palestinian", "Russian", "Burusho", "Druze", "Kalash", "Melanesian", "Yi", "BiakaPygmy", "MbutiPygmy", "San", "Yoruba", "BiakaPygmy", "Papuan", "San", "Yoruba", "Druze", "Kalash", "Mozabite", "Russian", "Daur", "Druze", "Mozabite", "Palestinian", "Uygur", "Mandenka", "MbutiPygmy", "Kalash", "Yakut", "Yi", "Daur", "Lahu", "Papuan", "Yakut", "Yi", "Maya", "Pima", "Lahu", "Mongola", "Pima", "Uygur", "Yakut", "Kalash", "MbutiPygmy", "Mozabite", "Palestinian", "Lahu", "Russian", "Uygur", "Melanesian", "Mongola", "Papuan", "Yi", "MbutiPygmy", "Yoruba", "Pima", "Yi", "Papuan", "San", "Yoruba", "Papuan", "San", "Yakut", "Yi", "Palestinian", "Russian", "Russian", "Uygur", "Russian", "Yakut"],
  "weights": [2.4339, 2.0798, 2.1168, 2.1871, 3.5849, 2.3078, 2.2144, 2.4788, 5.0187, 3.0262, 3.807, 4.0787, 5.5948, 3.3428, 4.4727, 8.5063, 5.3864, 3.1551, 2.0357, 3.0458, 2.8328, 3.6224, 4.8783, 2.23, 2.5498, 1.7106, 2.6908, 4.1616, 4.7433, 2.6438, 3.2073, 3.0834, 3.194, 3.3911, 6.3292, 2.5679, 2.7178, 1.9389, 1.3887, 3.7944, 3.4302, 4.7215, 3.1776, 3.1518, 2.4661, 4.8132, 2.184, 2.0474, 4.8968, 4.4039, 3.8082, 4.6979, 2.9096, 6.9129, 2.8457, 4.6383, 2.6873, 2.2413, 3.0951, 8.4846, 5.5462, 5.0623, 5.2989, 5.844, 2.798, 2.5104, 2.4567, 5.1649, 4.146, 2.791, 8.4733, 6.568],
  "loci": ["rs1257026", "rs17636359", "rs1256992", "rs1256991", "rs6744498", "rs11903930", "rs10179966", "rs4264593", "rs10207116", "rs12989766", "rs7598442", "rs11691779", "rs1800649", "rs1470625", "rs11692435", "rs11123849", "rs6745653", "rs17028640", "rs11123861", "rs17695937", "rs2276645", "rs1020396", "rs11683207", "rs11123869", "rs11687510", "rs6736735", "rs13033383", "rs6714710", "rs895437", "rs4851462", "rs746004", "rs1466020", "rs6875", "rs5865", "rs2305142", "rs6748809", "rs3821053", "rs17489287", "rs17022209", "rs7570009"]
}
