{
  "id": "EdgeSet0867",
  "sources": ["Adygei", "Adygei", "Adygei", "Adygei", "Balochi", "Balochi", "Balochi", "Balochi", "Balochi", "BantuKenya", "BantuKenya", "BantuKenya", "BantuKenya", "BantuSouthAfrica", "BantuSouthAfrica", "BantuSouthAfrica", "Basque", "Bedouin", "Bedouin", "Bedouin", "Bedouin", "Bedouin", "BiakaPygmy", "BiakaPygmy", "Burusho", "Burusho", "Cambodian", "Cambodian", "Cambodian", "Cambodian", "Cambodian", "Colombian", "Colombian", "Colombian", "Colombian", "Daur", "Daur", "Daur", "Daur", "Druze", "Druze", "Kalash", "Kalash", "Kalash", "Kalash", "Lahu", "Lahu", "Mandenka", "Mandenka", "Maya", "Maya", "Maya", "Maya", "Maya", "MbutiPygmy", "Melanesian", "Mozabite", "Papuan", "Papuan", "Pima", "Russian", "San", "Uygur", "Yakut"],
  "targets": ["Burusho", "Druze", "Kalash", "Palestinian", "Basque", "Burusho", "Palestinian", "Russian", "Uygur", "BantuSouthAfrica", "Mandenka", "MbutiPygmy", "Yoruba", "BiakaPygmy", "MbutiPygmy", "San", "Druze", "Druze", "Mozabite", "Palestinian", "Russian", "Uygur", "Mandenka", "MbutiPygmy", "Melanesian", "Papuan", "Colombian", "Lahu", "Melanesian", "Yakut", "Yi", "Lahu", "Maya", "MbutiPygmy", "Yakut", "Lahu", "Mongola", "Yakut", "Yi", "Kalash", "Palestinian", "Papuan", "Russian", "Uygur", "Yakut", "Mongola", "Pima", "San", "Yoruba", "Mongola", "Mozabite", "Pima", "Uygur", "Yakut", "San", "Papuan", "Palestinian", "Russian", "Yi", "Russian", "Uygur", "Yoruba", "Yakut", "Yi"],
  "weights": [3.1825, 2.2799, 3.1003, 2.6771, 2.1728, 3.8602, 1.9903, 2.1864, 2.369, 4.9497, 3.8297, 6.8086, 2.9168, 6.1101, 6.2, 6.1513, 1.5306, 2.1198, 2.4757, 1.7431, 2.4057, 2.0518, 5.0877, 6.3063, 4.7088, 5.1554, 5.3536, 3.8602, 4.17, 3.1453, 2.5989, 4.7926, 4.2113, 9.1349, 5.6825, 2.4955, 2.0517, 2.7523, 2.7492, 2.8244, 2.1139, 4.5399, 3.3112, 3.5862, 3.5703, 2.7522, 3.5348, 5.5098, 2.5846, 2.5754, 3.597, 2.476, 2.606, 2.5193, 6.346, 3.1469, 2.3785, 4.3814, 4.7618, 3.2038, 2.1691, 5.9823, 2.0829, 2.8605],
  "loci": ["rs13428219", "rs1447530", "rs17316184", "rs6714384", "rs4832367", "rs1447537", "rs1007901", "rs13392539", "rs1106936", "rs17024439", "rs1579896", "rs17388373", "rs11901149", "rs4832372", "rs7558055", "rs7579710", "rs13412176", "rs2197694", "rs1597039", "rs4832067", "rs1918094", "rs1526701", "rs11674417", "rs6547525", "rs7602538", "rs7579456", "rs1918098", "rs1007874", "rs1358192", "rs10496307", "rs6737955", "rs4832376", "rs10496308", "rs2364241", "rs4832385", "rs6547531", "rs12463481", "rs7590843", "rs6547539", "rs2364270"]
}
