{
  "id": "EdgeSet0450",
  "sources": ["Adygei", "Adygei", "Adygei", "Balochi", "Balochi", "Balochi", "Balochi", "Balochi", "Balochi", "BantuKenya", "BantuKenya", "BantuKenya", "BantuSouthAfrica", "BantuSouthAfrica", "BantuSouthAfrica", "BantuSouthAfrica", "BantuSouthAfrica", "Basque", "Basque", "Basque", "Basque", "Bedouin", "Bedouin", "Bedouin", "Bedouin", "Bedouin", "BiakaPygmy", "BiakaPygmy", "BiakaPygmy", "BiakaPygmy", "Burusho", "Burusho", "Burusho", "Burusho", "Cambodian", "Cambodian", "Cambodian", "Cambodian", "Colombian", "Colombian", "Daur", "Daur", "Daur", "Druze", "Druze", "Druze", "Lahu", "Mandenka", "Mandenka", "Mandenka", "Maya", "Maya", "MbutiPygmy", "MbutiPygmy", "Melanesian", "Melanesian", "Melanesian", "Mongola", "Mongola", "Mozabite", "Papuan", "Pima", "Pima", "Russian", "Russian", "San", "Yakut"],
  "targets": ["Basque", "Bedouin", "Russian", "Basque", "Druze", "Kalash", "Mozabite", "Palestinian", "San", "BiakaPygmy", "MbutiPygmy", "Yoruba", "BiakaPygmy", "Daur", "Mandenka", "Palestinian", "Yoruba", "Bedouin", "Burusho", "Druze", "Uygur", "Druze", "Kalash", "Mozabite", "Palestinian", "Russian", "Mandenka", "MbutiPygmy", "San", "Yoruba", "Druze", "Kalash", "Papuan", "San", "Daur", "Lahu", "Mongola", "Papuan", "Maya", "Pima", "Melanesian", "Uygur", "Yi", "Kalash", "Mozabite", "Palestinian", "Papuan", "MbutiPygmy", "San", "Yoruba", "Pima", "Yi", "San", "Yoruba", "Mongola", "Papuan", "San", "Papuan", "Yi", "Yoruba", "Yakut", "Uygur", "Yakut", "Uygur", "Yakut", "Yoruba", "Yi"],
  "weights": [2.5842, 2.3558, 2.3617, 3.4948, 3.7405, 3.9526, 3.7689, 3.2908, 10.071, 4.6978, 4.3292, 4.0896, 4.5552, 4.395, 4.1091, 3.6193, 3.9485, 1.8885, 3.1211, 1.6776, 2.2296, 1.793, 3.5714, 2.428, 1.5128, 2.1701, 3.7495, 4.9471, 9.1285, 4.3949, 3.0016, 4.0601, 3.801, 9.7319, 1.5365, 1.3667, 1.9844, 3.074, 1.6991, 0.8309, 2.3012, 2.0527, 1.6819, 3.0265, 2.5543, 1.6446, 2.3602, 3.9158, 8.3369, 3.5072, 1.6423, 1.6094, 9.431, 4.4045, 2.3886, 2.6709, 9.9629, 2.7282, 1.7777, 3.7322, 2.7768, 2.859, 2, 1.9844, 2.4923, 9.0555, 1.2139],
  "loci": ["rs11691969", "rs17406278", "rs13408002", "rs11687805", "rs6739828", "rs7605661", "rs17030752", "rs7557989", "rs17406451", "rs9677398", "rs6716620", "rs13029250", "rs13429458", "rs7605725", "rs10176241", "rs4608575", "rs17030798", "rs13414140", "rs6744642", "rs6724325", "rs7599781", "rs3884504", "rs17030870", "rs12478601", "rs7578597", "rs6753942", "rs6708660", "rs17031016", "rs6742108", "rs1873555", "rs6725776", "rs10211106", "rs3752355", "rs11899823", "rs10495903", "rs10179648", "rs12474030", "rs11897432", "rs17031095", "rs10182489"]
}
