{
  "id": "EdgeSet0364",
  "sources": ["Adygei", "Adygei", "Adygei", "Adygei", "Adygei", "Adygei", "Adygei", "Balochi", "Balochi", "Balochi", "Balochi", "Balochi", "Balochi", "BantuKenya", "BantuKenya", "BantuKenya", "BantuSouthAfrica", "BantuSouthAfrica", "BantuSouthAfrica", "BantuSouthAfrica", "Basque", "Basque", "Basque", "Basque", "Basque", "Bedouin", "Bedouin", "BiakaPygmy", "BiakaPygmy", "BiakaPygmy", "Burusho", "Burusho", "Cambodian", "Cambodian", "Cambodian", "Colombian", "Colombian", "Colombian", "Colombian", "Daur", "Daur", "Daur", "Daur", "Daur", "Druze", "Druze", "Druze", "Druze", "Druze", "Kalash", "Kalash", "Kalash", "Kalash", "Lahu", "Lahu", "Mandenka", "Mandenka", "Maya", "Maya", "MbutiPygmy", "MbutiPygmy", "MbutiPygmy", "Melanesian", "Melanesian", "Melanesian", "Mongola", "Mongola", "Mozabite", "Mozabite", "Papuan", "Pima", "Pima", "Uygur", "Uygur", "Yakut"],
  "targets": ["Balochi", "Basque", "Bedouin", "Druze", "Kalash", "Mozabite", "Russian", "Basque", "Bedouin", "Mongola", "Mozabite", "Papuan", "Russian", "BiakaPygmy", "MbutiPygmy", "Yoruba", "BiakaPygmy", "Mandenka", "San", "Yoruba", "Bedouin", "Burusho", "Mozabite", "Palestinian", "Pima", "Palestinian", "Russian", "MbutiPygmy", "San", "Yoruba", "Druze", "Maya", "Lahu", "Melanesian", "Pima", "Kalash", "Maya", "Papuan", "Pima", "Lahu", "Maya", "Mongola", "Pima", "Uygur", "Kalash", "Mozabite", "Palestinian", "Russian", "Uygur", "Melanesian", "Mozabite", "Papuan", "San", "Melanesian", "Yi", "Mozabite", "Yoruba", "Papuan", "Yi", "Melanesian", "San", "Yakut", "Mongola", "San", "Yi", "Yakut", "Yi", "Palestinian", "Yoruba", "Yi", "Uygur", "Yakut", "Yakut", "Yi", "Yi"],
  "weights": [1.7033, 3.2575, 2.1908, 2.7994, 3.5083, 3.078, 2.2276, 2.4827, 1.7912, 2.8363, 2.7465, 3.0162, 2.0048, 3.869, 6.5807, 3.1581, 4.4127, 3.561, 5.673, 3.5552, 2.0152, 3.3849, 3.0286, 2.282, 3.0577, 1.7028, 1.8726, 5.7637, 7.1299, 3.8543, 3.1242, 3.9911, 2.1736, 4.1497, 4.0989, 3.8665, 1.9547, 2.5849, 2.7421, 2.8268, 2.6378, 2.2794, 2.9495, 2.1649, 3.7519, 3.9782, 2.6033, 2.2992, 2.93, 4.8696, 3.8984, 3.4779, 8.1002, 3.2322, 2.2729, 3.2036, 2.1209, 2.8182, 2.9563, 9.217, 9.8211, 7.5104, 4.2781, 9.2354, 3.5384, 2.4987, 2.3386, 2.8865, 3.3242, 2.6572, 2.699, 3.9363, 2.3371, 2.3396, 1.9784],
  "loci": ["rs12464263", "rs17016703", "rs2714568", "rs4560089", "rs11688061", "rs4619588", "rs17328009", "rs10495838", "rs7607623", "rs11679130", "rs4312465", "rs13403661", "rs10175485", "rs11124448", "rs1439706", "rs1371422", "rs2372006", "rs1561524", "rs1371427", "rs12471144", "rs1595733", "rs6543961", "rs11680986", "rs4670481", "rs7573212", "rs1439685", "rs13011599", "rs6713533", "rs17017113", "rs10495843", "rs1439693", "rs1439694", "rs7561171", "rs1467222", "rs1518628", "rs1518635", "rs1518636", "rs10185682", "rs4510202", "rs7578143"]
}
