{
  "id": "EdgeSet0174",
  "sources": ["Adygei", "Adygei", "Adygei", "Adygei", "Adygei", "Balochi", "Balochi", "Balochi", "Balochi", "Balochi", "BantuKenya", "BantuKenya", "BantuKenya", "BantuKenya", "BantuKenya", "BantuSouthAfrica", "BantuSouthAfrica", "BantuSouthAfrica", "Basque", "Basque", "Basque", "Basque", "Basque", "Basque", "Bedouin", "Bedouin", "Bedouin", "BiakaPygmy", "BiakaPygmy", "BiakaPygmy", "BiakaPygmy", "BiakaPygmy", "Burusho", "Burusho", "Burusho", "Burusho", "Cambodian", "Cambodian", "Cambodian", "Cambodian", "Cambodian", "Cambodian", "Colombian", "Colombian", "Colombian", "Colombian", "Colombian", "Colombian", "Daur", "Daur", "Daur", "Daur", "Daur", "Daur", "Daur", "Druze", "Druze", "Kalash", "Kalash", "Kalash", "Lahu", "Lahu", "Lahu", "Lahu", "Mandenka", "Maya", "Maya", "MbutiPygmy", "Melanesian", "Melanesian", "Melanesian", "Mongola", "Mongola", "Mongola", "Mongola", "Mozabite", "Palestinian", "Russian"],
  "targets": ["Bedouin", "Druze", "Kalash", "Mozabite", "Palestinian", "Basque", "Burusho", "Druze", "Mozabite", "Yakut", "BantuSouthAfrica", "BiakaPygmy", "Mandenka", "MbutiPygmy", "Yoruba", "Mandenka", "San", "Yoruba", "Bedouin", "Burusho", "Daur", "Mozabite", "Russian", "Yakut", "Burusho", "Druze", "Palestinian", "Mandenka", "MbutiPygmy", "Papuan", "San", "Yoruba", "Druze", "Kalash", "Melanesian", "San", "Daur", "Lahu", "Melanesian", "Mongola", "Papuan", "Yi", "Daur", "Kalash", "Lahu", "Maya", "Melanesian", "Pima", "Lahu", "Maya", "Mongola", "Pima", "Uygur", "Yakut", "Yi", "Kalash", "Palestinian", "Mozabite", "Papuan", "Russian", "Maya", "Mongola", "Uygur", "Yi", "Yoruba", "Pima", "Yakut", "San", "Papuan", "Uygur", "Yi", "Palestinian", "Uygur", "Yakut", "Yi", "Russian", "Uygur", "Yakut"],
  "weights": [1.7425, 1.883, 3.2886, 2.612, 2.2324, 3.2834, 2.466, 1.5209, 2.9385, 3.1994, 4.517, 5.0932, 4.2703, 6.3808, 3.6281, 3.3138, 5.6067, 3.7627, 2.1373, 3.3915, 3.7073, 2.428, 2.3469, 2.893, 2.7976, 1.8091, 1.9427, 5.1599, 5.8926, 8.2685, 6.179, 5.1176, 2.58, 3.8338, 3.6881, 7.7129, 2.5953, 2.9335, 2.8644, 2.0271, 4.4751, 1.7583, 3.3692, 5.6734, 3.6442, 2.7161, 3.9991, 3.2731, 3.1686, 2.5894, 2.6949, 3.1937, 3.1035, 3.1547, 2.6786, 3.16, 2.1596, 3.7209, 5.9498, 3.4626, 3.3293, 3.0031, 3.3936, 2.9668, 3.2885, 2.5215, 2.7676, 5.5757, 4.386, 3.3899, 2.7282, 3.3258, 2.6696, 3.4321, 2.4164, 2.4909, 2.8156, 2.9805],
  "loci": ["rs10189874", "rs12469242", "rs12613665", "rs12612477", "rs2380706", "rs11678237", "rs6726347", "rs2890494", "rs6756656", "rs16863103", "rs2890495", "rs2380707", "rs2380708", "rs2114805", "rs2559067", "rs10929398", "rs2559069", "rs2693015", "rs10495647", "rs11676479", "rs2693006", "rs2559074", "rs16863127", "rs11691519", "rs1863803", "rs13034994", "rs3755134", "rs4669018", "rs9789773", "rs6750986", "rs6734021", "rs4233848", "rs16863159", "rs6716344", "rs16855322", "rs11685620", "rs6735681", "rs9287666", "rs3815884", "rs2114802"]
}
