{
  "id": "EdgeSet0495",
  "sources": ["Adygei", "Adygei", "Adygei", "Adygei", "Adygei", "Adygei", "Balochi", "Balochi", "Balochi", "Balochi", "BantuKenya", "BantuKenya", "BantuKenya", "BantuKenya", "BantuSouthAfrica", "BantuSouthAfrica", "BantuSouthAfrica", "BantuSouthAfrica", "BantuSouthAfrica", "BantuSouthAfrica", "Basque", "Basque", "Basque", "Basque", "Bedouin", "Bedouin", "Bedouin", "Bedouin", "BiakaPygmy", "Burusho", "Burusho", "Burusho", "Cambodian", "Cambodian", "Cambodian", "Cambodian", "Cambodian", "Cambodian", "Cambodian", "Colombian", "Colombian", "Colombian", "Colombian", "Colombian", "Daur", "Daur", "Daur", "Druze", "Druze", "Kalash", "Kalash", "Lahu", "Lahu", "Lahu", "Lahu", "Mandenka", "Maya", "Maya", "Maya", "MbutiPygmy", "Melanesian", "Melanesian", "Mongola", "Mongola", "Mozabite", "Palestinian", "Papuan", "Papuan", "Papuan", "Uygur"],
  "targets": ["Basque", "Mandenka", "Mozabite", "Russian", "Uygur", "Yakut", "Druze", "Kalash", "Mandenka", "Mozabite", "BantuSouthAfrica", "BiakaPygmy", "San", "Yoruba", "BiakaPygmy", "Lahu", "Mandenka", "MbutiPygmy", "Pima", "Yoruba", "Kalash", "Melanesian", "Mozabite", "Palestinian", "Druze", "Melanesian", "Mozabite", "Palestinian", "MbutiPygmy", "Daur", "Druze", "Yi", "Colombian", "Lahu", "Mongola", "Palestinian", "Pima", "Russian", "Uygur", "Druze", "Maya", "Melanesian", "Mongola", "Pima", "Uygur", "Yakut", "Yi", "Kalash", "Uygur", "Maya", "Palestinian", "Melanesian", "Palestinian", "San", "Yakut", "Yoruba", "Papuan", "Pima", "Uygur", "San", "Mozabite", "Papuan", "Papuan", "Yakut", "Yoruba", "Russian", "Pima", "San", "Yakut", "Yi"],
  "weights": [2.7692, 4.4395, 2.7196, 1.8625, 3.0152, 3.3119, 1.969, 1.7211, 3.704, 2.2512, 4.1643, 3.4536, 8.2263, 3.0884, 3.6599, 6.4724, 4.3968, 4.3432, 5.426, 3.5964, 2.4775, 4.2335, 2.377, 2.0299, 1.7858, 4.5123, 1.5708, 1.3718, 3.7004, 2.33, 2.5459, 2.4235, 2.0795, 3.9721, 2.6966, 2.3904, 3.0082, 2.1802, 3.0278, 2.5663, 1.6512, 3.1706, 2.0768, 2.9408, 2.6699, 3.3357, 2.0639, 1.7833, 2.7862, 2.8042, 1.9653, 5.2129, 5.5202, 11.0539, 4.9424, 3.3063, 2.8288, 3.1573, 3.4981, 8.2294, 4.2161, 3.2676, 2.349, 2.3447, 3.4898, 1.8938, 4.4115, 9.991, 3.4748, 2.8794],
  "loci": ["rs7556828", "rs1530628", "rs6737959", "rs7565770", "rs7595513", "rs7576253", "rs11125078", "rs1542271", "rs13032473", "rs12612916", "rs2121698", "rs17035171", "rs7562332", "rs2276555", "rs4953388", "rs7573688", "rs17035179", "rs4953390", "rs7557998", "rs2346412", "rs17749106", "rs6758999", "rs13007688", "rs1551123", "rs7590802", "rs6713990", "rs4953394", "rs7579208", "rs17035200", "rs6749107", "rs2053901", "rs11125080", "rs7609080", "rs3814045", "rs896210", "rs2012022", "rs7557190", "rs4952833", "rs3814043", "rs1376405"]
}
