{
  "id": "EdgeSet0606",
  "sources": ["Adygei", "Adygei", "Adygei", "Adygei", "Adygei", "Adygei", "Balochi", "Balochi", "Balochi", "Balochi", "Balochi", "Balochi", "Balochi", "Balochi", "Balochi", "BantuKenya", "BantuKenya", "BantuKenya", "BantuKenya", "BantuKenya", "BantuSouthAfrica", "BantuSouthAfrica", "BantuSouthAfrica", "BantuSouthAfrica", "BantuSouthAfrica", "Basque", "Basque", "Basque", "Basque", "Basque", "Bedouin", "Bedouin", "Bedouin", "Bedouin", "Bedouin", "BiakaPygmy", "BiakaPygmy", "BiakaPygmy", "Burusho", "Burusho", "Burusho", "Burusho", "Cambodian", "Cambodian", "Cambodian", "Cambodian", "Cambodian", "Cambodian", "Cambodian", "Colombian", "Colombian", "Colombian", "Daur", "Daur", "Daur", "Daur", "Daur", "Daur", "Druze", "Druze", "Druze", "Druze", "Druze", "Kalash", "Lahu", "Lahu", "Lahu", "Mandenka", "Mandenka", "Maya", "MbutiPygmy", "MbutiPygmy", "Melanesian", "Melanesian", "Mongola", "Mozabite", "Mozabite", "Papuan", "Papuan", "Pima", "Russian", "San"],
  "targets": ["Daur", "Druze", "Kalash", "Maya", "Russian", "Yakut", "BantuKenya", "Basque", "Burusho", "Daur", "Kalash", "Papuan", "Russian", "Uygur", "Yakut", "BiakaPygmy", "Mandenka", "Palestinian", "San", "Yoruba", "BiakaPygmy", "Mandenka", "MbutiPygmy", "San", "Yoruba", "Cambodian", "Mongola", "Mozabite", "Russian", "Yi", "Druze", "Kalash", "Palestinian", "Russian", "Uygur", "Mandenka", "MbutiPygmy", "Yoruba", "Lahu", "Pima", "Russian", "Yakut", "Daur", "Druze", "Lahu", "Melanesian", "Mongola", "Papuan", "Yakut", "Maya", "Pima", "San", "Lahu", "Mozabite", "Russian", "Uygur", "Yakut", "Yi", "Lahu", "Mozabite", "Palestinian", "Russian", "Yi", "Uygur", "Mongola", "Pima", "Yi", "San", "Yoruba", "Pima", "San", "Yoruba", "Papuan", "Pima", "Yi", "Palestinian", "Uygur", "San", "Yakut", "Yakut", "Uygur", "Yoruba"],
  "weights": [2.3514, 2.4867, 2.7081, 4.583, 2.758, 2.4629, 4.4522, 2.5268, 2.9557, 2.9047, 2.952, 4.7185, 3.8077, 2.4604, 3.5085, 4.0456, 3.9539, 3.7488, 6.2585, 2.7916, 4.3227, 3.9265, 4.8745, 5.4017, 3.2777, 2.8505, 3.2353, 2.4279, 3.0445, 4.2249, 2.0836, 2.6086, 1.2788, 2.8734, 2.3762, 4.3983, 3.4582, 3.2863, 3.3117, 3.6518, 3.6267, 3.154, 2.4367, 2.3484, 2.5037, 3.7746, 2.7592, 4.734, 2.3021, 3.0619, 5.2147, 11.2585, 2.4526, 2.6446, 2.7035, 2.5235, 2.3721, 3.061, 2.2693, 2.3808, 2.0495, 3.6211, 2.8756, 2.9108, 2.4085, 5.2095, 2.428, 6.2139, 3.3063, 3.2978, 6.2682, 3.5986, 4.9611, 4.0567, 2.2448, 1.9867, 3.3093, 9.0166, 5.4717, 3.5487, 2.9859, 5.0174],
  "loci": ["rs3828240", "rs1344733", "rs7559906", "rs1430197", "rs4233964", "rs2033316", "rs2277887", "rs10469935", "rs6752225", "rs17047355", "rs4672078", "rs1465684", "rs1432561", "rs1432559", "rs2868985", "rs6747490", "rs13431149", "rs13390531", "rs17047369", "rs6733889", "rs6545534", "rs7601814", "rs6545535", "rs13029542", "rs4672084", "rs4553860", "rs13398763", "rs11886020", "rs6743895", "rs13418952", "rs3850353", "rs7590475", "rs2868995", "rs891881", "rs7564258", "rs1432547", "rs973238", "rs3850354", "rs10166672", "rs1432567"]
}
