{
  "id": "EdgeSet0978",
  "sources": ["Adygei", "Adygei", "Adygei", "Adygei", "Adygei", "Adygei", "Adygei", "Balochi", "Balochi", "Balochi", "Balochi", "BantuKenya", "BantuKenya", "BantuKenya", "BantuSouthAfrica", "BantuSouthAfrica", "BantuSouthAfrica", "Basque", "Basque", "Basque", "Basque", "Basque", "Bedouin", "Bedouin", "Bedouin", "Bedouin", "Bedouin", "Bedouin", "BiakaPygmy", "BiakaPygmy", "BiakaPygmy", "Burusho", "Burusho", "Burusho", "Burusho", "Cambodian", "Cambodian", "Cambodian", "Cambodian", "Cambodian", "Cambodian", "Cambodian", "Colombian", "Colombian", "Colombian", "Colombian", "Colombian", "Daur", "Daur", "Daur", "Daur", "Druze", "Druze", "Kalash", "Kalash", "Lahu", "Lahu", "Lahu", "Lahu", "Mandenka", "Mandenka", "Mandenka", "Maya", "Maya", "MbutiPygmy", "Melanesian", "Melanesian", "Melanesian", "Mongola", "Mongola", "Mongola", "Mozabite", "Mozabite", "Mozabite", "Papuan", "Papuan", "Pima", "Pima", "Uygur", "Uygur", "Yakut"],
  "targets": ["Balochi", "Bedouin", "Burusho", "Druze", "Kalash", "Palestinian", "Russian", "Druze", "Lahu", "Mozabite", "Uygur", "BiakaPygmy", "Mandenka", "Yoruba", "BiakaPygmy", "Mandenka", "Yoruba", "Bedouin", "Druze", "Mozabite", "Pima", "Uygur", "Burusho", "Druze", "Kalash", "Mozabite", "Palestinian", "Russian", "MbutiPygmy", "San", "Yoruba", "Kalash", "Maya", "Papuan", "Uygur", "Daur", "MbutiPygmy", "Mongola", "Papuan", "Uygur", "Yakut", "Yi", "Daur", "Maya", "MbutiPygmy", "Pima", "San", "Lahu", "Pima", "Uygur", "Yi", "Palestinian", "Russian", "Lahu", "Maya", "Melanesian", "Mongola", "Yakut", "Yi", "MbutiPygmy", "Mozabite", "Yoruba", "Pima", "Russian", "San", "Palestinian", "San", "Yakut", "Pima", "Yakut", "Yi", "Palestinian", "Russian", "Yoruba", "Uygur", "Yakut", "San", "Yi", "Yakut", "Yi", "Yi"],
  "weights": [2.3485, 1.8744, 3.2543, 2.008, 2.8437, 1.7361, 2.2085, 2.2706, 4.6854, 2.6317, 2.8326, 4.2218, 3.1515, 3.2129, 3.5879, 3.1516, 2.2831, 2.8604, 2.8233, 2.7566, 6.0575, 3.774, 3.7615, 1.8887, 2.976, 2.0916, 1.609, 1.9687, 5.5097, 6.3077, 3.7803, 3.053, 4.6692, 4.8782, 3.1242, 2.7087, 7.1828, 2.9351, 3.8461, 2.6174, 2.6041, 2.7406, 4.1715, 4.8897, 8.8882, 5.4962, 9.1066, 3.0502, 4.6713, 2.8848, 2.498, 1.5991, 1.8847, 4.2727, 4.203, 4.3228, 3.4403, 3.3155, 2.8688, 6.3469, 3.5368, 2.5343, 4.0743, 4.5086, 8.1109, 3.4681, 7.8376, 3.5651, 6.6952, 2.6498, 2.9467, 2.1791, 2.505, 3.5269, 3.861, 3.8495, 9.0941, 4.9647, 2.5621, 2.9931, 2.6379],
  "loci": ["rs13405655", "rs12464004", "rs894391", "rs12996465", "rs4618047", "rs4643539", "rs4308118", "rs6543406", "rs6726177", "rs4441466", "rs12466816", "rs6543408", "rs4234103", "rs13413684", "rs7575343", "rs4676222", "rs4455150", "rs7589737", "rs7565587", "rs4234108", "rs6746717", "rs7580203", "rs7589400", "rs11904823", "rs4381779", "rs4364019", "rs4610052", "rs11124120", "rs6720834", "rs2125904", "rs968914", "rs6753897", "rs13028368", "rs11682944", "rs956354", "rs6743945", "rs10179557", "rs13025573", "rs1460215", "rs6721338"]
}
