{
  "id": "EdgeSet0498",
  "sources": ["Adygei", "Adygei", "Adygei", "Adygei", "Adygei", "Adygei", "Adygei", "Adygei", "Balochi", "Balochi", "Balochi", "BantuKenya", "BantuKenya", "BantuKenya", "BantuKenya", "BantuSouthAfrica", "BantuSouthAfrica", "BantuSouthAfrica", "BantuSouthAfrica", "Basque", "Basque", "Basque", "Basque", "Basque", "Bedouin", "Bedouin", "Bedouin", "Bedouin", "Bedouin", "BiakaPygmy", "BiakaPygmy", "BiakaPygmy", "Burusho", "Burusho", "Burusho", "Burusho", "Burusho", "Burusho", "Cambodian", "Cambodian", "Cambodian", "Cambodian", "Cambodian", "Cambodian", "Cambodian", "Colombian", "Colombian", "Colombian", "Colombian", "Colombian", "Colombian", "Daur", "Daur", "Daur", "Daur", "Daur", "Druze", "Druze", "Druze", "Druze", "Kalash", "Kalash", "Kalash", "Lahu", "Lahu", "Lahu", "Mandenka", "Mandenka", "Maya", "Maya", "Maya", "MbutiPygmy", "Melanesian", "Melanesian", "Melanesian", "Mongola", "Mongola", "Palestinian", "Papuan", "Yakut"],
  "targets": ["Balochi", "BantuKenya", "BantuSouthAfrica", "Basque", "Bedouin", "Melanesian", "Mozabite", "Russian", "Druze", "Kalash", "Yakut", "BantuSouthAfrica", "Mandenka", "San", "Yoruba", "BiakaPygmy", "MbutiPygmy", "San", "Yoruba", "BiakaPygmy", "Cambodian", "Melanesian", "Palestinian", "Russian", "Druze", "Kalash", "Mozabite", "Palestinian", "Russian", "Mandenka", "San", "Yoruba", "Daur", "Maya", "Mongola", "Papuan", "Uygur", "Yi", "Colombian", "Daur", "Kalash", "Lahu", "Maya", "Pima", "Yi", "Maya", "Mongola", "Palestinian", "Papuan", "Pima", "Russian", "Lahu", "Papuan", "Uygur", "Yakut", "Yi", "Kalash", "Mozabite", "Palestinian", "Pima", "Mozabite", "Palestinian", "Papuan", "Russian", "Uygur", "Yakut", "MbutiPygmy", "Yoruba", "Papuan", "Pima", "Yakut", "San", "Russian", "Yakut", "Yi", "Uygur", "Yakut", "Russian", "Pima", "Yi"],
  "weights": [2.6877, 5.2124, 6.0513, 2.8361, 2.5971, 3.3026, 2.8955, 2.6784, 2.2183, 2.5982, 3.8276, 4.2558, 3.6349, 6.8344, 3.8526, 3.8369, 5.0172, 6.2389, 2.8447, 5.2123, 3.9722, 3.2723, 2.0597, 2.3346, 1.6627, 2.2523, 2.0618, 1.6645, 2.3829, 3.3115, 6.4534, 3.7607, 2.7355, 2.8955, 2.9378, 4.0121, 2.6531, 2.7953, 2.6191, 2.1269, 3.3166, 3.0038, 2.6126, 3.2735, 2.6708, 2.6566, 2.9349, 2.8297, 4.0755, 2.7449, 2.7827, 3.0983, 3.3034, 2.1192, 2.544, 2.5004, 2.257, 1.8126, 1.9514, 3.3303, 2.5324, 2.4456, 4.4464, 3.5969, 3.2552, 3.3542, 4.8385, 3.3636, 2.9831, 3.2549, 2.2551, 6.7773, 3.0646, 2.941, 2.7424, 2.5449, 2.6241, 2.1562, 5.455, 2.6179],
  "loci": ["rs1563405", "rs6712910", "rs3814042", "rs13417558", "rs1869836", "rs10204096", "rs6741114", "rs4953406", "rs4953408", "rs12472103", "rs1531132", "rs1563406", "rs17035489", "rs17769580", "rs4953410", "rs930853", "rs6713768", "rs17035506", "rs1466268", "rs10495936", "rs3814041", "rs7596521", "rs4953413", "rs970711", "rs11676737", "rs973491", "rs6741642", "rs13025984", "rs7566758", "rs4952843", "rs10167561", "rs4575769", "rs4953418", "rs1809216", "rs12466948", "rs13424717", "rs6740539", "rs11125091", "rs9309137", "rs7577004"]
}
