{
  "id": "EdgeSet0559",
  "sources": ["Adygei", "Adygei", "Adygei", "Adygei", "Adygei", "Adygei", "Balochi", "Balochi", "Balochi", "Balochi", "Balochi", "Balochi", "BantuKenya", "BantuKenya", "BantuKenya", "BantuKenya", "BantuKenya", "BantuSouthAfrica", "BantuSouthAfrica", "BantuSouthAfrica", "BantuSouthAfrica", "Basque", "Basque", "Basque", "Basque", "Basque", "Bedouin", "Bedouin", "Bedouin", "Bedouin", "Bedouin", "BiakaPygmy", "BiakaPygmy", "BiakaPygmy", "BiakaPygmy", "Burusho", "Burusho", "Burusho", "Burusho", "Cambodian", "Cambodian", "Cambodian", "Cambodian", "Colombian", "Colombian", "Colombian", "Daur", "Daur", "Daur", "Druze", "Druze", "Druze", "Kalash", "Lahu", "Lahu", "Mandenka", "Mandenka", "Mandenka", "Maya", "MbutiPygmy", "MbutiPygmy", "Melanesian", "Mongola", "Mongola", "Mongola", "Mongola", "Papuan", "Papuan", "Pima", "Pima", "Russian", "Yakut"],
  "targets": ["Balochi", "Basque", "Cambodian", "Kalash", "Mozabite", "Palestinian", "BantuSouthAfrica", "Bedouin", "Burusho", "Cambodian", "Daur", "Maya", "BiakaPygmy", "Mandenka", "Mozabite", "San", "Yoruba", "BiakaPygmy", "Maya", "MbutiPygmy", "San", "Druze", "Kalash", "Palestinian", "Pima", "Russian", "Druze", "Kalash", "Mozabite", "Palestinian", "Russian", "Lahu", "MbutiPygmy", "San", "Yoruba", "Colombian", "Kalash", "Mozabite", "Papuan", "Lahu", "MbutiPygmy", "Russian", "Uygur", "Maya", "Pima", "Yakut", "Uygur", "Yakut", "Yi", "Kalash", "Mozabite", "Palestinian", "Russian", "Mongola", "Yakut", "Mozabite", "Papuan", "Yoruba", "Pima", "San", "Yoruba", "Papuan", "Mozabite", "Pima", "Yakut", "Yi", "Pima", "Russian", "Uygur", "Yi", "Uygur", "Yi"],
  "weights": [3.0588, 2.9925, 4.0925, 2.7372, 2.5931, 2.4204, 4.274, 2.7528, 2.7659, 4.8253, 3.9715, 3.301, 4.1208, 3.7737, 4.5334, 5.3143, 3.9068, 3.4096, 4.6544, 3.3954, 4.1525, 2.9262, 2.726, 2.6801, 4.334, 2.554, 1.5765, 2.3588, 2.164, 1.9874, 2.5083, 5.0375, 3.6731, 4.4977, 3.4064, 2.8873, 2.6716, 2.5262, 3.6204, 3.4415, 4.5937, 3.4079, 3.1223, 2.4645, 2.4059, 2.5545, 2.8172, 2.4841, 2.3926, 2.4996, 2.2004, 2.2769, 2.4423, 2.7379, 3.0526, 3.552, 4.0895, 2.3514, 2.8244, 4.5498, 2.5022, 3.6617, 4.4276, 3.0485, 2.4781, 2.522, 4.2668, 4.757, 4.2385, 3.4845, 2.4806, 2.4875],
  "loci": ["rs7565870", "rs1541980", "rs1435808", "rs7561923", "rs11563112", "rs6733295", "rs7595930", "rs11563110", "rs7603003", "rs1369673", "rs10184299", "rs17868260", "rs1017419", "rs7590117", "rs6707783", "rs13387224", "rs10183053", "rs1155425", "rs3899750", "rs3861566", "rs3850342", "rs11562986", "rs2033635", "rs1435805", "rs10201204", "rs12994401", "rs4971764", "rs10207610", "rs1369670", "rs10208223", "rs10204462", "rs4971766", "rs11125391", "rs13035243", "rs6712068", "rs13030808", "rs11562958", "rs12993330", "rs1435802", "rs11681556"]
}
