{
  "id": "EdgeSet0732",
  "sources": ["Adygei", "Adygei", "Adygei", "Balochi", "Balochi", "Balochi", "Balochi", "Balochi", "Balochi", "BantuKenya", "BantuKenya", "BantuKenya", "BantuKenya", "BantuSouthAfrica", "BantuSouthAfrica", "BantuSouthAfrica", "BantuSouthAfrica", "Basque", "Basque", "Basque", "Basque", "Basque", "Basque", "Basque", "Basque", "Bedouin", "Bedouin", "Bedouin", "Bedouin", "BiakaPygmy", "BiakaPygmy", "BiakaPygmy", "BiakaPygmy", "Burusho", "Burusho", "Cambodian", "Cambodian", "Cambodian", "Cambodian", "Cambodian", "Colombian", "Colombian", "Colombian", "Colombian", "Daur", "Daur", "Daur", "Daur", "Druze", "Druze", "Kalash", "Lahu", "Lahu", "Lahu", "Lahu", "Mandenka", "Maya", "Maya", "Maya", "MbutiPygmy", "Melanesian", "Melanesian", "Melanesian", "Melanesian", "Mongola", "Mozabite", "Palestinian", "Pima", "Pima", "Russian", "Russian", "San", "Uygur"],
  "targets": ["Balochi", "Bedouin", "Palestinian", "Basque", "Bedouin", "Burusho", "Cambodian", "Druze", "Russian", "BantuSouthAfrica", "Mandenka", "MbutiPygmy", "Yoruba", "Mandenka", "MbutiPygmy", "Melanesian", "Pima", "Druze", "Kalash", "Lahu", "Melanesian", "Mozabite", "Palestinian", "Papuan", "Russian", "Burusho", "Druze", "Kalash", "Palestinian", "Mandenka", "MbutiPygmy", "San", "Yoruba", "Druze", "Kalash", "Lahu", "Mongola", "Palestinian", "Uygur", "Yi", "Daur", "Maya", "Pima", "Yakut", "Melanesian", "Mongola", "Yakut", "Yi", "Mozabite", "Palestinian", "Papuan", "Mongola", "Mozabite", "Papuan", "Uygur", "Yoruba", "Mongola", "Pima", "Yi", "Melanesian", "Mongola", "Papuan", "Pima", "San", "Uygur", "Russian", "Russian", "San", "Yi", "Yakut", "Yi", "Yoruba", "Yi"],
  "weights": [3.1781, 2.8259, 2.8626, 2.3464, 2.1315, 2.1566, 2.6603, 2.7919, 2.0697, 4.355, 2.6151, 5.3975, 3.1465, 4.28, 6.7453, 8.5963, 9.3091, 2.4208, 2.4582, 2.4937, 3.5159, 2.5579, 2.2976, 3.6351, 2.199, 1.7018, 1.94, 2.0535, 1.692, 3.9738, 4.6203, 6.7673, 4.0768, 1.8492, 1.9701, 2.7007, 2.5124, 3.6715, 2.0756, 2.9272, 2.8184, 2.32, 6.9627, 3.3298, 4.8897, 2.4982, 3.0353, 3.1133, 2.3405, 1.7548, 3.6534, 2.8421, 2.9511, 3.735, 2.2939, 2.4364, 3.1273, 5.756, 3.4466, 8.352, 4.9985, 3.3454, 9.1878, 7.3128, 2.4684, 2.5076, 2.2281, 11.388, 7.1925, 3.0562, 4.1239, 6.7828, 2.8126],
  "loci": ["rs10164798", "rs7586596", "rs7559850", "rs4581940", "rs4284873", "rs6758228", "rs12151791", "rs2312205", "rs6712795", "rs10496170", "rs6546523", "rs2312207", "rs7577851", "rs2002878", "rs7603932", "rs17570697", "rs2276688", "rs2276687", "rs17036760", "rs3771544", "rs4852272", "rs13034911", "rs11126237", "rs11126238", "rs6546534", "rs7579933", "rs13431612", "rs6759804", "rs12987661", "rs4852869", "rs6546537", "rs17036889", "rs7567691", "rs1396800", "rs12468574", "rs6718872", "rs4852918", "rs6704754", "rs12620484", "rs7578474"]
}
