{
  "id": "EdgeSet0964",
  "sources": ["Adygei", "Adygei", "Adygei", "Adygei", "Adygei", "Adygei", "Adygei", "Adygei", "Balochi", "Balochi", "Balochi", "Balochi", "Balochi", "BantuKenya", "BantuKenya", "BantuKenya", "BantuSouthAfrica", "BantuSouthAfrica", "BantuSouthAfrica", "BantuSouthAfrica", "Basque", "Basque", "Basque", "Bedouin", "Bedouin", "Bedouin", "Bedouin", "BiakaPygmy", "BiakaPygmy", "BiakaPygmy", "Burusho", "Burusho", "Burusho", "Burusho", "Burusho", "Burusho", "Cambodian", "Cambodian", "Cambodian", "Cambodian", "Cambodian", "Cambodian", "Colombian", "Colombian", "Colombian", "Colombian", "Daur", "Daur", "Daur", "Daur", "Druze", "Kalash", "Kalash", "Lahu", "Lahu", "Lahu", "Lahu", "Mandenka", "Mandenka", "Maya", "MbutiPygmy", "Melanesian", "Melanesian", "Melanesian", "Mongola", "Mongola", "Mozabite", "Mozabite", "Mozabite", "Palestinian", "Papuan", "Pima", "Pima", "Pima", "San"],
  "targets": ["Balochi", "Basque", "Bedouin", "Burusho", "Druze", "Mongola", "Russian", "Uygur", "Burusho", "Cambodian", "Kalash", "Palestinian", "Russian", "BantuSouthAfrica", "Mongola", "Yoruba", "BiakaPygmy", "Mandenka", "MbutiPygmy", "Yoruba", "Druze", "Mozabite", "Russian", "Druze", "Mozabite", "Palestinian", "Russian", "Mandenka", "MbutiPygmy", "Yoruba", "Cambodian", "Druze", "Kalash", "Melanesian", "Palestinian", "Papuan", "Colombian", "Kalash", "MbutiPygmy", "Pima", "Uygur", "Yakut", "Lahu", "Maya", "Pima", "Yakut", "Mongola", "Uygur", "Yakut", "Yi", "Mozabite", "Melanesian", "San", "Mongola", "Pima", "Yakut", "Yi", "MbutiPygmy", "Yoruba", "Pima", "San", "Mongola", "Papuan", "Yi", "Mozabite", "Yi", "Palestinian", "Russian", "Yoruba", "Russian", "Pima", "Uygur", "Yakut", "Yi", "Yi"],
  "weights": [3.0909, 2.7754, 2.4224, 2.7485, 2.2451, 4.5356, 2.8773, 2.6154, 2.414, 2.7675, 2.4644, 2.3886, 2.7909, 3.8243, 4.7705, 2.7215, 4.2361, 2.8386, 4.8124, 3.0717, 2.7498, 3.1463, 2.8475, 1.8561, 2.3724, 2.0299, 2.6502, 3.3286, 3.5178, 3.4857, 2.7459, 2.5777, 2.7974, 3.5435, 2.431, 3.5727, 4.5733, 2.9462, 6.5832, 5.6972, 2.7408, 3.7031, 4.7089, 3.0408, 5.4595, 4.8586, 3.3072, 3.2426, 2.9559, 3.5376, 2.7161, 3.8586, 7.3187, 3.198, 4.8711, 2.4275, 3.8811, 4.0986, 2.0836, 4.6261, 3.7858, 3.3179, 3.4759, 4.0209, 3.8737, 3.3075, 2.5329, 3.1807, 3.636, 2.6046, 4.5727, 4.576, 4.8463, 5.4822, 7.4376],
  "loci": ["rs11683715", "rs6716397", "rs7584136", "rs6705097", "rs6712932", "rs10210149", "rs11677719", "rs12478256", "rs1545122", "rs11695535", "rs881706", "rs17687727", "rs4851055", "rs12471644", "rs17636747", "rs6718019", "rs2438085", "rs2460255", "rs11685266", "rs2241797", "rs10202544", "rs2576736", "rs3792043", "rs1020064", "rs3792050", "rs4851754", "rs2576748", "rs2679889", "rs17689220", "rs4851756", "rs6727677", "rs2679876", "rs2679874", "rs1010746", "rs17638586", "rs10460493", "rs1054250", "rs2576767", "rs2278501", "rs2576778"]
}
