{
  "id": "EdgeSet0699",
  "sources": ["Adygei", "Adygei", "Adygei", "Adygei", "Adygei", "Adygei", "Adygei", "Balochi", "Balochi", "Balochi", "Balochi", "Balochi", "Balochi", "Balochi", "BantuKenya", "BantuKenya", "BantuKenya", "BantuKenya", "BantuKenya", "BantuKenya", "BantuSouthAfrica", "BantuSouthAfrica", "BantuSouthAfrica", "BantuSouthAfrica", "Basque", "Basque", "Basque", "Basque", "Basque", "Basque", "Basque", "Bedouin", "Bedouin", "Bedouin", "Bedouin", "BiakaPygmy", "BiakaPygmy", "BiakaPygmy", "Burusho", "Burusho", "Cambodian", "Cambodian", "Cambodian", "Cambodian", "Cambodian", "Cambodian", "Cambodian", "Colombian", "Colombian", "Colombian", "Colombian", "Daur", "Daur", "Daur", "Daur", "Druze", "Druze", "Druze", "Druze", "Druze", "Kalash", "Kalash", "Lahu", "Lahu", "Lahu", "Lahu", "Lahu", "Mandenka", "Maya", "Maya", "Maya", "Maya", "Maya", "MbutiPygmy", "Melanesian", "Melanesian", "Mongola", "Mozabite", "Mozabite", "Palestinian", "Papuan", "Pima", "Russian", "Yakut"],
  "targets": ["Bedouin", "Burusho", "Colombian", "Daur", "Kalash", "Pima", "Russian", "Bedouin", "Cambodian", "Druze", "Kalash", "Mongola", "Palestinian", "Uygur", "BantuSouthAfrica", "BiakaPygmy", "Mandenka", "Mozabite", "San", "Yoruba", "BiakaPygmy", "Mandenka", "San", "Yoruba", "Cambodian", "Daur", "Druze", "Kalash", "Lahu", "Maya", "Russian", "Kalash", "Mozabite", "Russian", "Yakut", "Mandenka", "MbutiPygmy", "San", "Kalash", "Palestinian", "Colombian", "Daur", "Druze", "Lahu", "Mongola", "Yakut", "Yi", "Melanesian", "Palestinian", "Pima", "Uygur", "Kalash", "Palestinian", "Russian", "Yakut", "Maya", "Mongola", "Palestinian", "Uygur", "Yi", "Pima", "Yi", "Maya", "Mongola", "Uygur", "Yakut", "Yi", "Yoruba", "Mongola", "Pima", "Russian", "Uygur", "Yi", "San", "Papuan", "Yakut", "Yakut", "Palestinian", "Pima", "Papuan", "Pima", "Uygur", "Uygur", "Yi"],
  "weights": [2.1986, 2.8827, 2.4694, 2.835, 2.5497, 4.6442, 2.0455, 2.3963, 3.5423, 1.7198, 2.6326, 2.6804, 2.4749, 2.5611, 3.536, 3.3655, 3.5801, 4.3669, 5.5504, 3.1166, 3.833, 3.0384, 5.9227, 2.9592, 3.5803, 2.8877, 2.7616, 2.8448, 2.9872, 3.8428, 2.734, 2.5729, 1.8494, 2.1433, 4.0044, 3.6836, 4.3767, 5.5028, 2.9902, 3.172, 4.2464, 2.6387, 4.0056, 3.4514, 2.9696, 3.01, 3.4368, 4.3471, 3.0712, 4.329, 2.9825, 3.5277, 2.9589, 2.6378, 2.7814, 3.0516, 2.7328, 2.3096, 2.5739, 3.3756, 4.5935, 3.6797, 2.5508, 2.6801, 3.1488, 4.1987, 3.4727, 2.5068, 2.8474, 4.7826, 3.1306, 3.0937, 3.5102, 4.8983, 4.3433, 4.6691, 2.9849, 2.3425, 6.0432, 6.3282, 7.4448, 4.8532, 2.6251, 3.5609],
  "loci": ["rs2216120", "rs2300477", "rs2192954", "rs2300478", "rs6711787", "rs2284706", "rs2300483", "rs2300484", "rs2018434", "rs1000756", "rs10184250", "rs10490188", "rs6706382", "rs6754286", "rs2192963", "rs10195834", "rs2861113", "rs1981736", "rs6756458", "rs6725996", "rs11695019", "rs2861172", "rs4671159", "rs10490189", "rs7593598", "rs6745277", "rs10490190", "rs6709958", "rs6546256", "rs7607842", "rs933533", "rs13018438", "rs17032466", "rs1468817", "rs2192955", "rs6705424", "rs10490191", "rs11126093", "rs12622301", "rs10201517"]
}
