{
  "id": "EdgeSet0535",
  "sources": ["Adygei", "Adygei", "Adygei", "Adygei", "Adygei", "Adygei", "Adygei", "Balochi", "Balochi", "Balochi", "BantuKenya", "BantuKenya", "BantuKenya", "BantuKenya", "BantuKenya", "BantuKenya", "BantuKenya", "BantuKenya", "BantuSouthAfrica", "BantuSouthAfrica", "BantuSouthAfrica", "BantuSouthAfrica", "Basque", "Basque", "Basque", "Basque", "Basque", "Basque", "Bedouin", "Bedouin", "Bedouin", "Bedouin", "Bedouin", "BiakaPygmy", "BiakaPygmy", "BiakaPygmy", "Burusho", "Burusho", "Burusho", "Burusho", "Burusho", "Cambodian", "Cambodian", "Cambodian", "Colombian", "Colombian", "Colombian", "Daur", "Daur", "Daur", "Daur", "Daur", "Druze", "Druze", "Druze", "Druze", "Kalash", "Kalash", "Kalash", "Lahu", "Lahu", "Lahu", "Mandenka", "Mandenka", "Maya", "Maya", "Maya", "MbutiPygmy", "MbutiPygmy", "Melanesian", "Melanesian", "Melanesian", "Mozabite", "Mozabite", "Palestinian", "Papuan", "Papuan", "Papuan", "Russian", "Uygur", "Yakut"],
  "targets": ["Balochi", "Basque", "Bedouin", "Colombian", "Kalash", "Lahu", "Yoruba", "Kalash", "Melanesian", "Uygur", "BantuSouthAfrica", "Daur", "Mandenka", "MbutiPygmy", "Papuan", "San", "Yi", "Yoruba", "BiakaPygmy", "MbutiPygmy", "San", "Yoruba", "Druze", "Kalash", "Mozabite", "Russian", "San", "Yi", "Burusho", "Druze", "Kalash", "Mozabite", "Palestinian", "Mandenka", "MbutiPygmy", "San", "Daur", "Kalash", "Mandenka", "Mongola", "Russian", "Lahu", "Melanesian", "Yi", "Daur", "Maya", "Pima", "Lahu", "Mongola", "Uygur", "Yakut", "Yi", "Kalash", "Mozabite", "Palestinian", "Russian", "Melanesian", "Mozabite", "Yoruba", "Melanesian", "Papuan", "Yi", "Yakut", "Yoruba", "Mongola", "Pima", "San", "San", "Yoruba", "Palestinian", "Pima", "Yi", "Palestinian", "Yoruba", "Uygur", "Pima", "Uygur", "Yakut", "Yakut", "Yakut", "Yi"],
  "weights": [1.9555, 3.2459, 2.3347, 3.6066, 2.2894, 4.2004, 4.7123, 2.2163, 4.2209, 2.46, 3.5284, 4.1354, 3.5439, 5.013, 3.8321, 10.1484, 5.5968, 3.2283, 3.3115, 4.2309, 9.4557, 2.8701, 2.8105, 3.097, 2.9655, 3.6228, 12.0887, 4.4698, 2.7117, 2.011, 2.0187, 2.1141, 1.7603, 3.6064, 4.4331, 9.3012, 3.787, 2.6799, 4.4202, 3.282, 2.5405, 2.4606, 3.4067, 3.2536, 2.7982, 3.593, 4.7896, 3.023, 2.3272, 2.6265, 2.7836, 3.0947, 2.1649, 2.1863, 1.6099, 2.6664, 5.2767, 2.2429, 3.8844, 3.3117, 2.6512, 2.6906, 5.0176, 2.3054, 3.3022, 3.9702, 12.0142, 9.2727, 4.6806, 4.5294, 6.7337, 3.7401, 1.9544, 3.6376, 2.4189, 5.3632, 2.9075, 3.6523, 4.0919, 3.1086, 3.262],
  "loci": ["rs7562270", "rs1518834", "rs885560", "rs17039353", "rs925931", "rs12466419", "rs10495983", "rs1421570", "rs1363047", "rs11889255", "rs17490406", "rs10495985", "rs13022806", "rs12998574", "rs1156742", "rs11891766", "rs1836546", "rs971732", "rs1045881", "rs10495988", "rs2241752", "rs2241750", "rs13007882", "rs12618646", "rs1421594", "rs2193870", "rs11681792", "rs17491881", "rs12621581", "rs17439140", "rs11125280", "rs9636391", "rs11889551", "rs2112073", "rs11896677", "rs1435090", "rs1421567", "rs6545138", "rs1897924", "rs13417424"]
}
