{
  "id": "EdgeSet0358",
  "sources": ["Adygei", "Adygei", "Adygei", "Adygei", "Adygei", "Adygei", "Adygei", "Balochi", "Balochi", "Balochi", "Balochi", "BantuKenya", "BantuKenya", "BantuKenya", "BantuKenya", "BantuSouthAfrica", "BantuSouthAfrica", "BantuSouthAfrica", "BantuSouthAfrica", "Basque", "Basque", "Basque", "Basque", "Basque", "Bedouin", "Bedouin", "Bedouin", "BiakaPygmy", "BiakaPygmy", "BiakaPygmy", "Burusho", "Burusho", "Burusho", "Burusho", "Burusho", "Cambodian", "Cambodian", "Cambodian", "Cambodian", "Colombian", "Colombian", "Colombian", "Colombian", "Daur", "Daur", "Daur", "Druze", "Druze", "Druze", "Druze", "Kalash", "Kalash", "Lahu", "Mandenka", "Mandenka", "Mandenka", "Maya", "MbutiPygmy", "Melanesian", "Melanesian", "Melanesian", "Mongola", "Mozabite", "Mozabite", "Palestinian", "Pima", "Russian", "Uygur", "Uygur"],
  "targets": ["Balochi", "Bedouin", "Druze", "Pima", "Russian", "Yakut", "Yi", "Basque", "Bedouin", "Druze", "Papuan", "BantuSouthAfrica", "BiakaPygmy", "MbutiPygmy", "Yoruba", "BiakaPygmy", "Mandenka", "San", "Yoruba", "Colombian", "Daur", "Kalash", "Palestinian", "Russian", "Druze", "Palestinian", "Yakut", "MbutiPygmy", "San", "Yoruba", "Kalash", "Mongola", "Papuan", "Russian", "Yakut", "Colombian", "Lahu", "Yakut", "Yi", "Lahu", "Maya", "Pima", "Yi", "Mongola", "Russian", "Yi", "Kalash", "Mozabite", "Palestinian", "Russian", "Palestinian", "San", "Melanesian", "Melanesian", "Mozabite", "Yoruba", "Pima", "San", "Papuan", "Yakut", "Yi", "Yakut", "Palestinian", "Yoruba", "Russian", "Yi", "Uygur", "Yakut", "Yi"],
  "weights": [1.8953, 1.5929, 1.6692, 4.6524, 2.1124, 2.5688, 4.5578, 2.3529, 1.8429, 2.0722, 3.8032, 6.2961, 5.1926, 5.9244, 3.977, 5.9563, 4.7279, 8.0712, 5.0586, 4.4798, 4.7476, 2.7799, 2.125, 2.1481, 1.7532, 1.4252, 3.2008, 4.9776, 7.6395, 4.0931, 2.6234, 2.7737, 3.8135, 2.2945, 2.312, 4.0073, 3.5522, 3.3866, 3.4068, 3.8102, 2.7611, 3.0414, 4.0135, 2.3753, 3.9229, 4.0343, 2.3891, 2.2936, 1.7956, 2.1133, 2.2828, 10.0315, 4.1647, 5.0594, 3.952, 2.717, 1.4779, 7.2872, 3.6259, 4.5571, 3.9313, 2.3981, 2.2322, 3.8148, 1.9536, 5.5669, 2.663, 2.4278, 3.366],
  "loci": ["rs280691", "rs2438427", "rs280754", "rs7600259", "rs280749", "rs280745", "rs280734", "rs280780", "rs17015800", "rs62495", "rs280771", "rs17326572", "rs13391731", "rs280760", "rs7602796", "rs2055694", "rs1911544", "rs6543884", "rs7557032", "rs2123604", "rs13386676", "rs6760654", "rs17326727", "rs10204114", "rs17015980", "rs17387182", "rs2290383", "rs10495833", "rs17398711", "rs2888114", "rs1453266", "rs13416097", "rs1169255", "rs1993218", "rs6746716", "rs1573957", "rs12712411", "rs1922353", "rs1922356", "rs1922364"]
}
