{
  "id": "EdgeSet0251",
  "sources": ["Adygei", "Adygei", "Adygei", "Adygei", "Adygei", "Adygei", "Balochi", "Balochi", "Balochi", "Balochi", "Balochi", "Balochi", "Balochi", "BantuKenya", "BantuKenya", "BantuKenya", "BantuKenya", "BantuKenya", "BantuKenya", "BantuSouthAfrica", "BantuSouthAfrica", "BantuSouthAfrica", "BantuSouthAfrica", "BantuSouthAfrica", "Basque", "Basque", "Basque", "Basque", "Bedouin", "Bedouin", "BiakaPygmy", "BiakaPygmy", "BiakaPygmy", "Burusho", "Burusho", "Burusho", "Burusho", "Burusho", "Cambodian", "Cambodian", "Cambodian", "Cambodian", "Cambodian", "Colombian", "Colombian", "Colombian", "Colombian", "Colombian", "Colombian", "Colombian", "Daur", "Daur", "Daur", "Daur", "Druze", "Druze", "Druze", "Kalash", "Kalash", "Kalash", "Kalash", "Lahu", "Lahu", "Lahu", "Lahu", "Lahu", "Lahu", "Lahu", "Mandenka", "Mandenka", "Maya", "Maya", "Maya", "Maya", "MbutiPygmy", "Melanesian", "Melanesian", "Mongola", "Mongola", "Mozabite", "Palestinian", "Papuan", "Papuan", "Papuan", "Uygur", "Yakut"],
  "targets": ["Burusho", "Druze", "Lahu", "Mozabite", "Palestinian", "Russian", "Bedouin", "Burusho", "Druze", "Kalash", "Palestinian", "Pima", "Uygur", "BantuSouthAfrica", "Bedouin", "BiakaPygmy", "Mandenka", "MbutiPygmy", "Yoruba", "Basque", "Mandenka", "MbutiPygmy", "San", "Yoruba", "Bedouin", "Druze", "Mozabite", "Yakut", "Palestinian", "Uygur", "Mandenka", "MbutiPygmy", "San", "Colombian", "Kalash", "Melanesian", "Russian", "Yoruba", "Daur", "Lahu", "Melanesian", "Mongola", "Uygur", "Maya", "Melanesian", "Mongola", "Pima", "Russian", "Yakut", "Yi", "Maya", "Mongola", "Russian", "Yi", "Kalash", "Mozabite", "Palestinian", "MbutiPygmy", "Mozabite", "Pima", "Uygur", "Maya", "Melanesian", "Mongola", "Papuan", "Pima", "Yakut", "Yi", "MbutiPygmy", "Yoruba", "Mongola", "Pima", "Uygur", "Yakut", "San", "Papuan", "Uygur", "Papuan", "Yakut", "Russian", "Russian", "Pima", "Yakut", "Yi", "Yi", "Yi"],
  "weights": [2.7445, 1.8287, 4.2275, 2.1825, 1.9404, 2.7147, 2.0683, 2.9038, 1.9119, 2.6494, 1.6658, 5.3486, 2.5895, 3.6855, 3.7963, 4.3318, 2.9849, 5.7816, 3.3376, 5.3261, 2.9178, 5.3629, 5.5424, 3.1531, 2.5698, 2.3902, 2.3053, 4.1227, 1.864, 2.6988, 3.9793, 5.51, 5.8929, 4.1019, 3.435, 4.2749, 3.1467, 5.5529, 2.2367, 2.4808, 3.1503, 2.3819, 2.8276, 3.2551, 3.7523, 2.9056, 3.7137, 4.5324, 3.2793, 3.314, 2.9501, 1.9877, 3.6231, 2.6947, 2.4374, 2.1527, 1.6822, 7.5816, 2.9773, 5.293, 3.0615, 2.4372, 3.0087, 2.1693, 2.825, 3.2222, 3.2279, 2.7386, 5.3082, 2.648, 2.5287, 2.8197, 4.186, 2.9214, 6.5854, 3.3772, 3.4242, 2.6427, 2.3073, 3.0098, 2.9423, 3.9417, 2.4515, 2.6435, 2.9581, 2.4164],
  "loci": ["rs747344", "rs13407828", "rs873543", "rs4665211", "rs2164867", "rs2164866", "rs11885576", "rs11889528", "rs17045393", "rs4665213", "rs7597223", "rs7586272", "rs4665594", "rs1530045", "rs744109", "rs11682168", "rs11125053", "rs13011734", "rs1864807", "rs10208318", "rs1368080", "rs10490750", "rs9677559", "rs6742202", "rs1653751", "rs1653752", "rs1344753", "rs1653763", "rs1653765", "rs1653769", "rs934370", "rs1653777", "rs7602557", "rs748860", "rs1709317", "rs4665606", "rs6745031", "rs934374", "rs1432268", "rs1653786"]
}
