{
  "id": "EdgeSet0207",
  "sources": ["Adygei", "Adygei", "Adygei", "Adygei", "Adygei", "Adygei", "Adygei", "Adygei", "Balochi", "Balochi", "Balochi", "Balochi", "Balochi", "BantuKenya", "BantuKenya", "BantuKenya", "BantuSouthAfrica", "BantuSouthAfrica", "BantuSouthAfrica", "BantuSouthAfrica", "BantuSouthAfrica", "Basque", "Basque", "Basque", "Bedouin", "Bedouin", "Bedouin", "Bedouin", "BiakaPygmy", "BiakaPygmy", "BiakaPygmy", "BiakaPygmy", "Burusho", "Burusho", "Burusho", "Burusho", "Burusho", "Cambodian", "Cambodian", "Cambodian", "Colombian", "Colombian", "Colombian", "Colombian", "Colombian", "Daur", "Daur", "Daur", "Daur", "Druze", "Druze", "Druze", "Kalash", "Kalash", "Lahu", "Lahu", "Mandenka", "Mandenka", "Maya", "Maya", "MbutiPygmy", "MbutiPygmy", "MbutiPygmy", "Melanesian", "Melanesian", "Melanesian", "Mongola", "Mongola", "Mongola", "Mozabite", "Papuan", "Papuan", "Russian", "San", "Uygur"],
  "targets": ["Balochi", "Basque", "Burusho", "Druze", "Kalash", "Melanesian", "Mozabite", "Russian", "BantuKenya", "Burusho", "Kalash", "Melanesian", "Russian", "Burusho", "Mandenka", "Yoruba", "BiakaPygmy", "Mandenka", "MbutiPygmy", "San", "Yoruba", "Bedouin", "Kalash", "Palestinian", "Druze", "Mozabite", "Palestinian", "Pima", "Cambodian", "Mozabite", "San", "Yoruba", "Kalash", "Melanesian", "Mozabite", "Palestinian", "Yakut", "Daur", "Lahu", "Papuan", "Daur", "Maya", "MbutiPygmy", "Mongola", "Papuan", "Lahu", "Maya", "Mongola", "Yi", "Kalash", "Mozabite", "Palestinian", "Palestinian", "Uygur", "Russian", "Uygur", "Mozabite", "Yoruba", "Melanesian", "Yakut", "Papuan", "Russian", "San", "Mozabite", "Papuan", "Pima", "Papuan", "Yakut", "Yi", "Palestinian", "Pima", "Uygur", "Yi", "Yakut", "Yi"],
  "weights": [2.7576, 2.5064, 3.3302, 1.9928, 2.6042, 3.9396, 3.2127, 2.7861, 3.7681, 2.2903, 2.3248, 3.5225, 2.6044, 4.4507, 3.4213, 3.5784, 4.9594, 4.8729, 6.6552, 6.9719, 4.5592, 1.6586, 1.9316, 1.5436, 1.8277, 2.7876, 1.795, 3.1222, 6.4027, 5.032, 7.8467, 3.7764, 2.1646, 4.0897, 3.1227, 2.226, 3.5128, 2.8831, 2.8329, 3.3919, 2.7368, 2.6427, 8.9946, 3.0654, 5.4836, 3.8072, 1.9994, 2.0851, 2.2893, 2.1447, 2.5591, 1.6845, 1.9174, 2.218, 4.4547, 2.9597, 3.8428, 3.2593, 2.8795, 3.105, 7.3835, 7.793, 9.5849, 4.1821, 3.4358, 2.9093, 3.4657, 2.8072, 2.3404, 2.6354, 3.249, 2.6543, 3.2367, 9.4652, 2.6279],
  "loci": ["rs4233762", "rs4666461", "rs12710697", "rs10206829", "rs4358083", "rs4666323", "rs2196652", "rs12464722", "rs12105891", "rs11904265", "rs11096587", "rs1561270", "rs2118381", "rs7598486", "rs851374", "rs851348", "rs1527485", "rs851329", "rs16986058", "rs851317", "rs851422", "rs13403560", "rs13034680", "rs851408", "rs851400", "rs851387", "rs851386", "rs1527493", "rs1727203", "rs851373", "rs10432582", "rs851356", "rs851353", "rs851352", "rs2118384", "rs851436", "rs10209041", "rs1100942", "rs703323", "rs6707044"]
}
