{
  "id": "EdgeSet0775",
  "sources": ["Adygei", "Adygei", "Adygei", "Adygei", "Balochi", "Balochi", "Balochi", "Balochi", "Balochi", "BantuKenya", "BantuKenya", "BantuKenya", "BantuKenya", "BantuSouthAfrica", "BantuSouthAfrica", "BantuSouthAfrica", "Basque", "Basque", "Basque", "Basque", "Bedouin", "Bedouin", "Bedouin", "BiakaPygmy", "BiakaPygmy", "BiakaPygmy", "BiakaPygmy", "Burusho", "Burusho", "Burusho", "Burusho", "Burusho", "Burusho", "Cambodian", "Cambodian", "Cambodian", "Cambodian", "Cambodian", "Colombian", "Colombian", "Colombian", "Daur", "Daur", "Daur", "Daur", "Daur", "Daur", "Druze", "Druze", "Druze", "Druze", "Kalash", "Lahu", "Lahu", "Lahu", "Lahu", "Lahu", "Mandenka", "Mandenka", "Maya", "MbutiPygmy", "MbutiPygmy", "Melanesian", "Melanesian", "Melanesian", "Mongola", "Mongola", "Mongola", "Mongola", "Mozabite", "Mozabite", "Palestinian", "Papuan", "Papuan", "Papuan", "Pima", "Pima", "Yakut"],
  "targets": ["Balochi", "Bedouin", "Cambodian", "Russian", "Basque", "Bedouin", "Cambodian", "Mozabite", "Yi", "BantuSouthAfrica", "BiakaPygmy", "Mandenka", "Yoruba", "Mandenka", "San", "Yoruba", "Bedouin", "Kalash", "Palestinian", "Russian", "Daur", "Druze", "Palestinian", "Mandenka", "MbutiPygmy", "San", "Yoruba", "Cambodian", "Maya", "Melanesian", "Mongola", "Palestinian", "Russian", "Daur", "Lahu", "Papuan", "Uygur", "Yi", "Maya", "Mongola", "Pima", "Lahu", "Maya", "Mongola", "Pima", "Yakut", "Yi", "Kalash", "Mozabite", "Palestinian", "Uygur", "Uygur", "Melanesian", "Mongola", "San", "Uygur", "Yakut", "MbutiPygmy", "Yoruba", "Papuan", "San", "Yoruba", "Mozabite", "Papuan", "Yi", "Papuan", "Uygur", "Yakut", "Yi", "Palestinian", "Russian", "Yi", "Uygur", "Yakut", "Yi", "Russian", "Yakut", "Yi"],
  "weights": [2.3607, 2.0461, 3.8699, 3.0494, 2.1608, 2.1082, 4.0687, 2.3495, 2.9936, 4.4704, 4.5782, 3.5183, 3.47, 3.9062, 6.6488, 3.2911, 2.2003, 2.4706, 2.1593, 3.0304, 3.2183, 1.6026, 1.3635, 4.5761, 5.5583, 6.4535, 4.6935, 3.0119, 3.581, 3.1714, 2.8679, 2.7939, 3.5189, 3.41, 2.6271, 4.1142, 3.2451, 3.0649, 1.8871, 3.2704, 3.8478, 3.6836, 5.0266, 3.113, 4.57, 3.2419, 2.678, 2.7306, 2.2274, 1.61, 2.5868, 3.0746, 2.7597, 3.3924, 9.2641, 3.5386, 4.2783, 5.0542, 3.1766, 4.1715, 7.6478, 5.6297, 4.1454, 4.0074, 3.2699, 3.8884, 4.0238, 3.0729, 2.7956, 2.1005, 3.3346, 2.9124, 4.0552, 4.0054, 3.9175, 4.9531, 4.3881, 2.9406],
  "loci": ["rs3771783", "rs3771781", "rs651071", "rs3771773", "rs1545523", "rs4853066", "rs17010467", "rs6732614", "rs13384240", "rs1869340", "rs3771763", "rs1872837", "rs2306805", "rs2306806", "rs923273", "rs2171385", "rs17010504", "rs10496196", "rs10496197", "rs10865404", "rs4241265", "rs1565068", "rs7349412", "rs1002026", "rs17010519", "rs11686274", "rs1003978", "rs965078", "rs7594760", "rs12713820", "rs3886110", "rs6546942", "rs17563336", "rs2422087", "rs4853097", "rs7575416", "rs4853100", "rs10515918", "rs2422090", "rs13012537"]
}
