{
  "id": "EdgeSet0692",
  "sources": ["Adygei", "Adygei", "Adygei", "Adygei", "Adygei", "Adygei", "Adygei", "Balochi", "Balochi", "Balochi", "BantuKenya", "BantuKenya", "BantuKenya", "BantuKenya", "BantuKenya", "BantuSouthAfrica", "BantuSouthAfrica", "Basque", "Basque", "Basque", "Basque", "Basque", "Bedouin", "Bedouin", "Bedouin", "BiakaPygmy", "BiakaPygmy", "BiakaPygmy", "BiakaPygmy", "BiakaPygmy", "Burusho", "Burusho", "Burusho", "Burusho", "Burusho", "Cambodian", "Cambodian", "Colombian", "Colombian", "Colombian", "Colombian", "Colombian", "Colombian", "Colombian", "Daur", "Daur", "Druze", "Kalash", "Kalash", "Lahu", "Lahu", "Lahu", "Lahu", "Lahu", "Lahu", "Mandenka", "Mandenka", "Mandenka", "Mandenka", "Maya", "Maya", "Maya", "Maya", "MbutiPygmy", "MbutiPygmy", "Melanesian", "Melanesian", "Melanesian", "Mongola", "Mongola", "Mongola", "Mozabite", "Mozabite", "Mozabite", "Palestinian", "Russian"],
  "targets": ["Balochi", "Basque", "Bedouin", "Druze", "Kalash", "Maya", "Palestinian", "Cambodian", "Palestinian", "Uygur", "BantuSouthAfrica", "BiakaPygmy", "Mandenka", "San", "Yoruba", "Mandenka", "Yoruba", "Bedouin", "Druze", "Kalash", "Uygur", "Yakut", "Druze", "Palestinian", "Yakut", "Colombian", "Mandenka", "MbutiPygmy", "San", "Yoruba", "Kalash", "Maya", "Pima", "Russian", "Uygur", "Melanesian", "Yi", "Daur", "Lahu", "Melanesian", "Mongola", "Papuan", "San", "Uygur", "Papuan", "Pima", "Mozabite", "Mozabite", "Russian", "Melanesian", "Mongola", "Papuan", "Pima", "Uygur", "Yi", "MbutiPygmy", "Mozabite", "San", "Yoruba", "Papuan", "Pima", "Russian", "Yakut", "San", "Yi", "Mongola", "Papuan", "Yakut", "Pima", "Yakut", "Yi", "Palestinian", "Yi", "Yoruba", "Yoruba", "Yakut"],
  "weights": [2.0422, 1.5023, 1.639, 1.4093, 1.8429, 2.9713, 2.1456, 3.3736, 2.4589, 2.5868, 4.3882, 6.4205, 4.9536, 11.2656, 4.2904, 4.0284, 3.0353, 1.5656, 1.3927, 2.0119, 3.1764, 2.5349, 1.4234, 2.1848, 3.1886, 7.3956, 5.6756, 7.6087, 11.5297, 5.245, 2.026, 2.4356, 2.2505, 2.1185, 2.2434, 3.2594, 2.9456, 2.4015, 3.6526, 3.3459, 3.9211, 3.0973, 11.9007, 3.6192, 1.8718, 2.1341, 2.2061, 2.2573, 1.8035, 3.3077, 1.6956, 2.7944, 2.5105, 2.3659, 3.0436, 7.182, 4.3142, 10.6309, 3.8173, 2.9695, 2.1566, 2.7647, 1.9569, 10.5109, 8.0349, 2.4573, 1.9807, 2.5627, 1.9179, 1.8388, 2.9948, 2.4737, 3.5287, 3.8571, 3.9235, 2.3363],
  "loci": ["rs2553054", "rs2631661", "rs2631662", "rs990307", "rs13398775", "rs1484497", "rs17031071", "rs11674730", "rs10175504", "rs11126064", "rs755616", "rs6728803", "rs7582590", "rs9653501", "rs7598978", "rs12614398", "rs12233229", "rs11126068", "rs17604526", "rs1843136", "rs1155746", "rs11126069", "rs2052669", "rs987217", "rs2017570", "rs1385167", "rs6716270", "rs10180226", "rs10187079", "rs10210513", "rs10195695", "rs17546835", "rs13429266", "rs977493", "rs1484483", "rs6719428", "rs6711555", "rs2699783", "rs2627841", "rs17481962"]
}
