{
  "id": "EdgeSet0108",
  "sources": ["Adygei", "Adygei", "Adygei", "Adygei", "Adygei", "Adygei", "Adygei", "Balochi", "Balochi", "Balochi", "Balochi", "Balochi", "Balochi", "BantuKenya", "BantuKenya", "BantuKenya", "BantuKenya", "BantuKenya", "BantuSouthAfrica", "BantuSouthAfrica", "BantuSouthAfrica", "Basque", "Basque", "Bedouin", "Bedouin", "Bedouin", "Bedouin", "BiakaPygmy", "BiakaPygmy", "BiakaPygmy", "BiakaPygmy", "Burusho", "Burusho", "Burusho", "Burusho", "Burusho", "Cambodian", "Cambodian", "Cambodian", "Colombian", "Colombian", "Colombian", "Colombian", "Daur", "Daur", "Daur", "Daur", "Daur", "Druze", "Druze", "Druze", "Druze", "Druze", "Kalash", "Kalash", "Kalash", "Lahu", "Lahu", "Lahu", "Mandenka", "Mandenka", "Maya", "Maya", "MbutiPygmy", "MbutiPygmy", "Melanesian", "Melanesian", "Mongola", "Mongola", "Mozabite", "Mozabite", "Mozabite", "Papuan", "Pima", "Russian", "Uygur", "Yakut"],
  "targets": ["Balochi", "Burusho", "Colombian", "Druze", "Kalash", "Mozabite", "Russian", "Bedouin", "Druze", "Kalash", "Mozabite", "Palestinian", "Papuan", "BiakaPygmy", "Lahu", "Mandenka", "MbutiPygmy", "Yoruba", "BiakaPygmy", "Mandenka", "Yoruba", "Bedouin", "Palestinian", "Burusho", "Druze", "Palestinian", "Russian", "Mandenka", "MbutiPygmy", "Russian", "San", "Cambodian", "Palestinian", "Russian", "Yakut", "Yi", "Colombian", "Mongola", "Yi", "Maya", "Melanesian", "Pima", "Uygur", "Kalash", "Lahu", "Mongola", "Yakut", "Yi", "Kalash", "Mozabite", "Palestinian", "Russian", "Yakut", "Melanesian", "Palestinian", "Pima", "Mongola", "Yakut", "Yi", "Mozabite", "Yoruba", "Pima", "San", "San", "Yoruba", "Papuan", "San", "Uygur", "Yi", "Palestinian", "Russian", "Yakut", "San", "Yi", "Uygur", "Yakut", "Yi"],
  "weights": [2.2431, 2.5802, 4.0872, 2.0804, 3.6178, 2.3972, 2.1876, 2.2283, 2.5713, 3.7197, 3.4783, 2.3317, 5.3752, 4.4093, 5.9028, 3.3414, 4.0496, 2.7127, 3.7278, 3.6387, 3.0501, 2.2022, 2.3237, 2.3506, 2.0399, 1.2926, 2.4488, 4.2055, 4.2859, 6.3361, 9.7172, 2.851, 2.5324, 3.0131, 2.7273, 2.9257, 3.6748, 2.3469, 2.2997, 2.6431, 5.8238, 2.4428, 3.3069, 3.5278, 2.6975, 1.9904, 2.3939, 2.1467, 4.4045, 2.3996, 2.074, 2.531, 2.7718, 5.2431, 3.7753, 4.3601, 2.913, 2.9696, 2.6859, 4.1471, 2.4825, 2.4629, 12.0067, 9.1962, 3.7641, 3.5349, 12.038, 2.8512, 2.3282, 2.4908, 3.5985, 3.6146, 11.9001, 4.8191, 2.706, 2.3974, 2.4551],
  "loci": ["rs4668631", "rs10495567", "rs12463862", "rs4668634", "rs11680429", "rs4669429", "rs4668640", "rs10929604", "rs4669444", "rs7592044", "rs13411036", "rs13412895", "rs1533388", "rs6708081", "rs12619723", "rs10200632", "rs13019913", "rs4669453", "rs4669454", "rs11676697", "rs10171594", "rs871820", "rs10184938", "rs13395893", "rs11674369", "rs11674480", "rs7605035", "rs4669458", "rs2357266", "rs4669463", "rs13421149", "rs7592934", "rs908292", "rs6739059", "rs908293", "rs10929616", "rs11682963", "rs6734693", "rs16867175", "rs10803702"]
}
