{
  "id": "EdgeSet0129",
  "sources": ["Adygei", "Adygei", "Adygei", "Adygei", "Balochi", "Balochi", "Balochi", "Balochi", "Balochi", "Balochi", "Balochi", "BantuKenya", "BantuKenya", "BantuKenya", "BantuKenya", "BantuKenya", "BantuSouthAfrica", "BantuSouthAfrica", "BantuSouthAfrica", "BantuSouthAfrica", "BantuSouthAfrica", "Basque", "Basque", "Basque", "Basque", "Basque", "Bedouin", "Bedouin", "Bedouin", "Bedouin", "BiakaPygmy", "BiakaPygmy", "BiakaPygmy", "Burusho", "Burusho", "Burusho", "Cambodian", "Cambodian", "Cambodian", "Cambodian", "Cambodian", "Cambodian", "Cambodian", "Cambodian", "Colombian", "Colombian", "Colombian", "Colombian", "Colombian", "Daur", "Daur", "Daur", "Daur", "Daur", "Druze", "Kalash", "Kalash", "Lahu", "Lahu", "Lahu", "Lahu", "Lahu", "Mandenka", "Mandenka", "Maya", "MbutiPygmy", "MbutiPygmy", "Melanesian", "Melanesian", "Melanesian", "Mongola", "Mongola", "Mongola", "Mozabite", "Pima", "Russian", "Uygur", "Uygur"],
  "targets": ["Balochi", "Druze", "Kalash", "Yi", "Bedouin", "Burusho", "Kalash", "Mongola", "Palestinian", "Russian", "Yakut", "BantuSouthAfrica", "BiakaPygmy", "Mandenka", "Mozabite", "Yoruba", "BiakaPygmy", "Mandenka", "MbutiPygmy", "San", "Yoruba", "Burusho", "Druze", "Palestinian", "Russian", "San", "Burusho", "Druze", "Mozabite", "Palestinian", "MbutiPygmy", "San", "Yoruba", "Daur", "Mozabite", "Russian", "Daur", "Kalash", "Melanesian", "Mongola", "Papuan", "Uygur", "Yakut", "Yi", "Lahu", "Maya", "Papuan", "Pima", "Uygur", "Mongola", "Russian", "Uygur", "Yakut", "Yi", "Palestinian", "Mongola", "Russian", "Mongola", "Papuan", "San", "Uygur", "Yi", "Russian", "Yoruba", "Pima", "San", "Yoruba", "Mongola", "Palestinian", "Papuan", "Palestinian", "Uygur", "Yi", "Palestinian", "Yakut", "Yakut", "Yakut", "Yi"],
  "weights": [1.9572, 1.5164, 2.1407, 2.6143, 2.1029, 2.594, 2.27, 2.8464, 2.0955, 2.1667, 2.8661, 3.6011, 3.275, 2.3075, 3.8098, 2.1945, 3.2863, 3.1382, 5.2373, 5.075, 3.5105, 3.6324, 3.1532, 3.2606, 3.6027, 7.8795, 2.7396, 1.7077, 1.8264, 1.834, 4.8449, 4.9537, 3.2302, 3.2143, 3.0642, 2.9456, 2.9935, 2.7232, 2.7431, 2.9494, 2.3386, 4.1317, 3.0866, 3.2043, 4.8387, 1.9171, 6.0783, 2.637, 4.2665, 3.871, 3.0786, 3.2383, 2.4125, 2.976, 1.7648, 2.9728, 2.7987, 3.8333, 4.3434, 8.2995, 3.6813, 3.0509, 5.3944, 2.3382, 1.9663, 6.8129, 5.2114, 3.3057, 3.615, 3.146, 3.6076, 3.3436, 2.9413, 1.9821, 3.6347, 3.1136, 3.0027, 2.6875],
  "loci": ["rs921322", "rs8996", "rs6753921", "rs1515219", "rs11884214", "rs13404430", "rs6716817", "rs12479227", "rs4669700", "rs10203916", "rs753770", "rs12622447", "rs6432187", "rs10189756", "rs7424263", "rs4533449", "rs12990641", "rs4668723", "rs6716724", "rs10929734", "rs4477887", "rs12466910", "rs4669724", "rs4669725", "rs4260216", "rs4669727", "rs12053116", "rs13418118", "rs4588159", "rs6708001", "rs11687681", "rs13414905", "rs6712902", "rs6709507", "rs10192676", "rs11689584", "rs1561014", "rs7601812", "rs6741736", "rs9287731"]
}
