{
  "id": "EdgeSet0036",
  "sources": ["Adygei", "Adygei", "Adygei", "Adygei", "Adygei", "Adygei", "Adygei", "Adygei", "Adygei", "Balochi", "Balochi", "Balochi", "Balochi", "Balochi", "BantuKenya", "BantuKenya", "BantuKenya", "BantuKenya", "BantuKenya", "BantuSouthAfrica", "BantuSouthAfrica", "BantuSouthAfrica", "Basque", "Basque", "Bedouin", "Bedouin", "Bedouin", "Bedouin", "Bedouin", "Bedouin", "BiakaPygmy", "BiakaPygmy", "BiakaPygmy", "BiakaPygmy", "Burusho", "Burusho", "Burusho", "Burusho", "Burusho", "Burusho", "Cambodian", "Cambodian", "Cambodian", "Cambodian", "Colombian", "Colombian", "Colombian", "Colombian", "Colombian", "Colombian", "Daur", "Daur", "Daur", "Daur", "Daur", "Druze", "Druze", "Druze", "Druze", "Druze", "Druze", "Kalash", "Lahu", "Lahu", "Mandenka", "Mandenka", "Maya", "Maya", "Maya", "Maya", "Maya", "Maya", "MbutiPygmy", "MbutiPygmy", "MbutiPygmy", "Melanesian", "Melanesian", "Melanesian", "Mongola", "Mongola", "Mongola", "Mozabite", "Mozabite", "Palestinian", "Pima", "San", "Uygur", "Yakut"],
  "targets": ["Basque", "Bedouin", "Colombian", "Druze", "Melanesian", "Mongola", "Russian", "Yakut", "Yi", "Maya", "Melanesian", "Pima", "Russian", "Uygur", "BantuSouthAfrica", "BiakaPygmy", "Mandenka", "MbutiPygmy", "Mozabite", "Mandenka", "San", "Yoruba", "Palestinian", "Papuan", "Druze", "Mozabite", "Palestinian", "Papuan", "Uygur", "Yakut", "Mandenka", "MbutiPygmy", "San", "Yoruba", "Daur", "Kalash", "Mongola", "Mozabite", "Palestinian", "Russian", "Lahu", "MbutiPygmy", "Russian", "Yi", "Daur", "Kalash", "Maya", "Mozabite", "Pima", "Russian", "Kalash", "Mongola", "Uygur", "Yakut", "Yi", "Mozabite", "Palestinian", "Papuan", "Russian", "Uygur", "Yakut", "Russian", "Papuan", "Yi", "Mozabite", "Yoruba", "Melanesian", "Pima", "Russian", "Uygur", "Yakut", "Yi", "Papuan", "San", "Yoruba", "Papuan", "Russian", "Yakut", "Uygur", "Yakut", "Yi", "Palestinian", "Papuan", "Uygur", "Yakut", "Yoruba", "Yakut", "Yi"],
  "weights": [2.5259, 2.615, 3.6868, 2.4664, 3.3005, 4.6258, 2.5181, 3.9079, 3.8588, 2.8416, 3.0995, 2.9313, 2.3323, 2.5438, 3.3483, 3.6904, 2.9457, 5.5338, 4.1998, 3.3135, 5.5656, 2.76, 2.297, 3.4742, 1.6696, 2.6828, 1.9662, 3.4107, 2.3786, 3.632, 3.9216, 5.2851, 5.432, 4.2518, 3.4709, 2.7562, 4.5184, 3.4246, 2.9037, 3.023, 2.7303, 8.1601, 3.7357, 3.5696, 3.5569, 3.4177, 2.8687, 4.986, 2.1993, 4.089, 3.2414, 2.9338, 3.8066, 3.0254, 3.2876, 2.3397, 1.8376, 3.4589, 2.3615, 2.1888, 2.934, 2.4007, 4.7026, 3.6387, 4.1096, 3.3837, 2.7753, 2.6843, 3.3845, 3.1098, 3.0498, 4.8448, 8.2983, 6.7738, 5.7376, 3.2326, 3.8182, 3.0782, 3.376, 2.9972, 3.0454, 2.5071, 4.2581, 2.2981, 3.2942, 5.7014, 2.7397, 3.0084],
  "loci": ["rs2312925", "rs2872168", "rs7583724", "rs731034", "rs3811527", "rs7567833", "rs13031619", "rs4849975", "rs2115901", "rs17445240", "rs13418767", "rs6754459", "rs10208384", "rs1965732", "rs6705562", "rs13395090", "rs7576701", "rs13409287", "rs11123610", "rs2043080", "rs13383368", "rs6743352", "rs872877", "rs6738683", "rs2303902", "rs11682163", "rs13030620", "rs2163263", "rs17505481", "rs12711968", "rs6731113", "rs6542651", "rs12612302", "rs12995496", "rs7558456", "rs2603148", "rs357942", "rs357958", "rs7563964", "rs2249380"]
}
