{
  "id": "EdgeSet0542",
  "sources": ["Adygei", "Adygei", "Adygei", "Adygei", "Adygei", "Adygei", "Adygei", "Balochi", "Balochi", "Balochi", "Balochi", "Balochi", "BantuKenya", "BantuKenya", "BantuKenya", "BantuKenya", "BantuKenya", "BantuSouthAfrica", "BantuSouthAfrica", "BantuSouthAfrica", "BantuSouthAfrica", "BantuSouthAfrica", "Basque", "Basque", "Basque", "Basque", "Basque", "Basque", "Bedouin", "Bedouin", "Bedouin", "Bedouin", "Bedouin", "Bedouin", "BiakaPygmy", "BiakaPygmy", "BiakaPygmy", "Burusho", "Burusho", "Cambodian", "Cambodian", "Cambodian", "Colombian", "Colombian", "Colombian", "Colombian", "Daur", "Daur", "Daur", "Druze", "Druze", "Lahu", "Lahu", "Mandenka", "Mandenka", "Maya", "Maya", "Maya", "MbutiPygmy", "MbutiPygmy", "MbutiPygmy", "Melanesian", "Mongola", "Mongola", "Palestinian", "Papuan", "Papuan", "Pima", "Pima", "San", "Uygur", "Uygur"],
  "targets": ["Basque", "Burusho", "Druze", "Kalash", "Mozabite", "Palestinian", "Russian", "Burusho", "MbutiPygmy", "Mongola", "Mozabite", "Yakut", "BantuSouthAfrica", "BiakaPygmy", "Cambodian", "MbutiPygmy", "Yoruba", "BiakaPygmy", "Kalash", "Mandenka", "San", "Yoruba", "Kalash", "Lahu", "MbutiPygmy", "Mozabite", "Russian", "Uygur", "Cambodian", "Druze", "Mozabite", "Palestinian", "Russian", "Yakut", "Mandenka", "MbutiPygmy", "San", "Druze", "Mongola", "Lahu", "Papuan", "Yakut", "Maya", "Palestinian", "Pima", "Yakut", "Mongola", "Uygur", "Yi", "Mozabite", "Palestinian", "Melanesian", "Mongola", "Mozabite", "Yoruba", "Papuan", "Pima", "Uygur", "Papuan", "San", "Yoruba", "Papuan", "Russian", "Yakut", "Russian", "Pima", "Yakut", "San", "Yi", "Yi", "Yakut", "Yi"],
  "weights": [2.0671, 2.814, 1.7531, 2.4438, 1.8947, 1.9381, 1.7797, 2.9174, 6.4846, 2.8727, 2.5297, 2.7805, 3.4885, 4.702, 4.6395, 5.912, 3.5159, 4.2828, 5.0017, 3.5519, 5.9065, 2.9591, 2.8428, 4.9585, 7.3322, 2.2076, 2.0138, 4.3431, 3.6282, 1.3688, 1.7842, 1.9384, 1.8802, 3.218, 4.7684, 6.1051, 6.7513, 2.3823, 2.7638, 2.7885, 4.1501, 4.372, 1.7667, 4.6353, 2.8245, 3.7973, 2.8728, 2.4692, 2.4182, 1.7697, 1.7777, 3.9385, 3.6561, 4.3299, 2.6778, 4.2886, 2.3107, 3.0314, 8.4645, 7.7218, 5.7743, 3.2872, 2.8506, 2.8243, 1.5695, 5.1514, 5.0368, 7.6425, 4.8872, 7.9786, 2.9709, 3.4249],
  "loci": ["rs10048731", "rs1005431", "rs7590358", "rs4563262", "rs1015823", "rs6732399", "rs11690397", "rs1520455", "rs1879319", "rs3213756", "rs11677389", "rs7595040", "rs10176224", "rs10176959", "rs11892200", "rs10190049", "rs6725307", "rs10189159", "rs6706713", "rs2241175", "rs6545176", "rs17476669", "rs1019318", "rs7581256", "rs759507", "rs6545178", "rs726359", "rs17040809", "rs6716892", "rs10175903", "rs13412851", "rs17040825", "rs12995085", "rs2351765", "rs10490222", "rs17040857", "rs725288", "rs10177104", "rs13419090", "rs12713116"]
}
