{
  "id": "EdgeSet0343",
  "sources": ["Adygei", "Adygei", "Adygei", "Adygei", "Adygei", "Adygei", "Balochi", "Balochi", "Balochi", "Balochi", "Balochi", "BantuKenya", "BantuKenya", "BantuKenya", "BantuKenya", "BantuKenya", "BantuKenya", "BantuSouthAfrica", "BantuSouthAfrica", "BantuSouthAfrica", "Basque", "Basque", "Basque", "Basque", "Bedouin", "Bedouin", "Bedouin", "Bedouin", "BiakaPygmy", "BiakaPygmy", "BiakaPygmy", "BiakaPygmy", "Burusho", "Burusho", "Burusho", "Burusho", "Burusho", "Burusho", "Cambodian", "Cambodian", "Cambodian", "Cambodian", "Cambodian", "Cambodian", "Cambodian", "Colombian", "Colombian", "Colombian", "Daur", "Daur", "Daur", "Daur", "Daur", "Druze", "Druze", "Druze", "Kalash", "Kalash", "Kalash", "Kalash", "Kalash", "Lahu", "Lahu", "Lahu", "Lahu", "Lahu", "Mandenka", "Mandenka", "Mandenka", "Maya", "Maya", "MbutiPygmy", "Melanesian", "Mongola", "Mongola", "Mongola", "Palestinian", "Pima", "Pima", "San", "Uygur", "Uygur", "Yakut"],
  "targets": ["Basque", "Bedouin", "Kalash", "Mongola", "Palestinian", "Pima", "Druze", "Mongola", "Palestinian", "Russian", "Yakut", "BantuSouthAfrica", "Basque", "BiakaPygmy", "Mandenka", "MbutiPygmy", "Yoruba", "Mandenka", "MbutiPygmy", "Yoruba", "Bedouin", "Druze", "Kalash", "Russian", "Druze", "Mongola", "Mozabite", "Palestinian", "Mandenka", "MbutiPygmy", "San", "Yoruba", "Kalash", "Mozabite", "Palestinian", "Russian", "San", "Uygur", "Lahu", "Melanesian", "Palestinian", "Papuan", "Pima", "Uygur", "Yi", "Maya", "San", "Yakut", "Mongola", "Russian", "Uygur", "Yakut", "Yi", "Mozabite", "Palestinian", "Russian", "Melanesian", "Pima", "Russian", "San", "Uygur", "MbutiPygmy", "Melanesian", "Mozabite", "San", "Uygur", "MbutiPygmy", "Mozabite", "Yoruba", "Pima", "San", "San", "Papuan", "Papuan", "Russian", "Yi", "Russian", "Russian", "Yi", "Yoruba", "Yakut", "Yi", "Yi"],
  "weights": [2.6657, 2.1202, 3.4412, 2.8194, 2.1376, 3.1493, 3.0211, 3.2328, 2.1033, 2.2847, 2.9926, 3.8214, 5.1179, 5.0936, 3.8276, 5.6315, 3.9369, 4.0846, 5.7392, 3.8464, 2.432, 2.9028, 3.7945, 2.6594, 1.8744, 3.8036, 2.0056, 1.8496, 4.7244, 4.9966, 9.0738, 5.1892, 4.157, 3.5232, 2.997, 3.2255, 9.0833, 3.3786, 3.5629, 3.5566, 3.5103, 3.4551, 3.6928, 3.9353, 3.5592, 2.5177, 8.7007, 4.3095, 2.2414, 3.6435, 2.5504, 2.217, 2.3551, 2.5842, 2.6461, 3.9068, 4.7472, 5.3848, 3.6634, 9.0528, 3.7827, 6.6592, 3.8676, 3.7185, 8.5542, 2.4971, 5.4182, 4.5128, 3.1995, 4.2916, 8.5719, 9.3027, 3.3192, 3.6684, 3.1058, 2.584, 2.3771, 3.2557, 3.3053, 8.4354, 2.5702, 2.6276, 2.4271],
  "loci": ["rs7592762", "rs17013272", "rs4258776", "rs10182608", "rs7574183", "rs12478596", "rs2278956", "rs897506", "rs10514775", "rs17013391", "rs13418410", "rs13388224", "rs4670209", "rs11066", "rs6708570", "rs6543722", "rs7559158", "rs6543726", "rs6717058", "rs6713874", "rs4670815", "rs1448561", "rs10193965", "rs10188211", "rs13386750", "rs13035680", "rs6543733", "rs11904039", "rs7585514", "rs12712350", "rs1868348", "rs7574123", "rs7588291", "rs1375196", "rs7585657", "rs6543739", "rs2367955", "rs6755276", "rs12471341", "rs17338665"]
}
