{
  "id": "EdgeSet0363",
  "sources": ["Adygei", "Adygei", "Adygei", "Adygei", "Adygei", "Adygei", "Balochi", "Balochi", "Balochi", "Balochi", "BantuKenya", "BantuKenya", "BantuKenya", "BantuKenya", "BantuKenya", "BantuSouthAfrica", "BantuSouthAfrica", "BantuSouthAfrica", "BantuSouthAfrica", "Basque", "Basque", "Basque", "Basque", "Basque", "Bedouin", "Bedouin", "Bedouin", "Bedouin", "Bedouin", "BiakaPygmy", "BiakaPygmy", "BiakaPygmy", "BiakaPygmy", "Burusho", "Burusho", "Burusho", "Burusho", "Burusho", "Cambodian", "Cambodian", "Cambodian", "Cambodian", "Cambodian", "Cambodian", "Colombian", "Colombian", "Colombian", "Daur", "Daur", "Daur", "Druze", "Druze", "Kalash", "Kalash", "Kalash", "Kalash", "Lahu", "Lahu", "Lahu", "Mandenka", "Mandenka", "Maya", "Maya", "MbutiPygmy", "Melanesian", "Melanesian", "Mongola", "Mongola", "Mongola", "Papuan", "Pima", "Uygur"],
  "targets": ["Balochi", "BantuSouthAfrica", "Druze", "Mozabite", "Palestinian", "Russian", "Burusho", "Druze", "Mozabite", "Russian", "BantuSouthAfrica", "BiakaPygmy", "Mandenka", "MbutiPygmy", "Yoruba", "BiakaPygmy", "Mandenka", "San", "Yoruba", "Bedouin", "Burusho", "Druze", "Palestinian", "Russian", "Burusho", "Druze", "Mozabite", "Palestinian", "Russian", "Mandenka", "MbutiPygmy", "San", "Yoruba", "Daur", "Druze", "MbutiPygmy", "Mongola", "Palestinian", "Daur", "Lahu", "Melanesian", "Uygur", "Yakut", "Yi", "Kalash", "Maya", "Pima", "Lahu", "Papuan", "Pima", "Kalash", "Russian", "Melanesian", "Papuan", "San", "Uygur", "Melanesian", "Mozabite", "Yi", "Mozabite", "Yoruba", "Papuan", "Pima", "Russian", "San", "Yi", "Uygur", "Yakut", "Yi", "Yakut", "Uygur", "Yakut"],
  "weights": [2.0379, 5.7448, 2.3441, 2.8217, 2.6199, 2.4726, 2.5315, 1.9639, 2.3245, 2.0518, 4.615, 4.6327, 3.9225, 5.8657, 3.7863, 4.1313, 3.8726, 5.9856, 3.5774, 1.9762, 2.9271, 2.1352, 2.1403, 2.3022, 2.6864, 1.6162, 2.2252, 2.1914, 2.1066, 3.9868, 4.4646, 6.102, 4.0301, 3.0605, 2.6601, 7.1662, 2.8462, 3.4965, 2.5195, 2.8867, 3.9498, 2.8006, 2.8944, 2.6526, 5.0086, 2.0622, 3.1687, 2.3957, 2.8698, 3.1051, 3.1007, 2.1297, 4.6824, 3.513, 8.8223, 3.6576, 3.7511, 5.6538, 2.9888, 3.3576, 2.8452, 3.1492, 3.1166, 6.0554, 9.954, 3.6179, 2.4037, 2.6848, 2.3457, 3.8116, 3.2788, 2.9543],
  "loci": ["rs17016558", "rs12476042", "rs12233153", "rs4624361", "rs6756157", "rs10176096", "rs7608944", "rs7580957", "rs13429480", "rs17016629", "rs4670470", "rs4280439", "rs4513272", "rs10185572", "rs12619050", "rs6735007", "rs13397054", "rs2719085", "rs4297857", "rs2714589", "rs12464263", "rs17016703", "rs2714568", "rs4560089", "rs11688061", "rs4619588", "rs17328009", "rs10495838", "rs7607623", "rs11679130", "rs4312465", "rs13403661", "rs10175485", "rs11124448", "rs1439706", "rs1371422", "rs2372006", "rs1561524", "rs1371427", "rs12471144"]
}
