{
  "id": "EdgeSet0508",
  "sources": ["Adygei", "Adygei", "Adygei", "Adygei", "Adygei", "Adygei", "Adygei", "Adygei", "Balochi", "Balochi", "Balochi", "Balochi", "Balochi", "BantuKenya", "BantuKenya", "BantuKenya", "BantuKenya", "BantuKenya", "BantuSouthAfrica", "BantuSouthAfrica", "BantuSouthAfrica", "BantuSouthAfrica", "BantuSouthAfrica", "Basque", "Basque", "Basque", "Bedouin", "Bedouin", "Bedouin", "Bedouin", "Bedouin", "BiakaPygmy", "BiakaPygmy", "BiakaPygmy", "Burusho", "Burusho", "Burusho", "Burusho", "Burusho", "Cambodian", "Cambodian", "Cambodian", "Cambodian", "Cambodian", "Cambodian", "Colombian", "Colombian", "Daur", "Daur", "Daur", "Daur", "Druze", "Druze", "Kalash", "Kalash", "Lahu", "Lahu", "Lahu", "Lahu", "Lahu", "Mandenka", "Mandenka", "Mandenka", "Maya", "MbutiPygmy", "Melanesian", "Melanesian", "Melanesian", "Melanesian", "Mongola", "Mongola", "Mongola", "Mongola", "Mozabite", "Palestinian", "Papuan", "Papuan", "Papuan", "Pima", "Russian", "San", "Uygur"],
  "targets": ["Basque", "Bedouin", "Burusho", "Druze", "Mozabite", "Palestinian", "Russian", "Uygur", "Bedouin", "Druze", "Kalash", "Palestinian", "Yakut", "BantuSouthAfrica", "Daur", "Mandenka", "San", "Yoruba", "BiakaPygmy", "Daur", "Mandenka", "MbutiPygmy", "Yoruba", "Colombian", "Kalash", "Russian", "Druze", "Melanesian", "Mozabite", "Papuan", "Yakut", "Mandenka", "MbutiPygmy", "Yoruba", "Druze", "Kalash", "Papuan", "Uygur", "Yakut", "Lahu", "MbutiPygmy", "Melanesian", "Mozabite", "Papuan", "Yi", "Maya", "Pima", "Mongola", "Uygur", "Yakut", "Yi", "MbutiPygmy", "Palestinian", "Mongola", "Uygur", "Melanesian", "Mongola", "San", "Yakut", "Yi", "MbutiPygmy", "San", "Yoruba", "Pima", "San", "Mongola", "Papuan", "San", "Yoruba", "Palestinian", "Papuan", "Uygur", "Yi", "Palestinian", "Yi", "Russian", "Yakut", "Yi", "Yakut", "Yakut", "Yoruba", "Yi"],
  "weights": [2.6264, 2.2825, 2.8437, 2.2853, 3.0663, 2.1129, 3.1311, 2.5638, 2.4362, 2.4651, 2.9484, 2.2368, 2.2109, 3.6739, 5.1626, 3.7824, 10.2722, 3.4582, 3.1584, 4.647, 3.5246, 3.9917, 3.7192, 4.9094, 3.1371, 3.4713, 2.2997, 3.343, 2.9989, 2.7635, 2.5849, 2.6934, 4.1146, 3.2349, 2.8996, 2.8757, 4.204, 2.5009, 2.8778, 4.7748, 5.9707, 3.3002, 4.4873, 2.9306, 2.5812, 2.4724, 1.5841, 2.7201, 2.6249, 3.0408, 2.5459, 5.443, 2.2173, 3.2108, 2.7243, 5.5358, 4.9549, 13.7274, 6.5217, 4.1897, 4.1483, 9.7875, 3.1386, 2.1232, 9.7667, 4.717, 3.1018, 11.7113, 6.0885, 3.378, 3.3481, 2.4158, 2.6594, 2.7762, 2.8325, 4.5034, 2.9238, 3.3577, 3.7864, 3.4142, 9.8649, 2.6183],
  "loci": ["rs904163", "rs2036161", "rs4245814", "rs7604511", "rs9789479", "rs6712843", "rs4422207", "rs10865224", "rs17036504", "rs13388259", "rs11688926", "rs4380295", "rs4953495", "rs10172635", "rs4399763", "rs17036544", "rs1126497", "rs3923559", "rs7584256", "rs3924917", "rs1421", "rs1863332", "rs10191478", "rs4952887", "rs13425206", "rs1981929", "rs10514805", "rs6544990", "rs3771281", "rs3732183", "rs17036614", "rs10495944", "rs10188090", "rs2042649", "rs17036636", "rs13031342", "rs13031209", "rs12614309", "rs10181625", "rs876937"]
}
