{
  "id": "EdgeSet0581",
  "sources": ["Adygei", "Adygei", "Adygei", "Adygei", "Adygei", "Adygei", "Adygei", "Balochi", "Balochi", "Balochi", "BantuKenya", "BantuKenya", "BantuKenya", "BantuKenya", "BantuKenya", "BantuSouthAfrica", "BantuSouthAfrica", "BantuSouthAfrica", "BantuSouthAfrica", "BantuSouthAfrica", "Basque", "Basque", "Basque", "Basque", "Bedouin", "Bedouin", "Bedouin", "Bedouin", "BiakaPygmy", "BiakaPygmy", "BiakaPygmy", "Burusho", "Burusho", "Burusho", "Burusho", "Burusho", "Burusho", "Cambodian", "Cambodian", "Cambodian", "Cambodian", "Cambodian", "Cambodian", "Colombian", "Colombian", "Colombian", "Colombian", "Colombian", "Daur", "Daur", "Daur", "Druze", "Druze", "Druze", "Kalash", "Kalash", "Kalash", "Kalash", "Lahu", "Lahu", "Lahu", "Mandenka", "Mandenka", "Maya", "Maya", "MbutiPygmy", "Melanesian", "Mongola", "Mongola", "Mongola", "Mozabite", "Mozabite", "Palestinian", "Papuan", "Uygur", "Yakut"],
  "targets": ["Balochi", "Bedouin", "Lahu", "Maya", "Russian", "Uygur", "Yakut", "Burusho", "Kalash", "Palestinian", "BantuSouthAfrica", "BiakaPygmy", "Mandenka", "San", "Yoruba", "BiakaPygmy", "MbutiPygmy", "Mozabite", "San", "Yoruba", "Burusho", "Kalash", "Russian", "Uygur", "Druze", "Mozabite", "Palestinian", "Yi", "Mandenka", "MbutiPygmy", "Yoruba", "Colombian", "Melanesian", "Mongola", "Palestinian", "Russian", "Uygur", "Daur", "Lahu", "Melanesian", "Papuan", "Yakut", "Yi", "Lahu", "Maya", "Melanesian", "Pima", "Yi", "Druze", "Mongola", "Yakut", "Kalash", "Melanesian", "Palestinian", "Mongola", "Papuan", "Pima", "Uygur", "Mongola", "Pima", "Yi", "MbutiPygmy", "Yoruba", "Pima", "Russian", "San", "Papuan", "Palestinian", "Yakut", "Yi", "Russian", "Yakut", "Uygur", "Yakut", "Yi", "Yi"],
  "weights": [2.4336, 2.3295, 3.9256, 3.8638, 3.0804, 2.2199, 2.5721, 3.1086, 3.335, 2.7385, 4.0434, 3.5881, 3.427, 5.7531, 3.4285, 4.486, 5.5067, 5.0894, 5.6063, 3.3981, 3.97, 4.5111, 3.9559, 3.7256, 1.9534, 1.8114, 1.7114, 3.8493, 3.48, 5.8256, 3.6025, 5.5333, 4.8256, 3.3866, 2.9056, 3.657, 2.8181, 2.8568, 3.6584, 4.4887, 2.4193, 2.8108, 3.1128, 5.842, 3.7253, 6.3243, 3.619, 5.3093, 2.2833, 2.401, 1.9548, 2.9614, 4.2129, 1.9346, 3.1582, 2.9841, 4.0246, 2.9749, 4.0211, 4.929, 3.645, 5.2597, 2.3705, 3.0071, 4.2966, 7.3826, 3.9546, 3.6468, 2.9219, 3.209, 3.8573, 2.7574, 2.6367, 2.5242, 3.056, 3.1497],
  "loci": ["rs12623478", "rs888518", "rs888520", "rs17044943", "rs6743983", "rs13420159", "rs2357490", "rs736085", "rs1023600", "rs12465622", "rs6545358", "rs6748765", "rs12479326", "rs10167220", "rs6753258", "rs12619100", "rs11125512", "rs2193690", "rs6735011", "rs10490461", "rs10490463", "rs6545362", "rs6752239", "rs1468984", "rs10195829", "rs6735360", "rs997644", "rs11900355", "rs10490465", "rs2160930", "rs11125515", "rs11889094", "rs2287512", "rs2357491", "rs3770407", "rs3755120", "rs17045125", "rs7601692", "rs11681941", "rs2160931"]
}
