{
  "id": "EdgeSet0421",
  "sources": ["Adygei", "Adygei", "Adygei", "Adygei", "Adygei", "Balochi", "Balochi", "Balochi", "Balochi", "BantuKenya", "BantuKenya", "BantuKenya", "BantuSouthAfrica", "BantuSouthAfrica", "BantuSouthAfrica", "Basque", "Basque", "Basque", "Bedouin", "Bedouin", "Bedouin", "Bedouin", "Bedouin", "Bedouin", "BiakaPygmy", "BiakaPygmy", "BiakaPygmy", "BiakaPygmy", "Burusho", "Burusho", "Burusho", "Cambodian", "Cambodian", "Cambodian", "Cambodian", "Cambodian", "Colombian", "Colombian", "Colombian", "Colombian", "Daur", "Daur", "Daur", "Daur", "Druze", "Druze", "Druze", "Druze", "Kalash", "Lahu", "Lahu", "Mandenka", "Mandenka", "Maya", "Maya", "MbutiPygmy", "Melanesian", "Melanesian", "Melanesian", "Melanesian", "Mongola", "Mongola", "Mozabite", "Mozabite", "Mozabite", "Mozabite", "Papuan", "Pima", "Pima", "San", "San", "Uygur", "Uygur"],
  "targets": ["Burusho", "Druze", "Kalash", "Palestinian", "Uygur", "Druze", "Kalash", "Mozabite", "Pima", "BantuSouthAfrica", "Burusho", "Yoruba", "BiakaPygmy", "Mandenka", "San", "Papuan", "Russian", "Uygur", "Burusho", "Druze", "Mozabite", "Palestinian", "Papuan", "Russian", "MbutiPygmy", "San", "Yi", "Yoruba", "Kalash", "Maya", "Yakut", "Daur", "Lahu", "Maya", "Mongola", "Yi", "Daur", "Lahu", "Maya", "San", "Kalash", "Mongola", "Uygur", "Yakut", "Kalash", "Palestinian", "Russian", "Uygur", "Maya", "Mongola", "Yakut", "MbutiPygmy", "Yoruba", "Melanesian", "Papuan", "San", "Mozabite", "Papuan", "Pima", "Yakut", "Yakut", "Yi", "Palestinian", "Russian", "Uygur", "Yoruba", "San", "Yakut", "Yi", "Yi", "Yoruba", "Yakut", "Yi"],
  "weights": [2.4456, 1.794, 2.5088, 1.6488, 3.2743, 2.5695, 2.3573, 2.7075, 4.7233, 4.4384, 3.9103, 3.6765, 4.5329, 3.2672, 7.1756, 4.5296, 2.2447, 3.9321, 2.1545, 1.9158, 2.1216, 1.6814, 3.5473, 2.268, 4.4331, 7.7028, 7.3061, 4.0511, 2.6161, 2.8006, 3.0821, 2.5873, 2.3786, 3.8307, 2.622, 4.5764, 3.9177, 2.8622, 4.1599, 9.0639, 4.8224, 2.9907, 3.7169, 3.237, 2.5236, 1.718, 2.5193, 3.5289, 3.7356, 2.5393, 3.4054, 4.0367, 2.8383, 3.4757, 3.7124, 8.2839, 3.1289, 2.6278, 4.1539, 3.5621, 2.2153, 4.4355, 2.3019, 2.7354, 3.5827, 4.303, 8.319, 4.5944, 6.2616, 9.629, 6.7218, 3.227, 4.903],
  "loci": ["rs10208527", "rs2216009", "rs2192777", "rs6742210", "rs2373859", "rs7570435", "rs12615002", "rs10192833", "rs6544336", "rs10490046", "rs6732205", "rs6726520", "rs12996425", "rs2888677", "rs6705173", "rs4952621", "rs12988659", "rs12105764", "rs10205556", "rs13414307", "rs7579930", "rs6544338", "rs13031785", "rs13031849", "rs1990609", "rs6737745", "rs2301343", "rs6544340", "rs11679585", "rs2042016", "rs13429146", "rs10205402", "rs4952630", "rs6726872", "rs11898117", "rs11124743", "rs10191613", "rs10490255", "rs13026826", "rs2193565"]
}
