{
  "id": "EdgeSet0979",
  "sources": ["Adygei", "Adygei", "Adygei", "Adygei", "Adygei", "Adygei", "Adygei", "Balochi", "Balochi", "Balochi", "Balochi", "Balochi", "Balochi", "BantuKenya", "BantuKenya", "BantuKenya", "BantuKenya", "BantuSouthAfrica", "BantuSouthAfrica", "BantuSouthAfrica", "BantuSouthAfrica", "Basque", "Basque", "Basque", "Basque", "Basque", "Basque", "Basque", "Bedouin", "Bedouin", "Bedouin", "Bedouin", "BiakaPygmy", "BiakaPygmy", "BiakaPygmy", "Burusho", "Burusho", "Burusho", "Cambodian", "Cambodian", "Cambodian", "Cambodian", "Colombian", "Colombian", "Colombian", "Colombian", "Colombian", "Daur", "Daur", "Daur", "Daur", "Druze", "Druze", "Druze", "Kalash", "Kalash", "Lahu", "Lahu", "Lahu", "Lahu", "Lahu", "Mandenka", "Mandenka", "Mandenka", "Mandenka", "Maya", "MbutiPygmy", "MbutiPygmy", "Melanesian", "Melanesian", "Mongola", "Mongola", "Mongola", "Mozabite", "Mozabite", "Palestinian", "Papuan", "Russian", "Uygur", "Uygur"],
  "targets": ["Balochi", "Bedouin", "Cambodian", "Colombian", "Druze", "Palestinian", "Uygur", "BantuKenya", "Daur", "Druze", "Lahu", "Pima", "Uygur", "BantuSouthAfrica", "BiakaPygmy", "Mandenka", "Yoruba", "BiakaPygmy", "MbutiPygmy", "San", "Yoruba", "Bedouin", "Cambodian", "Maya", "Mozabite", "Papuan", "San", "Uygur", "Burusho", "Druze", "Kalash", "Palestinian", "MbutiPygmy", "San", "Yoruba", "Colombian", "Kalash", "Uygur", "Daur", "Melanesian", "Mongola", "Papuan", "Daur", "Kalash", "Lahu", "Maya", "San", "Palestinian", "Pima", "Uygur", "Yi", "Mozabite", "Palestinian", "Russian", "Russian", "San", "Maya", "Melanesian", "Pima", "Yakut", "Yi", "MbutiPygmy", "Mozabite", "Palestinian", "Yoruba", "Pima", "Pima", "San", "Mongola", "Papuan", "Palestinian", "Yakut", "Yi", "Palestinian", "Yoruba", "Russian", "San", "Yakut", "Yakut", "Yi"],
  "weights": [2.8826, 2.0739, 4.2901, 4.0027, 2.0376, 2.2347, 3.4983, 4.5213, 3.0054, 2.5205, 4.2204, 3.5639, 3.0657, 3.239, 5.1382, 2.7429, 2.8293, 4.1621, 3.4227, 5.5496, 3.1228, 2.4807, 3.9075, 4.7136, 2.3168, 5.344, 6.784, 3.5839, 3.8893, 1.8014, 2.9413, 1.9177, 4.429, 6.7468, 4.7336, 4.1411, 2.7864, 3.6658, 1.822, 2.4402, 2.3054, 2.8765, 2.7859, 4.4998, 3.5308, 4.3141, 6.9404, 3.3513, 3.3311, 2.4934, 2.4426, 2.1245, 1.9082, 3.1283, 3.9062, 6.5614, 5.3259, 3.0603, 3.9924, 2.8434, 2.6701, 4.5349, 2.926, 2.9086, 2.8632, 3.8755, 6.1059, 6.4126, 2.7794, 2.9908, 4.3305, 1.8535, 1.8866, 2.0962, 3.5731, 2.7554, 6.8926, 4.6432, 2.7462, 3.0282],
  "loci": ["rs6746717", "rs7580203", "rs7589400", "rs11904823", "rs4381779", "rs4364019", "rs4610052", "rs11124120", "rs6720834", "rs2125904", "rs968914", "rs6753897", "rs13028368", "rs11682944", "rs956354", "rs6743945", "rs10179557", "rs13025573", "rs1460215", "rs6721338", "rs6725607", "rs6704791", "rs10496405", "rs6543431", "rs13005904", "rs17033123", "rs13432204", "rs6710590", "rs6746723", "rs11124126", "rs13026071", "rs2889695", "rs11679845", "rs6705733", "rs11124128", "rs17033164", "rs11686358", "rs1606266", "rs11688269", "rs12712257"]
}
