{
  "id": "EdgeSet0380",
  "sources": ["Adygei", "Adygei", "Adygei", "Adygei", "Adygei", "Balochi", "Balochi", "Balochi", "Balochi", "BantuKenya", "BantuKenya", "BantuKenya", "BantuKenya", "BantuKenya", "BantuSouthAfrica", "BantuSouthAfrica", "BantuSouthAfrica", "BantuSouthAfrica", "BantuSouthAfrica", "BantuSouthAfrica", "Basque", "Basque", "Basque", "Basque", "Bedouin", "Bedouin", "Bedouin", "Bedouin", "BiakaPygmy", "BiakaPygmy", "BiakaPygmy", "Burusho", "Burusho", "Cambodian", "Cambodian", "Cambodian", "Cambodian", "Cambodian", "Colombian", "Colombian", "Colombian", "Colombian", "Daur", "Daur", "Daur", "Daur", "Druze", "Druze", "Druze", "Druze", "Kalash", "Kalash", "Lahu", "Lahu", "Lahu", "Mandenka", "Mandenka", "Maya", "Maya", "Maya", "MbutiPygmy", "MbutiPygmy", "Melanesian", "Melanesian", "Mongola", "Mongola", "Palestinian", "Papuan", "Papuan", "Papuan", "Pima", "Russian", "San", "Yakut"],
  "targets": ["Basque", "Bedouin", "Burusho", "Colombian", "Druze", "Basque", "Druze", "Melanesian", "Palestinian", "BantuSouthAfrica", "Basque", "BiakaPygmy", "Mandenka", "San", "BiakaPygmy", "Mandenka", "MbutiPygmy", "Mozabite", "Yi", "Yoruba", "Druze", "Palestinian", "Papuan", "San", "Druze", "Kalash", "Mozabite", "Palestinian", "MbutiPygmy", "San", "Yoruba", "Melanesian", "Mozabite", "Daur", "Lahu", "Mongola", "Yakut", "Yi", "Mandenka", "Maya", "MbutiPygmy", "Mongola", "Lahu", "Mongola", "Uygur", "Yi", "Kalash", "Melanesian", "Mozabite", "Palestinian", "Mozabite", "Palestinian", "Mongola", "Yakut", "Yi", "Pima", "Yoruba", "Pima", "San", "Yakut", "San", "Yakut", "Papuan", "Yakut", "Uygur", "Yakut", "Russian", "Russian", "San", "Yi", "Russian", "Uygur", "Yoruba", "Yi"],
  "weights": [2.474, 1.9724, 3.0458, 4.1132, 1.6901, 2.3756, 1.771, 3.5674, 1.8892, 4.3179, 5.4552, 4.3993, 3.7839, 7.4191, 4.6167, 3.2573, 6.0425, 5.0638, 5.6997, 2.8552, 2.1095, 2.1795, 4.8216, 7.9601, 1.5139, 2.459, 2.546, 1.431, 5.2613, 6.6408, 3.8449, 3.883, 3.3983, 2.0069, 2.773, 2.9138, 3.1186, 2.8208, 6.2145, 3.4799, 7.4724, 4.8083, 2.191, 2.8376, 2.3587, 2.6507, 2.6349, 4.3335, 2.662, 1.4649, 3.9808, 2.314, 3.7685, 3.8421, 2.6572, 4.7414, 2.3611, 3.8766, 8.6239, 5.3199, 8.1859, 7.2636, 4.0335, 3.6121, 2.8742, 3.0869, 2.0973, 3.8186, 8.0875, 4.5229, 3.2455, 2.8345, 6.6036, 3.4356],
  "loci": ["rs12464610", "rs11124523", "rs7600979", "rs6716264", "rs6709011", "rs10173568", "rs11894304", "rs10167726", "rs6758291", "rs759433", "rs759432", "rs759429", "rs17489732", "rs12052493", "rs6733328", "rs9308993", "rs1861396", "rs10170712", "rs6732843", "rs4670581", "rs2372704", "rs2372706", "rs6706876", "rs2372707", "rs7602835", "rs10207490", "rs10865113", "rs7604443", "rs7563754", "rs12989101", "rs17490768", "rs10865115", "rs17019472", "rs6544028", "rs12472756", "rs4670592", "rs1861393", "rs12712515", "rs10460526", "rs10182004"]
}
