{
  "id": "EdgeSet0944",
  "sources": ["Adygei", "Adygei", "Adygei", "Adygei", "Adygei", "Adygei", "Adygei", "Balochi", "Balochi", "Balochi", "Balochi", "Balochi", "BantuKenya", "BantuKenya", "BantuKenya", "BantuKenya", "BantuSouthAfrica", "BantuSouthAfrica", "BantuSouthAfrica", "BantuSouthAfrica", "BantuSouthAfrica", "Basque", "Basque", "Basque", "Basque", "Basque", "Basque", "Basque", "Basque", "Bedouin", "Bedouin", "Bedouin", "Bedouin", "BiakaPygmy", "BiakaPygmy", "BiakaPygmy", "Burusho", "Burusho", "Burusho", "Burusho", "Burusho", "Burusho", "Cambodian", "Cambodian", "Cambodian", "Cambodian", "Cambodian", "Cambodian", "Cambodian", "Cambodian", "Colombian", "Colombian", "Colombian", "Daur", "Daur", "Druze", "Druze", "Druze", "Druze", "Druze", "Kalash", "Lahu", "Lahu", "Lahu", "Lahu", "Lahu", "Mandenka", "Mandenka", "Maya", "MbutiPygmy", "Melanesian", "Mongola", "Mongola", "Mozabite", "Palestinian", "Papuan", "Pima", "Russian", "Yakut"],
  "targets": ["Balochi", "Basque", "Colombian", "Druze", "Maya", "Russian", "Uygur", "Cambodian", "Druze", "Maya", "Mongola", "Uygur", "BantuSouthAfrica", "Mandenka", "MbutiPygmy", "Yoruba", "BiakaPygmy", "Mandenka", "MbutiPygmy", "San", "Yoruba", "Bedouin", "Burusho", "Druze", "Kalash", "Mozabite", "Palestinian", "Russian", "Yi", "Druze", "Mozabite", "Palestinian", "Pima", "Mandenka", "MbutiPygmy", "San", "Colombian", "Daur", "Kalash", "Palestinian", "Russian", "Yakut", "Daur", "Kalash", "Lahu", "Maya", "Mongola", "Pima", "Uygur", "Yakut", "Maya", "Pima", "Yi", "Mongola", "Yakut", "Kalash", "Mozabite", "Palestinian", "Russian", "Uygur", "Palestinian", "Mongola", "Palestinian", "Uygur", "Yakut", "Yi", "San", "Yoruba", "Pima", "Mozabite", "Papuan", "Yakut", "Yi", "Uygur", "Yi", "Yakut", "Russian", "Uygur", "Yi"],
  "weights": [2.3709, 2.4372, 3.2773, 2.3087, 2.5375, 2.2758, 2.3369, 3.3754, 2.7654, 2.8238, 4.1276, 3.2324, 3.3194, 3.3436, 3.2641, 2.744, 4.6291, 3.8319, 3.982, 4.3872, 3.3987, 2.4365, 2.7725, 2.8069, 3.0409, 2.8204, 2.4175, 2.1204, 3.8368, 1.7428, 1.9758, 1.8454, 3.7251, 4.2302, 5.1057, 5.5684, 3.7216, 4.6392, 2.947, 2.5318, 2.6757, 3.6323, 2.7228, 3.933, 2.9487, 2.6368, 2.6054, 3.7688, 2.3192, 3.4029, 2.3243, 2.7838, 2.9777, 1.5672, 2.5819, 2.7229, 2.413, 2.0169, 2.192, 2.4652, 2.7851, 2.7344, 3.8689, 2.7755, 2.8986, 2.5612, 4.4774, 3.0338, 2.5068, 4.0328, 2.0247, 1.9067, 2.1267, 2.9274, 2.752, 4.1431, 3.6573, 2.5074, 2.0716],
  "loci": ["rs11123936", "rs10193009", "rs2005881", "rs4851619", "rs17027517", "rs1861229", "rs1861228", "rs7573475", "rs17027547", "rs7593772", "rs957404", "rs6725806", "rs13011360", "rs6708609", "rs2058612", "rs3806581", "rs1008397", "rs1016160", "rs2215946", "rs2192669", "rs17775170", "rs4851621", "rs7567133", "rs10181400", "rs10184340", "rs4140836", "rs10178585", "rs4851629", "rs7561632", "rs11123944", "rs4851630", "rs13400836", "rs6729839", "rs962207", "rs17027748", "rs7608617", "rs6543180", "rs1011782", "rs10173702", "rs878539"]
}
