{
  "id": "EdgeSet0267",
  "sources": ["Adygei", "Adygei", "Adygei", "Adygei", "Adygei", "Balochi", "Balochi", "Balochi", "Balochi", "BantuKenya", "BantuKenya", "BantuKenya", "BantuKenya", "BantuKenya", "BantuSouthAfrica", "BantuSouthAfrica", "BantuSouthAfrica", "Basque", "Basque", "Basque", "Basque", "Basque", "Bedouin", "Bedouin", "Bedouin", "Bedouin", "BiakaPygmy", "BiakaPygmy", "BiakaPygmy", "BiakaPygmy", "Burusho", "Burusho", "Burusho", "Burusho", "Cambodian", "Cambodian", "Cambodian", "Cambodian", "Cambodian", "Colombian", "Colombian", "Colombian", "Colombian", "Colombian", "Colombian", "Daur", "Daur", "Daur", "Daur", "Druze", "Druze", "Druze", "Kalash", "Lahu", "Lahu", "Lahu", "Mandenka", "Mandenka", "Maya", "Maya", "Maya", "Maya", "MbutiPygmy", "MbutiPygmy", "Melanesian", "Melanesian", "Mongola", "Mongola", "Mozabite", "Palestinian", "Palestinian", "San", "Uygur", "Yakut"],
  "targets": ["Balochi", "Druze", "Mozabite", "Palestinian", "Russian", "Burusho", "Druze", "Mandenka", "Russian", "BantuSouthAfrica", "Melanesian", "Mozabite", "San", "Yoruba", "Mandenka", "San", "Yoruba", "Bedouin", "Druze", "Kalash", "Russian", "Uygur", "Druze", "Kalash", "Mozabite", "Palestinian", "Burusho", "MbutiPygmy", "San", "Yoruba", "Cambodian", "Mandenka", "Melanesian", "Uygur", "Daur", "Melanesian", "Mongola", "Papuan", "Yi", "Daur", "Lahu", "Maya", "Pima", "Uygur", "Yi", "Mongola", "Pima", "Yakut", "Yi", "Palestinian", "Russian", "Uygur", "Melanesian", "Mongola", "Pima", "Yakut", "Mozabite", "Yoruba", "Mongola", "Pima", "Uygur", "Yi", "San", "Yoruba", "Papuan", "San", "Pima", "Yi", "Palestinian", "Russian", "Uygur", "Yoruba", "Yakut", "Yi"],
  "weights": [2.5488, 2.0301, 2.1825, 1.8937, 2.2701, 3.3637, 2.4442, 3.8515, 2.6757, 3.4133, 5.2754, 3.6337, 6.7171, 3.7177, 3.4684, 6.665, 4.1019, 2.5886, 2.2073, 2.9925, 2.5757, 3.4673, 1.8912, 2.5143, 2.0552, 1.9737, 6.5531, 6.6122, 7.9386, 5.199, 4.8409, 4.1282, 4.0645, 3.9441, 2.6035, 4.1078, 2.8407, 4.2272, 3.1944, 1.9092, 2.9455, 1.9516, 2.2697, 3.0539, 2.1582, 1.9415, 2.3902, 2.5142, 2.1299, 1.7268, 1.8402, 2.7505, 3.2403, 2.4427, 2.9019, 3.2106, 2.8484, 3.0279, 1.8425, 1.9781, 2.3188, 1.9871, 9.7273, 7.0357, 3.0741, 8.9823, 2.2474, 2.1196, 2.1904, 2.3358, 3.6806, 6.8215, 2.431, 2.665],
  "loci": ["rs13388915", "rs11677219", "rs2053367", "rs6546744", "rs2289021", "rs13383267", "rs1025542", "rs7564397", "rs4665830", "rs1019972", "rs3791731", "rs4665315", "rs17593512", "rs1122972", "rs962217", "rs10177371", "rs11685458", "rs6745226", "rs3792006", "rs6546899", "rs2007556", "rs3856397", "rs2052937", "rs1897115", "rs4665852", "rs6546932", "rs7355249", "rs11674089", "rs11678646", "rs1109465", "rs7565734", "rs6713849", "rs6722027", "rs4491689", "rs4450561", "rs6730761", "rs11126483", "rs3795958", "rs11691666", "rs12623642"]
}
