{
  "id": "EdgeSet0826",
  "sources": ["Adygei", "Adygei", "Adygei", "Adygei", "Adygei", "Adygei", "Balochi", "Balochi", "Balochi", "Balochi", "Balochi", "BantuKenya", "BantuKenya", "BantuKenya", "BantuKenya", "BantuKenya", "BantuSouthAfrica", "BantuSouthAfrica", "BantuSouthAfrica", "BantuSouthAfrica", "BantuSouthAfrica", "BantuSouthAfrica", "Basque", "Basque", "Basque", "Basque", "Basque", "Bedouin", "Bedouin", "Bedouin", "BiakaPygmy", "BiakaPygmy", "BiakaPygmy", "Burusho", "Burusho", "Burusho", "Burusho", "Burusho", "Burusho", "Cambodian", "Cambodian", "Cambodian", "Cambodian", "Cambodian", "Cambodian", "Colombian", "Colombian", "Colombian", "Colombian", "Colombian", "Daur", "Daur", "Daur", "Daur", "Daur", "Daur", "Druze", "Druze", "Druze", "Kalash", "Lahu", "Lahu", "Lahu", "Lahu", "Mandenka", "Mandenka", "Maya", "Maya", "Maya", "MbutiPygmy", "MbutiPygmy", "MbutiPygmy", "Melanesian", "Melanesian", "Mongola", "Mongola", "Mongola", "Mozabite", "Mozabite", "Papuan", "Pima", "Pima", "Russian", "San", "Yakut"],
  "targets": ["Basque", "Druze", "Kalash", "Russian", "Uygur", "Yakut", "Bedouin", "Burusho", "Daur", "Druze", "Russian", "BiakaPygmy", "Mandenka", "MbutiPygmy", "San", "Yoruba", "BiakaPygmy", "Mozabite", "Papuan", "Pima", "San", "Yoruba", "Bedouin", "Druze", "Kalash", "Palestinian", "Russian", "Burusho", "Druze", "Palestinian", "MbutiPygmy", "Pima", "Yoruba", "Cambodian", "Melanesian", "Mongola", "Mozabite", "Pima", "Russian", "Colombian", "Daur", "Kalash", "Maya", "Mongola", "Uygur", "Maya", "Pima", "Uygur", "Yakut", "Yi", "Kalash", "Lahu", "Melanesian", "Mongola", "Yakut", "Yi", "Kalash", "Mozabite", "Palestinian", "Uygur", "Melanesian", "Papuan", "San", "Uygur", "Melanesian", "Yoruba", "Pima", "Russian", "Yi", "Mongola", "San", "Yoruba", "Mongola", "Papuan", "Mozabite", "San", "Yakut", "Palestinian", "Uygur", "San", "San", "Yakut", "Uygur", "Yakut", "Yi"],
  "weights": [2.0741, 1.5378, 2.2434, 1.9956, 2.2668, 3.6895, 2.1642, 2.4888, 3.0624, 2.0675, 2.0319, 3.6051, 3.0821, 4.3489, 6.6152, 2.2814, 4.2562, 3.5715, 7.0285, 5.8459, 6.8765, 3.8976, 2.1263, 1.9407, 2.4763, 2.2292, 2.3272, 2.2736, 1.4482, 1.5505, 4.7871, 6.4421, 3.1233, 3.3919, 5.5163, 3.1715, 3.8516, 5.0545, 2.4265, 3.3063, 3.1126, 3.5199, 3.0267, 3.5721, 3.0505, 1.7662, 3.8049, 3.5205, 3.547, 3.0957, 3.2513, 3.6376, 4.3637, 2.7461, 3.6399, 2.9343, 1.9918, 2.5132, 1.7172, 2.7245, 5.3113, 5.8031, 8.0498, 3.9641, 6.6173, 2.711, 3.3352, 2.8195, 2.7858, 5.005, 7.2609, 4.1583, 5.0979, 4.7147, 2.8268, 8.1073, 3.9705, 2.5398, 3.2711, 9.9273, 8.2442, 4.1639, 2.4581, 7.8035, 3.5087],
  "loci": ["rs1868925", "rs10192881", "rs1562886", "rs10496221", "rs17016899", "rs10171893", "rs1368965", "rs1434208", "rs726236", "rs17016923", "rs13011795", "rs4852475", "rs1347310", "rs1434173", "rs2167391", "rs4143799", "rs4143797", "rs4296451", "rs7584429", "rs4852482", "rs987318", "rs6709902", "rs6741335", "rs6547234", "rs6751052", "rs6547237", "rs1901335", "rs1451540", "rs2198159", "rs2100290", "rs6729991", "rs6739405", "rs10865443", "rs6714400", "rs10496224", "rs1159598", "rs7564015", "rs10496227", "rs12623907", "rs1430635"]
}
