{
  "id": "EdgeSet0201",
  "sources": ["Adygei", "Adygei", "Adygei", "Adygei", "Adygei", "Adygei", "Adygei", "Balochi", "Balochi", "Balochi", "Balochi", "Balochi", "Balochi", "BantuKenya", "BantuKenya", "BantuKenya", "BantuKenya", "BantuKenya", "BantuKenya", "BantuSouthAfrica", "BantuSouthAfrica", "BantuSouthAfrica", "BantuSouthAfrica", "Basque", "Basque", "Basque", "Basque", "Bedouin", "Bedouin", "Bedouin", "BiakaPygmy", "BiakaPygmy", "BiakaPygmy", "Burusho", "Burusho", "Burusho", "Cambodian", "Cambodian", "Cambodian", "Cambodian", "Cambodian", "Cambodian", "Cambodian", "Colombian", "Colombian", "Colombian", "Colombian", "Colombian", "Daur", "Daur", "Daur", "Daur", "Daur", "Druze", "Druze", "Kalash", "Kalash", "Kalash", "Lahu", "Lahu", "Mandenka", "Mandenka", "Mandenka", "Mandenka", "Maya", "Maya", "Maya", "MbutiPygmy", "MbutiPygmy", "Melanesian", "Melanesian", "Melanesian", "Mongola", "Mongola", "Mongola", "Pima", "Russian", "San"],
  "targets": ["Bedouin", "Burusho", "Cambodian", "Melanesian", "Mozabite", "Russian", "Uygur", "Basque", "Bedouin", "Druze", "Melanesian", "Mozabite", "Palestinian", "BantuSouthAfrica", "BiakaPygmy", "Mandenka", "MbutiPygmy", "Yakut", "Yoruba", "BiakaPygmy", "Papuan", "San", "Yoruba", "Bedouin", "Druze", "Palestinian", "Pima", "Druze", "Mozabite", "Palestinian", "MbutiPygmy", "San", "Yoruba", "Russian", "Yakut", "Yi", "Daur", "Druze", "Lahu", "Mongola", "Pima", "Uygur", "Yi", "Lahu", "Maya", "Mongola", "Pima", "Yi", "Mongola", "Pima", "Uygur", "Yakut", "Yi", "Mozabite", "Palestinian", "Mozabite", "Palestinian", "Russian", "Mongola", "Yi", "Mozabite", "San", "Yakut", "Yoruba", "Mongola", "Pima", "Uygur", "Pima", "San", "Papuan", "Russian", "Uygur", "Pima", "San", "Yi", "Russian", "Uygur", "Yoruba"],
  "weights": [1.743, 2.7381, 3.2859, 4.4349, 2.5654, 2.4537, 2.8965, 2.2357, 1.8513, 1.8649, 3.7828, 2.3059, 1.8893, 4.7221, 3.6631, 3.9384, 5.4196, 6.1756, 3.2934, 4.0935, 7.553, 5.4483, 4.0393, 1.8221, 2.1201, 2.0831, 4.2661, 1.5274, 2.0989, 1.5803, 4.4359, 4.6914, 2.7029, 3.0874, 4.2907, 4.061, 2.9957, 4.0601, 3.1871, 2.8688, 3.0817, 2.6863, 2.7087, 3.5482, 2.3766, 3.4546, 3.2987, 3.5143, 3.4907, 4.0198, 3.5997, 3.7347, 3.1521, 2.3776, 1.859, 4.1573, 2.7832, 2.7091, 2.9813, 3.0989, 3.746, 5.4016, 5.1626, 3.6653, 3.3927, 2.6889, 3.3202, 8.2697, 7.2545, 2.8548, 3.6986, 3.2664, 4.4377, 8.0223, 3.1422, 4.0902, 2.9448, 4.5271],
  "loci": ["rs10174485", "rs4381790", "rs16985153", "rs1988642", "rs2345722", "rs13406083", "rs17694161", "rs4119150", "rs10190589", "rs7606752", "rs9808434", "rs9808120", "rs9677265", "rs16985176", "rs13008882", "rs16985182", "rs4832439", "rs7579323", "rs13403095", "rs7565008", "rs4832599", "rs13031613", "rs2272519", "rs17694878", "rs4832602", "rs11694160", "rs10191044", "rs10495687", "rs10495688", "rs11687867", "rs11681315", "rs7558413", "rs4832606", "rs2346133", "rs16985278", "rs2346136", "rs6531109", "rs2346137", "rs16985296", "rs11096544"]
}
