{
  "id": "EdgeSet0211",
  "sources": ["Adygei", "Adygei", "Adygei", "Adygei", "Adygei", "Adygei", "Balochi", "Balochi", "Balochi", "Balochi", "BantuKenya", "BantuKenya", "BantuKenya", "BantuKenya", "BantuKenya", "BantuSouthAfrica", "BantuSouthAfrica", "BantuSouthAfrica", "Basque", "Basque", "Basque", "Basque", "Basque", "Bedouin", "Bedouin", "Bedouin", "BiakaPygmy", "BiakaPygmy", "BiakaPygmy", "BiakaPygmy", "Burusho", "Burusho", "Cambodian", "Cambodian", "Cambodian", "Cambodian", "Colombian", "Colombian", "Daur", "Daur", "Daur", "Daur", "Daur", "Druze", "Druze", "Kalash", "Kalash", "Kalash", "Lahu", "Lahu", "Lahu", "Mandenka", "Mandenka", "Maya", "Maya", "MbutiPygmy", "Melanesian", "Melanesian", "Melanesian", "Melanesian", "Mongola", "Mongola", "Mongola", "Mongola", "Mongola", "Mozabite", "Palestinian", "Papuan", "Papuan", "Pima", "Russian", "Russian", "Yakut"],
  "targets": ["Balochi", "Burusho", "Druze", "Kalash", "Palestinian", "Russian", "Bedouin", "Burusho", "Palestinian", "Uygur", "BantuSouthAfrica", "BiakaPygmy", "Mandenka", "MbutiPygmy", "Yoruba", "MbutiPygmy", "San", "Yoruba", "Bedouin", "Burusho", "Druze", "Russian", "Yi", "Druze", "Kalash", "Mozabite", "Mandenka", "MbutiPygmy", "San", "Yoruba", "Lahu", "Russian", "Lahu", "Mongola", "Yakut", "Yi", "Maya", "Pima", "Lahu", "Maya", "Pima", "Yakut", "Yi", "Mozabite", "Palestinian", "Mozabite", "Russian", "Yi", "Melanesian", "Mongola", "Yi", "Mozabite", "Yoruba", "Pima", "Yakut", "San", "Papuan", "Pima", "Uygur", "Yakut", "Papuan", "Pima", "Uygur", "Yakut", "Yi", "Palestinian", "Papuan", "Uygur", "Yakut", "Russian", "Uygur", "Yi", "Yi"],
  "weights": [2.3592, 2.8958, 2.2367, 3.0671, 2.2013, 2.1783, 1.9857, 2.4967, 1.9035, 2.2989, 5.4994, 4.9416, 3.8338, 5.1289, 3.4127, 7.2474, 9.8636, 6.2896, 2.1727, 2.6583, 2.3992, 2.3154, 4.9895, 1.9637, 2.8658, 1.6989, 4.958, 5.8501, 8.6712, 4.9219, 3.595, 2.3061, 2.4134, 1.8405, 2.2613, 2.2938, 2.1109, 2.3866, 2.8223, 3.1281, 2.8925, 2.4161, 2.779, 1.9146, 1.8761, 2.8059, 2.6109, 4.0586, 3.9866, 1.9696, 2.216, 4.0753, 3.1698, 1.8165, 3.1492, 10.2936, 3.1733, 3.9806, 3.1497, 4.2777, 2.7272, 3.961, 2.7965, 2.0611, 2.0349, 1.5195, 3.0789, 2.0489, 2.6662, 3.022, 2.3272, 4.1352, 2.5093],
  "loci": ["rs824446", "rs2347284", "rs824453", "rs2347283", "rs824454", "rs10495696", "rs6705213", "rs1593746", "rs4666491", "rs1579204", "rs13407212", "rs824506", "rs1344652", "rs9973758", "rs4109456", "rs3914966", "rs1427547", "rs16986617", "rs16986622", "rs7598925", "rs1522490", "rs6757410", "rs12613174", "rs13430431", "rs824495", "rs1522482", "rs6705393", "rs1863776", "rs6728887", "rs17686199", "rs1427539", "rs4268901", "rs1469366", "rs1820584", "rs11096601", "rs12105038", "rs11693130", "rs7586564", "rs4666334", "rs4666507"]
}
