{
  "id": "EdgeSet0953",
  "sources": ["Adygei", "Adygei", "Adygei", "Adygei", "Adygei", "Adygei", "Balochi", "Balochi", "Balochi", "Balochi", "BantuKenya", "BantuKenya", "BantuKenya", "BantuKenya", "BantuKenya", "BantuKenya", "BantuSouthAfrica", "BantuSouthAfrica", "BantuSouthAfrica", "BantuSouthAfrica", "BantuSouthAfrica", "Basque", "Basque", "Basque", "Basque", "Basque", "Bedouin", "Bedouin", "Bedouin", "BiakaPygmy", "BiakaPygmy", "BiakaPygmy", "Burusho", "Burusho", "Burusho", "Cambodian", "Cambodian", "Cambodian", "Colombian", "Colombian", "Colombian", "Colombian", "Daur", "Daur", "Daur", "Kalash", "Kalash", "Lahu", "Lahu", "Lahu", "Lahu", "Lahu", "Mandenka", "Mandenka", "Mandenka", "Maya", "Maya", "Maya", "MbutiPygmy", "Melanesian", "Mongola", "Mozabite", "Mozabite", "Mozabite", "Palestinian", "Papuan", "Pima", "Pima", "Yakut", "Yi"],
  "targets": ["Balochi", "Burusho", "Druze", "Kalash", "Mozabite", "Russian", "Basque", "Bedouin", "Druze", "Uygur", "BantuSouthAfrica", "BiakaPygmy", "Mandenka", "MbutiPygmy", "San", "Yoruba", "BiakaPygmy", "Mandenka", "MbutiPygmy", "Yakut", "Yoruba", "Bedouin", "Kalash", "Mozabite", "Palestinian", "Russian", "Druze", "Mozabite", "Palestinian", "Mandenka", "MbutiPygmy", "San", "Druze", "Kalash", "San", "Lahu", "San", "Yi", "Daur", "Maya", "Pima", "Uygur", "Maya", "Mongola", "Yi", "Melanesian", "Mozabite", "Maya", "Mongola", "Uygur", "Yakut", "Yi", "MbutiPygmy", "Yi", "Yoruba", "Mongola", "Pima", "Uygur", "San", "Papuan", "Yi", "Palestinian", "Russian", "Yoruba", "Russian", "San", "Uygur", "Yakut", "Yi", "Yoruba"],
  "weights": [2.1767, 3.2431, 2.3121, 3.1536, 2.8974, 2.2931, 2.3111, 1.5823, 1.5464, 3.032, 3.4142, 3.0863, 3.7391, 3.0037, 4.7349, 3.2064, 3.8318, 3.598, 4.097, 5.2326, 3.0568, 2.2804, 3.076, 2.8516, 2.5219, 2.7173, 1.9799, 2.5185, 2.047, 3.8402, 3.545, 5.3629, 2.7697, 3.7679, 7.242, 3.5362, 6.317, 3.3372, 2.5829, 2.7461, 3.6306, 2.7138, 2.268, 1.6506, 2.231, 6.1782, 3.3697, 2.9414, 2.6329, 3.1938, 3.9754, 2.8704, 4.0724, 3.5634, 2.4842, 2.3936, 3.8455, 2.683, 4.7548, 2.6667, 2.0316, 2.4043, 3.496, 3.0717, 2.1498, 8.1964, 3.4476, 4.3322, 3.6972, 3.3993],
  "loci": ["rs2582974", "rs12613775", "rs2375937", "rs2165434", "rs1441094", "rs10496377", "rs2610690", "rs12622900", "rs2610683", "rs1372101", "rs935070", "rs1441107", "rs7582634", "rs12474171", "rs2376070", "rs10201692", "rs13414002", "rs6758152", "rs11123976", "rs11687707", "rs2376064", "rs13432820", "rs1879269", "rs2889276", "rs11896903", "rs12613102", "rs9308872", "rs13404302", "rs6736012", "rs4558603", "rs7369597", "rs4402785", "rs12712184", "rs13409624", "rs11890236", "rs10460481", "rs6714037", "rs7600319", "rs7597477", "rs4555365"]
}
