{
  "id": "EdgeSet0893",
  "sources": ["Adygei", "Adygei", "Adygei", "Adygei", "Adygei", "Adygei", "Balochi", "Balochi", "BantuKenya", "BantuKenya", "BantuKenya", "BantuKenya", "BantuKenya", "BantuKenya", "BantuSouthAfrica", "BantuSouthAfrica", "Basque", "Basque", "Basque", "Basque", "Bedouin", "Bedouin", "Bedouin", "BiakaPygmy", "BiakaPygmy", "BiakaPygmy", "BiakaPygmy", "Burusho", "Burusho", "Burusho", "Cambodian", "Cambodian", "Cambodian", "Cambodian", "Colombian", "Colombian", "Daur", "Daur", "Daur", "Daur", "Daur", "Daur", "Druze", "Druze", "Druze", "Kalash", "Kalash", "Lahu", "Lahu", "Mandenka", "Mandenka", "Mandenka", "Maya", "Maya", "MbutiPygmy", "Melanesian", "Melanesian", "Melanesian", "Mongola", "Mongola", "Mongola", "Mozabite", "Mozabite", "Russian", "Uygur", "Yakut"],
  "targets": ["Balochi", "Bedouin", "Druze", "Melanesian", "Uygur", "Yakut", "BantuSouthAfrica", "Palestinian", "BantuSouthAfrica", "BiakaPygmy", "Mandenka", "MbutiPygmy", "San", "Yoruba", "MbutiPygmy", "San", "Bedouin", "Kalash", "Palestinian", "Russian", "Druze", "Palestinian", "Uygur", "Colombian", "MbutiPygmy", "San", "Yoruba", "Lahu", "Melanesian", "Yi", "Kalash", "Maya", "Mongola", "Yi", "Maya", "Pima", "Lahu", "MbutiPygmy", "Mongola", "Papuan", "Yakut", "Yi", "Mozabite", "Palestinian", "Uygur", "MbutiPygmy", "Pima", "Mongola", "Yi", "Mozabite", "Papuan", "Yoruba", "Pima", "Yakut", "Yoruba", "Mongola", "Papuan", "Yoruba", "Uygur", "Yakut", "Yi", "Palestinian", "Uygur", "Uygur", "Yi", "Yi"],
  "weights": [2.6053, 1.9712, 2.2242, 4.1724, 2.3827, 4.0577, 4.8388, 2.2712, 4.9947, 5.0537, 4.0133, 5.4459, 5.7516, 4.0736, 5.5253, 4.1233, 2.5999, 4.1856, 2.5707, 1.9057, 1.8549, 1.7613, 2.3264, 6.4152, 4.1404, 5.9005, 3.7127, 2.6039, 3.592, 2.754, 6.0225, 4.2629, 2.7549, 2.5195, 1.9964, 4.5581, 2.2255, 6.6074, 2.3176, 3.3304, 2.7843, 3.5144, 2.0406, 1.967, 2.1365, 6.4895, 6.0919, 1.7109, 2.4331, 3.8329, 4.9694, 2.6287, 3.8092, 3.7275, 4.4028, 3.7441, 3.8076, 4.9445, 2.7076, 2.365, 2.3135, 1.8391, 2.2328, 2.6196, 2.7049, 2.3885],
  "loci": ["rs6547765", "rs6730279", "rs6547766", "rs4972052", "rs7596994", "rs6722369", "rs1271103", "rs4355112", "rs1258411", "rs1258396", "rs1258431", "rs1659258", "rs3098431", "rs11681837", "rs7591600", "rs6761532", "rs11684168", "rs10221815", "rs13413588", "rs13425454", "rs6761264", "rs6547777", "rs6749685", "rs10211505", "rs13390969", "rs4972211", "rs6713961", "rs1438903", "rs7578792", "rs11687776", "rs11693918", "rs13416374", "rs7569076", "rs6733320", "rs6712707", "rs6759954", "rs4632340", "rs6547780", "rs4425079", "rs7599548"]
}
