{
  "id": "EdgeSet0660",
  "sources": ["Adygei", "Adygei", "Adygei", "Balochi", "Balochi", "Balochi", "Balochi", "Balochi", "BantuKenya", "BantuKenya", "BantuKenya", "BantuKenya", "BantuKenya", "BantuSouthAfrica", "BantuSouthAfrica", "BantuSouthAfrica", "BantuSouthAfrica", "BantuSouthAfrica", "BantuSouthAfrica", "Basque", "Basque", "Basque", "Basque", "Basque", "Basque", "Basque", "Bedouin", "Bedouin", "Bedouin", "Bedouin", "BiakaPygmy", "BiakaPygmy", "BiakaPygmy", "Burusho", "Burusho", "Burusho", "Burusho", "Burusho", "Burusho", "Burusho", "Burusho", "Cambodian", "Cambodian", "Cambodian", "Colombian", "Colombian", "Colombian", "Daur", "Daur", "Daur", "Daur", "Druze", "Druze", "Druze", "Kalash", "Lahu", "Lahu", "Lahu", "Lahu", "Mandenka", "Mandenka", "Maya", "MbutiPygmy", "Melanesian", "Melanesian", "Mongola", "Mongola", "Mongola", "Mongola", "Mongola", "Mozabite", "Papuan", "Pima", "San"],
  "targets": ["Basque", "Druze", "Uygur", "Basque", "Bedouin", "MbutiPygmy", "Mozabite", "Pima", "BantuSouthAfrica", "Bedouin", "BiakaPygmy", "MbutiPygmy", "Yoruba", "BiakaPygmy", "Maya", "MbutiPygmy", "Melanesian", "Yakut", "Yoruba", "Bedouin", "Burusho", "Druze", "Palestinian", "Russian", "Uygur", "Yi", "Druze", "Kalash", "Mozabite", "Palestinian", "Mandenka", "MbutiPygmy", "San", "Cambodian", "Daur", "Kalash", "Lahu", "Palestinian", "Papuan", "Pima", "Russian", "Lahu", "Pima", "Yi", "Maya", "Pima", "Yakut", "Lahu", "Melanesian", "Mongola", "Yakut", "Mongola", "Palestinian", "Russian", "Palestinian", "Maya", "Melanesian", "Yakut", "Yi", "San", "Yoruba", "Pima", "San", "Papuan", "Yakut", "Papuan", "Pima", "Russian", "Yakut", "Yi", "Russian", "Uygur", "Uygur", "Yoruba"],
  "weights": [2.0535, 2.4392, 2.689, 2.3395, 2.717, 5.9003, 2.4294, 3.6718, 4.0121, 4.6675, 3.7536, 5.2858, 3.2774, 3.7116, 6.0673, 4.8458, 5.4558, 5.9857, 3.7038, 2.4446, 3.1086, 2.2352, 2.4204, 2.6092, 2.5551, 4.1926, 2.4269, 3.8198, 2.4717, 2.5564, 3.5188, 4.3705, 6.3024, 3.3345, 3.5696, 3.9563, 4.6307, 3.091, 4.3458, 3.8646, 3.3448, 2.5246, 3.7061, 2.5801, 3.6832, 3.9029, 5.105, 2.7608, 3.1419, 2.5561, 2.496, 3.2655, 1.9814, 2.4383, 3.7091, 4.4207, 3.6585, 3.2325, 3.0947, 6.7273, 2.4051, 3.8147, 7.7148, 2.839, 3.5103, 3.3775, 3.5315, 4.1054, 2.9452, 2.4549, 2.7777, 3.6401, 3.5511, 6.8877],
  "loci": ["rs7607266", "rs7579874", "rs11677744", "rs6755858", "rs7605517", "rs7574498", "rs4672473", "rs7571389", "rs13413236", "rs10518958", "rs10865330", "rs6743108", "rs17018666", "rs11125907", "rs11125908", "rs921320", "rs3943540", "rs7601633", "rs17019942", "rs6719628", "rs7572994", "rs1008725", "rs7605321", "rs4671416", "rs7570305", "rs6714411", "rs4672482", "rs1136151", "rs11900673", "rs7584792", "rs13397746", "rs7580028", "rs10176652", "rs10200712", "rs4563212", "rs6713082", "rs4672495", "rs4672498", "rs7578484", "rs3924500"]
}
