{
  "id": "EdgeSet0305",
  "sources": ["Adygei", "Adygei", "Adygei", "Adygei", "Adygei", "Adygei", "Adygei", "Balochi", "Balochi", "Balochi", "BantuKenya", "BantuKenya", "BantuKenya", "BantuSouthAfrica", "BantuSouthAfrica", "BantuSouthAfrica", "BantuSouthAfrica", "Basque", "Basque", "Basque", "Basque", "Bedouin", "Bedouin", "Bedouin", "BiakaPygmy", "BiakaPygmy", "BiakaPygmy", "Burusho", "Burusho", "Burusho", "Burusho", "Cambodian", "Cambodian", "Cambodian", "Cambodian", "Cambodian", "Colombian", "Colombian", "Colombian", "Daur", "Daur", "Daur", "Daur", "Daur", "Druze", "Druze", "Druze", "Kalash", "Kalash", "Kalash", "Kalash", "Lahu", "Lahu", "Lahu", "Lahu", "Mandenka", "Mandenka", "Maya", "Maya", "MbutiPygmy", "MbutiPygmy", "Melanesian", "Melanesian", "Mongola", "Mongola", "Mozabite", "Papuan", "Papuan", "Pima", "Russian", "Russian"],
  "targets": ["Balochi", "Basque", "Bedouin", "Druze", "Lahu", "Mozabite", "Russian", "Basque", "Burusho", "Kalash", "Mandenka", "MbutiPygmy", "Yoruba", "BiakaPygmy", "Mandenka", "San", "Yoruba", "Burusho", "Druze", "Palestinian", "Russian", "Druze", "Mozabite", "Palestinian", "MbutiPygmy", "San", "Yoruba", "Cambodian", "Lahu", "Mongola", "Mozabite", "Daur", "Melanesian", "Mongola", "Papuan", "Yi", "Maya", "Melanesian", "Pima", "Mongola", "Mozabite", "Papuan", "Pima", "Uygur", "Kalash", "Palestinian", "Russian", "Maya", "Palestinian", "Russian", "Uygur", "Melanesian", "Palestinian", "Yakut", "Yi", "MbutiPygmy", "Yoruba", "Uygur", "Yakut", "Melanesian", "San", "Papuan", "Yi", "Papuan", "Uygur", "Palestinian", "Pima", "Yi", "Yakut", "Uygur", "Yi"],
  "weights": [2.7203, 2.283, 2.1997, 2.3511, 4.7709, 3.0001, 2.4219, 2.4133, 2.4559, 2.7165, 3.2409, 6.7561, 2.6891, 5.5654, 3.3192, 7.4711, 3.8777, 2.808, 1.9339, 2.0335, 1.8473, 2.0292, 2.4622, 1.9354, 7.6611, 5.8757, 4.8643, 3.6343, 3.6173, 3.028, 3.7953, 2.5285, 3.7635, 2.6323, 2.8982, 2.2259, 3.4655, 5.0747, 3.8743, 2.3856, 5.3172, 2.1818, 2.7109, 2.2687, 2.5064, 1.4733, 2.0993, 3.5633, 2.7714, 2.6916, 2.83, 4.5663, 3.8285, 3.3968, 3.1945, 7.0091, 3.2004, 3.0045, 2.4245, 8.8826, 8.8894, 3.4359, 3.7279, 2.953, 2.4204, 2.9354, 3.143, 2.9916, 2.2237, 2.6213, 3.5662],
  "loci": ["rs13001664", "rs4510267", "rs6718327", "rs4359705", "rs4952125", "rs4952167", "rs7575487", "rs2361743", "rs11127254", "rs6723731", "rs1447525", "rs718153", "rs2290052", "rs12475473", "rs10203090", "rs1562450", "rs10165223", "rs1447522", "rs2028983", "rs4952091", "rs7596566", "rs4952097", "rs11903016", "rs17734815", "rs6547992", "rs4952098", "rs935486", "rs11127258", "rs1509578", "rs1345151", "rs12469080", "rs2084336", "rs1868073", "rs4952105", "rs1355207", "rs7576793", "rs966498", "rs1396835", "rs6742857", "rs4334534"]
}
