{
  "id": "EdgeSet0738",
  "sources": ["Adygei", "Adygei", "Adygei", "Adygei", "Adygei", "Balochi", "Balochi", "Balochi", "Balochi", "BantuKenya", "BantuKenya", "BantuKenya", "BantuKenya", "BantuSouthAfrica", "BantuSouthAfrica", "BantuSouthAfrica", "BantuSouthAfrica", "BantuSouthAfrica", "Basque", "Basque", "Basque", "Basque", "Basque", "Bedouin", "Bedouin", "Bedouin", "BiakaPygmy", "BiakaPygmy", "Burusho", "Burusho", "Cambodian", "Cambodian", "Cambodian", "Cambodian", "Cambodian", "Cambodian", "Cambodian", "Colombian", "Colombian", "Daur", "Daur", "Daur", "Druze", "Druze", "Druze", "Kalash", "Kalash", "Kalash", "Lahu", "Lahu", "Mandenka", "Mandenka", "Mandenka", "Mandenka", "Maya", "Maya", "MbutiPygmy", "Melanesian", "Melanesian", "Mongola", "Mongola", "Mozabite", "Palestinian", "Palestinian", "Russian"],
  "targets": ["Basque", "Bedouin", "Burusho", "Palestinian", "Russian", "Burusho", "Palestinian", "Papuan", "Uygur", "BiakaPygmy", "Mandenka", "MbutiPygmy", "San", "BiakaPygmy", "Mandenka", "MbutiPygmy", "San", "Yoruba", "Bedouin", "Daur", "Kalash", "Russian", "Yakut", "Druze", "Mozabite", "Palestinian", "San", "Yoruba", "Mozabite", "Yi", "Lahu", "Melanesian", "Mongola", "Palestinian", "Papuan", "Uygur", "Yi", "Maya", "Pima", "Melanesian", "Mongola", "Yakut", "Kalash", "Russian", "Uygur", "Maya", "Palestinian", "Russian", "Pima", "San", "MbutiPygmy", "Mozabite", "San", "Yoruba", "Pima", "Russian", "San", "Mongola", "Papuan", "Uygur", "Yi", "Papuan", "Russian", "Uygur", "Yakut"],
  "weights": [2.3308, 2.3213, 2.1263, 2.0876, 2.3194, 2.4543, 1.6152, 3.9981, 2.2792, 4.1288, 3.7968, 4.4871, 6.4425, 4.6331, 4.1698, 5.0822, 6.6182, 3.1994, 2.3699, 2.7458, 2.8097, 2.4285, 3.4811, 1.8081, 2.7965, 1.7098, 6.3978, 3.566, 2.9299, 2.7026, 3.4367, 4.2437, 2.5113, 3.5644, 4.791, 2.6058, 1.8538, 2.298, 4.3974, 3.4507, 2.1306, 3.174, 3.2187, 2.7413, 2.7436, 4.1297, 2.6189, 3.476, 6.3461, 8.7122, 4.3001, 3.8603, 6.213, 2.9033, 4.3995, 3.9278, 6.0094, 3.4984, 2.0377, 2.2109, 2.3933, 4.0981, 2.051, 2.2182, 3.5693],
  "loci": ["rs2169843", "rs10202800", "rs1382454", "rs2169835", "rs12614058", "rs1904212", "rs12713695", "rs6546604", "rs6752486", "rs4852178", "rs3911081", "rs12996793", "rs3849398", "rs549386", "rs488065", "rs693641", "rs10496180", "rs11466297", "rs10172814", "rs930655", "rs6749533", "rs6709121", "rs3771515", "rs17005644", "rs3771512", "rs1448927", "rs17005666", "rs1807968", "rs10179737", "rs7579830", "rs3771504", "rs3911077", "rs3911080", "rs3821262", "rs3771494", "rs3755377", "rs404420", "rs454305", "rs375668", "rs13393308"]
}
