{
  "id": "EdgeSet0276",
  "sources": ["Adygei", "Adygei", "Adygei", "Adygei", "Balochi", "Balochi", "Balochi", "Balochi", "BantuKenya", "BantuKenya", "BantuKenya", "BantuKenya", "BantuSouthAfrica", "BantuSouthAfrica", "BantuSouthAfrica", "BantuSouthAfrica", "BantuSouthAfrica", "Basque", "Basque", "Basque", "Bedouin", "Bedouin", "Bedouin", "Bedouin", "Bedouin", "Bedouin", "BiakaPygmy", "BiakaPygmy", "BiakaPygmy", "Burusho", "Burusho", "Burusho", "Cambodian", "Cambodian", "Cambodian", "Cambodian", "Colombian", "Colombian", "Colombian", "Daur", "Daur", "Daur", "Daur", "Druze", "Druze", "Kalash", "Kalash", "Kalash", "Kalash", "Lahu", "Lahu", "Lahu", "Lahu", "Lahu", "Lahu", "Mandenka", "Mandenka", "Maya", "Maya", "MbutiPygmy", "Melanesian", "Melanesian", "Melanesian", "Mongola", "Mozabite", "Palestinian", "Papuan", "Papuan", "Uygur", "Yakut"],
  "targets": ["Balochi", "Basque", "Palestinian", "Russian", "Burusho", "Kalash", "Mozabite", "Palestinian", "BantuSouthAfrica", "BiakaPygmy", "Burusho", "Yoruba", "BiakaPygmy", "Mandenka", "MbutiPygmy", "San", "Yoruba", "Druze", "Russian", "San", "Burusho", "Druze", "Melanesian", "Mongola", "Mozabite", "Palestinian", "Mandenka", "MbutiPygmy", "San", "Kalash", "Melanesian", "Pima", "Daur", "Lahu", "Mongola", "Yi", "Lahu", "Maya", "Yakut", "Lahu", "Mongola", "Papuan", "Uygur", "Mozabite", "Palestinian", "Papuan", "Pima", "San", "Uygur", "Maya", "Mongola", "Papuan", "Uygur", "Yakut", "Yi", "San", "Yoruba", "Pima", "Uygur", "Yoruba", "Mongola", "Papuan", "Yi", "Papuan", "Yoruba", "Pima", "Russian", "Yakut", "Yakut", "Yi"],
  "weights": [2.2501, 2.2814, 2.5356, 1.7774, 3.0046, 3.1723, 2.9292, 2.7267, 5.177, 4.9182, 3.8535, 3.7907, 5.432, 4.5189, 5.6193, 7.2025, 4.1997, 2.5107, 1.8653, 8.3294, 2.1092, 2.199, 2.7043, 3.198, 2.006, 2.1299, 5.0503, 3.8944, 6.7913, 2.6746, 2.56, 3.0236, 3.0261, 3.3414, 3.2986, 2.7927, 2.8565, 2.5557, 3.391, 2.876, 2.2003, 2.9587, 2.3314, 2.3507, 1.6683, 2.6761, 3.1679, 8.6604, 2.5104, 2.6657, 3.5707, 4.2458, 2.4183, 2.6359, 2.5973, 6.2931, 3.5541, 2.6723, 2.3896, 4.6235, 3.2999, 3.2555, 3.465, 2.8817, 4.4718, 2.7269, 4.0723, 3.4668, 2.5006, 1.7238],
  "loci": ["rs10165098", "rs1919127", "rs3811644", "rs7602219", "rs2141372", "rs6547735", "rs4665999", "rs2068834", "rs1881396", "rs1528402", "rs11692692", "rs10193210", "rs2178198", "rs13030973", "rs1881394", "rs867282", "rs13013484", "rs3792252", "rs3792253", "rs13030345", "rs4666014", "rs11127125", "rs4464229", "rs4666020", "rs4666022", "rs4578808", "rs7595986", "rs2305929", "rs10185472", "rs6709355", "rs898031", "rs10175508", "rs13003383", "rs10495761", "rs17006439", "rs10173528", "rs13414801", "rs13409819", "rs17006489", "rs2337700"]
}
