{
  "id": "EdgeSet0575",
  "sources": ["Adygei", "Adygei", "Adygei", "Adygei", "Adygei", "Adygei", "Adygei", "Balochi", "Balochi", "Balochi", "Balochi", "Balochi", "Balochi", "BantuKenya", "BantuKenya", "BantuKenya", "BantuKenya", "BantuKenya", "BantuKenya", "BantuKenya", "BantuSouthAfrica", "BantuSouthAfrica", "BantuSouthAfrica", "Basque", "Basque", "Basque", "Basque", "Basque", "Bedouin", "Bedouin", "Bedouin", "BiakaPygmy", "BiakaPygmy", "BiakaPygmy", "Burusho", "Burusho", "Burusho", "Burusho", "Burusho", "Cambodian", "Cambodian", "Cambodian", "Cambodian", "Cambodian", "Cambodian", "Colombian", "Colombian", "Daur", "Daur", "Daur", "Daur", "Daur", "Druze", "Druze", "Druze", "Kalash", "Lahu", "Lahu", "Lahu", "Mandenka", "Mandenka", "Mandenka", "Maya", "Maya", "MbutiPygmy", "Melanesian", "Melanesian", "Melanesian", "Mongola", "Mongola", "Mozabite", "Mozabite", "Mozabite", "Papuan", "Papuan", "Russian", "Yakut"],
  "targets": ["Balochi", "Basque", "Bedouin", "Burusho", "Cambodian", "Mozabite", "Papuan", "Daur", "Kalash", "Lahu", "Palestinian", "Papuan", "Russian", "BantuSouthAfrica", "BiakaPygmy", "Lahu", "Mandenka", "MbutiPygmy", "Melanesian", "Yoruba", "BiakaPygmy", "San", "Yoruba", "BiakaPygmy", "Burusho", "Kalash", "Palestinian", "Russian", "Druze", "Mozabite", "Palestinian", "MbutiPygmy", "San", "Yoruba", "Kalash", "Mongola", "Palestinian", "Russian", "Uygur", "Daur", "Lahu", "Melanesian", "Mongola", "Yakut", "Yi", "Maya", "Pima", "Lahu", "Mongola", "Uygur", "Yakut", "Yi", "Kalash", "Mozabite", "Palestinian", "Palestinian", "Melanesian", "Pima", "Yakut", "MbutiPygmy", "San", "Yoruba", "Papuan", "Pima", "San", "Papuan", "Russian", "Uygur", "Uygur", "Yi", "Palestinian", "Uygur", "Yakut", "Pima", "Uygur", "Uygur", "Yi"],
  "weights": [2.2808, 4.1646, 2.3394, 2.9894, 3.2982, 2.2309, 3.3972, 2.6336, 2.6016, 3.2897, 2.2435, 3.2841, 2.7997, 4.6567, 4.1931, 5.9799, 3.7388, 4.8755, 5.6716, 3.5671, 4.332, 6.7273, 3.6129, 5.8054, 3.4631, 3.3189, 3.5943, 3.487, 1.7731, 2.3528, 2.1142, 4.7528, 7.8414, 3.7919, 2.8951, 3.3993, 3.5124, 3.3731, 3.1795, 2.4415, 3.0785, 3.8988, 2.9759, 2.6627, 2.7192, 1.7765, 2.7848, 3.2131, 2.5496, 2.6538, 2.8898, 2.4399, 2.5219, 1.9604, 1.6458, 2.6247, 4.302, 4.6541, 3.8047, 4.8328, 7.3096, 1.8011, 3.9493, 2.7387, 8.3696, 3.4692, 3.0974, 5.068, 2.8075, 1.9514, 2.0764, 3.0623, 4.9289, 5.8433, 4.1057, 3.4936, 3.1512],
  "loci": ["rs17189119", "rs6755812", "rs6756589", "rs6717300", "rs3861569", "rs12476215", "rs12477118", "rs1424969", "rs17044122", "rs1424972", "rs13414722", "rs2034254", "rs11899115", "rs17189210", "rs1374252", "rs1446438", "rs10496014", "rs1364676", "rs12995294", "rs4233969", "rs10168550", "rs13021753", "rs13415728", "rs1364678", "rs1364677", "rs10181311", "rs13416224", "rs4671327", "rs10496016", "rs4672243", "rs10172264", "rs1424976", "rs1424974", "rs7603187", "rs1559631", "rs2357180", "rs1344595", "rs7606007", "rs1424989", "rs1424993"]
}
