{
  "id": "EdgeSet0923",
  "sources": ["Adygei", "Adygei", "Adygei", "Adygei", "Adygei", "Adygei", "Balochi", "Balochi", "Balochi", "BantuKenya", "BantuKenya", "BantuKenya", "BantuKenya", "BantuKenya", "BantuSouthAfrica", "BantuSouthAfrica", "BantuSouthAfrica", "BantuSouthAfrica", "BantuSouthAfrica", "Basque", "Basque", "Basque", "Basque", "Basque", "Bedouin", "Bedouin", "Bedouin", "BiakaPygmy", "BiakaPygmy", "BiakaPygmy", "Burusho", "Burusho", "Burusho", "Burusho", "Burusho", "Cambodian", "Cambodian", "Cambodian", "Cambodian", "Cambodian", "Colombian", "Colombian", "Daur", "Daur", "Daur", "Daur", "Daur", "Druze", "Druze", "Druze", "Kalash", "Kalash", "Kalash", "Kalash", "Lahu", "Lahu", "Mandenka", "Mandenka", "Mandenka", "Maya", "MbutiPygmy", "Melanesian", "Melanesian", "Mongola", "Mongola", "Mozabite", "Palestinian", "Palestinian", "Pima", "San", "Uygur"],
  "targets": ["Balochi", "Burusho", "Druze", "Mozabite", "Palestinian", "Yi", "Druze", "Russian", "Yi", "BantuSouthAfrica", "Burusho", "Mandenka", "Papuan", "Yoruba", "BiakaPygmy", "Mandenka", "MbutiPygmy", "San", "Yoruba", "Bedouin", "Druze", "Palestinian", "Russian", "San", "Druze", "Kalash", "Mozabite", "MbutiPygmy", "San", "Yoruba", "Cambodian", "MbutiPygmy", "Mongola", "Papuan", "Yakut", "Daur", "Lahu", "Melanesian", "Mongola", "Papuan", "Maya", "Pima", "Mongola", "Palestinian", "Uygur", "Yakut", "Yi", "Kalash", "Palestinian", "Russian", "Palestinian", "Russian", "Yakut", "Yi", "Uygur", "Yi", "MbutiPygmy", "Mozabite", "Yoruba", "Pima", "San", "Papuan", "Yi", "Papuan", "Yi", "Russian", "Russian", "Uygur", "Uygur", "Uygur", "Yakut"],
  "weights": [2.0702, 3.8904, 2.002, 2.2842, 2.2177, 3.653, 2.1278, 2.6569, 3.494, 3.1739, 4.5197, 2.6411, 4.6597, 2.9879, 4.2562, 2.9814, 3.7943, 6.5169, 3.4497, 3.6413, 3.4235, 3.3806, 3.2489, 9.8747, 1.3855, 2.5097, 1.6979, 4.7032, 7.2513, 4.3618, 4.2758, 4.7032, 4.2099, 4.4696, 4.5931, 3.1175, 2.9098, 3.4128, 3.0159, 2.9146, 2.3554, 2.3041, 2.4938, 5.3677, 3.3608, 3.1987, 3.3968, 2.2777, 1.8364, 1.9888, 2.3966, 2.6554, 4.3762, 4.5485, 3.2545, 2.7933, 2.8869, 4.2105, 2.1668, 2.8459, 6.8426, 3.1945, 4.2852, 3.4899, 3.2094, 2.5232, 1.9968, 3.0316, 5.6951, 9.5434, 3.3968],
  "loci": ["rs2946588", "rs2970990", "rs11678350", "rs13392981", "rs11123838", "rs4261746", "rs4851346", "rs2971015", "rs11123839", "rs1879121", "rs2222282", "rs7570854", "rs4641958", "rs4599142", "rs6542972", "rs4396744", "rs4513317", "rs4851365", "rs2970984", "rs870321", "rs11123840", "rs2942904", "rs1513639", "rs17020649", "rs2942883", "rs10175405", "rs3112256", "rs2175792", "rs11123842", "rs4851370", "rs1513628", "rs12616239", "rs1567803", "rs2137671", "rs1567804", "rs1567805", "rs4074920", "rs12469700", "rs17024692", "rs964582"]
}
