{
  "id": "EdgeSet0980",
  "sources": ["Adygei", "Adygei", "Adygei", "Adygei", "Balochi", "Balochi", "Balochi", "Balochi", "Balochi", "BantuKenya", "BantuKenya", "BantuKenya", "BantuKenya", "BantuKenya", "BantuSouthAfrica", "BantuSouthAfrica", "BantuSouthAfrica", "BantuSouthAfrica", "Basque", "Basque", "Basque", "Bedouin", "Bedouin", "BiakaPygmy", "BiakaPygmy", "BiakaPygmy", "BiakaPygmy", "BiakaPygmy", "Burusho", "Burusho", "Burusho", "Burusho", "Cambodian", "Cambodian", "Cambodian", "Cambodian", "Cambodian", "Colombian", "Colombian", "Colombian", "Colombian", "Colombian", "Daur", "Daur", "Daur", "Daur", "Daur", "Daur", "Daur", "Daur", "Druze", "Druze", "Druze", "Kalash", "Lahu", "Lahu", "Lahu", "Lahu", "Lahu", "Mandenka", "Mandenka", "Maya", "Maya", "Maya", "MbutiPygmy", "Melanesian", "Mongola", "Mongola", "Mongola", "Mozabite", "Mozabite", "Mozabite", "Palestinian", "Papuan", "Papuan", "Russian", "Uygur", "Uygur"],
  "targets": ["Basque", "Bedouin", "Druze", "Uygur", "Daur", "Druze", "Kalash", "Palestinian", "Pima", "BantuSouthAfrica", "Colombian", "Mandenka", "MbutiPygmy", "Yoruba", "BiakaPygmy", "MbutiPygmy", "San", "Yoruba", "Bedouin", "Maya", "Mozabite", "Druze", "Palestinian", "Mandenka", "MbutiPygmy", "Russian", "San", "Yoruba", "Druze", "Kalash", "Maya", "Russian", "Maya", "Melanesian", "Mongola", "Papuan", "Pima", "Druze", "Lahu", "Maya", "Melanesian", "Mongola", "Lahu", "Melanesian", "Papuan", "Pima", "Russian", "Uygur", "Yakut", "Yi", "Mozabite", "Palestinian", "Yakut", "Palestinian", "Melanesian", "Mongola", "San", "Yakut", "Yi", "Mozabite", "Yoruba", "Melanesian", "Papuan", "Pima", "San", "Pima", "Russian", "Yakut", "Yi", "Palestinian", "Uygur", "Yoruba", "Russian", "Pima", "Yi", "Yakut", "Yakut", "Yi"],
  "weights": [2.1144, 2.0048, 1.9522, 2.8029, 2.2039, 2.123, 2.6152, 2.3393, 2.3748, 3.934, 5.6787, 2.53, 5.5167, 3.32, 5.0648, 4.1933, 7.1212, 3.7803, 2.1345, 3.582, 2.3683, 1.6484, 1.6849, 5.1649, 6.4533, 6.1744, 7.0324, 4.5315, 2.6654, 1.8695, 3.8901, 3.7051, 2.7698, 2.256, 2.2353, 2.4785, 2.0915, 3.0856, 2.705, 3.3242, 2.9343, 2.9958, 2.1197, 2.3879, 2.3309, 1.9465, 4.6672, 2.1717, 1.8043, 1.673, 2.1395, 1.7761, 2.9852, 2.4792, 3.6577, 2.7385, 8.2723, 2.493, 2.4136, 3.0795, 3.343, 2.9281, 3.2018, 2.571, 7.283, 1.7396, 4.6264, 2.2213, 2.5268, 2.1318, 2.7291, 3.405, 3.0838, 2.6518, 2.5752, 4.1699, 2.4191, 2.344],
  "loci": ["rs6725607", "rs6704791", "rs10496405", "rs6543431", "rs13005904", "rs17033123", "rs13432204", "rs6710590", "rs6746723", "rs11124126", "rs13026071", "rs2889695", "rs11679845", "rs6705733", "rs11124128", "rs17033164", "rs11686358", "rs1606266", "rs11688269", "rs12712257", "rs6543438", "rs13393451", "rs12613145", "rs17220280", "rs1551718", "rs17286241", "rs4487086", "rs17033205", "rs11693050", "rs6721068", "rs1448103", "rs1375000", "rs1868255", "rs1006413", "rs10182443", "rs4577275", "rs1345198", "rs1470590", "rs10191793", "rs10182025"]
}
