{
  "id": "EdgeSet0735",
  "sources": ["Adygei", "Adygei", "Adygei", "Adygei", "Adygei", "Adygei", "Adygei", "Balochi", "Balochi", "Balochi", "Balochi", "Balochi", "BantuKenya", "BantuKenya", "BantuKenya", "BantuKenya", "BantuKenya", "BantuKenya", "BantuSouthAfrica", "BantuSouthAfrica", "BantuSouthAfrica", "BantuSouthAfrica", "Basque", "Basque", "Basque", "Basque", "Bedouin", "Bedouin", "BiakaPygmy", "BiakaPygmy", "BiakaPygmy", "Burusho", "Burusho", "Burusho", "Burusho", "Burusho", "Cambodian", "Cambodian", "Cambodian", "Cambodian", "Colombian", "Colombian", "Colombian", "Daur", "Daur", "Daur", "Daur", "Daur", "Daur", "Druze", "Druze", "Druze", "Kalash", "Kalash", "Lahu", "Mandenka", "Maya", "Maya", "MbutiPygmy", "Melanesian", "Melanesian", "Mongola", "Mongola", "Mongola", "Mongola", "Mozabite", "Papuan", "Russian", "Uygur"],
  "targets": ["Basque", "Bedouin", "Burusho", "Mozabite", "Palestinian", "Russian", "Uygur", "Bedouin", "Burusho", "Cambodian", "Kalash", "Uygur", "BantuSouthAfrica", "Bedouin", "BiakaPygmy", "Lahu", "Mandenka", "Yoruba", "Mandenka", "San", "Uygur", "Yoruba", "Bedouin", "Druze", "Papuan", "Uygur", "Druze", "Palestinian", "MbutiPygmy", "San", "Yoruba", "Cambodian", "Kalash", "Palestinian", "Russian", "Yi", "Daur", "Druze", "Mongola", "Yi", "Maya", "Pima", "San", "MbutiPygmy", "Melanesian", "Mongola", "Mozabite", "Pima", "Yakut", "Kalash", "Mozabite", "Palestinian", "Mozabite", "Russian", "Mongola", "Yoruba", "Pima", "Yi", "San", "Papuan", "Yi", "Papuan", "Uygur", "Yakut", "Yi", "Yakut", "Uygur", "Yakut", "Yi"],
  "weights": [2.8923, 2.7646, 2.5371, 3.6494, 2.2637, 2.4356, 3.3694, 2.188, 2.0956, 3.1002, 1.5811, 2.668, 3.9913, 4.8865, 4.6853, 5.6419, 2.7684, 3.7026, 3.751, 8.7979, 5.9826, 3.4751, 2.2651, 2.5168, 3.7815, 2.9269, 2.1218, 1.8137, 4.669, 6.1144, 4.4307, 2.5003, 1.9847, 1.7939, 1.8914, 3.2569, 3.3352, 3.1574, 2.4503, 2.7695, 3.9462, 5.111, 11.3106, 6.6657, 4.5067, 2.9463, 3.5532, 9.4048, 2.9839, 1.8695, 2.4479, 1.6609, 2.283, 1.5757, 3.8254, 3.068, 5.2204, 5.7186, 7.9841, 2.1316, 4.1488, 3.667, 3.0864, 2.4484, 3.1303, 2.9847, 4.6133, 2.7302, 3.2303],
  "loci": ["rs2290452", "rs2872075", "rs13391033", "rs12328891", "rs13392221", "rs6546551", "rs6718012", "rs17037194", "rs1015437", "rs12612925", "rs2054046", "rs6720498", "rs10187831", "rs10496175", "rs6741449", "rs4241266", "rs11686934", "rs6731423", "rs10496176", "rs3821276", "rs7558246", "rs1986601", "rs11895265", "rs2861357", "rs3755388", "rs2044461", "rs7585767", "rs12992553", "rs4853334", "rs6708331", "rs6720799", "rs12989348", "rs7576391", "rs11677137", "rs2592177", "rs2464698", "rs2706762", "rs6546579", "rs6708754", "rs17615649"]
}
