{
  "id": "EdgeSet0152",
  "sources": ["Adygei", "Adygei", "Adygei", "Adygei", "Adygei", "Balochi", "Balochi", "Balochi", "Balochi", "BantuKenya", "BantuKenya", "BantuKenya", "BantuKenya", "BantuKenya", "BantuSouthAfrica", "BantuSouthAfrica", "BantuSouthAfrica", "BantuSouthAfrica", "Basque", "Basque", "Basque", "Basque", "Basque", "Bedouin", "Bedouin", "Bedouin", "Bedouin", "BiakaPygmy", "BiakaPygmy", "BiakaPygmy", "Burusho", "Burusho", "Cambodian", "Cambodian", "Cambodian", "Cambodian", "Cambodian", "Cambodian", "Cambodian", "Cambodian", "Colombian", "Colombian", "Colombian", "Colombian", "Daur", "Daur", "Daur", "Daur", "Daur", "Daur", "Druze", "Druze", "Kalash", "Kalash", "Lahu", "Lahu", "Lahu", "Lahu", "Mandenka", "Maya", "Maya", "Maya", "Maya", "MbutiPygmy", "Melanesian", "Melanesian", "Melanesian", "Melanesian", "Mongola", "Mongola", "Mozabite", "Mozabite", "Palestinian", "Palestinian", "Papuan", "Pima", "Pima", "Yakut"],
  "targets": ["Burusho", "Kalash", "Lahu", "Papuan", "Russian", "Burusho", "Druze", "Melanesian", "Pima", "BantuSouthAfrica", "BiakaPygmy", "Mandenka", "San", "Yoruba", "Mandenka", "MbutiPygmy", "San", "Yoruba", "Druze", "Melanesian", "Mozabite", "Palestinian", "Russian", "Burusho", "Druze", "Mozabite", "Palestinian", "MbutiPygmy", "San", "Yoruba", "Melanesian", "Uygur", "Colombian", "Lahu", "Maya", "Melanesian", "Papuan", "Pima", "Yakut", "Yi", "Kalash", "Maya", "Pima", "San", "Kalash", "Lahu", "Maya", "Mongola", "Uygur", "Yi", "Mozabite", "Palestinian", "Pima", "Russian", "Papuan", "San", "Uygur", "Yakut", "Yoruba", "Mongola", "Papuan", "Pima", "Yakut", "San", "Palestinian", "Papuan", "Uygur", "Yi", "Papuan", "Yakut", "Palestinian", "Russian", "Russian", "Uygur", "Yi", "Yakut", "Yi", "Yi"],
  "weights": [2.3003, 3.1254, 4.6247, 4.2764, 2.0878, 2.6994, 1.8969, 2.413, 3.7521, 5.7079, 4.0908, 4.4322, 9.3388, 4.4359, 4.22, 6.942, 7.4589, 4.3869, 1.7461, 2.6033, 2.0674, 1.864, 2.165, 2.0863, 1.1924, 1.4713, 1.685, 7.466, 7.1693, 4.2586, 3.3573, 2.9346, 5.1075, 4.1555, 3.1433, 3.5566, 4.7042, 3.185, 2.0887, 3.0853, 4.9431, 3.3034, 4.8701, 9.9604, 3.5549, 4.2049, 4.1735, 2.166, 2.7021, 2.4411, 1.3676, 1.4123, 3.3125, 2.9254, 5.0619, 9.1734, 4.1186, 4.8495, 2.9074, 3.0195, 4.3086, 3.0983, 2.828, 9.3452, 2.2375, 4.08, 2.3148, 3.5062, 3.6679, 1.6019, 1.7052, 1.9131, 1.9242, 2.5572, 4.1263, 2.9709, 3.5223, 2.5692],
  "loci": ["rs188729", "rs10199026", "rs12692499", "rs4541235", "rs6709632", "rs11887556", "rs6414058", "rs6739849", "rs7575529", "rs1583139", "rs1430586", "rs2380514", "rs10495614", "rs981363", "rs10495615", "rs2380510", "rs511773", "rs13022060", "rs16860443", "rs11695059", "rs6743993", "rs7579751", "rs503989", "rs494516", "rs2163324", "rs7583247", "rs1996956", "rs2177462", "rs13389002", "rs7604694", "rs13405366", "rs7600167", "rs12618935", "rs4668809", "rs6432397", "rs10929869", "rs13029546", "rs6713918", "rs1403967", "rs2221783"]
}
