{
  "id": "EdgeSet0349",
  "sources": ["Adygei", "Adygei", "Adygei", "Adygei", "Adygei", "Adygei", "Adygei", "Adygei", "Balochi", "Balochi", "Balochi", "Balochi", "BantuKenya", "BantuKenya", "BantuKenya", "BantuKenya", "BantuKenya", "BantuSouthAfrica", "BantuSouthAfrica", "BantuSouthAfrica", "BantuSouthAfrica", "Basque", "Basque", "Basque", "Basque", "Basque", "Basque", "Basque", "Bedouin", "Bedouin", "Bedouin", "BiakaPygmy", "BiakaPygmy", "BiakaPygmy", "Burusho", "Burusho", "Burusho", "Burusho", "Cambodian", "Cambodian", "Cambodian", "Cambodian", "Cambodian", "Cambodian", "Cambodian", "Colombian", "Colombian", "Colombian", "Colombian", "Daur", "Daur", "Daur", "Druze", "Druze", "Druze", "Druze", "Kalash", "Kalash", "Kalash", "Mandenka", "Mandenka", "Maya", "Maya", "Maya", "Maya", "MbutiPygmy", "Melanesian", "Melanesian", "Mongola", "Mongola", "Palestinian", "Pima", "Pima", "Russian", "Russian", "Uygur", "Yakut"],
  "targets": ["Balochi", "Basque", "Cambodian", "Melanesian", "Mongola", "Uygur", "Yakut", "Yi", "Burusho", "Kalash", "Palestinian", "Papuan", "BantuSouthAfrica", "BiakaPygmy", "Mandenka", "Papuan", "Yoruba", "Mandenka", "MbutiPygmy", "San", "Yoruba", "Bedouin", "Colombian", "Druze", "Mongola", "Palestinian", "Russian", "Uygur", "Druze", "Kalash", "Palestinian", "MbutiPygmy", "San", "Yoruba", "Colombian", "Maya", "Mozabite", "Uygur", "Daur", "Kalash", "Lahu", "Mongola", "Papuan", "Russian", "Yi", "Kalash", "Maya", "Mongola", "Pima", "Lahu", "Papuan", "Uygur", "Kalash", "Mongola", "Mozabite", "Palestinian", "Mozabite", "Russian", "Yakut", "Yakut", "Yoruba", "Melanesian", "Mongola", "Pima", "Yakut", "San", "Papuan", "Yi", "Pima", "Yi", "Yakut", "Russian", "Yi", "Uygur", "Yakut", "Yi", "Yi"],
  "weights": [2.9617, 2.7246, 2.6073, 3.2934, 3.2082, 2.1452, 2.693, 2.6666, 3.0195, 3.0602, 2.5267, 3.9272, 3.2586, 4.3548, 3.1926, 5.4405, 2.8403, 3.0924, 6.5632, 7.9183, 2.8484, 2.3818, 3.4251, 2.2331, 3.2588, 2.733, 2.7935, 2.8783, 1.8534, 2.714, 2.033, 6.6092, 7.3716, 3.7349, 2.4735, 2.3139, 2.7867, 2.607, 2.1668, 3.9666, 2.9485, 2.4685, 3.0662, 2.9987, 2.5174, 3.1936, 2.0098, 2.8491, 2.2175, 2.6739, 4.1019, 1.7919, 2.8044, 3.1532, 2.2073, 2.127, 2.7176, 2.3766, 3.1824, 5.6673, 2.3898, 4.1355, 2.0876, 1.8139, 2.5545, 6.6292, 3.0083, 3.4282, 2.5192, 2.6887, 4.0629, 3.0898, 2.8267, 2.3735, 2.8489, 2.3746, 2.6683],
  "loci": ["rs1965391", "rs11892281", "rs1425012", "rs13033324", "rs735379", "rs6704936", "rs2216963", "rs10495805", "rs2042583", "rs6712647", "rs745007", "rs6543803", "rs4670315", "rs11895528", "rs13427419", "rs10183680", "rs1425005", "rs6711736", "rs1863202", "rs1593293", "rs6750420", "rs11124359", "rs17339042", "rs1346008", "rs1425025", "rs10495809", "rs10179470", "rs1346007", "rs1346005", "rs2059443", "rs11894832", "rs2059442", "rs2059439", "rs17014711", "rs10495810", "rs6704996", "rs6708860", "rs17014748", "rs11899518", "rs1477507"]
}
