{
  "id": "EdgeSet0925",
  "sources": ["Adygei", "Adygei", "Adygei", "Adygei", "Balochi", "Balochi", "Balochi", "BantuKenya", "BantuKenya", "BantuKenya", "BantuKenya", "BantuSouthAfrica", "BantuSouthAfrica", "BantuSouthAfrica", "BantuSouthAfrica", "Basque", "Basque", "Basque", "Basque", "Basque", "Bedouin", "Bedouin", "Bedouin", "Bedouin", "BiakaPygmy", "BiakaPygmy", "BiakaPygmy", "Burusho", "Burusho", "Burusho", "Burusho", "Burusho", "Cambodian", "Cambodian", "Cambodian", "Cambodian", "Cambodian", "Colombian", "Colombian", "Daur", "Daur", "Daur", "Daur", "Druze", "Druze", "Kalash", "Lahu", "Lahu", "Lahu", "Mandenka", "Mandenka", "Maya", "Maya", "Maya", "MbutiPygmy", "Melanesian", "Mongola", "Mongola", "Mozabite", "Mozabite", "Palestinian", "Papuan", "Uygur"],
  "targets": ["Balochi", "Burusho", "Daur", "Russian", "Bedouin", "Druze", "Palestinian", "BiakaPygmy", "Mandenka", "San", "Yoruba", "BiakaPygmy", "Mandenka", "Papuan", "Yoruba", "Bedouin", "Druze", "Kalash", "Russian", "Yi", "Druze", "Mozabite", "Palestinian", "Russian", "MbutiPygmy", "San", "Yoruba", "Cambodian", "Daur", "Kalash", "Papuan", "Yi", "Colombian", "Lahu", "Melanesian", "Papuan", "Yi", "Maya", "Pima", "Melanesian", "Mongola", "Yakut", "Yi", "Mozabite", "Palestinian", "Russian", "Melanesian", "Mongola", "Uygur", "Mozabite", "Yoruba", "Palestinian", "Pima", "Yakut", "San", "Papuan", "Uygur", "Yakut", "Palestinian", "Uygur", "Russian", "Yakut", "Yakut"],
  "weights": [1.6918, 3.2263, 3.6886, 2.7389, 2.1749, 2.1739, 1.8138, 4.1273, 3.0001, 6.631, 2.9345, 4.1085, 3.6064, 6.4471, 2.9221, 2.4734, 2.3133, 3.6436, 2.4666, 4.8549, 1.4738, 1.5555, 1.6553, 2.2721, 4.6943, 5.9929, 3.8049, 3.7224, 4.6859, 4.0801, 4.2653, 4.1122, 5.1816, 3.3193, 3.0677, 3.9715, 3.5002, 3.0251, 3.1527, 4.5003, 2.3285, 3.9511, 2.9483, 1.7648, 1.6256, 3.1832, 3.7227, 3.4417, 3.3637, 4.2662, 2.9646, 5.1649, 2.3781, 6.3559, 6.5185, 4.8791, 3.1267, 3.8548, 1.8096, 3.351, 2.0042, 6.0934, 3.8027],
  "loci": ["rs12691175", "rs7582332", "rs6740105", "rs11897738", "rs7591855", "rs1955124", "rs13419188", "rs17024734", "rs7565018", "rs12467539", "rs6740234", "rs13426695", "rs11694387", "rs7419651", "rs17024792", "rs17024814", "rs7580771", "rs3811561", "rs3849377", "rs3888170", "rs3849381", "rs10165970", "rs17024869", "rs1561002", "rs965519", "rs7598826", "rs1811399", "rs2043534", "rs17024926", "rs6740935", "rs13424894", "rs1369481", "rs17654772", "rs7585886", "rs2117714", "rs12989454", "rs11894671", "rs6729727", "rs356643", "rs356642"]
}
