{
  "id": "EdgeSet0534",
  "sources": ["Adygei", "Adygei", "Adygei", "Adygei", "Adygei", "Adygei", "Balochi", "Balochi", "Balochi", "Balochi", "Balochi", "BantuKenya", "BantuKenya", "BantuKenya", "BantuKenya", "BantuSouthAfrica", "BantuSouthAfrica", "BantuSouthAfrica", "BantuSouthAfrica", "Basque", "Basque", "Basque", "Basque", "Basque", "Basque", "Bedouin", "Bedouin", "Bedouin", "Bedouin", "Bedouin", "BiakaPygmy", "BiakaPygmy", "BiakaPygmy", "BiakaPygmy", "Burusho", "Burusho", "Burusho", "Burusho", "Cambodian", "Cambodian", "Cambodian", "Cambodian", "Cambodian", "Cambodian", "Colombian", "Colombian", "Colombian", "Colombian", "Colombian", "Daur", "Daur", "Daur", "Druze", "Druze", "Druze", "Druze", "Kalash", "Lahu", "Lahu", "Lahu", "Mandenka", "Maya", "Maya", "MbutiPygmy", "MbutiPygmy", "Melanesian", "Melanesian", "Melanesian", "Melanesian", "Melanesian", "Melanesian", "Melanesian", "Mongola", "Mozabite", "Mozabite", "Palestinian", "Papuan", "Papuan", "Papuan", "Pima", "Uygur", "Yakut"],
  "targets": ["Balochi", "Bedouin", "Kalash", "Palestinian", "Russian", "Yi", "Bedouin", "Burusho", "Druze", "Kalash", "Melanesian", "BantuSouthAfrica", "Mandenka", "MbutiPygmy", "Yoruba", "BiakaPygmy", "Mandenka", "San", "Yoruba", "Druze", "Kalash", "Mozabite", "Papuan", "Russian", "San", "Druze", "Kalash", "Palestinian", "Russian", "Uygur", "Mandenka", "MbutiPygmy", "San", "Yoruba", "Lahu", "Mongola", "Papuan", "Russian", "Daur", "Kalash", "Lahu", "Melanesian", "Uygur", "Yi", "Lahu", "Melanesian", "Mozabite", "Pima", "Yi", "Mongola", "Yakut", "Yi", "Melanesian", "Mozabite", "Palestinian", "Russian", "Yoruba", "Pima", "Yakut", "Yi", "Yoruba", "Mongola", "Pima", "San", "Yoruba", "Mozabite", "Palestinian", "Papuan", "Pima", "Russian", "Uygur", "Yi", "Yi", "Palestinian", "Uygur", "Russian", "San", "Uygur", "Yakut", "Yakut", "Yakut", "Yi"],
  "weights": [1.6212, 1.8653, 2.0068, 2.0379, 2.4327, 3.2641, 1.8963, 2.6911, 2.2661, 2.215, 2.9508, 3.197, 2.8091, 5.6973, 3.202, 3.6047, 3.2297, 10.5228, 2.9508, 2.8524, 3.2781, 2.9885, 5.4734, 3.1554, 12.645, 2.0939, 2.1349, 1.9107, 2.3879, 2.4499, 3.6558, 5.4512, 10.6118, 3.2398, 3.4425, 3.3568, 5.0558, 2.5555, 2.6493, 3.3355, 3.1309, 2.8486, 2.7271, 2.7501, 3.2897, 3.5703, 4.1261, 3.5359, 3.0893, 2.3088, 2.0427, 2.419, 3.9858, 2.3571, 1.7604, 2.2924, 4.1744, 3.4965, 2.9982, 2.8416, 2.5249, 2.7526, 1.7488, 9.4662, 5.731, 3.8378, 3.2454, 5.1781, 4.9443, 3.5336, 2.5048, 2.9379, 3.0549, 2.1385, 2.698, 2.2433, 12.5255, 4.2707, 3.871, 3.1292, 2.3712, 2.7089],
  "loci": ["rs10185615", "rs1159705", "rs4971626", "rs17039213", "rs7593733", "rs17489439", "rs13386956", "rs12328055", "rs2139156", "rs10171772", "rs1914779", "rs7349353", "rs1518823", "rs7595014", "rs1006318", "rs870168", "rs7602969", "rs11903512", "rs17039328", "rs7586200", "rs7562270", "rs1518834", "rs885560", "rs17039353", "rs925931", "rs12466419", "rs10495983", "rs1421570", "rs1363047", "rs11889255", "rs17490406", "rs10495985", "rs13022806", "rs12998574", "rs1156742", "rs11891766", "rs1836546", "rs971732", "rs1045881", "rs10495988"]
}
