{
  "id": "EdgeSet0544",
  "sources": ["Adygei", "Adygei", "Adygei", "Adygei", "Adygei", "Adygei", "Adygei", "Balochi", "Balochi", "Balochi", "Balochi", "Balochi", "Balochi", "BantuKenya", "BantuKenya", "BantuKenya", "BantuKenya", "BantuKenya", "BantuSouthAfrica", "BantuSouthAfrica", "BantuSouthAfrica", "BantuSouthAfrica", "Basque", "Basque", "Basque", "Basque", "Basque", "Bedouin", "Bedouin", "Bedouin", "Bedouin", "Bedouin", "BiakaPygmy", "BiakaPygmy", "BiakaPygmy", "BiakaPygmy", "Burusho", "Burusho", "Cambodian", "Cambodian", "Cambodian", "Colombian", "Colombian", "Colombian", "Colombian", "Daur", "Daur", "Daur", "Daur", "Druze", "Druze", "Druze", "Kalash", "Kalash", "Lahu", "Lahu", "Mandenka", "Mandenka", "Maya", "Maya", "Maya", "MbutiPygmy", "Melanesian", "Melanesian", "Mongola", "Mongola", "Mongola", "Mozabite", "Mozabite", "Palestinian", "Papuan", "Uygur", "Yakut"],
  "targets": ["Balochi", "Basque", "Burusho", "Kalash", "Mozabite", "Palestinian", "Russian", "Bedouin", "Burusho", "Cambodian", "Kalash", "Palestinian", "Uygur", "BiakaPygmy", "Maya", "MbutiPygmy", "Yi", "Yoruba", "BiakaPygmy", "Mandenka", "MbutiPygmy", "Yoruba", "Burusho", "Druze", "Mozabite", "Palestinian", "Russian", "Cambodian", "Druze", "Kalash", "Lahu", "Russian", "Mandenka", "MbutiPygmy", "San", "Yoruba", "Palestinian", "Yakut", "Colombian", "Daur", "Pima", "Maya", "MbutiPygmy", "Papuan", "Pima", "Mongola", "Uygur", "Yakut", "Yi", "Kalash", "Mongola", "Russian", "Melanesian", "Mozabite", "Melanesian", "Palestinian", "San", "Yoruba", "Pima", "Uygur", "Yakut", "San", "Papuan", "Yakut", "Uygur", "Yakut", "Yi", "Palestinian", "Russian", "Uygur", "San", "Yakut", "Yi"],
  "weights": [1.9713, 2.1129, 2.2207, 2.5262, 2.2553, 1.7835, 1.8267, 1.8465, 2.4422, 2.7791, 2.6559, 2.087, 2.5695, 4.4954, 5.3182, 5.5235, 5.1214, 3.8778, 2.5667, 3.1014, 3.6495, 2.9473, 2.318, 2.4537, 2.45, 1.9316, 1.9924, 2.8067, 2.3198, 3.1961, 2.9444, 2.2465, 3.1285, 3.902, 4.7013, 3.2233, 2.3321, 3.733, 3.2202, 2.1607, 3.9913, 3.1365, 6.9897, 6.3307, 4.0123, 2.7209, 2.7147, 2.6615, 2.4933, 2.7604, 3.4306, 2.2089, 4.1017, 2.865, 4.3327, 2.8945, 5.9633, 2.615, 2.773, 3.5416, 3.346, 5.5853, 3.5814, 3.9443, 2.6946, 2.7222, 3.0991, 2.1919, 2.2155, 2.7842, 8.8693, 2.7927, 3.1345],
  "loci": ["rs7582692", "rs6733430", "rs17040885", "rs4467312", "rs988179", "rs2216784", "rs10183349", "rs1469157", "rs17040897", "rs11125321", "rs12464548", "rs11691013", "rs13391995", "rs2194385", "rs1469160", "rs10182729", "rs2018909", "rs17480512", "rs918807", "rs2048979", "rs12713120", "rs858953", "rs1518551", "rs9752732", "rs719645", "rs991566", "rs858928", "rs858930", "rs4246580", "rs2194390", "rs1559474", "rs918808", "rs9309189", "rs9309190", "rs9752126", "rs12474639", "rs2081295", "rs17501068", "rs17560229", "rs1518548"]
}
