{
  "id": "EdgeSet0396",
  "sources": ["Adygei", "Adygei", "Adygei", "Adygei", "Adygei", "Adygei", "Adygei", "Balochi", "Balochi", "Balochi", "Balochi", "Balochi", "Balochi", "BantuKenya", "BantuKenya", "BantuKenya", "BantuKenya", "BantuKenya", "BantuSouthAfrica", "BantuSouthAfrica", "BantuSouthAfrica", "BantuSouthAfrica", "BantuSouthAfrica", "Basque", "Basque", "Bedouin", "Bedouin", "Bedouin", "Bedouin", "BiakaPygmy", "BiakaPygmy", "BiakaPygmy", "Burusho", "Burusho", "Burusho", "Burusho", "Burusho", "Cambodian", "Cambodian", "Cambodian", "Colombian", "Colombian", "Colombian", "Colombian", "Colombian", "Colombian", "Colombian", "Colombian", "Daur", "Daur", "Daur", "Daur", "Druze", "Druze", "Kalash", "Kalash", "Kalash", "Kalash", "Kalash", "Lahu", "Lahu", "Mandenka", "Mandenka", "Mandenka", "Maya", "Maya", "MbutiPygmy", "MbutiPygmy", "Melanesian", "Melanesian", "Mongola", "Mongola", "Mongola", "Mongola", "Mozabite", "Palestinian", "Pima", "Pima", "Russian", "San", "Uygur", "Uygur"],
  "targets": ["Balochi", "Basque", "Bedouin", "Mozabite", "Papuan", "Russian", "Yi", "Druze", "Kalash", "Mozabite", "Palestinian", "Russian", "Yi", "BantuSouthAfrica", "BiakaPygmy", "Mandenka", "San", "Yoruba", "BiakaPygmy", "Mandenka", "MbutiPygmy", "San", "Yoruba", "Kalash", "Russian", "Burusho", "Druze", "Mozabite", "Palestinian", "MbutiPygmy", "San", "Yoruba", "Lahu", "Melanesian", "Palestinian", "Russian", "Uygur", "Colombian", "Lahu", "Mongola", "Daur", "Lahu", "Maya", "Melanesian", "Mongola", "Papuan", "Yakut", "Yi", "Lahu", "Maya", "Mongola", "Yi", "Kalash", "Palestinian", "Mongola", "Palestinian", "Papuan", "Uygur", "Yi", "Maya", "Uygur", "MbutiPygmy", "Mozabite", "Yoruba", "Mongola", "Russian", "Melanesian", "Pima", "Papuan", "Yakut", "Pima", "Uygur", "Yakut", "Yi", "Pima", "Russian", "Yakut", "Yi", "Yakut", "Yakut", "Yakut", "Yi"],
  "weights": [2.0914, 2.3868, 2.5074, 3.176, 3.0393, 1.9894, 3.2968, 1.2731, 2.015, 3.2268, 2.1315, 2.0978, 3.9832, 3.5961, 3.9606, 3.3168, 6.3407, 2.7025, 4.38, 3.4596, 5.2379, 6.7624, 3.5404, 2.5037, 2.3261, 2.9884, 1.8017, 3.0848, 2.1952, 5.5936, 6.7722, 4.0861, 2.8253, 4.316, 2.7768, 2.4201, 2.5625, 2.2254, 2.2028, 2.2385, 2.4273, 1.6686, 1.9064, 4.1919, 2.0683, 3.4736, 3.361, 2.3688, 2.2571, 2.4268, 2.6165, 2.5262, 2.1093, 2.1086, 4.1114, 2.6534, 3.138, 2.8234, 3.7852, 1.9001, 2.3639, 4.6257, 4.6006, 2.6097, 1.9395, 3.1195, 6.988, 6.9193, 4.0022, 4.5431, 3.1931, 2.1472, 2.881, 2.3848, 3.7983, 2.3358, 3.6707, 3.6774, 3.4209, 9.3427, 2.9959, 2.5991],
  "loci": ["rs7584680", "rs6544115", "rs7565287", "rs6544117", "rs6716296", "rs1900234", "rs11687301", "rs1446297", "rs10193252", "rs1446296", "rs17021813", "rs6544127", "rs10181021", "rs2373327", "rs17412098", "rs17412126", "rs4670230", "rs7595482", "rs336037", "rs336035", "rs336031", "rs17021886", "rs336030", "rs10192788", "rs17021897", "rs6741148", "rs7557493", "rs163077", "rs163078", "rs2855658", "rs10916", "rs1800440", "rs9341252", "rs162556", "rs10175338", "rs2447753", "rs2435962", "rs149425", "rs17490770", "rs162329"]
}
