{
  "id": "EdgeSet0466",
  "sources": ["Adygei", "Adygei", "Adygei", "Adygei", "Adygei", "Balochi", "Balochi", "Balochi", "Balochi", "BantuKenya", "BantuKenya", "BantuKenya", "BantuSouthAfrica", "BantuSouthAfrica", "BantuSouthAfrica", "BantuSouthAfrica", "Basque", "Basque", "Basque", "Basque", "Basque", "Bedouin", "Bedouin", "Bedouin", "BiakaPygmy", "BiakaPygmy", "BiakaPygmy", "Burusho", "Burusho", "Burusho", "Burusho", "Burusho", "Burusho", "Cambodian", "Cambodian", "Cambodian", "Cambodian", "Cambodian", "Colombian", "Colombian", "Colombian", "Colombian", "Colombian", "Daur", "Daur", "Daur", "Daur", "Daur", "Daur", "Daur", "Druze", "Kalash", "Lahu", "Lahu", "Mandenka", "Maya", "Maya", "MbutiPygmy", "Melanesian", "Melanesian", "Mongola", "Mongola", "Mongola", "Mozabite", "Mozabite", "Pima", "Russian", "Uygur", "Yakut"],
  "targets": ["Balochi", "Basque", "Druze", "Palestinian", "Russian", "Bedouin", "Kalash", "Mozabite", "Uygur", "BiakaPygmy", "Mandenka", "MbutiPygmy", "BiakaPygmy", "Mandenka", "San", "Yoruba", "Bedouin", "Burusho", "Druze", "Palestinian", "Russian", "Druze", "Mandenka", "Palestinian", "MbutiPygmy", "Pima", "Yoruba", "Daur", "Kalash", "Melanesian", "Mongola", "Papuan", "Uygur", "Lahu", "Maya", "Melanesian", "Mongola", "Pima", "Lahu", "Maya", "Melanesian", "Pima", "San", "Kalash", "Lahu", "Maya", "Mongola", "Mozabite", "Yakut", "Yi", "Mozabite", "Palestinian", "Uygur", "Yi", "Yoruba", "Pima", "Yakut", "San", "Papuan", "San", "Papuan", "Pima", "Yakut", "Palestinian", "Russian", "Yi", "Uygur", "Yi", "Yi"],
  "weights": [2.404, 2.5455, 2.5568, 2.4609, 3.1189, 2.3515, 2.6719, 2.524, 3.0799, 3.0724, 3.8707, 4.1298, 3.6532, 2.9317, 8.8092, 2.2908, 2.1442, 2.9443, 1.9637, 2.1616, 3.2333, 1.9191, 3.8416, 1.4966, 4.8568, 4.4201, 3.7902, 3.4924, 3.457, 5.2128, 3.7269, 4.8281, 3.2887, 2.6391, 2.9293, 4.8688, 2.4234, 2.3525, 4.6914, 2.9069, 6.033, 3.991, 11.0318, 3.1138, 2.8974, 3.04, 2.9936, 4.2086, 2.3069, 2.5743, 2.3601, 2.6941, 3.0444, 2.6408, 1.9539, 2.8036, 2.7004, 8.543, 3.779, 11.7608, 3.83, 2.6658, 2.4762, 2.1475, 3.3925, 2.6594, 3.3992, 3.0669, 2.7527],
  "loci": ["rs7565620", "rs341595", "rs572753", "rs526351", "rs12465198", "rs10203604", "rs11674185", "rs12464007", "rs559396", "rs477177", "rs340508", "rs737448", "rs521095", "rs6740875", "rs6712009", "rs17041592", "rs163519", "rs6707760", "rs7575543", "rs1470524", "rs163521", "rs163522", "rs503982", "rs3738976", "rs163525", "rs2271623", "rs1561227", "rs2673270", "rs173076", "rs2048774", "rs1983312", "rs4953156", "rs163507", "rs908279", "rs4953161", "rs535137", "rs541473", "rs486218", "rs486930", "rs4953167"]
}
