{
  "id": "EdgeSet0913",
  "sources": ["Adygei", "Adygei", "Adygei", "Adygei", "Adygei", "Adygei", "Balochi", "Balochi", "Balochi", "Balochi", "Balochi", "Balochi", "BantuKenya", "BantuKenya", "BantuKenya", "BantuKenya", "BantuKenya", "BantuSouthAfrica", "BantuSouthAfrica", "BantuSouthAfrica", "BantuSouthAfrica", "Basque", "Basque", "Basque", "Basque", "Basque", "Bedouin", "Bedouin", "Bedouin", "Bedouin", "BiakaPygmy", "BiakaPygmy", "BiakaPygmy", "Burusho", "Burusho", "Burusho", "Burusho", "Burusho", "Cambodian", "Cambodian", "Cambodian", "Cambodian", "Colombian", "Colombian", "Colombian", "Colombian", "Daur", "Daur", "Daur", "Daur", "Druze", "Kalash", "Kalash", "Lahu", "Mandenka", "Mandenka", "Maya", "Maya", "Maya", "Maya", "Maya", "MbutiPygmy", "MbutiPygmy", "Melanesian", "Melanesian", "Mongola", "Mongola", "Mongola", "Mozabite", "Mozabite", "Mozabite", "Papuan", "Russian", "Russian", "San"],
  "targets": ["Basque", "Bedouin", "Druze", "Kalash", "Lahu", "Palestinian", "Basque", "Bedouin", "Burusho", "Druze", "Kalash", "Russian", "BantuSouthAfrica", "Mandenka", "MbutiPygmy", "San", "Yoruba", "Mandenka", "MbutiPygmy", "San", "Yoruba", "Bedouin", "Burusho", "Daur", "Kalash", "Mozabite", "Burusho", "Cambodian", "Druze", "Palestinian", "Mandenka", "MbutiPygmy", "San", "Daur", "Kalash", "Lahu", "Mozabite", "Papuan", "Daur", "Kalash", "Uygur", "Yakut", "MbutiPygmy", "Pima", "San", "Yi", "Lahu", "Mongola", "Yakut", "Yoruba", "Palestinian", "Russian", "Uygur", "Mongola", "MbutiPygmy", "Yoruba", "Pima", "Russian", "Uygur", "Yakut", "Yi", "Melanesian", "San", "Papuan", "San", "Uygur", "Yakut", "Yi", "Palestinian", "Papuan", "Yoruba", "Uygur", "Uygur", "Yi", "Yoruba"],
  "weights": [2.349, 1.8316, 1.9152, 2.0191, 3.5314, 1.7373, 2.4552, 1.7396, 2.1129, 1.5795, 1.8469, 3.71, 4.0541, 2.8916, 6.2471, 7.961, 3.358, 4.2305, 6.3851, 6.1406, 4.0002, 2.7109, 2.338, 3.4687, 2.0639, 1.9565, 1.8869, 2.2859, 1.4635, 1.5236, 5.7631, 6.8803, 8.4902, 3.7771, 1.6662, 3.2764, 2.2031, 2.9081, 2.6794, 2.2343, 2.4087, 3.646, 12.5025, 5.6192, 13.0452, 9.381, 3.1353, 2.3752, 3.1932, 4.8171, 1.3124, 3.1942, 2.4583, 2.7121, 7.3715, 2.9932, 4.397, 5.9625, 6.4917, 5.5677, 5.0706, 8.1761, 8.933, 4.5337, 8.9052, 2.2397, 3.4775, 3.3065, 1.3711, 3.7052, 3.1822, 3.0735, 3.8486, 4.2191, 6.2851],
  "loci": ["rs10208260", "rs4851178", "rs13385547", "rs13397765", "rs10181422", "rs6542847", "rs988825", "rs9679602", "rs13396584", "rs12611907", "rs896884", "rs11692699", "rs6717729", "rs2516835", "rs2309582", "rs4851194", "rs7603462", "rs17760953", "rs12053519", "rs7567462", "rs2309615", "rs1922624", "rs1922625", "rs6722617", "rs7589893", "rs17022564", "rs7579143", "rs11902994", "rs717454", "rs3792152", "rs17763718", "rs3087395", "rs12479064", "rs3087386", "rs1451245", "rs3087403", "rs3792135", "rs10207981", "rs737094", "rs1011633"]
}
