{
  "id": "EdgeSet0283",
  "sources": ["Adygei", "Adygei", "Adygei", "Adygei", "Adygei", "Balochi", "Balochi", "Balochi", "Balochi", "Balochi", "Balochi", "BantuKenya", "BantuKenya", "BantuKenya", "BantuKenya", "BantuKenya", "BantuSouthAfrica", "BantuSouthAfrica", "BantuSouthAfrica", "BantuSouthAfrica", "Basque", "Basque", "Bedouin", "Bedouin", "Bedouin", "BiakaPygmy", "BiakaPygmy", "Burusho", "Burusho", "Burusho", "Burusho", "Burusho", "Cambodian", "Cambodian", "Cambodian", "Cambodian", "Cambodian", "Cambodian", "Cambodian", "Colombian", "Colombian", "Daur", "Daur", "Druze", "Druze", "Druze", "Kalash", "Kalash", "Kalash", "Lahu", "Lahu", "Lahu", "Lahu", "Lahu", "Mandenka", "Mandenka", "Mandenka", "MbutiPygmy", "MbutiPygmy", "MbutiPygmy", "Melanesian", "Melanesian", "Melanesian", "Mongola", "Mongola", "Mozabite", "Papuan", "Papuan", "Pima", "Russian", "San", "Uygur"],
  "targets": ["Basque", "Bedouin", "Druze", "Kalash", "Russian", "Basque", "Bedouin", "Kalash", "Maya", "Russian", "Uygur", "BiakaPygmy", "Mandenka", "MbutiPygmy", "San", "Yoruba", "BiakaPygmy", "Lahu", "Mandenka", "Yoruba", "Mozabite", "Russian", "Druze", "Kalash", "Palestinian", "MbutiPygmy", "Yoruba", "Kalash", "Mongola", "Uygur", "Yakut", "Yi", "Daur", "Lahu", "Melanesian", "Mongola", "Papuan", "Uygur", "Yi", "Maya", "Pima", "Yakut", "Yi", "Mozabite", "Palestinian", "Russian", "Mandenka", "Mozabite", "Russian", "Melanesian", "Mongola", "Papuan", "Yakut", "Yi", "MbutiPygmy", "San", "Yoruba", "Pima", "San", "Yoruba", "Papuan", "Yakut", "Yi", "Uygur", "Yi", "Yoruba", "Uygur", "Yakut", "San", "Uygur", "Yoruba", "Yi"],
  "weights": [2.6954, 2.4884, 2.3281, 3.0066, 2.4885, 2.6708, 1.8646, 2.2187, 3.8124, 2.0189, 2.1788, 4.9017, 3.0976, 3.7821, 7.4843, 3.3348, 4.1587, 4.7662, 3.4956, 3.6582, 3.5749, 2.11, 1.4042, 2.2904, 1.5057, 5.3411, 5.1854, 3.8471, 2.1449, 2.6349, 3.1546, 2.4956, 2.3432, 2.6187, 3.4852, 2.2453, 3.2925, 2.4004, 2.0575, 2.1987, 3.2742, 2.1481, 1.7226, 2.821, 1.6095, 1.8726, 4.9956, 3.3443, 2.5153, 3.5846, 2.5352, 3.4022, 3.0051, 2.6058, 4.3107, 7.5875, 3.1735, 7.1667, 8.587, 4.3637, 3.1367, 4.8537, 3.6922, 2.2741, 1.7697, 4.7539, 3.5637, 4.1383, 10.418, 2.6853, 7.3128, 2.256],
  "loci": ["rs4666086", "rs6547857", "rs13029005", "rs7589034", "rs6744005", "rs10205008", "rs7600983", "rs1881254", "rs9309663", "rs11680168", "rs11127168", "rs1997267", "rs2141326", "rs12617735", "rs17741435", "rs871872", "rs11679308", "rs10186460", "rs1881251", "rs2338545", "rs877832", "rs7595633", "rs4666103", "rs4666104", "rs7559815", "rs4665429", "rs12993525", "rs1534477", "rs7557449", "rs11685766", "rs1534476", "rs6750615", "rs6731076", "rs1534480", "rs4666112", "rs4530322", "rs6713845", "rs2199619", "rs3752901", "rs3752899"]
}
