{
  "id": "EdgeSet0057",
  "sources": ["Adygei", "Adygei", "Adygei", "Adygei", "Adygei", "Balochi", "Balochi", "Balochi", "Balochi", "Balochi", "BantuKenya", "BantuKenya", "BantuKenya", "BantuKenya", "BantuKenya", "BantuKenya", "BantuSouthAfrica", "BantuSouthAfrica", "BantuSouthAfrica", "BantuSouthAfrica", "BantuSouthAfrica", "Basque", "Basque", "Basque", "Basque", "Basque", "Bedouin", "Bedouin", "Bedouin", "Bedouin", "BiakaPygmy", "BiakaPygmy", "BiakaPygmy", "BiakaPygmy", "Burusho", "Burusho", "Burusho", "Burusho", "Burusho", "Cambodian", "Cambodian", "Cambodian", "Colombian", "Colombian", "Colombian", "Colombian", "Daur", "Daur", "Daur", "Daur", "Daur", "Daur", "Kalash", "Kalash", "Lahu", "Mandenka", "Mandenka", "Mandenka", "Mandenka", "Maya", "Maya", "MbutiPygmy", "MbutiPygmy", "MbutiPygmy", "Melanesian", "Melanesian", "Mongola", "Mongola", "Mozabite", "Mozabite", "Palestinian", "Papuan", "Pima", "Yakut"],
  "targets": ["Balochi", "Bedouin", "Colombian", "Druze", "Kalash", "Bedouin", "Druze", "Kalash", "Palestinian", "Pima", "BantuSouthAfrica", "BiakaPygmy", "Mandenka", "Pima", "San", "Yoruba", "BiakaPygmy", "Burusho", "Melanesian", "Mozabite", "Yoruba", "Bedouin", "Druze", "Kalash", "Palestinian", "Uygur", "Melanesian", "Mozabite", "Palestinian", "Uygur", "Mandenka", "MbutiPygmy", "San", "Yoruba", "Colombian", "Druze", "Kalash", "Maya", "Mozabite", "Lahu", "Mongola", "Papuan", "Kalash", "Maya", "Pima", "San", "Lahu", "Mongola", "Palestinian", "Uygur", "Yakut", "Yi", "Melanesian", "Russian", "Mongola", "Mozabite", "Papuan", "Pima", "Yoruba", "Pima", "Yakut", "Papuan", "San", "Yoruba", "Papuan", "Pima", "Yakut", "Yi", "Pima", "Yoruba", "Russian", "San", "Yi", "Yi"],
  "weights": [1.6721, 1.9979, 3.3745, 2.0143, 2.1561, 1.7317, 2.1614, 2.0425, 2.1926, 3.5575, 3.4137, 3.2533, 2.7717, 4.9335, 6.3089, 2.8535, 3.52, 4.9021, 6.0939, 3.5802, 3.2587, 2.0514, 2.1331, 2.6784, 2.0135, 2.6133, 3.7026, 2.9356, 1.9061, 2.3386, 2.9998, 4.8627, 6.6046, 2.9474, 2.9055, 3.0782, 3.5504, 2.5933, 3.5832, 2.0052, 3.1646, 4.3855, 3.6719, 2.9162, 3.5088, 8.9737, 1.7603, 2.5552, 4.4957, 2.4904, 2.513, 2.4913, 3.8527, 2.6561, 2.526, 2.9101, 5.5605, 4.8282, 2.0632, 2.4437, 3.2946, 6.5324, 8.261, 5.2295, 4.4235, 4.3838, 3.5539, 2.9533, 4.1779, 3.0732, 2.4728, 8.7876, 4.7838, 2.7757],
  "loci": ["rs9287671", "rs11692942", "rs4552162", "rs13393547", "rs11690345", "rs6731394", "rs12613788", "rs12692403", "rs3943477", "rs12692422", "rs766144", "rs1154756", "rs986723", "rs731436", "rs13015498", "rs13403240", "rs1453774", "rs4668780", "rs963964", "rs6732278", "rs11685553", "rs1869408", "rs1869410", "rs12463884", "rs7572452", "rs9287657", "rs1453798", "rs4670034", "rs7577322", "rs4668488", "rs10175380", "rs17331611", "rs16863430", "rs7593216", "rs16863440", "rs16863442", "rs13421030", "rs9287678", "rs1869407", "rs10210050"]
}
