{
  "id": "EdgeSet0226",
  "sources": ["Adygei", "Adygei", "Adygei", "Adygei", "Adygei", "Adygei", "Balochi", "Balochi", "Balochi", "Balochi", "Balochi", "BantuKenya", "BantuKenya", "BantuKenya", "BantuKenya", "BantuKenya", "BantuKenya", "BantuSouthAfrica", "BantuSouthAfrica", "BantuSouthAfrica", "BantuSouthAfrica", "Basque", "Basque", "Basque", "Basque", "Basque", "Bedouin", "Bedouin", "Bedouin", "BiakaPygmy", "BiakaPygmy", "BiakaPygmy", "BiakaPygmy", "Burusho", "Burusho", "Burusho", "Cambodian", "Cambodian", "Cambodian", "Colombian", "Colombian", "Colombian", "Colombian", "Daur", "Daur", "Daur", "Daur", "Daur", "Druze", "Druze", "Druze", "Kalash", "Kalash", "Kalash", "Kalash", "Lahu", "Lahu", "Lahu", "Lahu", "Lahu", "Mandenka", "Mandenka", "Maya", "Maya", "MbutiPygmy", "MbutiPygmy", "MbutiPygmy", "Melanesian", "Melanesian", "Melanesian", "Melanesian", "Mongola", "Mongola", "Mongola", "Mongola", "Mongola", "Mozabite", "Mozabite", "Mozabite", "Papuan", "Pima", "Yakut"],
  "targets": ["Druze", "Melanesian", "Palestinian", "Papuan", "Pima", "Russian", "Burusho", "Colombian", "Druze", "Mongola", "Uygur", "BantuSouthAfrica", "Basque", "Mandenka", "MbutiPygmy", "San", "Yoruba", "BiakaPygmy", "Mandenka", "San", "Yoruba", "Kalash", "Maya", "Russian", "Yakut", "Yi", "Druze", "Mozabite", "Palestinian", "Mandenka", "MbutiPygmy", "San", "Yoruba", "Cambodian", "Lahu", "Papuan", "Colombian", "Daur", "Mongola", "Maya", "Palestinian", "Pima", "Yi", "Melanesian", "Papuan", "Russian", "Uygur", "Yakut", "Palestinian", "Papuan", "Russian", "MbutiPygmy", "Melanesian", "Mozabite", "Pima", "Mongola", "Mozabite", "Papuan", "Pima", "Uygur", "San", "Yoruba", "Pima", "Yi", "Mongola", "San", "Yoruba", "Mongola", "Papuan", "Uygur", "Yakut", "Mozabite", "Pima", "Uygur", "Yakut", "Yi", "Palestinian", "Pima", "Yi", "Yakut", "Yi", "Yi"],
  "weights": [2.0036, 3.9865, 2.2956, 2.9683, 3.1133, 2.6316, 2.662, 4.0021, 2.33, 3.1178, 2.477, 3.5152, 5.3468, 3.4282, 6.8705, 5.9882, 3.2023, 4.0725, 3.2272, 5.0285, 3.2496, 3.4804, 4.8385, 2.4715, 2.9487, 4.5121, 2.0936, 3.1992, 1.7076, 3.8924, 6.4506, 4.8855, 3.5342, 2.7056, 3.0633, 2.7964, 4.0358, 2.8382, 3.1309, 3.1418, 5.4102, 3.7141, 3.789, 2.3259, 2.0822, 3.8349, 2.3186, 1.776, 1.8799, 2.7712, 2.6897, 7.303, 4.0028, 4.225, 3.834, 3.0747, 3.861, 2.9559, 2.7296, 2.4101, 5.4055, 2.7216, 3.8696, 3.6634, 7.7217, 8.5494, 6.2635, 3.6256, 2.1269, 2.9698, 2.6035, 3.9207, 3.0167, 2.8111, 2.8854, 3.349, 3.1013, 4.8227, 4.1308, 2.3594, 3.1179, 3.1274],
  "loci": ["rs7595132", "rs13031724", "rs16987893", "rs10208913", "rs4666439", "rs12999289", "rs17662495", "rs3732151", "rs896733", "rs13003661", "rs2305458", "rs11695134", "rs934601", "rs13396891", "rs1865678", "rs11680086", "rs7586298", "rs4666321", "rs11892050", "rs2304423", "rs4666453", "rs1550104", "rs1013363", "rs7589372", "rs1079171", "rs3732148", "rs746776", "rs11678116", "rs3072", "rs9679195", "rs7255", "rs11903198", "rs11675383", "rs11693547", "rs9085", "rs7562230", "rs6531253", "rs13385191", "rs340595", "rs340596"]
}
