{
  "id": "EdgeSet0178",
  "sources": ["Adygei", "Adygei", "Adygei", "Adygei", "Adygei", "Adygei", "Balochi", "Balochi", "Balochi", "Balochi", "Balochi", "BantuKenya", "BantuKenya", "BantuKenya", "BantuSouthAfrica", "BantuSouthAfrica", "BantuSouthAfrica", "Basque", "Basque", "Basque", "Basque", "Bedouin", "Bedouin", "Bedouin", "Bedouin", "Bedouin", "BiakaPygmy", "BiakaPygmy", "BiakaPygmy", "Burusho", "Burusho", "Burusho", "Cambodian", "Cambodian", "Cambodian", "Cambodian", "Cambodian", "Cambodian", "Colombian", "Colombian", "Colombian", "Colombian", "Daur", "Daur", "Daur", "Daur", "Daur", "Druze", "Druze", "Lahu", "Lahu", "Lahu", "Lahu", "Mandenka", "Maya", "MbutiPygmy", "MbutiPygmy", "Melanesian", "Melanesian", "Melanesian", "Mongola", "Mongola", "Mongola", "Mongola", "Mozabite", "Palestinian", "Palestinian", "Papuan", "Pima", "Russian", "Uygur"],
  "targets": ["Basque", "Bedouin", "Druze", "Kalash", "Pima", "Uygur", "Burusho", "Kalash", "Maya", "Palestinian", "Yi", "BiakaPygmy", "Mandenka", "Yoruba", "Mandenka", "San", "Yoruba", "Bedouin", "Druze", "Mozabite", "Russian", "Druze", "Maya", "Mozabite", "Palestinian", "Russian", "MbutiPygmy", "San", "Yoruba", "Lahu", "Mozabite", "Uygur", "Daur", "Lahu", "Melanesian", "Mongola", "Pima", "Yi", "Maya", "Melanesian", "Papuan", "Pima", "Lahu", "Melanesian", "Mongola", "Uygur", "Yakut", "Mozabite", "Palestinian", "MbutiPygmy", "Papuan", "Yakut", "Yi", "Yoruba", "Pima", "San", "Yoruba", "Mongola", "Papuan", "Yakut", "Papuan", "Uygur", "Yakut", "Yi", "Russian", "Russian", "Uygur", "Pima", "Russian", "Uygur", "Yakut"],
  "weights": [2.3063, 1.7236, 1.6372, 2.4273, 4.8993, 2.6591, 2.421, 2.5705, 3.9488, 2.4264, 4.7346, 5.5118, 2.5727, 2.8968, 2.8593, 8.125, 3.2356, 2.3219, 2.2929, 2.3736, 2.7808, 1.2277, 3.6741, 1.5883, 1.4505, 1.8491, 5.253, 7.8971, 5.0447, 4.6961, 2.7679, 2.8617, 3.009, 3.8943, 3.4681, 3.245, 4.8898, 3.7565, 3.623, 5.0875, 5.4489, 5.2362, 3.2057, 2.9701, 2.4827, 3.3231, 2.8397, 1.6042, 1.5804, 8.8242, 3.9566, 3.6822, 3.4952, 2.1793, 5.1022, 9.0323, 5.6579, 2.8998, 4.0937, 3.171, 3.7742, 2.9005, 2.575, 2.9608, 2.0137, 2.0346, 2.785, 5.3128, 5.6841, 2.59, 2.299],
  "loci": ["rs340749", "rs16982209", "rs11096721", "rs340747", "rs2333979", "rs733555", "rs11894986", "rs340740", "rs629526", "rs340758", "rs340778", "rs340802", "rs163772", "rs7355442", "rs11690983", "rs10495650", "rs919432", "rs13385414", "rs891275", "rs12710671", "rs12710675", "rs1367160", "rs1156704", "rs6531084", "rs6757623", "rs2340759", "rs983249", "rs1430060", "rs1835319", "rs1367158", "rs11884584", "rs2115849", "rs16982320", "rs4832591", "rs2115850", "rs934224", "rs6746008", "rs7563815", "rs4832615", "rs13012094"]
}
