{
  "id": "EdgeSet0997",
  "sources": ["Adygei", "Adygei", "Adygei", "Adygei", "Adygei", "Balochi", "Balochi", "Balochi", "Balochi", "BantuKenya", "BantuKenya", "BantuKenya", "BantuKenya", "BantuSouthAfrica", "BantuSouthAfrica", "BantuSouthAfrica", "BantuSouthAfrica", "Basque", "Basque", "Basque", "Basque", "Basque", "Bedouin", "Bedouin", "Bedouin", "BiakaPygmy", "BiakaPygmy", "Burusho", "Burusho", "Cambodian", "Cambodian", "Cambodian", "Cambodian", "Cambodian", "Colombian", "Colombian", "Colombian", "Colombian", "Colombian", "Daur", "Daur", "Daur", "Daur", "Daur", "Druze", "Druze", "Lahu", "Lahu", "Lahu", "Mandenka", "Mandenka", "Maya", "Maya", "Maya", "MbutiPygmy", "MbutiPygmy", "MbutiPygmy", "MbutiPygmy", "Melanesian", "Mongola", "Mongola", "Mozabite", "Mozabite", "Palestinian", "Papuan", "Uygur"],
  "targets": ["Balochi", "Basque", "Druze", "Palestinian", "Russian", "Burusho", "Druze", "Palestinian", "Russian", "BiakaPygmy", "Mandenka", "MbutiPygmy", "Yoruba", "BiakaPygmy", "Mandenka", "San", "Yoruba", "Bedouin", "Burusho", "Druze", "Kalash", "Russian", "Druze", "Mozabite", "Palestinian", "Mandenka", "MbutiPygmy", "Colombian", "Druze", "Daur", "Melanesian", "Papuan", "Pima", "Yi", "Lahu", "Maya", "Mongola", "Pima", "Yi", "Mongola", "Palestinian", "Uygur", "Yakut", "Yi", "Kalash", "Palestinian", "Melanesian", "Mongola", "Yi", "Melanesian", "Yoruba", "Pima", "Yakut", "Yi", "Papuan", "San", "Yakut", "Yoruba", "Papuan", "Uygur", "Yakut", "Russian", "Uygur", "Russian", "San", "Yakut"],
  "weights": [1.7544, 1.8831, 1.9991, 2.0803, 2.0198, 3.0406, 1.9759, 1.9278, 1.9247, 4.4013, 3.8589, 6.2829, 3.4975, 4.4118, 3.9881, 6.5515, 3.7754, 2.0191, 3.2376, 1.8021, 2.3432, 2.1461, 1.7491, 2.3069, 1.9928, 4.0133, 5.5847, 4.0775, 3.2448, 3.4216, 5.6044, 7.0229, 4.1109, 2.9304, 3.162, 2.5818, 2.1512, 2.2496, 2.6361, 2.4646, 4.8031, 3.1521, 2.2696, 2.6928, 2.7236, 1.8463, 6.293, 3.1117, 2.6459, 7.0431, 2.6861, 2.2164, 2.8317, 2.945, 11.268, 9.1698, 8.6773, 5.9117, 5.2031, 2.6956, 1.7808, 2.9141, 2.4655, 2.1647, 11.6863, 2.9182],
  "loci": ["rs2378217", "rs940928", "rs260633", "rs260642", "rs6542787", "rs260714", "rs260698", "rs260690", "rs13427084", "rs260693", "rs11691107", "rs260696", "rs12992554", "rs260607", "rs17269487", "rs260681", "rs6749207", "rs260682", "rs17034770", "rs2378298", "rs260617", "rs4676049", "rs17034806", "rs921876", "rs13422589", "rs9653456", "rs260613", "rs4676060", "rs6737482", "rs383993", "rs1471074", "rs389653", "rs417999", "rs6720695", "rs260658", "rs11688442", "rs6542795", "rs4676237", "rs11674275", "rs6542797"]
}
