{
  "id": "EdgeSet0339",
  "sources": ["Adygei", "Adygei", "Adygei", "Adygei", "Adygei", "Adygei", "Balochi", "Balochi", "Balochi", "Balochi", "Balochi", "Balochi", "Balochi", "BantuKenya", "BantuKenya", "BantuKenya", "BantuKenya", "BantuSouthAfrica", "BantuSouthAfrica", "BantuSouthAfrica", "BantuSouthAfrica", "BantuSouthAfrica", "Basque", "Basque", "Basque", "Basque", "Bedouin", "Bedouin", "Bedouin", "BiakaPygmy", "BiakaPygmy", "BiakaPygmy", "BiakaPygmy", "Burusho", "Burusho", "Burusho", "Burusho", "Burusho", "Burusho", "Cambodian", "Cambodian", "Cambodian", "Cambodian", "Cambodian", "Colombian", "Colombian", "Colombian", "Colombian", "Daur", "Daur", "Daur", "Daur", "Daur", "Druze", "Druze", "Kalash", "Kalash", "Kalash", "Lahu", "Lahu", "Lahu", "Lahu", "Mandenka", "Mandenka", "Mandenka", "Maya", "Maya", "Maya", "Maya", "MbutiPygmy", "MbutiPygmy", "Melanesian", "Melanesian", "Mongola", "Mongola", "Mozabite", "Palestinian", "Papuan", "Papuan", "Papuan", "Russian", "San", "Uygur", "Yakut"],
  "targets": ["Balochi", "Basque", "Bedouin", "Maya", "Russian", "Uygur", "BantuSouthAfrica", "Bedouin", "Burusho", "Cambodian", "Palestinian", "Papuan", "Uygur", "BiakaPygmy", "Mandenka", "Mozabite", "Yoruba", "BiakaPygmy", "Burusho", "Daur", "Papuan", "Yoruba", "Druze", "Maya", "Russian", "Uygur", "Druze", "Palestinian", "Russian", "Mandenka", "MbutiPygmy", "San", "Yoruba", "Kalash", "MbutiPygmy", "Pima", "Russian", "San", "Uygur", "Lahu", "Maya", "Mongola", "Yakut", "Yi", "Daur", "Maya", "Pima", "Yakut", "Mongola", "Palestinian", "Russian", "Uygur", "Yakut", "Mozabite", "Palestinian", "Papuan", "Pima", "Uygur", "Melanesian", "Mongola", "Yakut", "Yi", "Maya", "MbutiPygmy", "Yoruba", "Melanesian", "Palestinian", "Papuan", "Pima", "San", "Uygur", "Papuan", "Pima", "Pima", "Yi", "Russian", "Russian", "Russian", "Uygur", "Yi", "San", "Uygur", "Yakut", "Yi"],
  "weights": [2.6234, 2.8966, 2.074, 3.7784, 2.2406, 2.604, 4.5496, 2.437, 3.6143, 3.6995, 2.3372, 4.3518, 3.0033, 3.1718, 2.4709, 4.3115, 2.1577, 4.7222, 5.1478, 5.6176, 5.4618, 3.8404, 3.0754, 5.1803, 2.8332, 3.4392, 2.0807, 1.5764, 2.053, 2.8162, 5.615, 5.5464, 2.6004, 4.1813, 6.9166, 4.8317, 3.6307, 6.6201, 3.5657, 3.0436, 4.4331, 2.8632, 4.634, 2.4092, 4.0777, 3.801, 3.9194, 4.053, 2.6358, 2.7912, 2.9685, 2.9, 2.3118, 3.2158, 1.9027, 4.7919, 4.913, 3.6314, 4.7306, 2.8647, 4.3088, 2.7956, 5.2881, 5.5719, 1.8716, 4.4642, 3.3853, 4.5958, 3.3309, 7.3463, 6.8703, 3.7514, 4.6739, 4.348, 2.6861, 3.9058, 2.2146, 4.62, 5.188, 4.6661, 6.3557, 7.5261, 3.4545, 3.7699],
  "loci": ["rs6719824", "rs13404913", "rs11885449", "rs2015189", "rs1869449", "rs13015373", "rs1869450", "rs1869451", "rs642472", "rs6757228", "rs6731569", "rs589403", "rs2034693", "rs8970", "rs622716", "rs3731572", "rs609277", "rs17012963", "rs17012970", "rs2123774", "rs7607123", "rs7575204", "rs4092337", "rs604394", "rs604788", "rs654291", "rs7603061", "rs17013001", "rs12999228", "rs13014054", "rs2008255", "rs1317977", "rs6543714", "rs2124437", "rs11124317", "rs13388421", "rs17013034", "rs10189117", "rs13398130", "rs2054133"]
}
