{
  "id": "EdgeSet0324",
  "sources": ["Adygei", "Adygei", "Adygei", "Adygei", "Adygei", "Adygei", "Adygei", "Balochi", "Balochi", "Balochi", "Balochi", "BantuKenya", "BantuKenya", "BantuKenya", "BantuKenya", "BantuKenya", "BantuSouthAfrica", "BantuSouthAfrica", "BantuSouthAfrica", "Basque", "Basque", "Basque", "Basque", "Basque", "Bedouin", "Bedouin", "Bedouin", "Bedouin", "Bedouin", "BiakaPygmy", "BiakaPygmy", "BiakaPygmy", "BiakaPygmy", "Burusho", "Burusho", "Burusho", "Burusho", "Cambodian", "Cambodian", "Cambodian", "Cambodian", "Cambodian", "Cambodian", "Colombian", "Colombian", "Colombian", "Daur", "Daur", "Daur", "Daur", "Kalash", "Kalash", "Kalash", "Kalash", "Kalash", "Lahu", "Mandenka", "Mandenka", "Mandenka", "Maya", "Maya", "Maya", "Maya", "Maya", "MbutiPygmy", "Melanesian", "Melanesian", "Melanesian", "Mongola", "Mongola", "Palestinian", "Palestinian", "Palestinian", "Papuan", "Pima", "Russian", "Russian", "Uygur", "Uygur"],
  "targets": ["Balochi", "Basque", "Cambodian", "Colombian", "Druze", "Russian", "Uygur", "Bedouin", "Druze", "Mozabite", "Palestinian", "BantuSouthAfrica", "BiakaPygmy", "MbutiPygmy", "Russian", "Yoruba", "BiakaPygmy", "MbutiPygmy", "San", "Bedouin", "Mozabite", "Palestinian", "Russian", "Yi", "Druze", "Lahu", "Mozabite", "Russian", "Yoruba", "Mandenka", "MbutiPygmy", "San", "Yoruba", "Daur", "Lahu", "Mandenka", "Uygur", "Druze", "Lahu", "Palestinian", "Pima", "Yakut", "Yi", "Maya", "Pima", "Uygur", "Lahu", "Maya", "Mongola", "Yakut", "Lahu", "Mozabite", "Papuan", "Russian", "San", "Yakut", "Mozabite", "San", "Yoruba", "Melanesian", "Mongola", "Uygur", "Yakut", "Yi", "San", "Papuan", "Pima", "Yakut", "Uygur", "Yi", "Papuan", "Russian", "Yi", "Pima", "San", "Yakut", "Yoruba", "Yakut", "Yoruba"],
  "weights": [1.893, 1.9205, 2.2354, 3.0134, 2.0222, 2.2029, 2.4035, 1.8238, 2.179, 2.5586, 2.1444, 4.8379, 4.4766, 4.9169, 4.2707, 3.5, 4.8782, 5.283, 6.3443, 2.0242, 2.489, 1.9921, 2.3395, 2.787, 1.9325, 3.6408, 2.4492, 2.1474, 3.4277, 4.0149, 4.2884, 6.4183, 4.1033, 2.7754, 3.3333, 5.0369, 3.0747, 2.5866, 2.5787, 3.4106, 4.4732, 2.0436, 2.6982, 2.4856, 4.2927, 3.4341, 2.4179, 1.9773, 1.7436, 1.9031, 4.5432, 4.3818, 4.2698, 3.9038, 8.8703, 2.4673, 4.4113, 6.4319, 2.8292, 2.1056, 1.8009, 2.4864, 1.8625, 2.3682, 6.3568, 2.3093, 3.8005, 2.4287, 2.1591, 2.462, 3.2178, 1.8594, 3.0289, 3.5423, 9.2175, 2.6087, 3.698, 3.1186, 4.738],
  "loci": ["rs207426", "rs12478111", "rs932559", "rs207431", "rs207432", "rs207444", "rs4952085", "rs1884725", "rs1429376", "rs2281550", "rs1366817", "rs2281547", "rs2163059", "rs561525", "rs13418515", "rs206849", "rs206859", "rs6714794", "rs1366814", "rs206804", "rs206805", "rs206811", "rs7575607", "rs2163058", "rs206816", "rs206819", "rs761925", "rs1033688", "rs206833", "rs2365778", "rs2224310", "rs1884722", "rs2281546", "rs12470143", "rs4952220", "rs2268796", "rs2300697", "rs2754530", "rs806645", "rs4952224"]
}
