{
  "id": "EdgeSet0329",
  "sources": ["Adygei", "Adygei", "Adygei", "Adygei", "Adygei", "Adygei", "Adygei", "Balochi", "Balochi", "Balochi", "BantuKenya", "BantuKenya", "BantuKenya", "BantuKenya", "BantuKenya", "BantuKenya", "BantuSouthAfrica", "BantuSouthAfrica", "BantuSouthAfrica", "BantuSouthAfrica", "BantuSouthAfrica", "BantuSouthAfrica", "Basque", "Basque", "Basque", "Basque", "Basque", "Basque", "Bedouin", "Bedouin", "Bedouin", "BiakaPygmy", "BiakaPygmy", "Burusho", "Burusho", "Burusho", "Burusho", "Burusho", "Burusho", "Burusho", "Burusho", "Cambodian", "Cambodian", "Cambodian", "Colombian", "Colombian", "Colombian", "Colombian", "Colombian", "Daur", "Daur", "Daur", "Daur", "Daur", "Daur", "Druze", "Druze", "Kalash", "Lahu", "Mandenka", "Mandenka", "Maya", "MbutiPygmy", "MbutiPygmy", "MbutiPygmy", "Melanesian", "Melanesian", "Melanesian", "Mongola", "Mongola", "Mongola", "Mozabite", "Mozabite", "Palestinian", "Pima", "Russian", "San", "Uygur"],
  "targets": ["Balochi", "Colombian", "Maya", "MbutiPygmy", "Melanesian", "Mongola", "Yakut", "Bedouin", "Palestinian", "Yi", "BantuSouthAfrica", "BiakaPygmy", "MbutiPygmy", "Papuan", "San", "Yoruba", "Mandenka", "Pima", "Russian", "San", "Uygur", "Yoruba", "Druze", "Melanesian", "Mozabite", "Russian", "Yakut", "Yi", "Druze", "Palestinian", "Yakut", "Mandenka", "MbutiPygmy", "Cambodian", "Druze", "Kalash", "Lahu", "Mongola", "Papuan", "Pima", "Yakut", "Maya", "Yakut", "Yi", "Kalash", "Lahu", "Maya", "Mongola", "Pima", "Kalash", "Lahu", "Maya", "Melanesian", "Pima", "Uygur", "Palestinian", "Russian", "Mongola", "Mongola", "Mozabite", "Yoruba", "Mongola", "Melanesian", "Papuan", "San", "Papuan", "Pima", "Yi", "Russian", "Uygur", "Yi", "Palestinian", "Yoruba", "Yoruba", "San", "Uygur", "Yoruba", "Yakut"],
  "weights": [2.4439, 2.172, 1.7189, 5.5327, 2.8061, 2.6146, 2.8328, 2.0423, 2.0845, 2.8599, 4.1709, 3.5383, 4.0772, 5.9654, 6.1428, 3.0921, 3.7095, 5.3333, 4.1632, 6.2312, 5.1438, 3.2768, 1.8106, 2.9622, 3.6938, 2.4689, 2.2669, 2.8355, 1.8872, 1.7738, 2.4301, 3.3926, 4.0382, 3.438, 3.3166, 3.6479, 5.094, 4.8713, 5.5357, 4.9607, 3.1856, 2.4656, 2.1811, 2.4291, 3.4358, 3.082, 1.9433, 2.7611, 3.3456, 3.1405, 3.1055, 2.0706, 2.6074, 3.8681, 2.4488, 1.7997, 2.3247, 3.7201, 3.4329, 3.8176, 2.6644, 3.1341, 5.0213, 6.1407, 6.1637, 4.4422, 4.1605, 2.675, 3.1662, 2.9267, 3.2915, 3.1556, 3.7982, 3.1707, 7.6676, 2.605, 5.88, 1.63],
  "loci": ["rs2166868", "rs2295728", "rs7594173", "rs12994364", "rs10432654", "rs13009977", "rs11124287", "rs4952283", "rs3769589", "rs10184751", "rs958243", "rs17012106", "rs11893716", "rs2273659", "rs6743661", "rs11124288", "rs3754834", "rs17012133", "rs7370516", "rs2273660", "rs3769583", "rs3769581", "rs1448225", "rs3769579", "rs2116588", "rs2839744", "rs7606648", "rs2273664", "rs2273665", "rs13008476", "rs17012214", "rs2057347", "rs17012239", "rs2116585", "rs6729463", "rs10490456", "rs3769570", "rs11896237", "rs9308929", "rs10187224"]
}
