{
  "id": "EdgeSet0748",
  "sources": ["Adygei", "Adygei", "Adygei", "Adygei", "Balochi", "Balochi", "Balochi", "Balochi", "Balochi", "Balochi", "BantuKenya", "BantuKenya", "BantuKenya", "BantuKenya", "BantuKenya", "BantuSouthAfrica", "BantuSouthAfrica", "BantuSouthAfrica", "Basque", "Basque", "Basque", "Basque", "Basque", "Bedouin", "Bedouin", "Bedouin", "Bedouin", "BiakaPygmy", "BiakaPygmy", "BiakaPygmy", "Burusho", "Burusho", "Cambodian", "Cambodian", "Cambodian", "Colombian", "Colombian", "Colombian", "Colombian", "Daur", "Daur", "Daur", "Daur", "Daur", "Druze", "Druze", "Kalash", "Kalash", "Lahu", "Lahu", "Lahu", "Lahu", "Lahu", "Mandenka", "Mandenka", "Maya", "Maya", "MbutiPygmy", "Melanesian", "Melanesian", "Mongola", "Mongola", "Mongola", "Mozabite", "Mozabite", "Palestinian", "Papuan", "Papuan", "Pima", "Pima", "Russian", "Russian", "Uygur"],
  "targets": ["Druze", "Mandenka", "Mozabite", "Palestinian", "Bedouin", "Burusho", "Druze", "Kalash", "Maya", "Palestinian", "BiakaPygmy", "Colombian", "MbutiPygmy", "San", "Yoruba", "Mandenka", "Mozabite", "Yoruba", "Bedouin", "Druze", "Kalash", "Maya", "Papuan", "Druze", "Mozabite", "Palestinian", "Russian", "MbutiPygmy", "San", "Yoruba", "Kalash", "MbutiPygmy", "Lahu", "Yakut", "Yi", "Druze", "Maya", "Pima", "San", "Lahu", "Mongola", "Uygur", "Yakut", "Yi", "Kalash", "Russian", "Melanesian", "Palestinian", "Melanesian", "Mongola", "Papuan", "San", "Uygur", "MbutiPygmy", "Yoruba", "Papuan", "Pima", "San", "Papuan", "Yakut", "Uygur", "Yakut", "Yi", "Palestinian", "Yoruba", "Russian", "Yakut", "Yi", "Yakut", "Yi", "Uygur", "Yakut", "Yakut"],
  "weights": [1.6932, 3.9303, 2.2524, 1.9546, 1.7535, 2.4121, 1.7891, 2.8623, 2.7843, 1.929, 5.0448, 7.1813, 6.7633, 7.8356, 3.6596, 2.4775, 3.2391, 2.8403, 2.3964, 2.5452, 3.167, 3.3508, 3.9027, 1.4992, 1.7491, 1.627, 1.5533, 6.0267, 6.4164, 4.103, 3.1278, 7.6534, 2.7458, 2.5915, 2.4327, 4.1164, 3.3374, 4.4657, 9.3135, 2.1277, 1.5309, 1.917, 1.852, 1.6695, 2.7322, 1.5966, 4.1231, 2.4332, 4.1365, 2.6942, 3.7239, 7.953, 2.7191, 6.8603, 2.9947, 3.4848, 3.0543, 8.8263, 2.72, 4.7874, 1.8947, 2.1278, 1.7517, 2.0849, 2.9427, 1.6566, 4.7283, 4.0761, 2.0981, 2.1355, 2.9197, 3.5989, 2.234],
  "loci": ["rs888352", "rs13023145", "rs10179531", "rs6713", "rs4852246", "rs6744843", "rs6546670", "rs6546671", "rs4852758", "rs6546674", "rs10198989", "rs7564905", "rs4852760", "rs9653504", "rs11541017", "rs17655204", "rs357750", "rs357749", "rs357744", "rs1458868", "rs6574", "rs357741", "rs7597832", "rs357728", "rs6742205", "rs10496182", "rs397458", "rs413693", "rs412014", "rs429598", "rs17429668", "rs357762", "rs12615297", "rs4386349", "rs11692793", "rs2418896", "rs741472", "rs4852771", "rs10514625", "rs4852772"]
}
