{
  "id": "EdgeSet0524",
  "sources": ["Adygei", "Adygei", "Adygei", "Adygei", "Adygei", "Balochi", "Balochi", "Balochi", "Balochi", "Balochi", "Balochi", "BantuKenya", "BantuKenya", "BantuKenya", "BantuKenya", "BantuKenya", "BantuKenya", "BantuKenya", "BantuKenya", "BantuSouthAfrica", "BantuSouthAfrica", "BantuSouthAfrica", "BantuSouthAfrica", "Basque", "Basque", "Basque", "Bedouin", "Bedouin", "Bedouin", "Bedouin", "BiakaPygmy", "BiakaPygmy", "Burusho", "Burusho", "Burusho", "Burusho", "Burusho", "Cambodian", "Cambodian", "Cambodian", "Cambodian", "Colombian", "Colombian", "Colombian", "Colombian", "Colombian", "Daur", "Daur", "Daur", "Daur", "Daur", "Druze", "Druze", "Kalash", "Kalash", "Kalash", "Kalash", "Lahu", "Lahu", "Lahu", "Lahu", "Mandenka", "Mandenka", "Mandenka", "Mandenka", "Maya", "MbutiPygmy", "Melanesian", "Melanesian", "Melanesian", "Mongola", "Mongola", "Mongola", "Mongola", "Mozabite", "Palestinian", "Papuan", "Papuan", "Pima", "Pima", "Russian", "San", "San", "Uygur"],
  "targets": ["Balochi", "Bedouin", "Druze", "Kalash", "Mozabite", "Basque", "Bedouin", "Burusho", "Druze", "Palestinian", "Russian", "BantuSouthAfrica", "Bedouin", "BiakaPygmy", "Mandenka", "Maya", "Mozabite", "San", "Yoruba", "BiakaPygmy", "Druze", "Mandenka", "Yoruba", "Druze", "Kalash", "Palestinian", "Druze", "Kalash", "Mozabite", "Palestinian", "Mandenka", "MbutiPygmy", "Cambodian", "Druze", "Mongola", "Papuan", "Russian", "Kalash", "Lahu", "Pima", "Yi", "Daur", "Maya", "Papuan", "Pima", "Yi", "Maya", "Russian", "Uygur", "Yakut", "Yi", "Mongola", "Palestinian", "Maya", "Mozabite", "Palestinian", "Yakut", "Melanesian", "Mongola", "Papuan", "Uygur", "MbutiPygmy", "Mozabite", "San", "Yoruba", "Yi", "San", "Papuan", "Yakut", "Yoruba", "Pima", "Russian", "Uygur", "Yakut", "Palestinian", "Russian", "Uygur", "Yoruba", "Yakut", "Yi", "Uygur", "Uygur", "Yakut", "Yi"],
  "weights": [2.2049, 2.3104, 1.9673, 2.5759, 2.3354, 2.648, 2.2739, 2.8644, 2.3028, 1.6698, 1.5762, 3.4933, 4.3143, 3.1513, 2.8545, 5.6802, 3.8452, 5.3802, 3.8943, 2.9673, 4.4779, 3.061, 3.5782, 2.9901, 3.0065, 2.5286, 2.3206, 2.9041, 2.0223, 1.8449, 2.8282, 3.6686, 2.798, 2.2722, 3.2729, 2.887, 2.6572, 3.8259, 2.4096, 4.5306, 3.2025, 2.9596, 2.7269, 4.0862, 4.0274, 2.6383, 3.1955, 3.4538, 2.7739, 6.0816, 2.816, 4.141, 2.0411, 4.7633, 2.8695, 2.5346, 7.1846, 3.9402, 3.3864, 3.0038, 2.4948, 4.067, 3.7149, 5.0735, 3.2525, 2.9285, 4.2242, 3.9535, 7.4864, 5.1726, 4.5658, 3.0334, 2.8092, 5.8079, 1.8724, 2.0128, 2.9188, 4.5757, 7.8644, 3.3988, 2.7565, 6.8226, 9.104, 2.6487],
  "loci": ["rs6706144", "rs6739570", "rs10205982", "rs17500266", "rs17037898", "rs7587630", "rs7591064", "rs11125188", "rs1861168", "rs1922476", "rs2041724", "rs7559066", "rs6166", "rs2058595", "rs8179692", "rs2300439", "rs13415618", "rs759287", "rs6545090", "rs12713027", "rs2268363", "rs989359", "rs2268359", "rs1558607", "rs2300438", "rs2300437", "rs11125190", "rs2072486", "rs2072485", "rs1922466", "rs6746533", "rs2349413", "rs2349414", "rs917944", "rs1922469", "rs3788982", "rs17038059", "rs10171892", "rs13009588", "rs17038094"]
}
