{
  "id": "EdgeSet0952",
  "sources": ["Adygei", "Adygei", "Adygei", "Adygei", "Adygei", "Adygei", "Balochi", "Balochi", "Balochi", "Balochi", "Balochi", "BantuKenya", "BantuKenya", "BantuKenya", "BantuKenya", "BantuKenya", "BantuSouthAfrica", "BantuSouthAfrica", "BantuSouthAfrica", "BantuSouthAfrica", "BantuSouthAfrica", "Basque", "Basque", "Basque", "Basque", "Basque", "Bedouin", "Bedouin", "BiakaPygmy", "BiakaPygmy", "BiakaPygmy", "BiakaPygmy", "Burusho", "Burusho", "Burusho", "Burusho", "Cambodian", "Cambodian", "Cambodian", "Cambodian", "Cambodian", "Cambodian", "Colombian", "Colombian", "Colombian", "Colombian", "Daur", "Daur", "Daur", "Druze", "Druze", "Kalash", "Kalash", "Kalash", "Kalash", "Lahu", "Lahu", "Lahu", "Mandenka", "Mandenka", "Mandenka", "Maya", "Maya", "Maya", "MbutiPygmy", "MbutiPygmy", "Melanesian", "Melanesian", "Mongola", "Mongola", "Mongola", "Mozabite", "Mozabite", "Mozabite", "Papuan", "Pima", "Pima", "Uygur", "Yakut"],
  "targets": ["Balochi", "Burusho", "Druze", "Kalash", "Palestinian", "Russian", "Basque", "Bedouin", "Mozabite", "Russian", "Yakut", "BantuSouthAfrica", "BiakaPygmy", "MbutiPygmy", "San", "Yakut", "BiakaPygmy", "Lahu", "Mandenka", "MbutiPygmy", "Yoruba", "Burusho", "Cambodian", "Kalash", "Melanesian", "Palestinian", "Druze", "Mozabite", "Mandenka", "San", "Yakut", "Yoruba", "Druze", "Kalash", "Papuan", "Uygur", "Colombian", "Daur", "Lahu", "Mongola", "Pima", "Yoruba", "Daur", "Maya", "Mongola", "Papuan", "Mongola", "Uygur", "Yakut", "Palestinian", "Russian", "MbutiPygmy", "Melanesian", "Russian", "Uygur", "Mongola", "Pima", "Yi", "Maya", "MbutiPygmy", "Yoruba", "Mongola", "Pima", "Yi", "Mozabite", "San", "Papuan", "Uygur", "Yakut", "Yi", "Yoruba", "Palestinian", "Yakut", "Yoruba", "San", "San", "Yi", "Yakut", "Yi"],
  "weights": [1.8707, 3.0376, 2.1478, 3.0981, 2.455, 2.1353, 2.6165, 1.7256, 2.2757, 2.2987, 3.0873, 3.9252, 3.6517, 3.8246, 4.9376, 4.9135, 4.3789, 4.4771, 3.6921, 4.3508, 3.3726, 3.8105, 4.7173, 3.5407, 5.3856, 2.8918, 2.1736, 2.2982, 4.583, 4.8435, 6.1159, 3.9274, 3.4596, 4.0715, 6.4744, 4.0003, 2.9127, 3.1727, 3.1784, 3.0193, 4.1858, 3.8365, 2.4995, 1.9791, 2.2556, 4.65, 1.8757, 2.5836, 3.5537, 2.2332, 2.605, 5.809, 5.2114, 3.2655, 4.0784, 3.7112, 3.8658, 3.2599, 3.7116, 4.2729, 2.7709, 2.2082, 2.9629, 2.3028, 4.3804, 4.5674, 2.3673, 4.0797, 3.0228, 1.9993, 3.5982, 2.5168, 3.2069, 3.7882, 6.9962, 6.0143, 3.6682, 2.7533, 2.9452],
  "loci": ["rs10496375", "rs7582619", "rs10169946", "rs10167558", "rs2570501", "rs1550533", "rs13031410", "rs1583882", "rs1441104", "rs1992393", "rs2043992", "rs10195724", "rs12616008", "rs12464237", "rs2570477", "rs2610699", "rs2570481", "rs2119507", "rs2570482", "rs2570483", "rs2582974", "rs12613775", "rs2375937", "rs2165434", "rs1441094", "rs10496377", "rs2610690", "rs12622900", "rs2610683", "rs1372101", "rs935070", "rs1441107", "rs7582634", "rs12474171", "rs2376070", "rs10201692", "rs13414002", "rs6758152", "rs11123976", "rs11687707"]
}
