{
  "id": "EdgeSet0123",
  "sources": ["Adygei", "Adygei", "Adygei", "Adygei", "Adygei", "Balochi", "Balochi", "Balochi", "Balochi", "Balochi", "Balochi", "BantuKenya", "BantuKenya", "BantuKenya", "BantuKenya", "BantuKenya", "BantuKenya", "BantuKenya", "BantuSouthAfrica", "BantuSouthAfrica", "BantuSouthAfrica", "BantuSouthAfrica", "Basque", "Basque", "Basque", "Basque", "Bedouin", "Bedouin", "Bedouin", "Bedouin", "Bedouin", "BiakaPygmy", "BiakaPygmy", "BiakaPygmy", "BiakaPygmy", "Burusho", "Burusho", "Burusho", "Cambodian", "Cambodian", "Cambodian", "Cambodian", "Cambodian", "Colombian", "Colombian", "Colombian", "Daur", "Daur", "Daur", "Druze", "Druze", "Druze", "Kalash", "Kalash", "Kalash", "Lahu", "Lahu", "Lahu", "Lahu", "Mandenka", "Mandenka", "Mandenka", "Mandenka", "Maya", "Maya", "MbutiPygmy", "MbutiPygmy", "Melanesian", "Melanesian", "Melanesian", "Melanesian", "Mongola", "Mongola", "Mongola", "Mozabite", "Mozabite", "Palestinian", "Papuan", "Pima", "Uygur"],
  "targets": ["Balochi", "Burusho", "Palestinian", "Yakut", "Yi", "Bedouin", "Burusho", "Kalash", "Lahu", "Mozabite", "Uygur", "BantuSouthAfrica", "BiakaPygmy", "Mandenka", "MbutiPygmy", "Mozabite", "Pima", "Yoruba", "BiakaPygmy", "Mandenka", "San", "Yoruba", "Bedouin", "Druze", "Mozabite", "Russian", "Burusho", "Druze", "Kalash", "Palestinian", "Uygur", "Mandenka", "MbutiPygmy", "San", "Yoruba", "Druze", "Melanesian", "Pima", "Daur", "Lahu", "Maya", "Yakut", "Yi", "Maya", "Melanesian", "Pima", "Lahu", "Mongola", "Pima", "Kalash", "Palestinian", "Russian", "Melanesian", "Palestinian", "Russian", "Maya", "Pima", "Uygur", "Yi", "Mozabite", "Russian", "San", "Yoruba", "Pima", "Uygur", "San", "Yoruba", "Mongola", "Papuan", "Russian", "Uygur", "Uygur", "Yakut", "Yi", "Palestinian", "Yi", "Papuan", "San", "San", "Yakut"],
  "weights": [2.4521, 2.4789, 2.0379, 2.7963, 2.8496, 2.3393, 2.8936, 2.5387, 3.6157, 2.642, 2.6941, 3.8284, 4.8623, 4.1539, 6.6096, 4.3982, 6.7239, 3.5418, 4.4956, 3.874, 7.1909, 3.6196, 1.6882, 1.6057, 2.5906, 2.0528, 2.4054, 1.6707, 2.8443, 1.5093, 2.5875, 4.3954, 5.9751, 7.2547, 4.0056, 2.1592, 4.6441, 6.0062, 3.2455, 3.0439, 3.4852, 2.5504, 2.218, 4.113, 7.2174, 5.3868, 3.7684, 3.105, 3.6329, 2.1298, 1.6891, 1.8855, 4.4894, 2.3593, 2.3718, 4.1237, 4.464, 3.2606, 2.9703, 3.8223, 5.4218, 6.7197, 3.368, 4.0827, 3.7484, 7.614, 5.2741, 5.1931, 5.3235, 4.4281, 4.5965, 2.9772, 2.4699, 2.1556, 2.4389, 3.0774, 4.05, 7.8733, 8.1405, 2.4101],
  "loci": ["rs13429247", "rs1626087", "rs1686486", "rs17365477", "rs1686484", "rs4669632", "rs4669633", "rs1623958", "rs1734389", "rs1734394", "rs1686468", "rs1734395", "rs9287724", "rs11687477", "rs1198855", "rs17365609", "rs1734337", "rs1734464", "rs16856756", "rs1997523", "rs1343654", "rs1344074", "rs10178826", "rs11893219", "rs2884310", "rs1317981", "rs1574181", "rs4669639", "rs4669642", "rs1922717", "rs2357883", "rs16856834", "rs1882648", "rs7586618", "rs1882646", "rs4233891", "rs13396519", "rs2091817", "rs17365678", "rs12623956"]
}
