{
  "id": "EdgeSet0318",
  "sources": ["Adygei", "Adygei", "Adygei", "Adygei", "Adygei", "Adygei", "Adygei", "Balochi", "Balochi", "Balochi", "BantuKenya", "BantuKenya", "BantuKenya", "BantuSouthAfrica", "BantuSouthAfrica", "BantuSouthAfrica", "BantuSouthAfrica", "Basque", "Basque", "Basque", "Basque", "Basque", "Bedouin", "Bedouin", "Bedouin", "Bedouin", "BiakaPygmy", "BiakaPygmy", "Burusho", "Burusho", "Burusho", "Cambodian", "Cambodian", "Cambodian", "Cambodian", "Colombian", "Colombian", "Colombian", "Colombian", "Daur", "Daur", "Daur", "Druze", "Druze", "Kalash", "Kalash", "Kalash", "Lahu", "Lahu", "Lahu", "Mandenka", "Mandenka", "Maya", "Maya", "MbutiPygmy", "MbutiPygmy", "Melanesian", "Melanesian", "Melanesian", "Mongola", "Mongola", "Mongola", "Mozabite", "Mozabite", "Palestinian", "Papuan", "San", "Uygur", "Uygur", "Yakut"],
  "targets": ["Balochi", "Basque", "Bedouin", "Kalash", "Mozabite", "Papuan", "Uygur", "Maya", "Palestinian", "Russian", "BantuSouthAfrica", "BiakaPygmy", "MbutiPygmy", "BiakaPygmy", "Burusho", "Mandenka", "Yoruba", "Burusho", "Druze", "Mozabite", "Russian", "Yakut", "Druze", "Mozabite", "Palestinian", "Russian", "MbutiPygmy", "San", "Colombian", "Daur", "Papuan", "Daur", "Lahu", "Melanesian", "Papuan", "Kalash", "Maya", "Mozabite", "Pima", "Mongola", "Uygur", "Yi", "Melanesian", "Palestinian", "Maya", "Mozabite", "Russian", "Melanesian", "Mongola", "Uygur", "San", "Yoruba", "Mozabite", "Pima", "San", "Yoruba", "Papuan", "Russian", "Yi", "Papuan", "Yakut", "Yi", "Palestinian", "Russian", "Yakut", "Yi", "Yoruba", "Yakut", "Yi", "Yi"],
  "weights": [2.7921, 2.2678, 2.178, 2.8483, 2.543, 3.5405, 3.0187, 4.9902, 2.6497, 2.5164, 3.4253, 3.2554, 5.3361, 4.4651, 8.4068, 2.9524, 3.5756, 4.3042, 2.3417, 2.4414, 2.3523, 4.7967, 1.6304, 1.7739, 1.9307, 1.6744, 5.9078, 7.8295, 5.6439, 4.3903, 5.1618, 2.4769, 2.4268, 2.3994, 2.9006, 4.5255, 3.5082, 5.5079, 3.5827, 2.9066, 2.4164, 2.2937, 3.0185, 2.0882, 2.9452, 2.9686, 2.7821, 2.8292, 2.7487, 2.5468, 6.5938, 2.4574, 4.6371, 2.4152, 7.9858, 4.4399, 2.6027, 2.8872, 2.7406, 3.5834, 2.8337, 2.4337, 2.2626, 2.1755, 4.4956, 2.9061, 6.5529, 2.9867, 2.5168, 2.6793],
  "loci": ["rs6738760", "rs6543594", "rs10207139", "rs10197865", "rs7608731", "rs4951960", "rs9308914", "rs12712304", "rs1862985", "rs1862984", "rs11681174", "rs10211370", "rs8179695", "rs11683997", "rs12998538", "rs2098787", "rs13021484", "rs1862981", "rs4951964", "rs1991104", "rs13404171", "rs11686479", "rs2365200", "rs10490519", "rs2216831", "rs11888670", "rs2194463", "rs12621279", "rs6731612", "rs11903753", "rs2216832", "rs6543604", "rs6543606", "rs7560152", "rs1530394", "rs1947027", "rs12622868", "rs1443712", "rs10171858", "rs1443711"]
}
