{
  "id": "EdgeSet0323",
  "sources": ["Adygei", "Adygei", "Adygei", "Adygei", "Adygei", "Balochi", "Balochi", "Balochi", "Balochi", "BantuKenya", "BantuKenya", "BantuKenya", "BantuKenya", "BantuSouthAfrica", "BantuSouthAfrica", "BantuSouthAfrica", "BantuSouthAfrica", "Basque", "Basque", "Basque", "Basque", "Basque", "Bedouin", "Bedouin", "Bedouin", "BiakaPygmy", "BiakaPygmy", "BiakaPygmy", "BiakaPygmy", "Burusho", "Burusho", "Burusho", "Cambodian", "Cambodian", "Cambodian", "Cambodian", "Cambodian", "Cambodian", "Colombian", "Colombian", "Colombian", "Daur", "Daur", "Daur", "Daur", "Druze", "Kalash", "Kalash", "Kalash", "Kalash", "Kalash", "Lahu", "Lahu", "Lahu", "Lahu", "Mandenka", "Mandenka", "Maya", "Maya", "Maya", "MbutiPygmy", "Melanesian", "Melanesian", "Melanesian", "Mongola", "Mongola", "Palestinian", "Palestinian", "Palestinian", "Papuan", "San", "San", "Uygur"],
  "targets": ["Balochi", "Bedouin", "Palestinian", "Uygur", "Yi", "Bedouin", "Colombian", "Druze", "Mozabite", "BantuSouthAfrica", "Lahu", "MbutiPygmy", "Yoruba", "BiakaPygmy", "Burusho", "Mandenka", "MbutiPygmy", "Bedouin", "Druze", "Mozabite", "Palestinian", "Russian", "Mozabite", "Palestinian", "Russian", "Mandenka", "MbutiPygmy", "San", "Yoruba", "Druze", "Uygur", "Yi", "Daur", "Druze", "Lahu", "Maya", "Papuan", "Yakut", "Maya", "Mozabite", "Pima", "Lahu", "Mongola", "Uygur", "Yakut", "Russian", "Lahu", "Melanesian", "Mozabite", "Papuan", "Pima", "Melanesian", "Mongola", "Uygur", "Yi", "San", "Yoruba", "Mongola", "Pima", "Yakut", "San", "Papuan", "Pima", "Yi", "Uygur", "Yi", "Russian", "Uygur", "Yi", "Pima", "Yakut", "Yoruba", "Yi"],
  "weights": [1.9919, 1.8939, 2.2673, 2.1017, 2.7149, 1.951, 3.9693, 1.8755, 2.2128, 4.9919, 6.6437, 4.2339, 3.5073, 4.5694, 7.2759, 5.0849, 5.2183, 2.0826, 2.3884, 2.5843, 2.2689, 2.2189, 2.2823, 2.1483, 2.1581, 3.7763, 3.7484, 3.8571, 3.725, 3.6571, 3.6059, 3.7944, 2.9034, 2.7518, 2.5489, 2.9321, 3.6158, 2.5165, 2.6975, 4.8697, 3.6862, 2.8008, 2.6135, 2.6772, 2.2516, 2.3964, 2.7547, 2.927, 3.1476, 3.4566, 3.9421, 3.0047, 2.4079, 2.5321, 2.8752, 4.727, 2.4822, 2.7642, 2.6392, 2.9748, 4.6365, 3.3606, 4.5424, 3.0734, 2.0103, 2.4567, 2.2683, 3.4545, 3.4215, 4.9376, 7.8901, 4.4682, 2.7554],
  "loci": ["rs13422633", "rs961316", "rs604127", "rs606089", "rs4276068", "rs10179712", "rs10865088", "rs207403", "rs207407", "rs1560268", "rs207410", "rs207411", "rs207416", "rs207417", "rs2064816", "rs207419", "rs10153659", "rs207421", "rs207423", "rs6756897", "rs207426", "rs12478111", "rs932559", "rs207431", "rs207432", "rs207444", "rs4952085", "rs1884725", "rs1429376", "rs2281550", "rs1366817", "rs2281547", "rs2163059", "rs561525", "rs13418515", "rs206849", "rs206859", "rs6714794", "rs1366814", "rs206804"]
}
