{
  "id": "EdgeSet0427",
  "sources": ["Adygei", "Adygei", "Adygei", "Adygei", "Balochi", "Balochi", "Balochi", "Balochi", "Balochi", "Balochi", "Balochi", "Balochi", "BantuKenya", "BantuKenya", "BantuKenya", "BantuKenya", "BantuSouthAfrica", "BantuSouthAfrica", "Basque", "Basque", "Basque", "Basque", "Bedouin", "Bedouin", "Bedouin", "Bedouin", "Bedouin", "BiakaPygmy", "BiakaPygmy", "BiakaPygmy", "BiakaPygmy", "Burusho", "Burusho", "Burusho", "Burusho", "Burusho", "Cambodian", "Cambodian", "Cambodian", "Cambodian", "Colombian", "Colombian", "Colombian", "Colombian", "Colombian", "Daur", "Daur", "Daur", "Daur", "Druze", "Druze", "Druze", "Kalash", "Lahu", "Lahu", "Lahu", "Lahu", "Lahu", "Lahu", "Mandenka", "Maya", "MbutiPygmy", "MbutiPygmy", "Melanesian", "Melanesian", "Melanesian", "Mongola", "Palestinian", "Palestinian", "Pima", "Russian", "Uygur"],
  "targets": ["Burusho", "Kalash", "Palestinian", "Russian", "Basque", "Bedouin", "Druze", "Kalash", "Maya", "Melanesian", "Papuan", "Russian", "BantuSouthAfrica", "BiakaPygmy", "MbutiPygmy", "Yoruba", "Mandenka", "Yoruba", "Mozabite", "Palestinian", "Papuan", "Russian", "Burusho", "Druze", "Mozabite", "Palestinian", "Pima", "Mandenka", "MbutiPygmy", "Pima", "San", "Colombian", "Druze", "Mozabite", "Russian", "Yi", "Lahu", "Mandenka", "Mongola", "Papuan", "Maya", "Melanesian", "Mongola", "Russian", "Yi", "Lahu", "Papuan", "Uygur", "Yakut", "Mozabite", "Palestinian", "Russian", "Palestinian", "Mongola", "Pima", "San", "Uygur", "Yakut", "Yi", "Yoruba", "Uygur", "San", "Yoruba", "Mongola", "Papuan", "Yi", "Yakut", "Russian", "Uygur", "San", "Uygur", "Yakut"],
  "weights": [2.5052, 2.3527, 2.1792, 1.9153, 2.6876, 2.5927, 2.241, 2.4957, 3.6169, 4.412, 4.6792, 2.1406, 2.9022, 3.7137, 3.821, 3.1371, 3.7258, 2.9018, 2.6088, 2.7569, 4.0202, 2.5566, 2.2295, 1.8184, 2.0352, 2.0607, 4.3281, 5.2962, 4.068, 5.6213, 6.1414, 3.3891, 2.1165, 2.09, 2.106, 3.4257, 4.3677, 7.04, 4.3081, 4.9175, 1.9992, 2.9622, 3.3075, 3.1877, 2.9406, 3.1178, 4.1647, 2.6014, 2.4034, 1.9725, 1.5856, 1.5295, 2.1772, 3.4363, 4.9827, 8.122, 3.3219, 3.3214, 3.4242, 3.4349, 2.4777, 5.6438, 3.4652, 2.6378, 3.5015, 3.0271, 2.8899, 1.8482, 2.94, 8.0362, 2.6517, 2.859],
  "loci": ["rs715252", "rs13429393", "rs10490374", "rs17633025", "rs766174", "rs10205393", "rs13407981", "rs13417378", "rs10176121", "rs11124785", "rs11886857", "rs2374144", "rs17634234", "rs7562658", "rs7572987", "rs10469868", "rs12613369", "rs9309065", "rs13014034", "rs11900750", "rs4952443", "rs13014596", "rs1866901", "rs7579184", "rs7597664", "rs1372166", "rs6544397", "rs11683108", "rs7567386", "rs13408265", "rs11894180", "rs10187485", "rs17027360", "rs4140752", "rs1441234", "rs2113377", "rs4952449", "rs12622579", "rs1441231", "rs10202299"]
}
