{
  "id": "EdgeSet0374",
  "sources": ["Adygei", "Adygei", "Adygei", "Adygei", "Adygei", "Adygei", "Balochi", "Balochi", "Balochi", "Balochi", "Balochi", "BantuKenya", "BantuKenya", "BantuKenya", "BantuSouthAfrica", "BantuSouthAfrica", "BantuSouthAfrica", "BantuSouthAfrica", "BantuSouthAfrica", "BantuSouthAfrica", "Basque", "Basque", "Basque", "Basque", "Bedouin", "Bedouin", "Bedouin", "BiakaPygmy", "BiakaPygmy", "BiakaPygmy", "BiakaPygmy", "Burusho", "Burusho", "Burusho", "Burusho", "Burusho", "Burusho", "Cambodian", "Cambodian", "Cambodian", "Cambodian", "Cambodian", "Colombian", "Colombian", "Colombian", "Colombian", "Colombian", "Daur", "Daur", "Daur", "Daur", "Druze", "Druze", "Druze", "Kalash", "Kalash", "Lahu", "Lahu", "Lahu", "Mandenka", "Mandenka", "Maya", "Maya", "MbutiPygmy", "MbutiPygmy", "Melanesian", "Melanesian", "Mongola", "Mongola", "Mongola", "Mongola", "Mozabite", "Palestinian", "Papuan", "Russian", "Russian", "San", "Uygur", "Yakut"],
  "targets": ["Balochi", "Basque", "Druze", "Mozabite", "Palestinian", "Russian", "Basque", "Burusho", "Maya", "Melanesian", "Uygur", "Mandenka", "MbutiPygmy", "Yoruba", "BiakaPygmy", "Mandenka", "MbutiPygmy", "Papuan", "San", "Yoruba", "Bedouin", "Colombian", "Druze", "Kalash", "Druze", "Mozabite", "Palestinian", "Mandenka", "MbutiPygmy", "San", "Yoruba", "Colombian", "Maya", "Palestinian", "Papuan", "Russian", "Uygur", "Daur", "Melanesian", "Mongola", "Pima", "Yakut", "Lahu", "Maya", "Papuan", "Pima", "Yakut", "Lahu", "Mongola", "Uygur", "Yi", "Palestinian", "Pima", "Russian", "Russian", "Yakut", "Melanesian", "Yakut", "Yi", "Mozabite", "Yoruba", "Papuan", "Pima", "San", "Yoruba", "San", "Yi", "Russian", "Uygur", "Yakut", "Yi", "San", "Russian", "Pima", "Yakut", "Yi", "Yoruba", "Yi", "Yi"],
  "weights": [2.2926, 2.5242, 2.4747, 3.4592, 2.2569, 2.9888, 3.0574, 2.6849, 2.3009, 4.3911, 3.0711, 2.3344, 6.0685, 3.3779, 3.5881, 3.6712, 6.5049, 5.7127, 4.8851, 3.7035, 2.8812, 4.7325, 2.6958, 3.3869, 2.0727, 2.6676, 1.9542, 3.5689, 6.0316, 4.947, 3.0898, 2.9873, 2.2298, 2.92, 2.8131, 4.0349, 2.7698, 2.6124, 3.2402, 2.47, 3.0146, 2.3809, 3.4783, 2.4751, 2.6191, 3.1051, 2.7591, 2.7797, 1.9123, 2.295, 2.2148, 2.0224, 3.4072, 2.9594, 2.9394, 3.1714, 3.6688, 2.6477, 2.6015, 3.994, 3.0388, 2.666, 2.2148, 8.1347, 5.959, 7.2932, 3.1616, 4.0198, 2.3441, 2.2856, 1.7143, 6.2416, 2.96, 3.1475, 3.5925, 4.5931, 5.3052, 2.4787, 2.0945],
  "loci": ["rs2699171", "rs918901", "rs7601836", "rs6704972", "rs12104793", "rs2552046", "rs11898319", "rs6732370", "rs1919820", "rs6723999", "rs17406843", "rs2552037", "rs10490677", "rs17018597", "rs6733100", "rs2699187", "rs2699188", "rs12712488", "rs2699189", "rs7595790", "rs4670143", "rs10190416", "rs17407330", "rs17407386", "rs7569878", "rs7608543", "rs10490674", "rs10200367", "rs6750395", "rs13014174", "rs7584784", "rs9308990", "rs982353", "rs717805", "rs4670544", "rs3770968", "rs12615281", "rs3770949", "rs3821165", "rs888076"]
}
