{
  "id": "EdgeSet0353",
  "sources": ["Adygei", "Adygei", "Adygei", "Adygei", "Adygei", "Balochi", "Balochi", "Balochi", "BantuKenya", "BantuKenya", "BantuKenya", "BantuKenya", "BantuKenya", "BantuSouthAfrica", "BantuSouthAfrica", "BantuSouthAfrica", "BantuSouthAfrica", "BantuSouthAfrica", "Basque", "Basque", "Basque", "Basque", "Basque", "Basque", "Basque", "Basque", "Bedouin", "Bedouin", "Bedouin", "Bedouin", "BiakaPygmy", "Burusho", "Burusho", "Cambodian", "Cambodian", "Cambodian", "Cambodian", "Colombian", "Colombian", "Colombian", "Colombian", "Daur", "Daur", "Daur", "Daur", "Druze", "Druze", "Kalash", "Kalash", "Lahu", "Lahu", "Lahu", "Lahu", "Mandenka", "Mandenka", "Mandenka", "Maya", "Maya", "Maya", "Maya", "Maya", "MbutiPygmy", "MbutiPygmy", "Melanesian", "Mongola", "Mongola", "Mongola", "Mongola", "Mozabite", "Mozabite", "Pima", "Yakut"],
  "targets": ["Druze", "Kalash", "Palestinian", "Russian", "Uygur", "Bedouin", "Kalash", "Palestinian", "BantuSouthAfrica", "BiakaPygmy", "Mandenka", "Mozabite", "Yoruba", "BiakaPygmy", "Lahu", "Mandenka", "MbutiPygmy", "Yoruba", "Colombian", "Daur", "Druze", "Maya", "Papuan", "Pima", "Russian", "Uygur", "Burusho", "Druze", "Mozabite", "Palestinian", "Yoruba", "Cambodian", "Maya", "Lahu", "Mongola", "Pima", "Yi", "Maya", "Papuan", "Pima", "Uygur", "Maya", "Melanesian", "Uygur", "Yi", "Melanesian", "Palestinian", "Palestinian", "Uygur", "Maya", "Mongola", "San", "Yi", "MbutiPygmy", "San", "Yoruba", "Melanesian", "Pima", "Russian", "Yakut", "Yi", "San", "Yoruba", "Papuan", "Palestinian", "Russian", "Uygur", "Yakut", "Palestinian", "Russian", "Yakut", "Yi"],
  "weights": [2.188, 2.2011, 2.208, 1.6991, 2.6817, 1.8658, 2.3667, 2.3039, 4.7343, 4.4759, 4.4193, 4.708, 3.9552, 3.8156, 7.8541, 4.5849, 5.7308, 4.0301, 3.1987, 3.6443, 2.319, 3.0355, 4.1048, 2.6102, 2.4285, 2.6544, 3.1848, 1.8165, 1.9347, 1.7156, 4.0868, 3.1062, 3.4238, 3.5041, 3.3064, 3.2085, 3.4158, 2.5838, 4.4792, 2.3705, 3.2936, 2.381, 3.5294, 2.7317, 1.9914, 3.8265, 2.1284, 2.2976, 3.8068, 5.3893, 4.4409, 8.9876, 4.0977, 5.319, 6.9235, 2.4002, 3.6103, 2.5325, 3.1521, 3.2238, 2.5806, 6.4917, 4.9695, 2.726, 4.0698, 2.7571, 2.3932, 2.3547, 1.9129, 2.6794, 4.3646, 2.8781],
  "loci": ["rs4327215", "rs3842903", "rs249112", "rs3910279", "rs12611615", "rs17486979", "rs4670344", "rs12712378", "rs6543823", "rs1368934", "rs10495813", "rs1434143", "rs10495815", "rs7563572", "rs10166784", "rs13005810", "rs1368936", "rs7600640", "rs10495818", "rs17015178", "rs13005071", "rs10204349", "rs12623550", "rs10495819", "rs1434126", "rs6731859", "rs1434127", "rs919933", "rs17339245", "rs1368932", "rs11894873", "rs11695414", "rs7592079", "rs1356765", "rs4283399", "rs1560881", "rs892458", "rs6712234", "rs7577900", "rs10495822"]
}
