{
  "id": "EdgeSet0476",
  "sources": ["Adygei", "Adygei", "Adygei", "Adygei", "Adygei", "Adygei", "Adygei", "Balochi", "Balochi", "Balochi", "BantuKenya", "BantuKenya", "BantuKenya", "BantuKenya", "BantuSouthAfrica", "BantuSouthAfrica", "BantuSouthAfrica", "BantuSouthAfrica", "BantuSouthAfrica", "Basque", "Basque", "Basque", "Basque", "Basque", "Bedouin", "Bedouin", "Bedouin", "Bedouin", "Bedouin", "BiakaPygmy", "BiakaPygmy", "Burusho", "Burusho", "Burusho", "Cambodian", "Cambodian", "Cambodian", "Cambodian", "Cambodian", "Cambodian", "Cambodian", "Colombian", "Colombian", "Colombian", "Colombian", "Daur", "Daur", "Daur", "Daur", "Daur", "Daur", "Druze", "Druze", "Druze", "Kalash", "Kalash", "Kalash", "Kalash", "Kalash", "Lahu", "Lahu", "Lahu", "Mandenka", "Mandenka", "Mandenka", "Maya", "Maya", "Maya", "MbutiPygmy", "Melanesian", "Melanesian", "Melanesian", "Mongola", "Mongola", "Mongola", "Mozabite", "Palestinian", "Papuan", "Pima", "Pima", "San", "Uygur"],
  "targets": ["Balochi", "Basque", "Bedouin", "Druze", "Maya", "Mongola", "Palestinian", "BantuKenya", "Burusho", "Mozabite", "BantuSouthAfrica", "Mandenka", "MbutiPygmy", "Yoruba", "Druze", "Mandenka", "MbutiPygmy", "Papuan", "Yoruba", "Burusho", "Maya", "Mozabite", "Palestinian", "Russian", "Druze", "Mozabite", "Palestinian", "Russian", "Uygur", "MbutiPygmy", "San", "Kalash", "Melanesian", "Mozabite", "Colombian", "Daur", "Druze", "Kalash", "Lahu", "Maya", "Yi", "Maya", "Pima", "Russian", "Yakut", "Lahu", "Maya", "Melanesian", "Mongola", "Papuan", "Yakut", "Mozabite", "Russian", "Uygur", "Lahu", "Melanesian", "Pima", "Russian", "Yi", "Melanesian", "Pima", "Yi", "Mozabite", "San", "Yoruba", "Papuan", "Pima", "Yi", "Yoruba", "Palestinian", "Papuan", "Yi", "Papuan", "Uygur", "Yakut", "Russian", "Russian", "Yi", "San", "Yakut", "Yoruba", "Yakut"],
  "weights": [2.2318, 1.9801, 1.9823, 1.8332, 3.707, 2.9781, 2.3488, 3.9828, 2.7229, 2.0688, 3.5969, 2.5861, 2.3606, 2.3703, 5.0748, 3.3727, 3.867, 5.531, 3.6017, 2.4181, 4.0711, 2.096, 2.3806, 2.2382, 1.9195, 1.8107, 1.9467, 1.9446, 2.1104, 3.3604, 5.4411, 2.6882, 3.1128, 2.5418, 3.9131, 2.9139, 2.7908, 2.8531, 2.7267, 4.5087, 2.5444, 3.548, 3.2128, 4.2299, 3.6508, 4.4367, 3.2098, 3.3415, 2.5413, 3.1377, 2.9142, 2.0112, 2.1197, 1.9755, 4.2269, 2.346, 4.0347, 2.8107, 2.7663, 3.5781, 5.0192, 3.3596, 3.1542, 5.834, 2.1059, 4.2835, 2.9028, 3.9491, 3.3032, 3.0939, 3.5132, 2.9049, 3.3495, 2.4793, 2.1907, 1.8619, 2.457, 3.1666, 7.9023, 4.0667, 6.2648, 2.6891],
  "loci": ["rs6738398", "rs2193836", "rs3770266", "rs3770267", "rs17033715", "rs6712896", "rs7584995", "rs17322265", "rs17033745", "rs12712943", "rs12712944", "rs1477246", "rs4140775", "rs2112040", "rs7591687", "rs6718425", "rs3770283", "rs6749128", "rs1865685", "rs7558188", "rs17033859", "rs3821063", "rs6716630", "rs13402828", "rs13412964", "rs1878385", "rs718731", "rs7591446", "rs7599740", "rs1522993", "rs1403450", "rs10209296", "rs7583802", "rs6713298", "rs17323037", "rs1517001", "rs1589039", "rs938662", "rs614281", "rs6722418"]
}
