{
  "id": "EdgeSet0431",
  "sources": ["Adygei", "Adygei", "Adygei", "Adygei", "Adygei", "Adygei", "Balochi", "Balochi", "Balochi", "Balochi", "Balochi", "Balochi", "Balochi", "Balochi", "Balochi", "Balochi", "Balochi", "BantuKenya", "BantuKenya", "BantuKenya", "BantuKenya", "BantuSouthAfrica", "BantuSouthAfrica", "BantuSouthAfrica", "Basque", "Basque", "Basque", "Bedouin", "Bedouin", "Bedouin", "Bedouin", "Bedouin", "Bedouin", "BiakaPygmy", "BiakaPygmy", "BiakaPygmy", "Burusho", "Burusho", "Burusho", "Burusho", "Cambodian", "Cambodian", "Cambodian", "Cambodian", "Colombian", "Colombian", "Colombian", "Colombian", "Colombian", "Colombian", "Daur", "Daur", "Daur", "Druze", "Druze", "Druze", "Kalash", "Lahu", "Lahu", "Lahu", "Lahu", "Mandenka", "Mandenka", "Mandenka", "Maya", "Maya", "Maya", "Maya", "MbutiPygmy", "MbutiPygmy", "Melanesian", "Melanesian", "Melanesian", "Melanesian", "Mongola", "Mongola", "Mongola", "Mongola", "Mozabite", "Papuan", "Papuan", "Russian", "San", "Uygur", "Yakut", "Yakut"],
  "targets": ["Burusho", "Druze", "Kalash", "Mozabite", "Palestinian", "Russian", "BantuKenya", "Basque", "Daur", "Druze", "Lahu", "Mozabite", "Palestinian", "Russian", "Yakut", "Yi", "Yoruba", "BantuSouthAfrica", "Mandenka", "San", "Yoruba", "BiakaPygmy", "San", "Yoruba", "Mozabite", "Pima", "Russian", "Burusho", "Druze", "Kalash", "Mozabite", "Palestinian", "Yi", "Mandenka", "MbutiPygmy", "Yoruba", "Daur", "Kalash", "Palestinian", "Papuan", "Maya", "Melanesian", "Papuan", "Uygur", "Kalash", "Maya", "MbutiPygmy", "Papuan", "Pima", "Yoruba", "Papuan", "Pima", "Yi", "Palestinian", "Uygur", "Yi", "Russian", "Mozabite", "Yakut", "Yi", "Yoruba", "MbutiPygmy", "San", "Yoruba", "Melanesian", "Papuan", "Pima", "Yi", "Mongola", "San", "Papuan", "Uygur", "Yakut", "Yi", "Papuan", "Russian", "Uygur", "Yakut", "Palestinian", "Pima", "San", "Uygur", "Yoruba", "Yi", "Yi", "Yoruba"],
  "weights": [1.8713, 1.856, 2.3508, 1.6248, 1.658, 3.3333, 4.8727, 2.964, 3.5124, 2.3858, 3.7881, 2.307, 2.1291, 2.8978, 3.2391, 2.5226, 4.754, 4.5316, 4.3726, 10.5207, 4.4623, 5.4866, 10.5797, 4.8506, 2.9546, 4.1175, 2.2652, 1.9943, 1.8597, 2.5736, 2.0888, 1.5664, 2.3335, 4.1803, 6.5635, 4.813, 2.4384, 2.0552, 1.8838, 3.5546, 2.081, 2.4793, 2.546, 2.7293, 5.3957, 3.5891, 7.575, 4.5561, 3.5765, 6.196, 3.3256, 2.4193, 2.4167, 1.584, 2.3216, 2.7946, 3.3159, 3.255, 2.428, 2.7169, 4.4633, 5.8342, 10.0927, 3.6902, 2.3495, 2.8132, 2.2351, 2.3838, 6.1077, 12.4776, 3.148, 3.4768, 2.8198, 2.8221, 3.6032, 3.9444, 3.1432, 2.4359, 1.8017, 3.9901, 11.517, 2.7443, 10.4898, 1.8273, 2.333, 5.1057],
  "loci": ["rs12471180", "rs2163050", "rs12989506", "rs7603075", "rs1560260", "rs1560258", "rs1920502", "rs17028106", "rs2374292", "rs13023970", "rs17028152", "rs4952494", "rs10208472", "rs2059917", "rs2059916", "rs10490655", "rs7599367", "rs1920509", "rs10183045", "rs13026456", "rs6748566", "rs919426", "rs1560257", "rs9789345", "rs17660215", "rs17028353", "rs6745319", "rs891270", "rs4952502", "rs4952370", "rs17028447", "rs4952505", "rs4952506", "rs6756874", "rs1920486", "rs11896334", "rs2178435", "rs6719151", "rs17611588", "rs17028585"]
}
