{
  "id": "EdgeSet0671",
  "sources": ["Adygei", "Adygei", "Adygei", "Adygei", "Adygei", "Adygei", "Adygei", "Balochi", "Balochi", "Balochi", "Balochi", "Balochi", "BantuKenya", "BantuKenya", "BantuKenya", "BantuKenya", "BantuKenya", "BantuKenya", "BantuSouthAfrica", "BantuSouthAfrica", "BantuSouthAfrica", "BantuSouthAfrica", "Basque", "Basque", "Basque", "Basque", "Bedouin", "Bedouin", "Bedouin", "Bedouin", "Bedouin", "BiakaPygmy", "BiakaPygmy", "BiakaPygmy", "Burusho", "Burusho", "Burusho", "Cambodian", "Cambodian", "Cambodian", "Cambodian", "Cambodian", "Cambodian", "Cambodian", "Colombian", "Colombian", "Colombian", "Colombian", "Colombian", "Colombian", "Daur", "Daur", "Daur", "Daur", "Druze", "Druze", "Kalash", "Kalash", "Lahu", "Lahu", "Lahu", "Lahu", "Mandenka", "Mandenka", "Maya", "Maya", "MbutiPygmy", "Melanesian", "Melanesian", "Mongola", "Mongola", "Mozabite", "Palestinian", "Papuan", "Pima", "Russian", "Russian", "Russian", "Uygur"],
  "targets": ["Balochi", "Basque", "Burusho", "Daur", "Mandenka", "Palestinian", "Uygur", "Bedouin", "Colombian", "Druze", "Mozabite", "Palestinian", "Bedouin", "BiakaPygmy", "Mandenka", "MbutiPygmy", "Mozabite", "Yoruba", "Mandenka", "MbutiPygmy", "San", "Yoruba", "Burusho", "Druze", "Palestinian", "Russian", "Burusho", "Druze", "Mozabite", "Palestinian", "Uygur", "Mandenka", "MbutiPygmy", "Yoruba", "Kalash", "Maya", "Palestinian", "Colombian", "Daur", "Maya", "Melanesian", "Pima", "Uygur", "Yi", "Daur", "Kalash", "Maya", "Mongola", "Palestinian", "Yi", "Mongola", "Pima", "Yakut", "Yi", "Mozabite", "Palestinian", "Maya", "Yoruba", "Mongola", "Papuan", "Pima", "Yi", "MbutiPygmy", "Yoruba", "Pima", "Russian", "San", "Papuan", "Uygur", "Yakut", "Yi", "Russian", "Yi", "San", "Yi", "Uygur", "Yakut", "Yoruba", "Yakut"],
  "weights": [2.3527, 2.9095, 2.8523, 3.7125, 4.302, 2.2612, 3.4415, 2.339, 3.8523, 2.4894, 2.7847, 2.112, 3.9235, 4.1709, 3.4563, 5.3502, 3.9757, 3.1895, 4.516, 4.7981, 5.6466, 4.0449, 3.2174, 2.6438, 2.4069, 3.106, 2.5034, 2.2701, 2.6694, 2.032, 3.2048, 3.6848, 5.5682, 3.4671, 3.5892, 3.4077, 2.4813, 2.352, 2.4751, 2.7538, 2.8959, 3.5089, 2.6566, 2.2739, 2.9674, 3.9285, 2.8572, 2.7551, 4.2839, 2.8513, 2.3438, 3.9078, 3.3498, 2.6165, 2.7659, 1.9416, 3.2814, 4.9315, 2.9234, 3.5179, 4.1964, 3.1189, 4.7401, 3.3259, 3.5342, 3.0942, 6.0929, 1.7749, 3.3876, 3.1578, 2.0873, 3.2803, 3.3177, 7.9184, 3.693, 2.9736, 3.6734, 5.6126, 3.2686],
  "loci": ["rs17753048", "rs13018603", "rs10198990", "rs2917793", "rs2581047", "rs17028375", "rs329502", "rs10496105", "rs329497", "rs6718082", "rs2576837", "rs7349403", "rs11679748", "rs10186108", "rs7562080", "rs10496107", "rs12477310", "rs3919686", "rs1881712", "rs6710681", "rs6751738", "rs1973848", "rs2217968", "rs12987393", "rs6734073", "rs11125993", "rs1898445", "rs1816618", "rs2698525", "rs6750096", "rs2303496", "rs2114432", "rs17739675", "rs1529102", "rs2698530", "rs10200259", "rs2698537", "rs2433384", "rs7600002", "rs1030406"]
}
