{
  "id": "EdgeSet0899",
  "sources": ["Adygei", "Adygei", "Adygei", "Balochi", "Balochi", "Balochi", "Balochi", "Balochi", "BantuKenya", "BantuKenya", "BantuKenya", "BantuKenya", "BantuKenya", "BantuKenya", "BantuSouthAfrica", "BantuSouthAfrica", "BantuSouthAfrica", "BantuSouthAfrica", "Basque", "Basque", "Bedouin", "Bedouin", "Bedouin", "Bedouin", "Bedouin", "Bedouin", "BiakaPygmy", "BiakaPygmy", "Burusho", "Burusho", "Burusho", "Burusho", "Cambodian", "Cambodian", "Cambodian", "Colombian", "Colombian", "Daur", "Daur", "Daur", "Druze", "Druze", "Druze", "Druze", "Kalash", "Kalash", "Kalash", "Lahu", "Lahu", "Mandenka", "Maya", "MbutiPygmy", "MbutiPygmy", "Melanesian", "Melanesian", "Mongola", "Russian", "Uygur", "Uygur", "Yakut", "Yakut"],
  "targets": ["Kalash", "Lahu", "Russian", "Basque", "Bedouin", "Cambodian", "Lahu", "Yakut", "BantuSouthAfrica", "Bedouin", "BiakaPygmy", "Mandenka", "MbutiPygmy", "Yoruba", "BiakaPygmy", "Mandenka", "San", "Yoruba", "Burusho", "Russian", "Druze", "Mozabite", "Palestinian", "Uygur", "Yakut", "Yoruba", "MbutiPygmy", "San", "Cambodian", "Colombian", "Kalash", "Uygur", "Daur", "Lahu", "Yi", "Maya", "Pima", "Maya", "Mongola", "Yi", "Kalash", "Lahu", "Mozabite", "Palestinian", "Melanesian", "Mozabite", "Palestinian", "Uygur", "Yakut", "Yoruba", "Pima", "Pima", "San", "Palestinian", "Papuan", "Yi", "Uygur", "Yakut", "Yoruba", "Yi", "Yoruba"],
  "weights": [2.1617, 3.2119, 3.1463, 2.5154, 2.6053, 3.5942, 4.277, 3.1111, 3.5777, 4.2589, 4.2364, 2.8514, 4.8747, 3.2726, 3.4795, 3.4119, 4.8045, 3.7561, 2.4302, 2.7968, 2.1573, 2.4923, 2.1927, 2.4843, 2.8407, 3.4887, 5.3884, 5.3755, 3.6029, 4.3377, 2.6336, 2.4771, 3.4495, 3.7026, 3.5218, 1.8163, 3.7724, 3.7687, 2.2077, 2.3857, 1.7357, 3.38, 2.6096, 1.8405, 2.904, 2.7884, 2.0237, 3.2839, 3.3411, 2.5317, 4.1732, 8.6843, 4.9569, 2.7442, 1.7549, 2.5746, 3.5685, 2.9111, 5.0817, 2.7832, 4.1176],
  "loci": ["rs2005613", "rs11689832", "rs4144055", "rs11687113", "rs1917890", "rs2692954", "rs2579550", "rs2692938", "rs2312955", "rs10205464", "rs749458", "rs749457", "rs1724120", "rs1168968", "rs4907301", "rs997548", "rs997547", "rs2276651", "rs10445975", "rs4907304", "rs12617019", "rs7058", "rs772175", "rs3171927", "rs772178", "rs4435501", "rs2279105", "rs7562544", "rs810057", "rs2305935", "rs772160", "rs772161", "rs7585303", "rs1870340", "rs12614696", "rs2312991", "rs2118837", "rs6576972", "rs6753667", "rs2118836"]
}
