{
  "id": "EdgeSet0650",
  "sources": ["Adygei", "Adygei", "Adygei", "Adygei", "Balochi", "Balochi", "Balochi", "Balochi", "BantuKenya", "BantuKenya", "BantuKenya", "BantuKenya", "BantuKenya", "BantuSouthAfrica", "BantuSouthAfrica", "BantuSouthAfrica", "BantuSouthAfrica", "BantuSouthAfrica", "Basque", "Basque", "Basque", "Basque", "Bedouin", "Bedouin", "Bedouin", "BiakaPygmy", "BiakaPygmy", "Burusho", "Burusho", "Burusho", "Burusho", "Burusho", "Cambodian", "Cambodian", "Cambodian", "Cambodian", "Cambodian", "Colombian", "Colombian", "Colombian", "Colombian", "Daur", "Daur", "Daur", "Druze", "Druze", "Druze", "Kalash", "Lahu", "Lahu", "Mandenka", "Maya", "Maya", "MbutiPygmy", "MbutiPygmy", "Melanesian", "Melanesian", "Melanesian", "Mongola", "Mongola", "Mongola", "Mozabite", "Palestinian", "Papuan", "Papuan", "Pima", "Pima", "Russian", "San", "Uygur"],
  "targets": ["Bedouin", "Druze", "Kalash", "Palestinian", "Bedouin", "Cambodian", "Uygur", "Yi", "BiakaPygmy", "Mandenka", "MbutiPygmy", "Mozabite", "Yoruba", "Mandenka", "MbutiPygmy", "Pima", "San", "Yoruba", "Kalash", "Mozabite", "Palestinian", "Russian", "Druze", "Palestinian", "Russian", "MbutiPygmy", "Yoruba", "Cambodian", "Melanesian", "Palestinian", "Uygur", "Yakut", "Kalash", "Lahu", "Melanesian", "Papuan", "Yi", "Daur", "Maya", "Mongola", "Pima", "Mongola", "Yakut", "Yi", "Mozabite", "Palestinian", "Russian", "Uygur", "Papuan", "Yakut", "Yoruba", "Mongola", "Yakut", "San", "Yakut", "Papuan", "San", "Yi", "Papuan", "Uygur", "Yakut", "Palestinian", "Russian", "Uygur", "Yi", "San", "Uygur", "San", "Yoruba", "Yakut"],
  "weights": [1.9358, 2.0601, 3.5307, 2.1442, 2.4846, 2.5026, 2.4518, 2.6461, 2.6919, 3.7641, 4.5606, 4.0519, 3.2157, 4.0417, 5.9667, 8.577, 7.5951, 4.5002, 3.3831, 3.6526, 3.2068, 2.3468, 1.8282, 1.9306, 2.8008, 3.8547, 3.6575, 2.5218, 3.2999, 3.7076, 2.5854, 3.2533, 3.7451, 2.1817, 2.6211, 2.1559, 2.0382, 3.2333, 2.2972, 3.2587, 4.4334, 2.0507, 2.756, 2.1267, 2.6532, 2.0187, 2.7822, 3.5415, 1.5362, 3.2007, 2.6619, 2.5992, 3.3111, 7.8692, 6.5161, 3.2002, 7.9936, 3.0407, 2.94, 2.8121, 2.7955, 2.3927, 2.8899, 2.6908, 2.5726, 9.6791, 5.4058, 7.5101, 7.254, 3.6189],
  "loci": ["rs1896297", "rs76673", "rs2556378", "rs3765154", "rs17029711", "rs12328348", "rs13382983", "rs356982", "rs357004", "rs356999", "rs2195086", "rs356986", "rs1510480", "rs2042799", "rs2059710", "rs4672396", "rs10496088", "rs1866206", "rs842767", "rs6739587", "rs842764", "rs842762", "rs865210", "rs881952", "rs17031423", "rs2420382", "rs1344915", "rs17537498", "rs934797", "rs13411201", "rs10198826", "rs13006409", "rs7589998", "rs17537701", "rs6710364", "rs3796067", "rs12713426", "rs7576218", "rs7579240", "rs1866207"]
}
