{
  "id": "EdgeSet0816",
  "sources": ["Adygei", "Adygei", "Adygei", "Adygei", "Adygei", "Adygei", "Adygei", "Adygei", "Balochi", "Balochi", "Balochi", "Balochi", "Balochi", "Balochi", "BantuKenya", "BantuKenya", "BantuKenya", "BantuKenya", "BantuKenya", "BantuSouthAfrica", "BantuSouthAfrica", "BantuSouthAfrica", "BantuSouthAfrica", "Basque", "Basque", "Basque", "Basque", "Basque", "Bedouin", "Bedouin", "Bedouin", "Bedouin", "Bedouin", "BiakaPygmy", "BiakaPygmy", "BiakaPygmy", "BiakaPygmy", "BiakaPygmy", "Burusho", "Burusho", "Burusho", "Burusho", "Burusho", "Cambodian", "Cambodian", "Cambodian", "Cambodian", "Colombian", "Colombian", "Colombian", "Colombian", "Colombian", "Colombian", "Colombian", "Colombian", "Daur", "Daur", "Daur", "Druze", "Druze", "Druze", "Druze", "Kalash", "Kalash", "Kalash", "Kalash", "Kalash", "Kalash", "Lahu", "Lahu", "Mandenka", "Mandenka", "Mandenka", "Maya", "Maya", "Maya", "MbutiPygmy", "MbutiPygmy", "Melanesian", "Melanesian", "Melanesian", "Mongola", "Mozabite", "Mozabite", "Palestinian", "Palestinian", "Papuan", "Papuan", "Papuan", "Pima", "Pima", "Pima", "Uygur", "Yakut"],
  "targets": ["Basque", "Bedouin", "Druze", "Lahu", "Melanesian", "Palestinian", "Russian", "Uygur", "Kalash", "Palestinian", "Russian", "Uygur", "Yakut", "Yi", "BiakaPygmy", "Druze", "MbutiPygmy", "Mozabite", "Yoruba", "Cambodian", "MbutiPygmy", "Mozabite", "San", "Bedouin", "Burusho", "Kalash", "Palestinian", "Pima", "Cambodian", "Druze", "Lahu", "Melanesian", "Palestinian", "Mandenka", "MbutiPygmy", "San", "Yi", "Yoruba", "Kalash", "MbutiPygmy", "Palestinian", "San", "Uygur", "Daur", "Lahu", "Maya", "Yi", "Daur", "Lahu", "Maya", "Melanesian", "Mongola", "Pima", "Russian", "Yakut", "Papuan", "Yakut", "Yi", "Lahu", "Melanesian", "Palestinian", "Uygur", "Lahu", "Mozabite", "Papuan", "Pima", "Russian", "Yi", "Mongola", "Yakut", "MbutiPygmy", "Mozabite", "Yoruba", "Pima", "Yakut", "Yi", "Papuan", "San", "Mongola", "Papuan", "Uygur", "Yakut", "Palestinian", "Yoruba", "Papuan", "Uygur", "San", "Uygur", "Yakut", "Russian", "San", "Yi", "Yi", "Yi"],
  "weights": [2.6207, 1.9109, 2.0552, 4.0239, 2.5667, 1.978, 2.2762, 2.2782, 2.8103, 1.92, 2.3277, 2.1648, 3.5715, 3.2557, 3.6273, 3.8336, 4.4938, 2.835, 2.5374, 4.5174, 5.4295, 3.7861, 8.0273, 2.617, 3.8365, 3.1159, 2.4892, 4.533, 2.6855, 1.8463, 3.2635, 2.5498, 1.8795, 3.3759, 4.7002, 8.0724, 5.1755, 3.4202, 3.8716, 5.8484, 4.1419, 10.5592, 3.3804, 3.6973, 3.296, 2.6567, 2.7979, 3.609, 2.9646, 2.3804, 4.5906, 2.9363, 3.3443, 4.0488, 2.5139, 4.6505, 3.0479, 3.3444, 3.3697, 2.5903, 2.3073, 2.581, 4.4933, 3.7911, 5.6038, 4.7099, 3.3527, 4.7315, 2.7898, 2.7123, 4.8336, 3.3464, 3.3284, 2.7538, 2.3108, 2.4469, 6.9511, 8.8935, 2.9786, 4.6987, 3.5735, 1.6448, 2.7852, 2.7193, 5.1288, 2.4043, 10.2753, 5.0744, 5.8529, 3.7096, 9.5991, 3.1172, 3.0812, 2.2755],
  "loci": ["rs1521500", "rs6547208", "rs1878146", "rs10496207", "rs1239063", "rs1239104", "rs17015486", "rs2969615", "rs6755029", "rs1717554", "rs1239076", "rs2139928", "rs17015512", "rs17040590", "rs1239074", "rs1402675", "rs2946582", "rs1401737", "rs939628", "rs4853401", "rs6716040", "rs17584593", "rs1519622", "rs1669754", "rs1452044", "rs6547214", "rs4853406", "rs961331", "rs11126680", "rs11687801", "rs6754548", "rs17015634", "rs1521952", "rs1869083", "rs1521964", "rs1020567", "rs17586821", "rs1402910", "rs10189572", "rs2177098"]
}
