{
  "id": "EdgeSet0709",
  "sources": ["Adygei", "Adygei", "Adygei", "Adygei", "Adygei", "Adygei", "Balochi", "Balochi", "Balochi", "Balochi", "Balochi", "BantuKenya", "BantuKenya", "BantuKenya", "BantuKenya", "BantuSouthAfrica", "BantuSouthAfrica", "BantuSouthAfrica", "BantuSouthAfrica", "BantuSouthAfrica", "Basque", "Basque", "Basque", "Basque", "Bedouin", "Bedouin", "Bedouin", "Bedouin", "BiakaPygmy", "BiakaPygmy", "BiakaPygmy", "BiakaPygmy", "BiakaPygmy", "Burusho", "Burusho", "Burusho", "Burusho", "Cambodian", "Cambodian", "Cambodian", "Cambodian", "Cambodian", "Cambodian", "Colombian", "Colombian", "Colombian", "Daur", "Daur", "Daur", "Daur", "Daur", "Daur", "Druze", "Druze", "Kalash", "Kalash", "Lahu", "Lahu", "Lahu", "Mandenka", "Mandenka", "Maya", "MbutiPygmy", "MbutiPygmy", "Melanesian", "Melanesian", "Mongola", "Mongola", "Mongola", "Palestinian", "Yakut"],
  "targets": ["Burusho", "Daur", "Kalash", "Mongola", "Russian", "Yakut", "Bedouin", "Druze", "Kalash", "Russian", "Yi", "Mandenka", "MbutiPygmy", "Mozabite", "Yoruba", "BiakaPygmy", "Mandenka", "MbutiPygmy", "Papuan", "San", "Druze", "Kalash", "Palestinian", "Russian", "Druze", "Mozabite", "Palestinian", "Uygur", "Mandenka", "MbutiPygmy", "Melanesian", "San", "Yoruba", "Daur", "Mongola", "Palestinian", "Pima", "Daur", "Druze", "Lahu", "Melanesian", "Mongola", "Uygur", "Lahu", "Maya", "Pima", "Palestinian", "Papuan", "Pima", "Uygur", "Yakut", "Yi", "Palestinian", "Uygur", "Russian", "Uygur", "Mongola", "Pima", "Yi", "San", "Yoruba", "Pima", "San", "Yoruba", "Papuan", "Yakut", "Papuan", "Uygur", "Yakut", "Russian", "Yi"],
  "weights": [3.2429, 4.2505, 2.7304, 2.9007, 2.2502, 2.9828, 2.3881, 2.3247, 2.7714, 2.6567, 3.6805, 4.0902, 4.9591, 3.5471, 3.6422, 3.6172, 3.8973, 5.4927, 7.8338, 5.0229, 2.2294, 2.5725, 2.17, 2.2058, 1.927, 1.8963, 1.4257, 2.4713, 4.08, 5.2211, 6.6166, 5.2259, 3.9257, 3.2698, 3.312, 3.2908, 4.1432, 3.4285, 4.2189, 2.9179, 4.5267, 2.2934, 2.9086, 3.7131, 1.4587, 2.794, 3.5399, 5.4884, 4.534, 3.4461, 3.5328, 3.451, 1.9633, 2.7953, 2.6033, 2.9716, 2.7335, 3.5807, 2.9238, 5.4633, 2.6477, 2.2788, 6.7219, 4.3617, 3.3954, 4.1703, 4.6702, 2.7075, 2.9386, 2.2955, 3.0091],
  "loci": ["rs638190", "rs632647", "rs600524", "rs650638", "rs13033289", "rs685211", "rs605980", "rs658602", "rs6725582", "rs1521041", "rs13401833", "rs6760732", "rs6719623", "rs1552357", "rs13032336", "rs1521043", "rs4089733", "rs10496151", "rs7573319", "rs1521045", "rs17033681", "rs10170407", "rs17033691", "rs1521049", "rs2683682", "rs726085", "rs1357011", "rs6748393", "rs10490718", "rs1568471", "rs2683684", "rs13387304", "rs2683681", "rs2683687", "rs2541022", "rs17633978", "rs13413974", "rs1581370", "rs1568468", "rs2861638"]
}
