{
  "id": "EdgeSet0125",
  "sources": ["Adygei", "Adygei", "Adygei", "Adygei", "Adygei", "Adygei", "Adygei", "Balochi", "Balochi", "Balochi", "BantuKenya", "BantuKenya", "BantuKenya", "BantuKenya", "BantuSouthAfrica", "BantuSouthAfrica", "BantuSouthAfrica", "BantuSouthAfrica", "BantuSouthAfrica", "Basque", "Basque", "Basque", "Bedouin", "Bedouin", "Bedouin", "BiakaPygmy", "BiakaPygmy", "BiakaPygmy", "BiakaPygmy", "BiakaPygmy", "Burusho", "Burusho", "Burusho", "Burusho", "Cambodian", "Cambodian", "Cambodian", "Cambodian", "Colombian", "Colombian", "Colombian", "Colombian", "Daur", "Daur", "Daur", "Daur", "Druze", "Druze", "Druze", "Kalash", "Kalash", "Kalash", "Lahu", "Lahu", "Lahu", "Mandenka", "Maya", "MbutiPygmy", "MbutiPygmy", "MbutiPygmy", "Melanesian", "Melanesian", "Mongola", "Mozabite", "Palestinian", "Palestinian", "Papuan", "Russian", "Russian", "San", "Uygur", "Uygur", "Yakut"],
  "targets": ["Balochi", "Bedouin", "Burusho", "Druze", "Kalash", "Palestinian", "Uygur", "Basque", "Bedouin", "Uygur", "BantuSouthAfrica", "Mandenka", "San", "Yoruba", "BiakaPygmy", "Mandenka", "San", "Yakut", "Yoruba", "Druze", "Palestinian", "Russian", "Druze", "Kalash", "Palestinian", "Mandenka", "MbutiPygmy", "Papuan", "San", "Yoruba", "Druze", "Kalash", "MbutiPygmy", "Russian", "Daur", "Lahu", "Uygur", "Yi", "Lahu", "Maya", "Pima", "Yakut", "Mongola", "Pima", "Uygur", "Yakut", "Mozabite", "Palestinian", "Uygur", "Mozabite", "Russian", "Yakut", "Maya", "Melanesian", "Mongola", "Yoruba", "Pima", "Melanesian", "Papuan", "Yoruba", "Mongola", "Papuan", "Yakut", "Yi", "Russian", "Yi", "Russian", "San", "Uygur", "Yakut", "Yakut", "Yi", "Yi"],
  "weights": [2.0407, 2.1285, 2.2812, 2.728, 2.389, 2.1425, 2.3407, 2.6383, 2.4469, 2.7543, 3.8295, 2.9861, 5.6954, 3.1495, 3.8252, 3.5741, 5.5252, 5.8168, 2.9118, 2.1905, 2.4818, 2.0839, 1.8867, 2.4909, 1.7612, 4.0612, 3.7584, 5.8941, 5.8881, 3.3369, 2.7502, 3.0076, 5.0503, 3.0176, 3.2411, 2.6348, 2.8969, 2.4065, 4.6763, 2.6408, 4.235, 5.0132, 2.799, 3.5623, 4.1899, 3.7701, 2.5091, 2.0056, 2.5982, 2.8207, 3.1081, 3.7788, 3.8638, 3.8128, 2.8615, 2.4516, 3.457, 5.6532, 5.8943, 3.4819, 3.745, 3.6775, 3.4024, 3.3469, 3.5227, 3.8741, 5.461, 7.2882, 3.0181, 6.8633, 3.1172, 2.546, 2.465],
  "loci": ["rs13431259", "rs4669646", "rs1453084", "rs1467993", "rs10460292", "rs6727014", "rs1869288", "rs12620687", "rs4442966", "rs2003298", "rs6730326", "rs10199787", "rs6748518", "rs7602712", "rs4143555", "rs896757", "rs896754", "rs10495577", "rs754798", "rs7573335", "rs2357885", "rs10178469", "rs1901753", "rs10520062", "rs735206", "rs4668705", "rs12472523", "rs4669677", "rs6733287", "rs6432163", "rs11903722", "rs10176051", "rs1349722", "rs4668708", "rs2357887", "rs11679968", "rs720353", "rs4669682", "rs6432164", "rs2357888"]
}
