{
  "id": "EdgeSet0704",
  "sources": ["Adygei", "Adygei", "Balochi", "Balochi", "Balochi", "Balochi", "Balochi", "BantuKenya", "BantuKenya", "BantuKenya", "BantuKenya", "BantuSouthAfrica", "BantuSouthAfrica", "BantuSouthAfrica", "BantuSouthAfrica", "BantuSouthAfrica", "BantuSouthAfrica", "Basque", "Basque", "Basque", "Basque", "Basque", "Basque", "Basque", "Basque", "Bedouin", "Bedouin", "Bedouin", "BiakaPygmy", "BiakaPygmy", "BiakaPygmy", "Burusho", "Burusho", "Burusho", "Cambodian", "Cambodian", "Cambodian", "Cambodian", "Cambodian", "Colombian", "Colombian", "Colombian", "Colombian", "Colombian", "Colombian", "Daur", "Daur", "Druze", "Druze", "Druze", "Druze", "Kalash", "Kalash", "Kalash", "Lahu", "Lahu", "Lahu", "Lahu", "Lahu", "Mandenka", "Mandenka", "Maya", "Maya", "MbutiPygmy", "MbutiPygmy", "MbutiPygmy", "Melanesian", "Melanesian", "Melanesian", "Melanesian", "Mongola", "Mongola", "Mozabite", "Palestinian", "Palestinian", "Papuan", "Pima", "Pima", "Russian", "San", "Uygur"],
  "targets": ["Kalash", "Yi", "Maya", "Mongola", "Mozabite", "Palestinian", "Russian", "BantuSouthAfrica", "Bedouin", "BiakaPygmy", "Yoruba", "BiakaPygmy", "Lahu", "Mandenka", "MbutiPygmy", "San", "Yoruba", "Bedouin", "Druze", "MbutiPygmy", "Melanesian", "Palestinian", "Pima", "Uygur", "Yi", "Burusho", "Kalash", "Palestinian", "Mandenka", "MbutiPygmy", "Yoruba", "Cambodian", "Kalash", "Yakut", "Druze", "Mongola", "Pima", "Russian", "Uygur", "Daur", "Kalash", "Lahu", "Maya", "MbutiPygmy", "Yakut", "Yakut", "Yi", "Kalash", "Mozabite", "Palestinian", "San", "Mandenka", "Pima", "Yakut", "Mongola", "Papuan", "Russian", "San", "Yakut", "Mozabite", "Yoruba", "Pima", "Uygur", "Mongola", "Papuan", "San", "Mongola", "Papuan", "Pima", "Russian", "Uygur", "Yi", "Uygur", "Papuan", "Russian", "San", "Russian", "Yi", "Yi", "Yoruba", "Yi"],
  "weights": [2.6853, 2.9986, 2.9805, 2.2763, 2.2712, 2.0986, 1.9995, 3.5225, 3.6013, 3.155, 3.3593, 3.1004, 5.8272, 2.9299, 5.8568, 7.4629, 3.2379, 2.6362, 2.9008, 6.6738, 4.1678, 2.4665, 3.2005, 2.6129, 3.0391, 2.0378, 2.2967, 1.9309, 2.5869, 6.2888, 2.7646, 2.7898, 2.4073, 3.6475, 3.2985, 2.798, 3.2114, 2.2817, 3.3884, 3.2313, 4.7528, 4.3605, 3.0189, 7.9223, 3.419, 2.2036, 2.8606, 2.7913, 2.528, 2.3615, 7.4814, 3.1409, 2.8829, 3.1926, 3.2068, 5.4311, 4.4966, 7.763, 3.4139, 2.7831, 1.9233, 3.381, 4.1122, 7.5001, 8.7733, 9.6254, 4.0616, 3.0331, 4.5726, 3.8571, 2.0809, 2.3395, 2.571, 5.2172, 2.1576, 8.3861, 2.4689, 3.2844, 3.374, 7.0982, 2.3623],
  "loci": ["rs1420373", "rs1548900", "rs12471464", "rs1362484", "rs1362486", "rs1468824", "rs981718", "rs1420376", "rs1861460", "rs6734176", "rs6727258", "rs4635520", "rs1420357", "rs12621498", "rs1362475", "rs2080399", "rs1420358", "rs10496139", "rs10496140", "rs1420360", "rs12993985", "rs7579521", "rs1420364", "rs746784", "rs1106998", "rs2861317", "rs10179160", "rs1420365", "rs13404435", "rs13405122", "rs13399908", "rs752939", "rs6546281", "rs10196805", "rs10196486", "rs17033085", "rs1921294", "rs1921291", "rs1921290", "rs2178524"]
}
