{
  "id": "EdgeSet0918",
  "sources": ["Adygei", "Adygei", "Adygei", "Adygei", "Adygei", "Adygei", "Adygei", "Balochi", "Balochi", "Balochi", "Balochi", "BantuKenya", "BantuKenya", "BantuKenya", "BantuKenya", "BantuKenya", "BantuSouthAfrica", "BantuSouthAfrica", "BantuSouthAfrica", "BantuSouthAfrica", "BantuSouthAfrica", "Basque", "Basque", "Basque", "Bedouin", "Bedouin", "Bedouin", "Bedouin", "Bedouin", "Bedouin", "BiakaPygmy", "BiakaPygmy", "BiakaPygmy", "BiakaPygmy", "Burusho", "Burusho", "Burusho", "Cambodian", "Cambodian", "Colombian", "Colombian", "Daur", "Daur", "Daur", "Daur", "Daur", "Druze", "Druze", "Druze", "Kalash", "Kalash", "Kalash", "Kalash", "Lahu", "Lahu", "Lahu", "Mandenka", "Maya", "MbutiPygmy", "MbutiPygmy", "Melanesian", "Melanesian", "Melanesian", "Melanesian", "Melanesian", "Mongola", "Mongola", "Mozabite", "Palestinian", "Palestinian", "Russian"],
  "targets": ["Burusho", "Cambodian", "Druze", "Maya", "Mozabite", "Palestinian", "Yakut", "Basque", "Burusho", "Kalash", "Mongola", "BantuSouthAfrica", "Mandenka", "MbutiPygmy", "San", "Yoruba", "BiakaPygmy", "Mandenka", "MbutiPygmy", "San", "Yoruba", "Bedouin", "Maya", "Mozabite", "Burusho", "Cambodian", "Druze", "Mozabite", "Palestinian", "Uygur", "Mandenka", "MbutiPygmy", "San", "Yoruba", "Papuan", "Russian", "Uygur", "Lahu", "Yi", "Maya", "Pima", "Lahu", "Mongola", "Uygur", "Yakut", "Yi", "Kalash", "Palestinian", "Uygur", "MbutiPygmy", "Palestinian", "Russian", "Yakut", "Melanesian", "Mongola", "Yi", "Yoruba", "Pima", "Papuan", "San", "Mongola", "Papuan", "Russian", "Yakut", "Yi", "Uygur", "Yakut", "Russian", "Russian", "Uygur", "Uygur"],
  "weights": [1.9367, 2.9968, 2.3957, 3.133, 2.3027, 1.9451, 2.6192, 2.339, 2.1832, 2.3607, 2.7991, 3.544, 2.9237, 5.8185, 6.6652, 2.5545, 4.5582, 2.4476, 5.2773, 6.2022, 3.2113, 2.3124, 3.1933, 2.2171, 2.2501, 2.6981, 1.8731, 1.8048, 1.6426, 2.1475, 4.0356, 5.6394, 7.5212, 4.746, 3.8692, 2.249, 2.5919, 3.1726, 3.1548, 1.0007, 1.4085, 1.9686, 2.3388, 2.597, 3.1628, 2.4309, 2.5667, 1.6932, 2.0334, 7.8958, 2.2499, 2.1863, 3.2872, 2.7426, 2.5473, 2.6314, 2.5277, 1.2594, 8.3054, 7.9413, 2.4439, 3.0772, 3.3042, 2.8716, 4.1493, 2.3725, 2.5992, 2.2958, 2.0685, 2.1338, 2.549],
  "loci": ["rs6715454", "rs11123802", "rs4850917", "rs6719132", "rs6735012", "rs17436852", "rs10183501", "rs934168", "rs11897706", "rs7423759", "rs11887597", "rs2001722", "rs13385193", "rs13032879", "rs17436997", "rs6736239", "rs17023424", "rs11675333", "rs1115910", "rs13402299", "rs4851244", "rs13392222", "rs11695782", "rs4851250", "rs6749757", "rs6743817", "rs17023516", "rs6706188", "rs1437377", "rs2118280", "rs11692215", "rs4851251", "rs17023572", "rs12712066", "rs2009094", "rs17023602", "rs4851262", "rs4851263", "rs6722241", "rs6740838"]
}
