{
  "id": "EdgeSet0780",
  "sources": ["Adygei", "Adygei", "Adygei", "Adygei", "Adygei", "Adygei", "Adygei", "Balochi", "Balochi", "Balochi", "BantuKenya", "BantuKenya", "BantuKenya", "BantuKenya", "BantuSouthAfrica", "BantuSouthAfrica", "BantuSouthAfrica", "BantuSouthAfrica", "BantuSouthAfrica", "Basque", "Basque", "Basque", "Basque", "Basque", "Basque", "Bedouin", "Bedouin", "Bedouin", "Bedouin", "BiakaPygmy", "BiakaPygmy", "BiakaPygmy", "BiakaPygmy", "Burusho", "Burusho", "Burusho", "Cambodian", "Cambodian", "Cambodian", "Cambodian", "Cambodian", "Cambodian", "Colombian", "Colombian", "Colombian", "Colombian", "Daur", "Daur", "Daur", "Daur", "Daur", "Daur", "Druze", "Druze", "Druze", "Kalash", "Kalash", "Kalash", "Lahu", "Lahu", "Lahu", "Mandenka", "Mandenka", "Maya", "Maya", "MbutiPygmy", "Melanesian", "Melanesian", "Melanesian", "Melanesian", "Melanesian", "Mongola", "Mozabite", "Mozabite", "Papuan", "Russian", "Uygur", "Uygur", "Yakut"],
  "targets": ["Basque", "Burusho", "Druze", "Kalash", "Palestinian", "Papuan", "Uygur", "Bedouin", "Druze", "Melanesian", "BiakaPygmy", "Cambodian", "Mandenka", "Yoruba", "BiakaPygmy", "Mandenka", "MbutiPygmy", "San", "Yoruba", "Melanesian", "Mozabite", "Palestinian", "Pima", "Russian", "Uygur", "Burusho", "Cambodian", "Mozabite", "Palestinian", "Mandenka", "MbutiPygmy", "San", "Yoruba", "Kalash", "Palestinian", "San", "Lahu", "Mongola", "Mozabite", "Papuan", "Pima", "Uygur", "Maya", "Russian", "Uygur", "Yakut", "Kalash", "Lahu", "Mongola", "Papuan", "Pima", "Yi", "Mozabite", "Palestinian", "Yi", "Melanesian", "Papuan", "Russian", "Mongola", "Papuan", "Yi", "San", "Yoruba", "Pima", "Yakut", "Yoruba", "Mongola", "Papuan", "Pima", "Uygur", "Yi", "Yakut", "Papuan", "Yoruba", "San", "Uygur", "Yakut", "Yi", "Yi"],
  "weights": [1.9741, 3.532, 1.8667, 3.1789, 1.6827, 4.7814, 2.1331, 1.9671, 2.0813, 2.602, 4.8022, 4.4473, 3.8627, 3.7123, 4.1187, 3.6831, 4.5618, 7.5495, 3.2704, 3.0205, 2.4463, 1.8578, 3.4446, 2.3582, 2.3117, 3.4057, 2.8554, 2.4038, 1.9209, 4.3713, 3.5303, 7.9629, 3.5347, 4.4677, 3.344, 8.4069, 2.6914, 2.2858, 2.6574, 4.9613, 4.3788, 2.4964, 1.9589, 3.3359, 3.3825, 2.2015, 3.2601, 2.3125, 1.7042, 5.8438, 3.4764, 1.8199, 2.399, 1.5115, 2.9725, 3.4614, 5.2233, 2.9557, 1.9066, 5.5743, 2.6692, 6.6877, 3.4457, 4.3079, 1.713, 4.2981, 3.1958, 4.4196, 3.7171, 3.7535, 3.2165, 2.1953, 4.4734, 4.2163, 9.2632, 2.4611, 2.4572, 2.9389, 3.314],
  "loci": ["rs9309489", "rs10490309", "rs2422153", "rs2192925", "rs2192926", "rs6723949", "rs722963", "rs10207099", "rs13393408", "rs6742645", "rs10515919", "rs7578998", "rs17011070", "rs759445", "rs888080", "rs7565730", "rs3771871", "rs10172219", "rs10191221", "rs6714053", "rs764672", "rs10194748", "rs13385597", "rs2110933", "rs10200423", "rs17011222", "rs4852370", "rs6718666", "rs6749524", "rs981297", "rs715161", "rs1861429", "rs2098383", "rs6546992", "rs6546993", "rs6704951", "rs10490316", "rs13431298", "rs11896584", "rs735881"]
}
