{
  "id": "EdgeSet0372",
  "sources": ["Adygei", "Adygei", "Adygei", "Adygei", "Adygei", "Balochi", "Balochi", "Balochi", "Balochi", "Balochi", "Balochi", "BantuKenya", "BantuKenya", "BantuKenya", "BantuKenya", "BantuSouthAfrica", "BantuSouthAfrica", "BantuSouthAfrica", "Basque", "Basque", "Basque", "Basque", "Bedouin", "Bedouin", "Bedouin", "Bedouin", "BiakaPygmy", "BiakaPygmy", "Burusho", "Burusho", "Cambodian", "Cambodian", "Cambodian", "Cambodian", "Colombian", "Colombian", "Colombian", "Colombian", "Daur", "Daur", "Daur", "Daur", "Druze", "Druze", "Kalash", "Kalash", "Lahu", "Lahu", "Lahu", "Lahu", "Lahu", "Mandenka", "Mandenka", "Maya", "Maya", "MbutiPygmy", "Melanesian", "Melanesian", "Melanesian", "Melanesian", "Mongola", "Mongola", "Mongola", "Mozabite", "Mozabite", "Palestinian", "Papuan", "Papuan", "Papuan", "Uygur"],
  "targets": ["Balochi", "Basque", "Kalash", "Mozabite", "Papuan", "Basque", "Bedouin", "Kalash", "Palestinian", "Russian", "Uygur", "BantuSouthAfrica", "BiakaPygmy", "San", "Yoruba", "Mandenka", "MbutiPygmy", "Yoruba", "Daur", "Druze", "Palestinian", "Russian", "Druze", "Mozabite", "Palestinian", "Russian", "MbutiPygmy", "San", "Kalash", "Palestinian", "Daur", "Lahu", "Pima", "Yakut", "Maya", "Pima", "San", "Yakut", "Lahu", "Mongola", "Uygur", "Yakut", "Kalash", "Palestinian", "Russian", "Yoruba", "Maya", "Mongola", "Papuan", "Yakut", "Yi", "MbutiPygmy", "Yoruba", "Pima", "Uygur", "San", "Papuan", "Uygur", "Yakut", "Yi", "Pima", "Russian", "Yi", "Yi", "Yoruba", "Russian", "Russian", "Uygur", "Yi", "Yi"],
  "weights": [1.8209, 2.3672, 2.5187, 3.2952, 4.9741, 2.4875, 2.3607, 2.5461, 2.4415, 2.1665, 3.3078, 4.5303, 4.7082, 8.718, 3.254, 3.2906, 5.2235, 3.3118, 3.3732, 2.2973, 2.4253, 2.575, 2.1999, 2.8072, 1.9889, 2.4278, 5.8452, 9.3336, 3.4028, 3.1917, 2.3413, 3.3639, 3.1886, 2.107, 2.8225, 3.1346, 12.4247, 4.9319, 3.5725, 2.0947, 2.5943, 2.28, 2.6925, 1.9437, 2.7101, 5.501, 4.6189, 4.4643, 4.7844, 3.7044, 3.3729, 5.1272, 3.2355, 2.5686, 3.6467, 11.7284, 3.5165, 2.6658, 3.423, 2.842, 2.7037, 3.4692, 2.7183, 5.1589, 4.1843, 2.5093, 4.0388, 3.3593, 3.5798, 2.6222],
  "loci": ["rs10495867", "rs305163", "rs2666138", "rs4670532", "rs1022121", "rs1686103", "rs1489153", "rs10469894", "rs305175", "rs1167450", "rs11904235", "rs1730585", "rs2372441", "rs1730586", "rs12614272", "rs6708504", "rs1177518", "rs7582800", "rs1167464", "rs1167463", "rs6717847", "rs10202986", "rs1183798", "rs1167437", "rs1167436", "rs11124501", "rs12989193", "rs1950074", "rs1881782", "rs12185706", "rs17018545", "rs6743680", "rs2699150", "rs1529267", "rs10172534", "rs2052626", "rs6751483", "rs2552010", "rs1919816", "rs1919818"]
}
