{
  "id": "EdgeSet0779",
  "sources": ["Adygei", "Adygei", "Adygei", "Adygei", "Adygei", "Balochi", "Balochi", "Balochi", "Balochi", "Balochi", "Balochi", "Balochi", "BantuKenya", "BantuKenya", "BantuKenya", "BantuKenya", "BantuSouthAfrica", "BantuSouthAfrica", "BantuSouthAfrica", "BantuSouthAfrica", "BantuSouthAfrica", "Basque", "Basque", "Basque", "Basque", "Basque", "Basque", "Bedouin", "Bedouin", "Bedouin", "Bedouin", "BiakaPygmy", "BiakaPygmy", "BiakaPygmy", "Burusho", "Burusho", "Burusho", "Cambodian", "Cambodian", "Cambodian", "Cambodian", "Cambodian", "Colombian", "Colombian", "Colombian", "Colombian", "Colombian", "Colombian", "Daur", "Daur", "Daur", "Daur", "Daur", "Daur", "Daur", "Druze", "Druze", "Druze", "Druze", "Kalash", "Kalash", "Lahu", "Lahu", "Lahu", "Lahu", "Lahu", "Mandenka", "Mandenka", "Maya", "Maya", "Maya", "Maya", "MbutiPygmy", "MbutiPygmy", "MbutiPygmy", "Melanesian", "Melanesian", "Melanesian", "Melanesian", "Mongola", "Mongola", "Papuan", "Pima", "Pima", "Russian", "Uygur"],
  "targets": ["Druze", "Kalash", "Palestinian", "Papuan", "Uygur", "Basque", "Bedouin", "Burusho", "Druze", "Palestinian", "Pima", "Russian", "BantuSouthAfrica", "BiakaPygmy", "Mozabite", "Yoruba", "BiakaPygmy", "Mandenka", "MbutiPygmy", "Mozabite", "Yoruba", "Kalash", "Maya", "Palestinian", "Papuan", "Pima", "Uygur", "Burusho", "Cambodian", "Mongola", "Palestinian", "MbutiPygmy", "San", "Yoruba", "Colombian", "Kalash", "MbutiPygmy", "Kalash", "Papuan", "Uygur", "Yakut", "Yi", "Lahu", "Maya", "Mongola", "Russian", "Uygur", "Yakut", "Kalash", "Melanesian", "Mongola", "Pima", "Russian", "Uygur", "Yi", "Palestinian", "Pima", "Russian", "Uygur", "Russian", "Yi", "Melanesian", "Mongola", "Mozabite", "San", "Yi", "San", "Yoruba", "Mongola", "Pima", "Uygur", "Yakut", "Melanesian", "San", "Yoruba", "Papuan", "Pima", "Uygur", "Yi", "Yakut", "Yi", "San", "Russian", "Uygur", "Uygur", "Yakut"],
  "weights": [1.8589, 2.1763, 1.9763, 4.5448, 2.0691, 2.4736, 2.3522, 3.3878, 2.2659, 2.212, 4.5936, 2.7291, 3.377, 3.8228, 3.5094, 3.0291, 3.8828, 3.0756, 4.5907, 5.5981, 2.7759, 2.5518, 3.887, 2.3009, 4.8482, 3.5955, 2.203, 3.1142, 2.7569, 3.8554, 1.9229, 4.6003, 6.3273, 4.0622, 4.7427, 3.5219, 6.7087, 2.6189, 4.5935, 2.4258, 2.275, 2.6688, 3.8977, 2.6155, 3.1893, 2.9808, 3.2471, 2.5711, 2.8639, 3.4825, 2.658, 4.21, 3.5978, 2.9444, 2.3822, 1.4765, 3.718, 2.4354, 1.9831, 2.3467, 2.661, 4.9323, 3.1299, 3.505, 8.1734, 3.3317, 5.9627, 3.2096, 3.3526, 4.753, 3.7814, 2.4596, 6.9885, 7.5925, 5.0575, 4.8565, 4.4092, 3.9926, 2.7334, 2.8236, 2.5327, 7.1649, 3.5789, 3.6254, 2.237, 2.5655],
  "loci": ["rs4853119", "rs3771863", "rs10168411", "rs11684394", "rs1468900", "rs6717216", "rs7568535", "rs980545", "rs12328696", "rs13017967", "rs13018200", "rs4853125", "rs2422150", "rs1861430", "rs12612891", "rs10490307", "rs10490308", "rs2160369", "rs2216103", "rs12469135", "rs9309489", "rs10490309", "rs2422153", "rs2192925", "rs2192926", "rs6723949", "rs722963", "rs10207099", "rs13393408", "rs6742645", "rs10515919", "rs7578998", "rs17011070", "rs759445", "rs888080", "rs7565730", "rs3771871", "rs10172219", "rs10191221", "rs6714053"]
}
