{
  "id": "EdgeSet0758",
  "sources": ["Adygei", "Adygei", "Adygei", "Adygei", "Adygei", "Adygei", "Adygei", "Adygei", "Balochi", "Balochi", "Balochi", "Balochi", "BantuKenya", "BantuKenya", "BantuKenya", "BantuSouthAfrica", "BantuSouthAfrica", "BantuSouthAfrica", "Basque", "Basque", "Basque", "Basque", "Bedouin", "Bedouin", "Bedouin", "Bedouin", "Bedouin", "BiakaPygmy", "BiakaPygmy", "BiakaPygmy", "BiakaPygmy", "Burusho", "Burusho", "Burusho", "Cambodian", "Cambodian", "Cambodian", "Colombian", "Colombian", "Colombian", "Colombian", "Daur", "Daur", "Daur", "Daur", "Druze", "Druze", "Druze", "Kalash", "Kalash", "Lahu", "Lahu", "Mandenka", "Mandenka", "Maya", "MbutiPygmy", "Melanesian", "Melanesian", "Melanesian", "Melanesian", "Mongola", "Mongola", "Mozabite", "Mozabite", "Papuan", "Pima", "Russian", "San"],
  "targets": ["Basque", "Colombian", "Druze", "Kalash", "Palestinian", "Russian", "Yakut", "Yi", "Druze", "Kalash", "Mozabite", "Russian", "BantuSouthAfrica", "BiakaPygmy", "Yoruba", "Mandenka", "San", "Yoruba", "Bedouin", "Druze", "Kalash", "Russian", "Kalash", "Mozabite", "Palestinian", "Russian", "Yakut", "Mandenka", "MbutiPygmy", "Papuan", "San", "Druze", "Kalash", "Palestinian", "Lahu", "Uygur", "Yakut", "Kalash", "Maya", "Mongola", "Pima", "Lahu", "Melanesian", "Yakut", "Yi", "Lahu", "Palestinian", "Yakut", "Maya", "Palestinian", "Mongola", "Papuan", "MbutiPygmy", "Yoruba", "Pima", "San", "Papuan", "Pima", "Yakut", "Yoruba", "Uygur", "Yi", "Palestinian", "Uygur", "Russian", "San", "Yi", "Yoruba"],
  "weights": [2.5146, 4.0615, 1.9429, 2.3282, 1.9669, 2.3698, 2.3399, 2.6068, 1.8992, 2.5553, 2.7306, 2.2629, 3.5867, 4.3563, 2.9536, 2.869, 5.4397, 3.9456, 2.0361, 2.1805, 2.4261, 2.5247, 2.1453, 2.1344, 1.7008, 2.0738, 2.0592, 4.3029, 4.5031, 6.357, 5.5878, 2.5065, 2.6182, 2.1065, 1.8466, 2.5406, 2.1271, 4.1151, 3.2097, 4.7534, 4.2099, 2.716, 5.1647, 1.7036, 2.6085, 3.5799, 1.7449, 2.2007, 4.0814, 1.9211, 2.6525, 4.0259, 4.3229, 3.5594, 2.3835, 5.9903, 5.5951, 7.7345, 5.0788, 7.0829, 2.5562, 2.4289, 2.2242, 2.9593, 4.3649, 7.5331, 2.9684, 5.2733],
  "loci": ["rs7588891", "rs11684040", "rs13426792", "rs10185463", "rs1517397", "rs11678046", "rs6736570", "rs4852828", "rs10153788", "rs7558552", "rs6722569", "rs6722636", "rs6740100", "rs4405788", "rs4852833", "rs883313", "rs1878503", "rs4852837", "rs4852838", "rs10202944", "rs6714731", "rs1400681", "rs6728109", "rs7589380", "rs10195125", "rs7601186", "rs11126361", "rs6737062", "rs17007729", "rs10168803", "rs7568849", "rs2215801", "rs10194900", "rs10208443", "rs10209307", "rs10203870", "rs6546738", "rs2192332", "rs6721368", "rs4852856"]
}
