{
  "id": "EdgeSet0095",
  "sources": ["Adygei", "Adygei", "Adygei", "Adygei", "Adygei", "Adygei", "Balochi", "Balochi", "Balochi", "Balochi", "BantuKenya", "BantuKenya", "BantuKenya", "BantuKenya", "BantuKenya", "BantuKenya", "BantuSouthAfrica", "BantuSouthAfrica", "BantuSouthAfrica", "BantuSouthAfrica", "BantuSouthAfrica", "Basque", "Basque", "Basque", "Basque", "Basque", "Basque", "Bedouin", "Bedouin", "Bedouin", "Bedouin", "BiakaPygmy", "BiakaPygmy", "BiakaPygmy", "BiakaPygmy", "Burusho", "Burusho", "Burusho", "Burusho", "Cambodian", "Cambodian", "Cambodian", "Cambodian", "Cambodian", "Colombian", "Colombian", "Colombian", "Colombian", "Daur", "Daur", "Daur", "Daur", "Daur", "Druze", "Druze", "Druze", "Kalash", "Lahu", "Lahu", "Mandenka", "Mandenka", "Maya", "Maya", "MbutiPygmy", "MbutiPygmy", "Melanesian", "Melanesian", "Mongola", "Mongola", "Mozabite", "Mozabite", "Mozabite", "Mozabite", "Palestinian", "Papuan", "Papuan", "Russian"],
  "targets": ["Bedouin", "Druze", "Kalash", "Mongola", "Yakut", "Yi", "Burusho", "Kalash", "Palestinian", "Russian", "BiakaPygmy", "Cambodian", "Daur", "Mandenka", "Russian", "Yoruba", "BiakaPygmy", "Colombian", "Mandenka", "San", "Yoruba", "Druze", "Mozabite", "Papuan", "Russian", "Uygur", "Yi", "Burusho", "Cambodian", "Druze", "Palestinian", "Mandenka", "MbutiPygmy", "San", "Yoruba", "Kalash", "Papuan", "Pima", "Yi", "Daur", "Lahu", "Melanesian", "Mozabite", "Yi", "Maya", "Papuan", "Pima", "Yakut", "Lahu", "Melanesian", "Mongola", "Pima", "Yakut", "Mongola", "Palestinian", "Uygur", "Mozabite", "Maya", "Russian", "Palestinian", "Yoruba", "Melanesian", "Pima", "San", "Yoruba", "Papuan", "San", "Yakut", "Yi", "Palestinian", "Uygur", "Yakut", "Yi", "Russian", "San", "Yi", "Uygur"],
  "weights": [2.2576, 2.3653, 2.8176, 3.6481, 4.3938, 3.734, 2.471, 1.7171, 2.5916, 3.0096, 4.6012, 4.0998, 4.44, 3.7391, 5.322, 3.776, 4.1538, 7.2454, 3.3485, 9.2103, 3.4292, 2.7852, 2.7589, 3.9796, 3.0518, 3.1398, 3.7238, 2.468, 2.7002, 2.0004, 2.1688, 3.4892, 6.2153, 8.2344, 3.8737, 2.4027, 3.8817, 4.092, 2.9871, 2.959, 3.1897, 4.0638, 2.9859, 2.6976, 2.4998, 4.8749, 2.78, 4.0755, 3.5343, 3.7654, 3.0839, 4.0334, 2.714, 3.2734, 1.9953, 2.5641, 2.7011, 4.7707, 3.809, 4.2062, 2.9319, 4.4476, 2.314, 9.0791, 6.7406, 4.7547, 10.835, 2.9027, 2.8208, 2.1171, 2.7759, 3.9338, 2.5078, 2.9456, 10.398, 2.9071, 3.0051],
  "loci": ["rs6724050", "rs6725841", "rs17389911", "rs6719485", "rs1034380", "rs427375", "rs238625", "rs238618", "rs238617", "rs238630", "rs11674752", "rs7595804", "rs10519894", "rs346831", "rs2931130", "rs16866666", "rs10207297", "rs3097288", "rs346833", "rs10174949", "rs10178845", "rs11887635", "rs3102937", "rs642501", "rs453193", "rs3097289", "rs2115366", "rs3111422", "rs3111424", "rs9287698", "rs744337", "rs3021387", "rs6431936", "rs3102941", "rs4669256", "rs12613635", "rs13384783", "rs16866696", "rs4669260", "rs17443836"]
}
