{
  "id": "EdgeSet0345",
  "sources": ["Adygei", "Adygei", "Adygei", "Adygei", "Adygei", "Adygei", "Balochi", "Balochi", "Balochi", "Balochi", "BantuKenya", "BantuKenya", "BantuKenya", "BantuKenya", "BantuKenya", "BantuKenya", "BantuKenya", "BantuSouthAfrica", "BantuSouthAfrica", "BantuSouthAfrica", "BantuSouthAfrica", "Basque", "Basque", "Basque", "Basque", "Basque", "Bedouin", "Bedouin", "Bedouin", "BiakaPygmy", "BiakaPygmy", "BiakaPygmy", "Burusho", "Burusho", "Burusho", "Burusho", "Burusho", "Cambodian", "Cambodian", "Cambodian", "Cambodian", "Colombian", "Colombian", "Colombian", "Colombian", "Colombian", "Colombian", "Daur", "Daur", "Daur", "Daur", "Druze", "Druze", "Druze", "Kalash", "Kalash", "Kalash", "Lahu", "Lahu", "Lahu", "Lahu", "Mandenka", "Mandenka", "Maya", "Maya", "MbutiPygmy", "Melanesian", "Melanesian", "Melanesian", "Mongola", "Mongola", "Mongola", "Palestinian", "Pima", "Uygur", "Yakut"],
  "targets": ["Bedouin", "Burusho", "Kalash", "Maya", "Pima", "Russian", "Basque", "Bedouin", "Druze", "Uygur", "Bedouin", "BiakaPygmy", "Mandenka", "MbutiPygmy", "Mozabite", "San", "Yoruba", "Colombian", "Mandenka", "MbutiPygmy", "Yoruba", "Colombian", "Druze", "Kalash", "Mozabite", "Russian", "Druze", "Mozabite", "Palestinian", "Mandenka", "San", "Yoruba", "Colombian", "Kalash", "Palestinian", "Pima", "Russian", "Daur", "Lahu", "Palestinian", "Papuan", "Lahu", "Maya", "Mongola", "Pima", "Uygur", "Yi", "Mongola", "Pima", "Yakut", "Yi", "Mozabite", "Palestinian", "Pima", "Maya", "Papuan", "Pima", "Mongola", "Papuan", "San", "Yakut", "Mozabite", "Yoruba", "Pima", "Uygur", "San", "Mongola", "Papuan", "Uygur", "Papuan", "Yakut", "Yi", "Russian", "Yi", "Yakut", "Yi"],
  "weights": [2.2484, 2.4504, 2.7028, 3.3789, 2.8301, 2.0709, 2.0331, 1.4726, 2.0245, 2.4846, 4.9026, 4.4469, 3.6696, 6.3175, 4.288, 9.4622, 3.8788, 5.5634, 3.7523, 5.9018, 3.6558, 4.761, 2.3225, 3.4635, 2.8336, 2.122, 1.8872, 2.5887, 1.9462, 4.1554, 9.8019, 4.2878, 3.3612, 2.8437, 2.6185, 3.1377, 2.6335, 3.4442, 3.9536, 4.8136, 3.1805, 5.2751, 3.6377, 4.848, 4.3446, 3.0119, 3.5759, 2.8473, 2.8203, 2.4764, 1.7407, 2.8606, 1.8306, 3.8852, 2.9263, 5.0429, 3.2216, 3.5359, 4.3271, 10.877, 3.9944, 3.4316, 2.5103, 3.5031, 3.5949, 10.1025, 2.7414, 2.3731, 3.1176, 2.8603, 2.8114, 2.6336, 2.1431, 3.0157, 2.5218, 1.9735],
  "loci": ["rs4449111", "rs2367957", "rs4670914", "rs12995445", "rs7594686", "rs6749326", "rs6758248", "rs2030548", "rs13428565", "rs1879861", "rs17338700", "rs11691402", "rs1543976", "rs1533840", "rs12712361", "rs7588336", "rs6714970", "rs6735386", "rs1522585", "rs12712364", "rs1533845", "rs6738183", "rs7572718", "rs1522581", "rs4670997", "rs10193873", "rs13417671", "rs11884177", "rs13017284", "rs7565016", "rs1522590", "rs13430486", "rs1522591", "rs11695787", "rs12479025", "rs4670302", "rs1705119", "rs1718728", "rs4670303", "rs1705127"]
}
