{
  "id": "EdgeSet0786",
  "sources": ["Adygei", "Adygei", "Adygei", "Balochi", "Balochi", "Balochi", "Balochi", "BantuKenya", "BantuKenya", "BantuKenya", "BantuSouthAfrica", "BantuSouthAfrica", "BantuSouthAfrica", "BantuSouthAfrica", "BantuSouthAfrica", "Basque", "Basque", "Basque", "Basque", "Basque", "Bedouin", "Bedouin", "Bedouin", "Bedouin", "Bedouin", "BiakaPygmy", "BiakaPygmy", "BiakaPygmy", "Burusho", "Burusho", "Burusho", "Burusho", "Burusho", "Burusho", "Burusho", "Burusho", "Cambodian", "Cambodian", "Cambodian", "Cambodian", "Cambodian", "Cambodian", "Colombian", "Colombian", "Colombian", "Colombian", "Daur", "Daur", "Daur", "Daur", "Daur", "Daur", "Daur", "Druze", "Druze", "Druze", "Druze", "Kalash", "Kalash", "Kalash", "Kalash", "Lahu", "Lahu", "Lahu", "Mandenka", "Mandenka", "Maya", "Maya", "Maya", "Maya", "Maya", "MbutiPygmy", "MbutiPygmy", "Melanesian", "Mongola", "Mozabite", "Palestinian", "Palestinian", "Papuan", "Pima", "Pima", "Russian", "Russian"],
  "targets": ["Balochi", "Basque", "Druze", "Burusho", "Kalash", "Mandenka", "Palestinian", "Mandenka", "MbutiPygmy", "Yoruba", "BiakaPygmy", "Mandenka", "MbutiPygmy", "San", "Yoruba", "Daur", "Kalash", "Lahu", "Palestinian", "Yi", "Druze", "Mozabite", "Palestinian", "Russian", "Uygur", "Mandenka", "San", "Yoruba", "Cambodian", "Melanesian", "Mongola", "Palestinian", "Papuan", "Russian", "Yi", "Yoruba", "Colombian", "Druze", "Lahu", "Mongola", "Palestinian", "Yakut", "Daur", "Maya", "Pima", "Yi", "Kalash", "Lahu", "Maya", "Mongola", "Pima", "Uygur", "Yi", "Kalash", "Palestinian", "Pima", "Russian", "Lahu", "Palestinian", "Papuan", "Russian", "Mongola", "Yakut", "Yi", "Mozabite", "Yoruba", "Melanesian", "Mongola", "Pima", "Yakut", "Yi", "Papuan", "San", "Papuan", "Yi", "Yakut", "Uygur", "Yakut", "Pima", "Russian", "Uygur", "Uygur", "Yakut"],
  "weights": [2.8302, 3.4406, 2.5678, 2.2709, 2.3985, 5.0127, 2.0676, 4.6593, 6.9613, 4.1194, 5.1289, 5.566, 7.1403, 7.3064, 5.1271, 3.0598, 2.5834, 2.7733, 2.0615, 2.7905, 1.5272, 1.8387, 1.2517, 1.1859, 1.735, 4.4322, 5.0452, 3.6686, 2.9348, 3.5162, 2.2095, 1.9881, 4.5805, 2.0741, 3.2948, 5.3913, 3.75, 2.3632, 1.6041, 1.4298, 2.4687, 1.8931, 2.8109, 2.3272, 3.9025, 3.0668, 2.3489, 2.1662, 2.0888, 1.1377, 3.1502, 1.5952, 1.7423, 2.075, 1.6444, 4.0041, 1.6851, 3.1678, 1.7595, 4.5288, 2.7591, 1.3599, 1.9472, 1.7582, 4.8639, 3.5826, 3.5745, 2.167, 2.9741, 3.8441, 2.2843, 7.8911, 5.8533, 3.0226, 1.6106, 2.3723, 1.8708, 2.0621, 5.7563, 3.2787, 2.2899, 1.8772, 2.2635],
  "loci": ["rs714479", "rs6547014", "rs13426311", "rs7577050", "rs1859710", "rs6714116", "rs6754000", "rs1017051", "rs17011560", "rs7570229", "rs10188239", "rs1001893", "rs2286238", "rs13032535", "rs17689640", "rs7588016", "rs3771872", "rs3771875", "rs13417024", "rs3771876", "rs6759555", "rs17689863", "rs13405970", "rs10165899", "rs917236", "rs13397865", "rs13425964", "rs7577196", "rs13426287", "rs6547016", "rs13385913", "rs2051942", "rs7590218", "rs4853169", "rs6722682", "rs17011662", "rs7560262", "rs2298948", "rs7591052", "rs3755476"]
}
