{
  "id": "EdgeSet0705",
  "sources": ["Adygei", "Adygei", "Adygei", "Balochi", "Balochi", "Balochi", "Balochi", "Balochi", "BantuKenya", "BantuKenya", "BantuKenya", "BantuKenya", "BantuKenya", "BantuSouthAfrica", "BantuSouthAfrica", "BantuSouthAfrica", "BantuSouthAfrica", "Basque", "Basque", "Basque", "Basque", "Basque", "Bedouin", "Bedouin", "Bedouin", "BiakaPygmy", "BiakaPygmy", "BiakaPygmy", "Burusho", "Burusho", "Burusho", "Burusho", "Cambodian", "Cambodian", "Cambodian", "Cambodian", "Colombian", "Colombian", "Colombian", "Colombian", "Colombian", "Colombian", "Daur", "Daur", "Daur", "Daur", "Druze", "Druze", "Druze", "Kalash", "Kalash", "Kalash", "Lahu", "Lahu", "Lahu", "Lahu", "Mandenka", "Mandenka", "Maya", "MbutiPygmy", "MbutiPygmy", "Melanesian", "Melanesian", "Melanesian", "Mongola", "Mozabite", "Mozabite", "Palestinian", "Papuan", "Pima", "Russian", "San", "Uygur"],
  "targets": ["Basque", "Druze", "Uygur", "Burusho", "Kalash", "Mongola", "Mozabite", "Pima", "BantuSouthAfrica", "Bedouin", "BiakaPygmy", "Burusho", "Yoruba", "BiakaPygmy", "Mandenka", "MbutiPygmy", "San", "Druze", "Palestinian", "Pima", "Russian", "Yi", "Druze", "Palestinian", "Uygur", "Mandenka", "MbutiPygmy", "Yoruba", "Cambodian", "Daur", "Kalash", "Yakut", "Mongola", "Pima", "Russian", "Yi", "Daur", "Lahu", "Mandenka", "Maya", "MbutiPygmy", "Yakut", "Kalash", "Maya", "Yakut", "Yi", "Mongola", "Mozabite", "Palestinian", "Maya", "Mongola", "Pima", "Melanesian", "Mongola", "Papuan", "Yakut", "MbutiPygmy", "Yoruba", "Pima", "Papuan", "San", "Papuan", "Pima", "Uygur", "Uygur", "Palestinian", "Russian", "Papuan", "San", "Russian", "Yakut", "Yoruba", "Yi"],
  "weights": [2.6175, 2.8165, 2.8459, 2.0573, 1.7358, 2.275, 2.6169, 2.4139, 2.5606, 3.3596, 3.2416, 3.4507, 3.1242, 2.9675, 3.6306, 6.7865, 7.8621, 2.2659, 2.2956, 2.8336, 2.0646, 2.9369, 2.2716, 1.8604, 2.6677, 3.6545, 6.4244, 3.1973, 2.5379, 2.5741, 2.0371, 3.9282, 2.7779, 2.796, 2.3607, 2.9398, 3.0837, 3.6522, 4.5591, 3.0826, 8.793, 2.9614, 2.2936, 2.4511, 2.9043, 2.2919, 3.6107, 2.7747, 2.1546, 2.0122, 1.8404, 2.1646, 3.7812, 3.4029, 4.687, 3.3861, 7.153, 3.033, 2.2147, 10.1501, 11.0958, 3.453, 4.053, 5.0564, 2.0389, 2.7162, 2.7909, 5.8656, 9.6185, 2.4175, 3.5404, 7.6097, 2.5351],
  "loci": ["rs12993985", "rs7579521", "rs1420364", "rs746784", "rs1106998", "rs2861317", "rs10179160", "rs1420365", "rs13404435", "rs13405122", "rs13399908", "rs752939", "rs6546281", "rs10196805", "rs10196486", "rs17033085", "rs1921294", "rs1921291", "rs1921290", "rs2178524", "rs7578984", "rs13014894", "rs12469473", "rs1921296", "rs10199442", "rs4671784", "rs13382503", "rs7570545", "rs13403463", "rs6716991", "rs17592856", "rs10180549", "rs4671787", "rs17033166", "rs12996858", "rs17033180", "rs12463688", "rs12473913", "rs7590628", "rs2861561"]
}
