{
  "id": "EdgeSet0220",
  "sources": ["Adygei", "Adygei", "Adygei", "Adygei", "Balochi", "Balochi", "Balochi", "Balochi", "BantuKenya", "BantuKenya", "BantuKenya", "BantuKenya", "BantuKenya", "BantuSouthAfrica", "BantuSouthAfrica", "BantuSouthAfrica", "BantuSouthAfrica", "Basque", "Basque", "Bedouin", "Bedouin", "Bedouin", "Bedouin", "BiakaPygmy", "BiakaPygmy", "BiakaPygmy", "BiakaPygmy", "Burusho", "Burusho", "Burusho", "Cambodian", "Cambodian", "Cambodian", "Cambodian", "Cambodian", "Cambodian", "Colombian", "Colombian", "Colombian", "Colombian", "Colombian", "Colombian", "Daur", "Daur", "Daur", "Daur", "Druze", "Druze", "Druze", "Kalash", "Kalash", "Kalash", "Kalash", "Lahu", "Lahu", "Lahu", "Mandenka", "Maya", "Maya", "MbutiPygmy", "Melanesian", "Melanesian", "Melanesian", "Mongola", "Mongola", "Mongola", "Mozabite", "Mozabite", "Papuan", "Pima", "Pima", "Pima", "Uygur", "Yakut"],
  "targets": ["Basque", "Burusho", "Palestinian", "Russian", "Basque", "Bedouin", "Druze", "Kalash", "BantuSouthAfrica", "BiakaPygmy", "Mandenka", "Mozabite", "Yoruba", "BiakaPygmy", "MbutiPygmy", "San", "Yoruba", "Mozabite", "Palestinian", "Druze", "Mozabite", "Palestinian", "Pima", "Cambodian", "Mandenka", "MbutiPygmy", "Yoruba", "Papuan", "Russian", "Yakut", "Colombian", "Daur", "Maya", "Pima", "Uygur", "Yi", "Daur", "Kalash", "Maya", "Mozabite", "Papuan", "Pima", "Maya", "Mongola", "Papuan", "Yi", "Mozabite", "Palestinian", "Uygur", "Lahu", "Melanesian", "Pima", "San", "Maya", "Melanesian", "Yakut", "Yoruba", "Pima", "Yakut", "San", "Mongola", "Papuan", "Yi", "Papuan", "Uygur", "Yi", "Palestinian", "Russian", "San", "San", "Yakut", "Yi", "Yi", "Yi"],
  "weights": [3.1212, 2.7701, 2.4501, 2.835, 2.8847, 2.3988, 2.2879, 2.9299, 3.323, 3.3508, 2.6419, 3.2079, 3.1291, 3.7523, 4.1352, 4.3897, 3.6483, 2.618, 2.6172, 2.0968, 2.1181, 1.8981, 3.9021, 5.0693, 3.3924, 5.457, 3.9098, 5.4159, 2.4204, 3.5927, 2.4643, 2.0058, 2.1922, 3.5796, 2.2528, 1.8803, 2.2968, 4.2859, 2.2492, 4.7747, 3.9355, 3.7516, 2.0946, 1.9783, 3.3205, 1.8516, 2.0881, 1.5707, 2.5771, 4.0141, 5.6427, 3.9916, 7.4791, 3.0157, 2.8974, 3.1624, 2.9232, 3.2129, 2.9734, 5.1953, 2.6824, 3.0494, 2.5372, 3.1342, 2.3164, 2.0405, 1.8022, 2.7456, 8.0611, 7.9705, 3.7187, 4.4814, 2.408, 2.8605],
  "loci": ["rs7601441", "rs16987405", "rs981396", "rs981395", "rs4666369", "rs16987411", "rs10495703", "rs7607854", "rs977130", "rs1398950", "rs7583442", "rs7577335", "rs11894335", "rs1473886", "rs870526", "rs868933", "rs11692531", "rs11096641", "rs4233758", "rs13428318", "rs3924843", "rs10856796", "rs4358082", "rs6531222", "rs7581159", "rs2881925", "rs6749689", "rs4432408", "rs3771254", "rs2015110", "rs3771240", "rs1106111", "rs7563245", "rs2110410", "rs1043419", "rs10164749", "rs989982", "rs7579477", "rs11096655", "rs17623996"]
}
