{
  "id": "EdgeSet0934",
  "sources": ["Adygei", "Adygei", "Adygei", "Adygei", "Adygei", "Adygei", "Balochi", "Balochi", "Balochi", "Balochi", "Balochi", "Balochi", "BantuKenya", "BantuKenya", "BantuKenya", "BantuKenya", "BantuKenya", "BantuSouthAfrica", "BantuSouthAfrica", "BantuSouthAfrica", "BantuSouthAfrica", "Basque", "Basque", "Basque", "Basque", "Bedouin", "Bedouin", "Bedouin", "Bedouin", "BiakaPygmy", "BiakaPygmy", "Burusho", "Burusho", "Cambodian", "Cambodian", "Cambodian", "Cambodian", "Cambodian", "Colombian", "Colombian", "Daur", "Daur", "Daur", "Druze", "Druze", "Druze", "Druze", "Lahu", "Lahu", "Lahu", "Mandenka", "Mandenka", "Maya", "Maya", "MbutiPygmy", "Melanesian", "Mongola", "Mongola", "Mozabite", "Palestinian", "Papuan", "Papuan", "Papuan", "Pima", "Uygur", "Yakut"],
  "targets": ["Balochi", "Bedouin", "Druze", "Kalash", "Palestinian", "Russian", "Bedouin", "Kalash", "Melanesian", "Palestinian", "Russian", "Uygur", "Bedouin", "BiakaPygmy", "Mandenka", "San", "Yoruba", "Cambodian", "MbutiPygmy", "San", "Yoruba", "Bedouin", "Burusho", "Druze", "Uygur", "Druze", "Kalash", "Mozabite", "Palestinian", "Mandenka", "Yoruba", "Cambodian", "Kalash", "Colombian", "Lahu", "Melanesian", "Russian", "Yi", "Maya", "Yi", "Melanesian", "Yakut", "Yi", "Kalash", "Mozabite", "Palestinian", "Russian", "Melanesian", "Mongola", "Uygur", "MbutiPygmy", "Yoruba", "Pima", "Yi", "San", "Papuan", "Uygur", "Yi", "Russian", "Russian", "Pima", "Uygur", "Yakut", "Yakut", "Yakut", "Yi"],
  "weights": [2.0201, 1.819, 1.6541, 1.7586, 1.9415, 1.8116, 2.0996, 1.7194, 2.8047, 1.9869, 2.1078, 2.9024, 3.6893, 3.3846, 3.1388, 5.1705, 3.2289, 5.5715, 4.5113, 4.8395, 4.0006, 2.6051, 1.8797, 2.5796, 2.9941, 1.4952, 1.88, 2.3965, 2.0261, 4.0342, 2.8141, 3.1582, 1.6678, 4.1508, 3.431, 3.0817, 3.0866, 3.0221, 1.6267, 2.9546, 3.1124, 1.838, 2.1847, 1.7198, 2.2513, 1.8324, 1.5668, 3.4501, 3.2714, 2.8386, 3.6994, 3.6657, 4.7664, 3.1428, 4.431, 3.1978, 2.5144, 2.0797, 2.5332, 1.9303, 5.7371, 4.021, 4.1576, 4.9175, 2.9573, 2.5376],
  "loci": ["rs1509498", "rs6543085", "rs4851487", "rs12465765", "rs1567385", "rs11674694", "rs6543092", "rs12476979", "rs17025997", "rs4384813", "rs6543094", "rs11123901", "rs4616501", "rs10191330", "rs6732726", "rs4851502", "rs17026163", "rs1859712", "rs972372", "rs2108196", "rs1139583", "rs13425874", "rs10205230", "rs7560764", "rs2871432", "rs6720836", "rs2310144", "rs7603475", "rs13011687", "rs12470621", "rs2214890", "rs2056400", "rs1541435", "rs1541434", "rs1019033", "rs2190360", "rs2190358", "rs6742301", "rs13414479", "rs6726051"]
}
