{
  "id": "EdgeSet0554",
  "sources": ["Adygei", "Adygei", "Adygei", "Adygei", "Adygei", "Adygei", "Adygei", "Balochi", "Balochi", "BantuKenya", "BantuKenya", "BantuSouthAfrica", "BantuSouthAfrica", "BantuSouthAfrica", "Basque", "Basque", "Basque", "Basque", "Bedouin", "Bedouin", "Bedouin", "Bedouin", "Bedouin", "Bedouin", "BiakaPygmy", "BiakaPygmy", "BiakaPygmy", "BiakaPygmy", "Burusho", "Burusho", "Burusho", "Burusho", "Burusho", "Burusho", "Cambodian", "Cambodian", "Cambodian", "Cambodian", "Cambodian", "Colombian", "Colombian", "Colombian", "Daur", "Daur", "Daur", "Druze", "Druze", "Kalash", "Kalash", "Kalash", "Kalash", "Kalash", "Lahu", "Lahu", "Lahu", "Mandenka", "Mandenka", "Mandenka", "Maya", "Maya", "MbutiPygmy", "MbutiPygmy", "MbutiPygmy", "MbutiPygmy", "Melanesian", "Melanesian", "Mongola", "Mongola", "Mozabite", "Papuan", "Papuan", "Pima", "San"],
  "targets": ["Basque", "Burusho", "Druze", "Kalash", "Papuan", "Russian", "Uygur", "Russian", "Yi", "BantuSouthAfrica", "Mandenka", "Lahu", "San", "Yoruba", "Druze", "Mozabite", "Palestinian", "Russian", "Druze", "Lahu", "MbutiPygmy", "Mozabite", "Palestinian", "Russian", "Mandenka", "MbutiPygmy", "San", "Yoruba", "Kalash", "Lahu", "Melanesian", "Mozabite", "Uygur", "Yi", "Colombian", "Daur", "Melanesian", "Uygur", "Yi", "Maya", "Mongola", "Pima", "Mongola", "Uygur", "Yi", "Mozabite", "Palestinian", "Lahu", "Maya", "MbutiPygmy", "Melanesian", "Palestinian", "Mandenka", "Mongola", "Yi", "MbutiPygmy", "Mozabite", "Yoruba", "Pima", "Russian", "Melanesian", "Mozabite", "San", "Yoruba", "Papuan", "Yoruba", "Uygur", "Yakut", "Palestinian", "San", "Yakut", "Yi", "Yi"],
  "weights": [1.9828, 1.7856, 1.9309, 2.9773, 4.9238, 2.2922, 1.9823, 2.1468, 3.3556, 4.7152, 2.7392, 6.3134, 8.6037, 4.1692, 1.6053, 2.148, 2.145, 2.3775, 1.8955, 5.4936, 4.3903, 2.2056, 2.2114, 2.6692, 3.228, 3.8098, 7.4176, 3.3433, 2.7594, 4.3603, 4.3929, 2.4988, 2.1034, 4.2031, 5.0466, 2.4975, 4.0931, 2.3677, 2.6998, 2.7236, 3.8897, 1.8473, 2.5159, 1.8243, 2.6568, 1.676, 1.7167, 4.9709, 3.778, 5.2712, 4.9169, 3.2739, 5.4815, 4.0569, 4.0374, 3.984, 3.6878, 3.04, 2.9802, 3.127, 5.4654, 4.1454, 7.1596, 4.1543, 5.6455, 5.2505, 2.3916, 1.5621, 2.2095, 9.6769, 6.6136, 3.4611, 8.7508],
  "loci": ["rs1528800", "rs11888857", "rs11125351", "rs1528799", "rs1528798", "rs984795", "rs991900", "rs991901", "rs2160407", "rs1406422", "rs11125352", "rs6739416", "rs6739884", "rs6705941", "rs6706076", "rs1919419", "rs13386519", "rs12995616", "rs6725779", "rs1919420", "rs13418692", "rs9789477", "rs2883423", "rs1919427", "rs10175823", "rs1528805", "rs1528806", "rs2715051", "rs10495996", "rs1528795", "rs11563146", "rs1534611", "rs2049736", "rs2049735", "rs1528792", "rs1528790", "rs12612083", "rs2697999", "rs7592062", "rs11899940"]
}
