{
  "id": "EdgeSet0755",
  "sources": ["Adygei", "Adygei", "Adygei", "Adygei", "Adygei", "Adygei", "Adygei", "Adygei", "Adygei", "Balochi", "Balochi", "BantuKenya", "BantuKenya", "BantuKenya", "BantuKenya", "BantuSouthAfrica", "BantuSouthAfrica", "BantuSouthAfrica", "BantuSouthAfrica", "BantuSouthAfrica", "BantuSouthAfrica", "Basque", "Basque", "Basque", "Basque", "Basque", "Bedouin", "Bedouin", "Bedouin", "Bedouin", "Bedouin", "BiakaPygmy", "BiakaPygmy", "Burusho", "Burusho", "Burusho", "Burusho", "Burusho", "Cambodian", "Cambodian", "Cambodian", "Cambodian", "Cambodian", "Colombian", "Colombian", "Colombian", "Daur", "Daur", "Daur", "Daur", "Daur", "Druze", "Druze", "Druze", "Kalash", "Kalash", "Lahu", "Lahu", "Lahu", "Lahu", "Mandenka", "Mandenka", "Maya", "Maya", "MbutiPygmy", "Melanesian", "Mongola", "Mongola", "Mongola", "Palestinian", "Papuan", "Papuan", "Russian", "San", "Uygur", "Uygur"],
  "targets": ["Balochi", "Basque", "Burusho", "Daur", "Druze", "Melanesian", "Russian", "Yakut", "Yi", "Basque", "Bedouin", "BiakaPygmy", "MbutiPygmy", "San", "Yoruba", "BiakaPygmy", "Mandenka", "MbutiPygmy", "Mozabite", "San", "Yoruba", "Burusho", "Mozabite", "Palestinian", "Papuan", "Russian", "Cambodian", "Druze", "Kalash", "Mozabite", "Palestinian", "Mandenka", "MbutiPygmy", "Druze", "Kalash", "Lahu", "Melanesian", "Yakut", "Daur", "Lahu", "Uygur", "Yakut", "Yi", "Maya", "Papuan", "Pima", "Melanesian", "Mongola", "Pima", "Yakut", "Yi", "Mozabite", "Palestinian", "Russian", "Lahu", "Russian", "Melanesian", "Mongola", "Pima", "Yi", "Mozabite", "Yoruba", "Papuan", "Pima", "San", "Papuan", "Uygur", "Yakut", "Yi", "Russian", "Pima", "Yakut", "Uygur", "Yoruba", "Yakut", "Yi"],
  "weights": [2.3412, 2.286, 2.3418, 3.8027, 1.9604, 6.3016, 1.8146, 3.0802, 3.6348, 2.4934, 2.0258, 5.0491, 4.8371, 5.4264, 3.4797, 4.9972, 3.7997, 5.4734, 4.7741, 5.9411, 4.477, 2.5683, 3.0268, 1.8284, 4.1246, 1.8842, 2.681, 1.7799, 1.6104, 2.9517, 1.713, 3.8827, 4.5348, 2.0485, 2.5326, 4.1987, 5.6586, 3.8617, 2.3758, 3.693, 2.3697, 2.6992, 2.7055, 3.5585, 5.4142, 3.516, 4.9958, 2.5746, 4.3477, 2.3955, 2.7205, 2.8705, 1.6274, 1.6578, 4.8466, 1.6224, 5.7273, 4.9113, 5.4822, 3.6952, 3.7272, 3.2316, 5.1794, 2.8209, 6.0741, 4.4103, 2.3552, 2.6716, 2.3167, 1.692, 5.6295, 3.5056, 1.9945, 4.5196, 2.3689, 2.5328],
  "loci": ["rs11674060", "rs2559081", "rs9677779", "rs1863812", "rs10187598", "rs10198903", "rs11897186", "rs934067", "rs750355", "rs2114811", "rs1896496", "rs7598653", "rs10192575", "rs2004421", "rs10198353", "rs2195194", "rs2900976", "rs6714267", "rs4123814", "rs1427688", "rs10181010", "rs6728798", "rs4852826", "rs12623780", "rs13016025", "rs1870448", "rs6546721", "rs898238", "rs11684409", "rs1459258", "rs6726307", "rs2419778", "rs898234", "rs17007417", "rs930931", "rs6705555", "rs1471219", "rs13427905", "rs10192419", "rs7596753"]
}
