{
  "id": "EdgeSet0914",
  "sources": ["Adygei", "Adygei", "Adygei", "Adygei", "Adygei", "Balochi", "Balochi", "Balochi", "Balochi", "Balochi", "Balochi", "Balochi", "Balochi", "BantuKenya", "BantuKenya", "BantuKenya", "BantuKenya", "BantuKenya", "BantuSouthAfrica", "BantuSouthAfrica", "BantuSouthAfrica", "BantuSouthAfrica", "Basque", "Basque", "Basque", "Basque", "Basque", "Basque", "Bedouin", "Bedouin", "Bedouin", "Bedouin", "Bedouin", "Bedouin", "Bedouin", "BiakaPygmy", "BiakaPygmy", "BiakaPygmy", "Burusho", "Burusho", "Burusho", "Cambodian", "Cambodian", "Cambodian", "Cambodian", "Cambodian", "Cambodian", "Colombian", "Colombian", "Colombian", "Colombian", "Daur", "Daur", "Daur", "Daur", "Druze", "Druze", "Druze", "Kalash", "Kalash", "Kalash", "Kalash", "Lahu", "Lahu", "Lahu", "Lahu", "Mandenka", "Mandenka", "Maya", "MbutiPygmy", "MbutiPygmy", "Melanesian", "Mongola", "Mozabite", "Mozabite", "Palestinian", "Palestinian", "Palestinian", "Papuan", "Pima", "Russian", "Russian", "Russian", "San"],
  "targets": ["Druze", "Kalash", "Maya", "Palestinian", "Russian", "Basque", "Bedouin", "Burusho", "Cambodian", "Druze", "Kalash", "Melanesian", "Russian", "BantuSouthAfrica", "Mandenka", "MbutiPygmy", "Mozabite", "Yoruba", "Mandenka", "MbutiPygmy", "San", "Yoruba", "Bedouin", "Kalash", "Mozabite", "Russian", "Yakut", "Yi", "Cambodian", "Druze", "Melanesian", "Mongola", "Mozabite", "Palestinian", "Yi", "Mandenka", "MbutiPygmy", "San", "Mongola", "Palestinian", "Russian", "Kalash", "Lahu", "Melanesian", "Russian", "Uygur", "Yakut", "Daur", "Maya", "Pima", "Yi", "Mongola", "Uygur", "Yakut", "Yi", "Melanesian", "Mozabite", "Palestinian", "Mongola", "Mozabite", "Papuan", "Yakut", "Mongola", "Papuan", "Russian", "Yi", "Russian", "Yoruba", "Pima", "Melanesian", "San", "Papuan", "Uygur", "Palestinian", "Yoruba", "Papuan", "Russian", "Uygur", "Uygur", "Yakut", "Uygur", "Yakut", "Yi", "Yoruba"],
  "weights": [2.2146, 2.3896, 3.9001, 2.1216, 2.8545, 1.8731, 1.3751, 1.6323, 2.131, 1.6101, 1.6194, 2.7853, 3.0216, 3.8361, 2.8682, 5.7375, 3.8562, 3.4324, 3.9467, 5.7007, 7.5959, 4.1941, 1.8624, 2.0544, 2.0327, 2.5795, 3.0242, 3.1784, 2.2704, 1.5945, 2.8521, 3.376, 1.7021, 1.5221, 3.1287, 5.2013, 6.0946, 8.3521, 2.8828, 2.1436, 2.8317, 2.3232, 2.3583, 3.1046, 2.7857, 2.4428, 2.9325, 6.9141, 5.1748, 5.2822, 5.9665, 2.6036, 2.8741, 2.7035, 3.7313, 2.9776, 1.9662, 1.5849, 2.8218, 1.9383, 2.6565, 2.9673, 2.7149, 3.0937, 2.8373, 3.2389, 3.8597, 2.7671, 2.6228, 7.9118, 9.3414, 2.9311, 2.5932, 1.8061, 4.085, 2.6875, 2.5211, 2.5278, 2.6468, 4.9927, 2.6118, 4.0863, 3.285, 6.9368],
  "loci": ["rs2309615", "rs1922624", "rs1922625", "rs6722617", "rs7589893", "rs17022564", "rs7579143", "rs11902994", "rs717454", "rs3792152", "rs17763718", "rs3087395", "rs12479064", "rs3087386", "rs1451245", "rs3087403", "rs3792135", "rs10207981", "rs737094", "rs1011633", "rs6707827", "rs2309586", "rs6746402", "rs4850905", "rs10206082", "rs4851212", "rs3792119", "rs10179116", "rs3828312", "rs1047265", "rs3792128", "rs3792133", "rs4568000", "rs12616127", "rs12620982", "rs12470522", "rs4850907", "rs4851218", "rs17022809", "rs17782474"]
}
