{
  "id": "EdgeSet0817",
  "sources": ["Adygei", "Adygei", "Adygei", "Adygei", "Adygei", "Adygei", "Balochi", "Balochi", "Balochi", "Balochi", "Balochi", "Balochi", "Balochi", "BantuKenya", "BantuKenya", "BantuKenya", "BantuKenya", "BantuSouthAfrica", "BantuSouthAfrica", "BantuSouthAfrica", "BantuSouthAfrica", "BantuSouthAfrica", "Basque", "Basque", "Basque", "Basque", "Bedouin", "Bedouin", "Bedouin", "Bedouin", "Bedouin", "BiakaPygmy", "BiakaPygmy", "BiakaPygmy", "BiakaPygmy", "BiakaPygmy", "BiakaPygmy", "Burusho", "Burusho", "Burusho", "Burusho", "Cambodian", "Cambodian", "Cambodian", "Cambodian", "Colombian", "Colombian", "Colombian", "Colombian", "Colombian", "Colombian", "Colombian", "Daur", "Daur", "Druze", "Druze", "Druze", "Druze", "Kalash", "Kalash", "Kalash", "Kalash", "Kalash", "Lahu", "Lahu", "Lahu", "Lahu", "Mandenka", "Mandenka", "Mandenka", "Maya", "Maya", "MbutiPygmy", "Melanesian", "Melanesian", "Melanesian", "Melanesian", "Mongola", "Mongola", "Mongola", "Mozabite", "Palestinian", "Papuan", "Papuan", "Papuan", "Pima", "Pima", "Pima", "Russian", "Uygur", "Yakut"],
  "targets": ["Basque", "Bedouin", "Melanesian", "Palestinian", "Russian", "Uygur", "BantuKenya", "Bedouin", "Druze", "Kalash", "Russian", "Uygur", "Yi", "Burusho", "MbutiPygmy", "Mozabite", "Yoruba", "BiakaPygmy", "Mandenka", "MbutiPygmy", "San", "Yi", "Daur", "Druze", "Palestinian", "Russian", "Burusho", "Cambodian", "Druze", "Palestinian", "Papuan", "Burusho", "Mandenka", "MbutiPygmy", "San", "Yi", "Yoruba", "Daur", "Kalash", "MbutiPygmy", "Yi", "Colombian", "Druze", "Maya", "Russian", "Lahu", "Mongola", "Papuan", "Pima", "Russian", "Uygur", "Yakut", "Papuan", "Yakut", "Kalash", "Mozabite", "Palestinian", "Russian", "Lahu", "Melanesian", "Papuan", "Pima", "Russian", "Melanesian", "Papuan", "Uygur", "Yi", "MbutiPygmy", "Uygur", "Yoruba", "Pima", "Uygur", "San", "Mongola", "Papuan", "Uygur", "Yi", "Mozabite", "Pima", "Yakut", "Yoruba", "Papuan", "San", "Uygur", "Yakut", "Russian", "San", "Yi", "San", "Yi", "Yi"],
  "weights": [2.7319, 1.8086, 2.6996, 1.872, 2.6584, 2.8305, 4.2024, 2.0649, 2.1575, 2.1533, 2.4525, 2.4439, 2.8068, 3.8826, 5.1454, 3.2401, 2.6938, 3.6626, 3.7848, 4.6172, 6.2148, 5.1912, 4.1951, 2.3787, 2.7007, 3.1651, 2.8116, 2.1526, 1.8266, 1.5788, 3.0474, 5.6037, 3.5705, 4.2141, 6.3931, 4.7819, 3.711, 3.8793, 3.0627, 6.1171, 3.3587, 2.0769, 2.4247, 2.8128, 3.6419, 2.8546, 2.4539, 4.5126, 3.7365, 2.9628, 2.7354, 2.2538, 4.4861, 2.5045, 2.337, 3.4801, 1.9916, 2.6204, 2.9178, 2.6725, 3.3323, 3.7106, 2.6181, 2.9351, 3.5994, 3.2019, 3.0551, 4.8125, 4.2108, 2.776, 3.7337, 4.1408, 7.4721, 2.9553, 3.0287, 3.6933, 3.1614, 3.4906, 4.8801, 1.5457, 2.8004, 3.086, 8.2321, 3.9186, 4.6263, 3.4369, 8.8395, 3.5122, 7.8996, 3.0819, 2.8922],
  "loci": ["rs6716040", "rs17584593", "rs1519622", "rs1669754", "rs1452044", "rs6547214", "rs4853406", "rs961331", "rs11126680", "rs11687801", "rs6754548", "rs17015634", "rs1521952", "rs1869083", "rs1521964", "rs1020567", "rs17586821", "rs1402910", "rs10189572", "rs2177098", "rs2140039", "rs17015732", "rs6707613", "rs17015740", "rs4853416", "rs4853418", "rs1521973", "rs6744937", "rs6761240", "rs1521955", "rs955168", "rs7594656", "rs4852457", "rs4853422", "rs1879655", "rs12469549", "rs11899405", "rs13014483", "rs12618794", "rs6708781"]
}
