{
  "id": "EdgeSet0831",
  "sources": ["Adygei", "Adygei", "Adygei", "Adygei", "Balochi", "Balochi", "Balochi", "Balochi", "Balochi", "BantuKenya", "BantuKenya", "BantuKenya", "BantuKenya", "BantuKenya", "BantuSouthAfrica", "BantuSouthAfrica", "BantuSouthAfrica", "Basque", "Basque", "Bedouin", "Bedouin", "Bedouin", "Bedouin", "BiakaPygmy", "BiakaPygmy", "BiakaPygmy", "BiakaPygmy", "Burusho", "Burusho", "Burusho", "Burusho", "Cambodian", "Cambodian", "Cambodian", "Cambodian", "Cambodian", "Colombian", "Colombian", "Colombian", "Colombian", "Daur", "Daur", "Daur", "Daur", "Daur", "Druze", "Druze", "Kalash", "Kalash", "Lahu", "Lahu", "Lahu", "Mandenka", "Maya", "Maya", "Maya", "MbutiPygmy", "Melanesian", "Mongola", "Mongola", "Mongola", "Mongola", "Mozabite", "Russian", "San"],
  "targets": ["Basque", "Bedouin", "Burusho", "Mozabite", "Bedouin", "Burusho", "Druze", "Russian", "Uygur", "BiakaPygmy", "Mandenka", "MbutiPygmy", "Pima", "Yoruba", "BiakaPygmy", "San", "Yoruba", "Kalash", "Russian", "Burusho", "Druze", "Mozabite", "Palestinian", "Mandenka", "MbutiPygmy", "San", "Yakut", "Kalash", "Melanesian", "Mongola", "Uygur", "Lahu", "Mongola", "Papuan", "Yakut", "Yi", "Lahu", "Maya", "Pima", "Yakut", "Druze", "Lahu", "Uygur", "Yakut", "Yi", "Palestinian", "Russian", "Pima", "Russian", "Palestinian", "Yakut", "Yi", "Yoruba", "Mongola", "Pima", "Yakut", "San", "Papuan", "Papuan", "Uygur", "Yakut", "Yi", "Palestinian", "San", "Yoruba"],
  "weights": [3.7326, 2.0033, 2.5577, 2.5634, 1.5394, 2.2678, 1.9374, 2.6719, 1.9686, 4.0192, 2.7843, 5.3043, 6.0199, 3.4923, 3.9628, 6.2855, 3.3943, 3.2942, 3.4066, 2.2304, 1.8085, 2.0211, 1.7546, 3.3043, 4.7096, 7.2406, 4.9599, 3.3616, 3.9181, 2.7676, 2.0985, 2.9869, 2.3998, 3.8406, 3.1068, 2.3576, 4.1559, 2.6712, 2.5272, 4.2874, 2.7882, 2.0582, 2.2805, 3.1088, 1.7965, 2.0822, 2.1762, 5.2109, 3.5595, 2.9795, 3.0631, 1.9729, 2.4505, 4.13, 2.4973, 4.0919, 7.3726, 3.386, 3.6603, 2.0204, 2.7594, 1.9616, 2.3362, 8.6593, 6.6479],
  "loci": ["rs4852507", "rs1533123", "rs11126740", "rs17727983", "rs1355414", "rs17017518", "rs4422182", "rs2861857", "rs4852508", "rs17017528", "rs4258819", "rs13030183", "rs12471455", "rs10191302", "rs4852511", "rs10183482", "rs10184380", "rs6719934", "rs11695685", "rs955749", "rs6738702", "rs6714659", "rs11682196", "rs1511189", "rs17017634", "rs7602740", "rs7576479", "rs11889974", "rs6725030", "rs12993353", "rs11895953", "rs7579935", "rs4852514", "rs1567532", "rs6547267", "rs11680540", "rs10496231", "rs11682247", "rs7587388", "rs17017756"]
}
