{
  "id": "EdgeSet0216",
  "sources": ["Adygei", "Adygei", "Adygei", "Adygei", "Balochi", "Balochi", "Balochi", "Balochi", "Balochi", "BantuKenya", "BantuKenya", "BantuKenya", "BantuKenya", "BantuKenya", "BantuSouthAfrica", "BantuSouthAfrica", "BantuSouthAfrica", "BantuSouthAfrica", "BantuSouthAfrica", "Basque", "Basque", "Basque", "Basque", "Bedouin", "Bedouin", "Bedouin", "Bedouin", "Bedouin", "Bedouin", "BiakaPygmy", "BiakaPygmy", "BiakaPygmy", "BiakaPygmy", "Burusho", "Burusho", "Burusho", "Burusho", "Burusho", "Burusho", "Cambodian", "Cambodian", "Cambodian", "Cambodian", "Colombian", "Colombian", "Colombian", "Daur", "Daur", "Daur", "Daur", "Druze", "Druze", "Druze", "Kalash", "Kalash", "Kalash", "Lahu", "Lahu", "Lahu", "Mandenka", "Mandenka", "Maya", "MbutiPygmy", "MbutiPygmy", "Melanesian", "Melanesian", "Melanesian", "Melanesian", "Melanesian", "Mongola", "Mongola", "Mongola", "Mongola", "Mozabite", "Mozabite", "Palestinian", "Papuan", "Papuan", "Russian", "San", "Uygur", "Yakut"],
  "targets": ["Basque", "Druze", "Kalash", "San", "Bedouin", "Cambodian", "Druze", "Lahu", "Palestinian", "BantuSouthAfrica", "Cambodian", "Mandenka", "MbutiPygmy", "Yoruba", "BiakaPygmy", "MbutiPygmy", "Mozabite", "San", "Yoruba", "Druze", "Maya", "Palestinian", "Pima", "Druze", "Kalash", "Melanesian", "Mozabite", "Palestinian", "Yakut", "Mandenka", "MbutiPygmy", "San", "Yoruba", "Lahu", "Melanesian", "Mozabite", "Pima", "Russian", "Yakut", "Daur", "Maya", "Palestinian", "Uygur", "Maya", "Mongola", "Pima", "Papuan", "Uygur", "Yakut", "Yi", "Pima", "Russian", "Uygur", "MbutiPygmy", "Papuan", "San", "Melanesian", "Papuan", "Yakut", "Mozabite", "Yoruba", "Russian", "Papuan", "San", "Palestinian", "Papuan", "San", "Yakut", "Yi", "Pima", "Uygur", "Yakut", "Yi", "Palestinian", "Yoruba", "Russian", "Pima", "Russian", "Yakut", "Yoruba", "Yi", "Yi"],
  "weights": [1.645, 2.0987, 4.1918, 6.7195, 1.7597, 2.4795, 2.1251, 2.7893, 1.5962, 4.1901, 5.1675, 2.9616, 6.266, 3.3037, 3.3381, 7.6033, 4.9118, 6.8474, 3.496, 1.7351, 3.2302, 2.2589, 3.0687, 2.1455, 3.9304, 4.1641, 2.6765, 1.6197, 3.089, 2.9377, 6.8924, 5.9753, 3.0177, 3.7006, 4.2956, 3.6927, 3.4964, 3.1815, 4.167, 2.4924, 2.9851, 2.5778, 2.2068, 2.6547, 3.975, 3.2366, 4.988, 2.6337, 2.5121, 2.2933, 3.273, 3.1982, 3.2208, 9.336, 6.6002, 7.429, 5.1234, 5.2537, 3.1142, 3.1323, 2.1582, 2.9578, 9.6381, 9.4545, 4.7718, 5.6313, 7.1673, 4.2432, 3.7747, 4.3499, 2.6345, 2.6608, 1.9735, 2.7525, 3.5851, 3.3132, 5.4394, 4.9312, 3.5514, 6.0762, 2.3971, 2.6118],
  "loci": ["rs1437860", "rs6705750", "rs920262", "rs10191506", "rs10200435", "rs10193010", "rs6732272", "rs13017000", "rs10188847", "rs750971", "rs6750471", "rs10184780", "rs964864", "rs7559602", "rs7421179", "rs7578460", "rs11687529", "rs2276607", "rs2276606", "rs11096626", "rs7595902", "rs3731670", "rs3731669", "rs13028359", "rs4035116", "rs893400", "rs17689262", "rs7590829", "rs4468781", "rs10204428", "rs12466802", "rs13432782", "rs2278525", "rs16987205", "rs1370587", "rs16987206", "rs2028206", "rs3731661", "rs1056233", "rs1191778"]
}
