{
  "id": "EdgeSet0523",
  "sources": ["Adygei", "Adygei", "Adygei", "Adygei", "Adygei", "Adygei", "Balochi", "Balochi", "Balochi", "Balochi", "BantuKenya", "BantuKenya", "BantuKenya", "BantuKenya", "BantuKenya", "BantuSouthAfrica", "BantuSouthAfrica", "BantuSouthAfrica", "BantuSouthAfrica", "BantuSouthAfrica", "Basque", "Basque", "Basque", "Basque", "Bedouin", "Bedouin", "Bedouin", "Bedouin", "Bedouin", "BiakaPygmy", "BiakaPygmy", "BiakaPygmy", "Burusho", "Cambodian", "Cambodian", "Cambodian", "Cambodian", "Cambodian", "Cambodian", "Colombian", "Colombian", "Colombian", "Daur", "Daur", "Daur", "Daur", "Daur", "Druze", "Druze", "Kalash", "Kalash", "Kalash", "Kalash", "Lahu", "Lahu", "Mandenka", "Mandenka", "Mandenka", "Maya", "MbutiPygmy", "Melanesian", "Melanesian", "Mongola", "Mongola", "Mongola", "Mongola", "Mozabite", "Mozabite", "Pima", "Russian", "San", "Uygur"],
  "targets": ["Basque", "Bedouin", "Burusho", "Druze", "Papuan", "Russian", "Basque", "Palestinian", "Papuan", "Uygur", "BantuSouthAfrica", "BiakaPygmy", "Mandenka", "San", "Yoruba", "BiakaPygmy", "Druze", "Lahu", "MbutiPygmy", "Yoruba", "Bedouin", "Burusho", "Kalash", "Palestinian", "Druze", "Kalash", "Mandenka", "Mozabite", "Palestinian", "Mandenka", "MbutiPygmy", "San", "Druze", "Lahu", "Maya", "Papuan", "Pima", "Uygur", "Yi", "Maya", "Pima", "Yi", "Mongola", "Russian", "Uygur", "Yakut", "Yi", "Mozabite", "Palestinian", "Maya", "Palestinian", "Russian", "Yakut", "Melanesian", "Uygur", "MbutiPygmy", "Mozabite", "Yoruba", "Pima", "San", "Papuan", "Yoruba", "Pima", "Russian", "Uygur", "Yakut", "Palestinian", "Yoruba", "Yi", "Yakut", "Yakut", "Yi"],
  "weights": [2.044, 2.348, 2.4942, 2.1121, 3.9853, 4.0174, 1.6163, 2.1244, 3.704, 2.3983, 3.4926, 2.5948, 3.0006, 4.7716, 3.6602, 3.4917, 4.6014, 5.93, 4.0601, 3.8988, 2.0417, 2.3781, 2.6047, 1.6503, 2.3908, 3.1786, 4.1917, 2.6634, 1.8358, 2.6991, 3.3021, 4.5914, 2.5616, 2.631, 3.8502, 3.2006, 3.5754, 2.516, 2.3449, 3.1814, 2.6364, 2.3949, 2.7358, 4.2803, 2.7329, 5.0352, 2.6294, 2.9796, 2.2823, 5.451, 2.8836, 4.4966, 6.1756, 3.975, 3.027, 3.4568, 4.0481, 3.0098, 3.7109, 4.1864, 4.0395, 5.027, 3.6612, 4.0984, 2.4225, 4.0259, 2.3701, 4.61, 2.6897, 6.0488, 8.1978, 2.0827],
  "loci": ["rs2192615", "rs2012026", "rs4953639", "rs4953640", "rs11125186", "rs2215911", "rs1024779", "rs6715107", "rs10490120", "rs7602044", "rs17499377", "rs6545082", "rs6545083", "rs11891861", "rs989373", "rs988921", "rs1950145", "rs7565565", "rs1019277", "rs1024776", "rs6706144", "rs6739570", "rs10205982", "rs17500266", "rs17037898", "rs7587630", "rs7591064", "rs11125188", "rs1861168", "rs1922476", "rs2041724", "rs7559066", "rs6166", "rs2058595", "rs8179692", "rs2300439", "rs13415618", "rs759287", "rs6545090", "rs12713027"]
}
