{
  "id": "EdgeSet0656",
  "sources": ["Adygei", "Adygei", "Adygei", "Adygei", "Adygei", "Adygei", "Adygei", "Balochi", "Balochi", "Balochi", "Balochi", "BantuKenya", "BantuKenya", "BantuKenya", "BantuKenya", "BantuSouthAfrica", "BantuSouthAfrica", "BantuSouthAfrica", "Basque", "Basque", "Basque", "Bedouin", "Bedouin", "Bedouin", "BiakaPygmy", "BiakaPygmy", "BiakaPygmy", "BiakaPygmy", "Burusho", "Cambodian", "Cambodian", "Cambodian", "Cambodian", "Cambodian", "Cambodian", "Colombian", "Colombian", "Colombian", "Colombian", "Daur", "Daur", "Daur", "Daur", "Druze", "Druze", "Druze", "Kalash", "Kalash", "Kalash", "Kalash", "Lahu", "Lahu", "Lahu", "Mandenka", "Mandenka", "Maya", "Maya", "MbutiPygmy", "MbutiPygmy", "MbutiPygmy", "Melanesian", "Melanesian", "Melanesian", "Mongola", "Mongola", "Mongola", "Mozabite", "Palestinian", "Papuan", "Pima", "Uygur", "Uygur"],
  "targets": ["Balochi", "Basque", "Burusho", "Druze", "Kalash", "Russian", "Yi", "Bedouin", "Burusho", "Cambodian", "Papuan", "BiakaPygmy", "Mandenka", "MbutiPygmy", "Yoruba", "Mandenka", "MbutiPygmy", "San", "Burusho", "Pima", "Russian", "Druze", "Mozabite", "Palestinian", "Mandenka", "MbutiPygmy", "San", "Yoruba", "Kalash", "Daur", "Melanesian", "Mongola", "Mozabite", "Pima", "Yi", "Lahu", "Maya", "Mongola", "Yakut", "Maya", "Mongola", "Mozabite", "Uygur", "Mozabite", "Palestinian", "Russian", "Mongola", "Uygur", "Yakut", "Yi", "Papuan", "San", "Yi", "MbutiPygmy", "Yoruba", "Pima", "Yakut", "Mozabite", "Palestinian", "San", "Mongola", "Papuan", "Yi", "Uygur", "Yakut", "Yi", "Russian", "Russian", "Uygur", "Yakut", "Yakut", "Yi"],
  "weights": [2.4698, 2.2226, 2.9584, 2.5359, 3.1469, 2.978, 3.2917, 2.0279, 2.7722, 3.5109, 4.0915, 3.6506, 3.0761, 5.1453, 2.9882, 2.9717, 4.9965, 6.9716, 3.1014, 3.5352, 3.1005, 2.0271, 1.752, 2.0483, 2.9991, 4.8225, 6.7533, 2.7537, 3.1169, 3.0834, 3.8634, 2.424, 4.345, 3.1307, 2.7229, 5.6171, 2.9603, 3.7085, 3.4903, 3.2333, 2.5896, 3.4521, 2.8046, 1.9515, 2.0534, 2.1823, 4.1432, 2.6522, 3.1503, 3.4613, 4.9595, 9.5203, 4.4203, 4.5215, 1.8653, 1.5314, 2.7355, 5.613, 5.1346, 7.5091, 3.2796, 3.5594, 3.4007, 2.623, 2.814, 2.3445, 2.3757, 2.5695, 3.2648, 2.585, 2.5709, 2.5866],
  "loci": ["rs2290324", "rs4671400", "rs7586288", "rs13398770", "rs10496091", "rs4671402", "rs6737373", "rs4353638", "rs2694618", "rs11680679", "rs2694633", "rs2600660", "rs17541618", "rs2121661", "rs6545863", "rs4387777", "rs4672441", "rs13410306", "rs2421203", "rs7559728", "rs778139", "rs7597290", "rs6735330", "rs6545883", "rs11887205", "rs778757", "rs2518934", "rs2441381", "rs17010833", "rs12478959", "rs6545886", "rs7574631", "rs9679654", "rs6752673", "rs6545888", "rs4535028", "rs2421333", "rs748569", "rs4334480", "rs10195376"]
}
