{
  "id": "EdgeSet0519",
  "sources": ["Adygei", "Adygei", "Adygei", "Adygei", "Adygei", "Balochi", "Balochi", "BantuKenya", "BantuKenya", "BantuKenya", "BantuKenya", "BantuSouthAfrica", "BantuSouthAfrica", "BantuSouthAfrica", "Basque", "Basque", "Basque", "Basque", "Basque", "Bedouin", "Bedouin", "Bedouin", "Bedouin", "BiakaPygmy", "BiakaPygmy", "BiakaPygmy", "Burusho", "Burusho", "Burusho", "Burusho", "Burusho", "Cambodian", "Cambodian", "Cambodian", "Cambodian", "Cambodian", "Cambodian", "Cambodian", "Colombian", "Colombian", "Colombian", "Colombian", "Daur", "Daur", "Daur", "Daur", "Daur", "Daur", "Daur", "Druze", "Druze", "Kalash", "Lahu", "Lahu", "Mandenka", "Mandenka", "Maya", "MbutiPygmy", "MbutiPygmy", "MbutiPygmy", "Melanesian", "Mongola", "Mongola", "Mongola", "Mozabite", "Mozabite", "Mozabite", "Palestinian", "Pima", "Pima", "Pima", "Russian"],
  "targets": ["Balochi", "Druze", "Kalash", "Palestinian", "Uygur", "Daur", "Druze", "BantuSouthAfrica", "Mandenka", "San", "Yoruba", "BiakaPygmy", "Mandenka", "San", "Bedouin", "Druze", "Kalash", "Russian", "Yakut", "Cambodian", "Druze", "Mozabite", "Palestinian", "MbutiPygmy", "San", "Yoruba", "Cambodian", "Kalash", "Melanesian", "Mozabite", "Palestinian", "Kalash", "Lahu", "Pima", "Russian", "Uygur", "Yakut", "Yi", "Lahu", "Maya", "Mongola", "Palestinian", "Druze", "Mandenka", "Maya", "Mongola", "Pima", "Uygur", "Yakut", "Kalash", "Palestinian", "Russian", "Mongola", "Papuan", "Mozabite", "Yoruba", "Pima", "Papuan", "San", "Yoruba", "Papuan", "Papuan", "Yakut", "Yi", "Palestinian", "Uygur", "Yoruba", "Uygur", "San", "Yakut", "Yi", "Yi"],
  "weights": [1.8392, 1.5984, 2.2352, 1.8789, 2.1291, 3.0082, 1.7208, 3.2598, 3.0108, 9.9437, 3.1813, 4.0236, 3.4022, 9.3822, 2.6921, 2.4974, 2.4873, 1.9452, 3.7853, 3.3025, 2.1286, 2.4265, 1.7738, 5.2834, 9.8227, 3.7317, 3.7846, 3.541, 4.8056, 3.7048, 3.5783, 3.0307, 3.5316, 4.3646, 2.8018, 2.9645, 3.3416, 3.1772, 4.0331, 2.7485, 3.6503, 3.7575, 3.676, 5.4764, 2.9135, 2.9003, 4.0956, 2.6201, 3.1709, 2.0473, 2.0288, 2.3255, 3.0555, 5.5325, 3.4415, 2.3239, 3.3442, 8.2025, 9.0686, 5.1282, 4.127, 5.1246, 2.806, 2.8321, 2.4893, 2.643, 3.5427, 2.3752, 12.6998, 3.998, 4.6814, 3.1516],
  "loci": ["rs12988176", "rs10432667", "rs10198501", "rs6712571", "rs6717341", "rs11901588", "rs1916838", "rs3792246", "rs12713012", "rs1464729", "rs1464728", "rs11689544", "rs11125179", "rs4953611", "rs2293275", "rs12468825", "rs1404057", "rs17398191", "rs6755901", "rs7584253", "rs4374421", "rs17326328", "rs7579411", "rs4352270", "rs4490239", "rs6545061", "rs4953617", "rs11897846", "rs4597581", "rs4319975", "rs10495960", "rs4952922", "rs4131885", "rs4131886", "rs6732721", "rs4519576", "rs13432488", "rs4953625", "rs13405728", "rs4465809"]
}
