{
  "id": "EdgeSet0309",
  "sources": ["Adygei", "Adygei", "Adygei", "Adygei", "Adygei", "Balochi", "Balochi", "Balochi", "BantuKenya", "BantuKenya", "BantuKenya", "BantuKenya", "BantuSouthAfrica", "BantuSouthAfrica", "BantuSouthAfrica", "BantuSouthAfrica", "BantuSouthAfrica", "Basque", "Basque", "Basque", "Basque", "Bedouin", "Bedouin", "Bedouin", "BiakaPygmy", "BiakaPygmy", "BiakaPygmy", "Burusho", "Burusho", "Cambodian", "Cambodian", "Cambodian", "Cambodian", "Cambodian", "Cambodian", "Colombian", "Colombian", "Colombian", "Daur", "Daur", "Daur", "Druze", "Druze", "Kalash", "Kalash", "Lahu", "Lahu", "Lahu", "Lahu", "Lahu", "Mandenka", "Maya", "Maya", "Maya", "Maya", "MbutiPygmy", "Melanesian", "Melanesian", "Melanesian", "Mongola", "Mongola", "Mongola", "Mongola", "Mozabite", "Mozabite", "Mozabite", "Mozabite", "Palestinian", "Palestinian", "Papuan", "Russian", "San", "Uygur"],
  "targets": ["Balochi", "Basque", "Bedouin", "Burusho", "Kalash", "Basque", "Burusho", "Kalash", "BiakaPygmy", "MbutiPygmy", "Mongola", "Yoruba", "Lahu", "Mandenka", "MbutiPygmy", "Papuan", "Yakut", "Burusho", "Druze", "Kalash", "Russian", "Druze", "Mozabite", "Palestinian", "MbutiPygmy", "San", "Yoruba", "Maya", "Russian", "Daur", "Druze", "Lahu", "Palestinian", "Uygur", "Yi", "Maya", "Pima", "San", "Melanesian", "Mongola", "Yakut", "Mongola", "Palestinian", "Maya", "Papuan", "Mandenka", "Maya", "Pima", "Uygur", "Yi", "Yoruba", "Melanesian", "Papuan", "Yakut", "Yi", "San", "Mongola", "Papuan", "Yakut", "Pima", "Uygur", "Yakut", "Yi", "Palestinian", "Papuan", "Russian", "Yakut", "Russian", "Yoruba", "Yakut", "Yi", "Yoruba", "Yi"],
  "weights": [2.0301, 1.994, 2.008, 1.8162, 2.5317, 2.0304, 1.9065, 2.0546, 3.6173, 6.2081, 5.0048, 4.2384, 5.2857, 4.5435, 6.7888, 4.544, 4.6096, 1.8726, 1.6871, 2.5002, 1.8444, 1.7062, 1.8062, 1.7891, 5.0928, 6.859, 4.5908, 3.3923, 1.7763, 2.7572, 2.8007, 2.6588, 3.1251, 2.1314, 2.3551, 5.335, 2.9266, 10.3713, 2.2632, 2.2141, 1.9876, 2.9135, 2.0833, 3.4725, 3.1815, 4.7999, 3.6371, 4.6729, 2.8135, 2.4078, 3.2765, 2.5942, 2.9402, 3.7902, 3.1891, 7.2892, 2.5217, 1.5705, 2.4252, 4.54, 2.1606, 2.259, 2.5466, 2.2302, 2.999, 2.0867, 2.4933, 2.0524, 4.2771, 2.444, 3.1171, 7.8851, 1.9896],
  "loci": ["rs13004173", "rs6713301", "rs6744525", "rs12714305", "rs6756908", "rs6719566", "rs11885821", "rs7572690", "rs4637169", "rs7583194", "rs6725328", "rs1357851", "rs10495775", "rs829590", "rs11899606", "rs829608", "rs829605", "rs829602", "rs2076932", "rs12990925", "rs829597", "rs829699", "rs711237", "rs829696", "rs13391574", "rs6727836", "rs1662955", "rs1612616", "rs829642", "rs711241", "rs1723167", "rs829646", "rs1880540", "rs10170012", "rs12989107", "rs1252627", "rs10495776", "rs11692096", "rs6712951", "rs10203381"]
}
