{
  "id": "EdgeSet0446",
  "sources": ["Adygei", "Adygei", "Adygei", "Adygei", "Adygei", "Adygei", "Balochi", "Balochi", "Balochi", "Balochi", "BantuKenya", "BantuKenya", "BantuKenya", "BantuKenya", "BantuKenya", "BantuKenya", "BantuSouthAfrica", "BantuSouthAfrica", "BantuSouthAfrica", "BantuSouthAfrica", "Basque", "Basque", "Basque", "Basque", "Basque", "Basque", "Bedouin", "Bedouin", "BiakaPygmy", "BiakaPygmy", "BiakaPygmy", "Burusho", "Burusho", "Burusho", "Burusho", "Cambodian", "Cambodian", "Cambodian", "Cambodian", "Cambodian", "Colombian", "Colombian", "Colombian", "Colombian", "Daur", "Daur", "Daur", "Daur", "Daur", "Druze", "Druze", "Druze", "Kalash", "Lahu", "Lahu", "Lahu", "Lahu", "Mandenka", "Mandenka", "Maya", "Maya", "Maya", "MbutiPygmy", "MbutiPygmy", "Melanesian", "Melanesian", "Melanesian", "Mongola", "Mongola", "Mozabite", "Mozabite", "Papuan", "Papuan", "Papuan", "Pima", "Uygur", "Uygur", "Yakut"],
  "targets": ["Balochi", "Basque", "Daur", "Kalash", "Papuan", "Russian", "Druze", "Kalash", "Palestinian", "Russian", "BantuSouthAfrica", "BiakaPygmy", "Mandenka", "Papuan", "San", "Yoruba", "BiakaPygmy", "Mandenka", "Mozabite", "San", "Burusho", "Druze", "Lahu", "Pima", "Russian", "Uygur", "Mozabite", "Palestinian", "MbutiPygmy", "San", "Yoruba", "Druze", "Kalash", "Palestinian", "Pima", "Lahu", "Mongola", "Pima", "Uygur", "Yi", "Daur", "Lahu", "Maya", "Pima", "Lahu", "Mongola", "Uygur", "Yakut", "Yi", "Palestinian", "Russian", "Uygur", "MbutiPygmy", "Mongola", "Papuan", "Russian", "Yi", "MbutiPygmy", "Yoruba", "Mongola", "Pima", "Uygur", "San", "Yoruba", "Mongola", "Papuan", "Yakut", "Papuan", "Yi", "Palestinian", "Russian", "Pima", "San", "Yi", "Yakut", "Yakut", "Yi", "Yi"],
  "weights": [2.5719, 2.3038, 3.5259, 2.633, 5.394, 2.588, 2.0997, 2.3687, 1.9404, 2.9233, 4.1128, 4.0661, 2.6749, 6.4684, 5.4467, 3.0449, 4.0166, 3.9714, 5.1586, 5.9691, 3.0268, 2.2568, 4.7067, 5.2993, 2.7973, 2.5914, 2.2265, 1.4859, 4.5722, 5.5458, 3.7304, 2.5028, 2.5824, 2.6143, 5.2704, 3.1132, 3.0398, 4.6042, 2.6389, 2.2344, 3.1137, 3.8327, 2.6798, 4.3754, 3.4434, 3.3983, 3.6579, 2.9489, 2.9951, 2.0046, 2.4771, 2.6025, 6.6263, 3, 4.138, 3.8183, 2.6856, 4.883, 2.4049, 3.8531, 3.8603, 3.2237, 6.4604, 4.6694, 4.2675, 4.9812, 4.1702, 4.4691, 2.5572, 2.3296, 3.2648, 6.4754, 8.7708, 4.0385, 4.5483, 2.3281, 2.2736, 2.2491],
  "loci": ["rs12476790", "rs754868", "rs6745258", "rs11124907", "rs11680377", "rs921070", "rs921068", "rs895514", "rs11124910", "rs2888853", "rs6735418", "rs11686640", "rs2166503", "rs11884157", "rs4953713", "rs7593137", "rs10175942", "rs7588142", "rs724937", "rs4952961", "rs4953717", "rs17030315", "rs7601314", "rs10185673", "rs1867854", "rs2374482", "rs1002796", "rs6706778", "rs921076", "rs1446571", "rs4952964", "rs4567998", "rs4952967", "rs10173378", "rs747709", "rs12466022", "rs882502", "rs1978648", "rs17030445", "rs4952971"]
}
