{
  "id": "EdgeSet0246",
  "sources": ["Adygei", "Adygei", "Adygei", "Adygei", "Adygei", "Adygei", "Balochi", "Balochi", "Balochi", "Balochi", "BantuKenya", "BantuKenya", "BantuKenya", "BantuKenya", "BantuSouthAfrica", "BantuSouthAfrica", "BantuSouthAfrica", "BantuSouthAfrica", "BantuSouthAfrica", "BantuSouthAfrica", "Basque", "Basque", "Basque", "Basque", "Basque", "Basque", "Bedouin", "Bedouin", "Bedouin", "Bedouin", "Bedouin", "BiakaPygmy", "BiakaPygmy", "BiakaPygmy", "Burusho", "Burusho", "Burusho", "Burusho", "Burusho", "Cambodian", "Cambodian", "Cambodian", "Cambodian", "Colombian", "Colombian", "Colombian", "Colombian", "Colombian", "Colombian", "Daur", "Daur", "Daur", "Daur", "Daur", "Druze", "Druze", "Druze", "Kalash", "Kalash", "Kalash", "Kalash", "Lahu", "Lahu", "Lahu", "Lahu", "Mandenka", "Maya", "Maya", "Maya", "MbutiPygmy", "Melanesian", "Mongola", "Mongola", "Mongola", "Palestinian", "Palestinian", "Palestinian", "Papuan", "San", "Uygur", "Uygur"],
  "targets": ["Balochi", "Basque", "Bedouin", "Druze", "Palestinian", "Yakut", "Basque", "Bedouin", "Druze", "Russian", "BantuSouthAfrica", "MbutiPygmy", "San", "Yoruba", "BiakaPygmy", "Cambodian", "Mandenka", "MbutiPygmy", "San", "Yoruba", "Bedouin", "Burusho", "Maya", "Papuan", "Russian", "Yakut", "Druze", "Mozabite", "Palestinian", "Uygur", "Yakut", "Daur", "MbutiPygmy", "San", "Cambodian", "Druze", "Kalash", "Russian", "Uygur", "Mozabite", "Papuan", "Russian", "Yi", "Daur", "Maya", "Mozabite", "Pima", "Russian", "Yakut", "Lahu", "Melanesian", "Pima", "Yakut", "Yi", "Lahu", "Maya", "Russian", "Melanesian", "Papuan", "Russian", "San", "MbutiPygmy", "Mozabite", "Papuan", "Yi", "Yoruba", "Mongola", "Pima", "Yakut", "San", "Papuan", "Pima", "Uygur", "Yi", "Pima", "Uygur", "Yi", "Pima", "Yoruba", "Yakut", "Yi"],
  "weights": [1.7764, 2.2054, 1.7886, 1.8553, 2.0953, 2.7628, 2.2278, 1.7001, 1.9811, 2.4048, 3.1865, 4.3047, 6.406, 1.937, 4.6827, 5.5271, 3.2364, 4.5472, 6.6141, 2.6053, 2.3453, 3.008, 3.5089, 2.7424, 2.6649, 3.2152, 1.921, 2.5871, 1.8004, 2.2292, 3.0885, 6.5006, 4.4866, 7.0858, 3.0631, 2.6522, 3.7546, 3.0724, 3.3581, 2.8391, 2.7625, 2.6811, 2.4301, 3.109, 1.968, 3.5658, 2.4659, 4.659, 3.0677, 3.1047, 4.1933, 3.2035, 2.6968, 2.7043, 3.3541, 3.8589, 2.2801, 3.369, 2.7584, 3, 8.8164, 6.5397, 3.5028, 3.4948, 2.8119, 2.1079, 2.6608, 2.3586, 2.7752, 7.5136, 3.3186, 2.8605, 1.809, 1.6649, 3.2398, 2.341, 2.736, 3.5975, 6.0858, 2.326, 2.0061],
  "loci": ["rs6718240", "rs2592759", "rs2681031", "rs10495737", "rs1473333", "rs1374453", "rs1470513", "rs1900374", "rs4665541", "rs750043", "rs1004587", "rs7593862", "rs4143808", "rs4665195", "rs1446871", "rs10188372", "rs1982388", "rs1562753", "rs1446875", "rs13036116", "rs1374459", "rs7557676", "rs12617874", "rs6734383", "rs4665199", "rs17667100", "rs4665552", "rs12468314", "rs1530758", "rs1562752", "rs10194644", "rs1839415", "rs7574091", "rs1375866", "rs1449979", "rs17673557", "rs896020", "rs10495739", "rs1375868", "rs17673828"]
}
