{
  "id": "EdgeSet0689",
  "sources": ["Adygei", "Adygei", "Adygei", "Adygei", "Adygei", "Adygei", "Adygei", "Adygei", "Balochi", "Balochi", "Balochi", "Balochi", "Balochi", "Balochi", "BantuKenya", "BantuKenya", "BantuKenya", "BantuKenya", "BantuKenya", "BantuSouthAfrica", "BantuSouthAfrica", "BantuSouthAfrica", "BantuSouthAfrica", "Basque", "Basque", "Basque", "Basque", "Basque", "Basque", "Bedouin", "Bedouin", "Bedouin", "Bedouin", "Bedouin", "BiakaPygmy", "BiakaPygmy", "BiakaPygmy", "BiakaPygmy", "Burusho", "Burusho", "Burusho", "Burusho", "Cambodian", "Cambodian", "Cambodian", "Colombian", "Colombian", "Colombian", "Colombian", "Colombian", "Daur", "Daur", "Daur", "Daur", "Daur", "Druze", "Kalash", "Kalash", "Lahu", "Lahu", "Lahu", "Mandenka", "Mandenka", "Maya", "Maya", "Maya", "MbutiPygmy", "Melanesian", "Melanesian", "Melanesian", "Melanesian", "Mongola", "Mongola", "Mozabite", "Mozabite", "Mozabite", "Mozabite", "Pima", "Uygur"],
  "targets": ["Basque", "Bedouin", "Burusho", "Druze", "Mozabite", "Palestinian", "Papuan", "Russian", "Basque", "Burusho", "Kalash", "Palestinian", "Russian", "Uygur", "BantuSouthAfrica", "BiakaPygmy", "Mandenka", "San", "Yoruba", "BiakaPygmy", "Mandenka", "San", "Yoruba", "Burusho", "Druze", "Melanesian", "Palestinian", "Papuan", "Russian", "Burusho", "Druze", "Melanesian", "Mozabite", "Russian", "Mandenka", "MbutiPygmy", "San", "Yoruba", "Daur", "Druze", "Kalash", "Papuan", "Papuan", "Uygur", "Yi", "Maya", "Mongola", "Papuan", "Pima", "Yi", "Lahu", "Mongola", "Pima", "Uygur", "Yakut", "Russian", "Russian", "Yi", "Mongola", "Pima", "Yi", "MbutiPygmy", "Yoruba", "Melanesian", "Pima", "Yakut", "San", "Palestinian", "Papuan", "Uygur", "Yi", "Yakut", "Yi", "Palestinian", "Papuan", "Uygur", "Yoruba", "San", "Yakut"],
  "weights": [2.3322, 1.8874, 2.0905, 1.6611, 2.1832, 1.7773, 3.3594, 1.7059, 2.644, 2.1931, 1.8902, 2.1409, 1.9753, 2.4444, 3.7819, 4.4508, 4.3123, 5.9606, 3.9431, 4.0976, 3.6246, 6.0674, 2.8224, 3.3166, 2.3153, 3.3317, 2.4211, 3.377, 2.2705, 2.006, 1.8268, 3.9393, 2.0747, 1.915, 4.5849, 6.212, 6.2544, 3.8825, 3.0768, 2.1513, 2.6537, 2.8833, 2.9855, 3.0047, 3.1306, 3.4205, 2.7462, 4.0654, 4.0342, 3.3989, 3.9067, 2.345, 3.8534, 2.9038, 2.6162, 1.2051, 2.3022, 3.7196, 3.8359, 4.7203, 4.2321, 6.1078, 3.1471, 4.6062, 1.7749, 3.4897, 8.4055, 3.0038, 2.7715, 3.4414, 3.8554, 2.3958, 2.3925, 2.1479, 3.0137, 3.4205, 4.6507, 8.0748, 2.11],
  "loci": ["rs17030660", "rs11884872", "rs17030670", "rs6546174", "rs4671683", "rs12713544", "rs17628647", "rs10490617", "rs7580807", "rs17030693", "rs13407769", "rs2111464", "rs3856523", "rs6760165", "rs2287282", "rs3845820", "rs6546177", "rs2009778", "rs10188282", "rs4671140", "rs10168499", "rs17030768", "rs2111468", "rs13029087", "rs7597061", "rs4671143", "rs6546180", "rs10179158", "rs17030805", "rs7419376", "rs6727797", "rs6758005", "rs3919602", "rs17030866", "rs1972676", "rs6743363", "rs6759080", "rs3845821", "rs13427124", "rs6744162"]
}
