{
  "id": "EdgeSet0882",
  "sources": ["Adygei", "Adygei", "Adygei", "Adygei", "Adygei", "Balochi", "Balochi", "Balochi", "Balochi", "BantuKenya", "BantuKenya", "BantuKenya", "BantuKenya", "BantuKenya", "BantuSouthAfrica", "BantuSouthAfrica", "BantuSouthAfrica", "Basque", "Basque", "Basque", "Basque", "Bedouin", "Bedouin", "Bedouin", "Bedouin", "BiakaPygmy", "BiakaPygmy", "BiakaPygmy", "BiakaPygmy", "Burusho", "Burusho", "Burusho", "Cambodian", "Cambodian", "Cambodian", "Cambodian", "Cambodian", "Colombian", "Colombian", "Daur", "Daur", "Daur", "Daur", "Daur", "Daur", "Daur", "Druze", "Druze", "Druze", "Kalash", "Kalash", "Lahu", "Lahu", "Lahu", "Lahu", "Lahu", "Lahu", "Mandenka", "Maya", "Maya", "Maya", "MbutiPygmy", "MbutiPygmy", "MbutiPygmy", "Melanesian", "Melanesian", "Mongola", "Mongola", "Palestinian", "Papuan", "Papuan", "Pima", "Russian", "Uygur"],
  "targets": ["Balochi", "Basque", "Colombian", "Palestinian", "Russian", "Druze", "Kalash", "Mozabite", "Palestinian", "BantuSouthAfrica", "MbutiPygmy", "San", "Yi", "Yoruba", "Mandenka", "Melanesian", "San", "Kalash", "Melanesian", "Mozabite", "Russian", "Druze", "Mozabite", "Palestinian", "Russian", "Mandenka", "MbutiPygmy", "San", "Yoruba", "Kalash", "Mongola", "Papuan", "Lahu", "Melanesian", "Papuan", "Uygur", "Yi", "Maya", "Pima", "Lahu", "Maya", "Melanesian", "Mongola", "Uygur", "Yakut", "Yi", "Mozabite", "Pima", "Yakut", "Pima", "San", "Melanesian", "Mongola", "Palestinian", "Russian", "San", "Yi", "Yoruba", "Palestinian", "Pima", "Yakut", "Melanesian", "San", "Yoruba", "Mozabite", "Papuan", "Papuan", "Russian", "Uygur", "San", "Yi", "Yakut", "Uygur", "Yakut"],
  "weights": [2.4313, 3.1213, 2.6244, 2.3417, 2.7503, 1.9513, 3.0608, 2.3173, 2.3713, 3.5447, 5.6602, 5.9382, 6.6758, 4.1312, 3.078, 6.0947, 5.2141, 4.1411, 4.5171, 2.9644, 3.3582, 1.625, 2.3777, 2.1643, 2.7655, 3.0552, 4.2815, 6.3943, 3.364, 5.2531, 4.812, 6.4371, 3.7403, 4.2879, 4.8484, 2.4943, 3.3871, 1.4911, 1.6772, 3.5537, 2.3156, 4.3627, 3.4107, 2.5333, 2.2132, 3.2896, 2.2811, 1.9937, 2.0886, 3.4334, 8.674, 5.1012, 3.14, 4.5897, 3.8463, 8.895, 4.2645, 2.16, 2.4516, 1.0004, 1.8342, 8.0305, 7.5316, 5.0438, 4.0902, 4.6883, 5.399, 3.7681, 2.4939, 8.6473, 5.3829, 1.8905, 2.8745, 2.0344],
  "loci": ["rs869778", "rs13429794", "rs13386681", "rs13402783", "rs2366818", "rs11676464", "rs13388951", "rs10180924", "rs10207756", "rs10184538", "rs1878901", "rs1123126", "rs9789575", "rs6706567", "rs13405488", "rs10203272", "rs11895873", "rs17509413", "rs2139199", "rs1518985", "rs10445963", "rs6753123", "rs1518987", "rs2049015", "rs11127000", "rs2366946", "rs1000374", "rs13020072", "rs1518990", "rs3731824", "rs1533605", "rs3810821", "rs11681915", "rs2030275", "rs12622987", "rs4832217", "rs1878898", "rs1401383", "rs7593080", "rs13401298"]
}
