{
  "id": "EdgeSet0532",
  "sources": ["Adygei", "Adygei", "Adygei", "Adygei", "Adygei", "Adygei", "Adygei", "Balochi", "Balochi", "Balochi", "Balochi", "Balochi", "Balochi", "BantuKenya", "BantuKenya", "BantuKenya", "BantuKenya", "BantuSouthAfrica", "BantuSouthAfrica", "BantuSouthAfrica", "BantuSouthAfrica", "Basque", "Basque", "Basque", "Basque", "Basque", "Basque", "Bedouin", "Bedouin", "Bedouin", "BiakaPygmy", "BiakaPygmy", "BiakaPygmy", "Burusho", "Burusho", "Burusho", "Cambodian", "Cambodian", "Cambodian", "Colombian", "Colombian", "Colombian", "Colombian", "Colombian", "Daur", "Daur", "Druze", "Druze", "Kalash", "Kalash", "Kalash", "Lahu", "Lahu", "Lahu", "Lahu", "Lahu", "Lahu", "Mandenka", "Maya", "Maya", "Maya", "MbutiPygmy", "MbutiPygmy", "Melanesian", "Melanesian", "Melanesian", "Melanesian", "Mongola", "Mongola", "Palestinian", "Papuan", "Russian", "Uygur"],
  "targets": ["Balochi", "Basque", "Kalash", "Melanesian", "Palestinian", "Papuan", "Russian", "Basque", "Bedouin", "Burusho", "Daur", "Mozabite", "Papuan", "BantuSouthAfrica", "Mandenka", "San", "Yoruba", "BiakaPygmy", "Mandenka", "MbutiPygmy", "San", "Druze", "Lahu", "Mandenka", "Mozabite", "Papuan", "Russian", "Burusho", "Maya", "Russian", "MbutiPygmy", "Mozabite", "San", "Druze", "Russian", "Yi", "Colombian", "Melanesian", "Uygur", "Lahu", "Maya", "Mongola", "Pima", "Yakut", "Mongola", "Yi", "Mozabite", "Russian", "Lahu", "Mongola", "San", "Maya", "Mongola", "Pima", "Russian", "San", "Yi", "Yoruba", "Pima", "Uygur", "Yakut", "San", "Yoruba", "Mongola", "Papuan", "Yakut", "Yi", "Papuan", "Uygur", "Russian", "Yakut", "Uygur", "Yi"],
  "weights": [1.9837, 2.3848, 3.0085, 2.7435, 2.1732, 2.5592, 2.1121, 2.4648, 2.2545, 2.5167, 3.3457, 2.4371, 2.4371, 3.8886, 2.2603, 12.1482, 2.5336, 2.782, 3.7097, 4.3935, 10.3247, 2.1263, 5.0819, 4.7078, 2.5629, 3.0522, 2.2282, 2.2444, 3.624, 1.8912, 4.2188, 4.2232, 10.6655, 2.4689, 2.4177, 4.1199, 2.8604, 3.5759, 3.8801, 3.2078, 2.8026, 2.9804, 2.0291, 3.1762, 2.2576, 2.4098, 2.2354, 1.8766, 4.7898, 4.6066, 13.445, 3.2196, 3.5918, 3.1018, 3.8553, 13.4184, 3.5513, 1.6145, 2.5056, 3.7139, 3.3503, 10.8581, 4.4112, 2.4076, 1.7873, 2.827, 2.7726, 2.9137, 3.3516, 2.1092, 3.2313, 2.9273, 3.4953],
  "loci": ["rs1527902", "rs1405965", "rs6545119", "rs13422448", "rs4971621", "rs6728261", "rs6705020", "rs1995172", "rs7595953", "rs13429217", "rs12469706", "rs1593705", "rs13399003", "rs13401858", "rs1553129", "rs1498799", "rs2162518", "rs10204661", "rs1498801", "rs7577053", "rs1391748", "rs1391751", "rs4527244", "rs13425236", "rs11125265", "rs7564547", "rs2350699", "rs10495979", "rs17794707", "rs10495980", "rs10495981", "rs12713068", "rs6545125", "rs13411033", "rs4521079", "rs1568287", "rs2176603", "rs2350701", "rs4402808", "rs1914791"]
}
