{
  "id": "EdgeSet0124",
  "sources": ["Adygei", "Adygei", "Adygei", "Adygei", "Adygei", "Adygei", "Adygei", "Balochi", "Balochi", "Balochi", "Balochi", "Balochi", "BantuKenya", "BantuKenya", "BantuKenya", "BantuKenya", "BantuSouthAfrica", "BantuSouthAfrica", "BantuSouthAfrica", "BantuSouthAfrica", "BantuSouthAfrica", "Basque", "Basque", "Basque", "Basque", "Bedouin", "Bedouin", "Bedouin", "BiakaPygmy", "BiakaPygmy", "BiakaPygmy", "BiakaPygmy", "Burusho", "Burusho", "Burusho", "Burusho", "Burusho", "Burusho", "Cambodian", "Cambodian", "Cambodian", "Cambodian", "Cambodian", "Cambodian", "Colombian", "Colombian", "Colombian", "Daur", "Daur", "Daur", "Daur", "Daur", "Druze", "Druze", "Druze", "Druze", "Kalash", "Kalash", "Kalash", "Lahu", "Lahu", "Lahu", "Lahu", "Lahu", "Mandenka", "Mandenka", "Mandenka", "Maya", "MbutiPygmy", "MbutiPygmy", "MbutiPygmy", "MbutiPygmy", "Melanesian", "Melanesian", "Melanesian", "Mongola", "Mongola", "Mozabite", "Mozabite", "Mozabite", "Palestinian", "Papuan", "San", "Uygur", "Yakut"],
  "targets": ["Balochi", "Burusho", "Cambodian", "Kalash", "Mongola", "Palestinian", "Uygur", "Basque", "Bedouin", "Kalash", "Palestinian", "San", "BantuSouthAfrica", "Mandenka", "San", "Yoruba", "BiakaPygmy", "Pima", "San", "Yakut", "Yoruba", "Cambodian", "Druze", "Mozabite", "Russian", "Druze", "Mozabite", "Palestinian", "Mandenka", "MbutiPygmy", "Papuan", "Yoruba", "Colombian", "Druze", "MbutiPygmy", "Palestinian", "Russian", "Yakut", "Daur", "Lahu", "Maya", "Mongola", "Yakut", "Yi", "Maya", "Pima", "San", "Kalash", "Mongola", "Pima", "Uygur", "Yakut", "Kalash", "MbutiPygmy", "Mozabite", "Palestinian", "Melanesian", "Russian", "Uygur", "Maya", "Pima", "Uygur", "Yakut", "Yi", "MbutiPygmy", "San", "Yoruba", "Pima", "Mongola", "Mozabite", "San", "Yoruba", "Mongola", "Papuan", "Russian", "Uygur", "Yakut", "Palestinian", "Russian", "Yi", "Papuan", "Russian", "Yakut", "Yi", "Yi"],
  "weights": [2.1384, 2.4592, 3.6927, 2.7046, 2.9881, 1.8446, 2.4858, 2.4841, 1.9838, 2.3961, 2.002, 7.291, 3.9288, 3.2863, 6.1481, 2.9842, 3.816, 6.4084, 5.7018, 5.2309, 3.5464, 3.4064, 1.8909, 2.3186, 2.0682, 1.7127, 2.0324, 1.8291, 4.1623, 3.7154, 6.3433, 3.3188, 6.2603, 2.6609, 5.3723, 2.4474, 3.4128, 3.9425, 3.361, 2.7968, 4.1101, 2.6777, 2.9394, 2.4096, 3.658, 5.5534, 8.475, 4.8694, 3.292, 3.6708, 4.4712, 3.6642, 2.5376, 5.6056, 1.9286, 1.9019, 4.1156, 3.1442, 2.7624, 4.1154, 4.2721, 3.0579, 4.0848, 2.9095, 4.5816, 5.9009, 3.5173, 4.5037, 5.8105, 4.9062, 6.8111, 3.7433, 4.6924, 4.1453, 4.4417, 2.7189, 2.9692, 2.1797, 2.858, 2.8102, 4.3677, 4.952, 7.0285, 2.271, 2.1427],
  "loci": ["rs1343654", "rs1344074", "rs10178826", "rs11893219", "rs2884310", "rs1317981", "rs1574181", "rs4669639", "rs4669642", "rs1922717", "rs2357883", "rs16856834", "rs1882648", "rs7586618", "rs1882646", "rs4233891", "rs13396519", "rs2091817", "rs17365678", "rs12623956", "rs13431259", "rs4669646", "rs1453084", "rs1467993", "rs10460292", "rs6727014", "rs1869288", "rs12620687", "rs4442966", "rs2003298", "rs6730326", "rs10199787", "rs6748518", "rs7602712", "rs4143555", "rs896757", "rs896754", "rs10495577", "rs754798", "rs7573335"]
}
