{
  "id": "EdgeSet0206",
  "sources": ["Adygei", "Adygei", "Adygei", "Adygei", "Balochi", "Balochi", "Balochi", "Balochi", "Balochi", "Balochi", "Balochi", "Balochi", "BantuKenya", "BantuKenya", "BantuKenya", "BantuKenya", "BantuKenya", "BantuSouthAfrica", "BantuSouthAfrica", "BantuSouthAfrica", "BantuSouthAfrica", "BantuSouthAfrica", "Basque", "Basque", "Basque", "Bedouin", "Bedouin", "BiakaPygmy", "BiakaPygmy", "BiakaPygmy", "Burusho", "Burusho", "Burusho", "Burusho", "Cambodian", "Cambodian", "Cambodian", "Cambodian", "Cambodian", "Cambodian", "Colombian", "Colombian", "Colombian", "Daur", "Daur", "Daur", "Daur", "Daur", "Druze", "Druze", "Druze", "Kalash", "Kalash", "Kalash", "Kalash", "Lahu", "Lahu", "Lahu", "Lahu", "Mandenka", "Mandenka", "Maya", "MbutiPygmy", "Melanesian", "Melanesian", "Melanesian", "Mongola", "Mongola", "Mongola", "Mozabite", "Mozabite", "Palestinian", "Papuan", "Papuan", "Papuan", "Russian", "San", "Uygur"],
  "targets": ["Balochi", "Druze", "Pima", "Russian", "BantuKenya", "Burusho", "Daur", "Kalash", "Maya", "Melanesian", "Russian", "Uygur", "BantuSouthAfrica", "BiakaPygmy", "Mandenka", "San", "Yoruba", "BiakaPygmy", "Mandenka", "MbutiPygmy", "San", "Yoruba", "Bedouin", "Palestinian", "Pima", "Druze", "Palestinian", "MbutiPygmy", "San", "Yoruba", "Colombian", "Mozabite", "Yakut", "Yi", "Daur", "Lahu", "Maya", "Mongola", "Papuan", "Uygur", "Daur", "Maya", "Mongola", "Lahu", "Maya", "Melanesian", "Mongola", "Yi", "Mozabite", "Palestinian", "Pima", "Lahu", "Palestinian", "Pima", "Yakut", "Papuan", "Uygur", "Yakut", "Yi", "Mozabite", "Yoruba", "Pima", "San", "Mongola", "Papuan", "San", "Papuan", "Yakut", "Yi", "Palestinian", "Pima", "Russian", "Pima", "San", "Uygur", "Yi", "Yakut", "Yakut"],
  "weights": [2.8263, 1.9522, 2.6672, 3.0626, 4.4264, 2.9697, 4.427, 2.3827, 3.8529, 5.1767, 2.9929, 3.3639, 5.2235, 5.2026, 4.1579, 7.9389, 4.1312, 5.7124, 4.8683, 5.0637, 8.1101, 4.8296, 1.1676, 1.3992, 2.3609, 1.6276, 1.6468, 5.8713, 8.4388, 4.5311, 5.3445, 3.2523, 3.3662, 2.9089, 3.7962, 3.0018, 4.7252, 3.4319, 4.0363, 3.3062, 3.4093, 2.9574, 4.2197, 3.3717, 3.3825, 5.3593, 2.789, 2.4522, 1.6153, 1.6482, 2.097, 3.545, 2.0504, 2.5221, 3.6443, 3.62, 2.3474, 4.3242, 2.7138, 4.0187, 2.9734, 3.0176, 8.4849, 5.4971, 5.4941, 9.9665, 4.2094, 3.3988, 2.5539, 1.9343, 3.1161, 2.8023, 4.2716, 9.6617, 3.1294, 3.2198, 9.1049, 3.4359],
  "loci": ["rs16985823", "rs884895", "rs17756076", "rs17756190", "rs17756262", "rs6718502", "rs1320022", "rs16985852", "rs6531145", "rs4832642", "rs11096577", "rs2346567", "rs11096581", "rs1574072", "rs4511684", "rs6725361", "rs10208636", "rs11694107", "rs4572554", "rs4233760", "rs4233762", "rs4666461", "rs12710697", "rs10206829", "rs4358083", "rs4666323", "rs2196652", "rs12464722", "rs12105891", "rs11904265", "rs11096587", "rs1561270", "rs2118381", "rs7598486", "rs851374", "rs851348", "rs1527485", "rs851329", "rs16986058", "rs851317"]
}
