{
  "id": "EdgeSet0841",
  "sources": ["Adygei", "Adygei", "Adygei", "Adygei", "Adygei", "Balochi", "Balochi", "Balochi", "Balochi", "BantuKenya", "BantuKenya", "BantuKenya", "BantuKenya", "BantuKenya", "BantuSouthAfrica", "BantuSouthAfrica", "BantuSouthAfrica", "BantuSouthAfrica", "Basque", "Basque", "Basque", "Bedouin", "Bedouin", "Bedouin", "BiakaPygmy", "BiakaPygmy", "BiakaPygmy", "Burusho", "Burusho", "Burusho", "Cambodian", "Cambodian", "Cambodian", "Cambodian", "Cambodian", "Cambodian", "Colombian", "Colombian", "Colombian", "Colombian", "Colombian", "Daur", "Daur", "Daur", "Daur", "Daur", "Druze", "Kalash", "Kalash", "Kalash", "Kalash", "Lahu", "Lahu", "Lahu", "Lahu", "Mandenka", "Maya", "Maya", "Maya", "MbutiPygmy", "MbutiPygmy", "MbutiPygmy", "Melanesian", "Melanesian", "Melanesian", "Mongola", "Mongola", "Palestinian", "Papuan", "Pima", "Russian", "San", "Yakut"],
  "targets": ["Burusho", "Druze", "Kalash", "Mozabite", "Russian", "Druze", "Mongola", "Papuan", "Russian", "BantuSouthAfrica", "BiakaPygmy", "Cambodian", "Mandenka", "San", "Mandenka", "MbutiPygmy", "San", "Yoruba", "Palestinian", "Russian", "Yi", "Druze", "Palestinian", "Uygur", "MbutiPygmy", "San", "Yoruba", "Cambodian", "Druze", "Uygur", "Daur", "Melanesian", "Mongola", "Papuan", "Uygur", "Yi", "Maya", "Melanesian", "Papuan", "Yakut", "Yi", "Lahu", "Melanesian", "Uygur", "Yakut", "Yi", "Palestinian", "Melanesian", "Mongola", "Palestinian", "Uygur", "Mongola", "Mozabite", "Uygur", "Yi", "Yoruba", "Melanesian", "Mongola", "Pima", "Mozabite", "San", "Yoruba", "Papuan", "Uygur", "Yakut", "Russian", "Yakut", "Yi", "Yi", "Yakut", "Uygur", "Yoruba", "Yi"],
  "weights": [3.192, 2.75, 2.7607, 2.907, 3.0402, 2.6098, 2.636, 3.8394, 2.6735, 4.5185, 4.492, 6.8059, 2.9432, 6.5098, 3.4328, 4.39, 5.9868, 3.1327, 3.373, 2.9167, 3.7935, 2.0026, 1.3175, 2.7976, 3.9323, 5.4505, 3.2671, 4.1672, 2.6367, 3.1833, 3.3698, 4.234, 3.6778, 4.6387, 3.7103, 3.7283, 5.1619, 4.489, 4.8061, 3.7274, 3.8943, 2.2628, 3.1168, 2.277, 2.4309, 2.5535, 2.1635, 3.3554, 2.3089, 2.155, 2.6073, 2.3662, 3.4255, 2.6684, 2.626, 2.1206, 5.3079, 4.7801, 2.4503, 4.7801, 5.3903, 3.7314, 4.2467, 3.5491, 3.4152, 2.8553, 2.863, 3.2492, 3.9836, 5.5415, 2.7003, 5.5389, 2.9239],
  "loci": ["rs6729700", "rs10171387", "rs8179672", "rs10170918", "rs896842", "rs10865451", "rs17339856", "rs4852549", "rs9973600", "rs17339877", "rs13427272", "rs1542646", "rs1900270", "rs1484464", "rs1484466", "rs7605424", "rs4852550", "rs716487", "rs6717084", "rs6720989", "rs12472249", "rs7592938", "rs1017632", "rs12463927", "rs17018643", "rs6742622", "rs11685504", "rs2862019", "rs1867805", "rs17018689", "rs7605086", "rs17018721", "rs2078520", "rs11893350", "rs1319550", "rs894829", "rs1530397", "rs7570531", "rs961408", "rs1446108"]
}
