{
  "id": "EdgeSet0494",
  "sources": ["Adygei", "Adygei", "Adygei", "Adygei", "Adygei", "Balochi", "Balochi", "Balochi", "Balochi", "Balochi", "Balochi", "Balochi", "BantuKenya", "BantuKenya", "BantuKenya", "BantuKenya", "BantuKenya", "BantuSouthAfrica", "BantuSouthAfrica", "BantuSouthAfrica", "BantuSouthAfrica", "BantuSouthAfrica", "BantuSouthAfrica", "BantuSouthAfrica", "Basque", "Basque", "Basque", "Basque", "Basque", "Bedouin", "Bedouin", "Bedouin", "Bedouin", "BiakaPygmy", "BiakaPygmy", "Burusho", "Burusho", "Burusho", "Burusho", "Burusho", "Burusho", "Burusho", "Cambodian", "Cambodian", "Cambodian", "Cambodian", "Cambodian", "Cambodian", "Colombian", "Colombian", "Colombian", "Colombian", "Colombian", "Daur", "Daur", "Daur", "Daur", "Druze", "Druze", "Kalash", "Kalash", "Lahu", "Lahu", "Lahu", "Lahu", "Mandenka", "Maya", "Maya", "Maya", "Maya", "Maya", "MbutiPygmy", "MbutiPygmy", "MbutiPygmy", "Melanesian", "Melanesian", "Melanesian", "Mongola", "Mongola", "Mongola", "Mongola", "Mozabite", "Palestinian", "Palestinian", "Papuan", "Papuan", "Uygur"],
  "targets": ["Basque", "Cambodian", "Kalash", "Maya", "Russian", "BantuSouthAfrica", "Bedouin", "Druze", "Kalash", "Lahu", "Mozabite", "Russian", "BantuSouthAfrica", "BiakaPygmy", "Mandenka", "MbutiPygmy", "Yoruba", "BiakaPygmy", "Kalash", "Mandenka", "MbutiPygmy", "Pima", "San", "Yoruba", "Bedouin", "Mozabite", "Pima", "Russian", "Yoruba", "Cambodian", "Druze", "Mozabite", "Palestinian", "Mandenka", "MbutiPygmy", "Daur", "Druze", "Kalash", "Maya", "Melanesian", "Uygur", "Yi", "Colombian", "Lahu", "Maya", "Palestinian", "Pima", "Uygur", "Maya", "Melanesian", "Mongola", "Mozabite", "Pima", "Lahu", "Mongola", "Uygur", "Yi", "Kalash", "Palestinian", "Lahu", "Maya", "Mandenka", "San", "Uygur", "Yi", "Yoruba", "Melanesian", "Papuan", "Pima", "Uygur", "Yakut", "Melanesian", "Pima", "San", "Papuan", "Uygur", "Yi", "Papuan", "Pima", "Russian", "Yakut", "Uygur", "Russian", "Yoruba", "Pima", "San", "Yi"],
  "weights": [2.288, 3.5766, 2.6839, 4.5215, 2.0469, 4.0871, 1.9311, 1.7733, 1.9622, 4.7721, 2.1961, 2.0591, 3.7481, 3.7512, 3.2968, 5.3985, 2.9893, 3.4984, 4.5906, 3.7295, 4.8791, 6.2904, 9.8854, 3.6725, 2.0323, 2.1681, 4.8611, 2.0787, 4.408, 2.8189, 1.5358, 2.0266, 1.2034, 3.2726, 4.3414, 2.6825, 2.4889, 2.7011, 3.0463, 4.1084, 2.874, 2.6567, 2.6435, 3.443, 3.9063, 2.9387, 4.5817, 3.3174, 2.0605, 2.9059, 1.9639, 2.9066, 3.9093, 4.9123, 2.4622, 2.8702, 2.0759, 1.6281, 1.3908, 4.3606, 3.4853, 4.6274, 11.2189, 4.0263, 4.558, 2.8779, 3.3259, 3.2396, 3.7187, 3.9787, 2.5387, 7.2335, 7.6559, 9.6161, 2.6004, 3.7518, 3.8283, 2.7258, 4.8554, 2.6192, 2.0743, 3.7764, 1.7412, 3.4402, 5.0461, 11.0236, 3.1469],
  "loci": ["rs4245811", "rs7606737", "rs17035106", "rs13011481", "rs12615428", "rs1447562", "rs4953363", "rs1447563", "rs1868090", "rs1105595", "rs1447564", "rs2346177", "rs1530623", "rs11125075", "rs11125076", "rs7587138", "rs7571742", "rs7559484", "rs12986899", "rs4953376", "rs7556828", "rs1530628", "rs6737959", "rs7565770", "rs7595513", "rs7576253", "rs11125078", "rs1542271", "rs13032473", "rs12612916", "rs2121698", "rs17035171", "rs7562332", "rs2276555", "rs4953388", "rs7573688", "rs17035179", "rs4953390", "rs7557998", "rs2346412"]
}
