{
  "id": "EdgeSet0006",
  "sources": ["Adygei", "Adygei", "Adygei", "Adygei", "Adygei", "Adygei", "Adygei", "Balochi", "Balochi", "Balochi", "Balochi", "BantuKenya", "BantuKenya", "BantuKenya", "BantuKenya", "BantuKenya", "BantuSouthAfrica", "BantuSouthAfrica", "Basque", "Basque", "Basque", "Basque", "Basque", "Basque", "Bedouin", "Bedouin", "Bedouin", "Bedouin", "BiakaPygmy", "BiakaPygmy", "BiakaPygmy", "Burusho", "Burusho", "Burusho", "Cambodian", "Cambodian", "Cambodian", "Cambodian", "Colombian", "Colombian", "Colombian", "Colombian", "Colombian", "Daur", "Daur", "Daur", "Daur", "Druze", "Druze", "Druze", "Kalash", "Kalash", "Kalash", "Lahu", "Lahu", "Lahu", "Lahu", "Mandenka", "Mandenka", "Mandenka", "Maya", "Maya", "Maya", "MbutiPygmy", "MbutiPygmy", "Melanesian", "Mongola", "Mongola", "Mongola", "Mongola", "Palestinian", "Palestinian", "Papuan", "Papuan", "Pima", "Pima", "Russian"],
  "targets": ["Basque", "Bedouin", "Burusho", "Daur", "Lahu", "Mongola", "Russian", "Basque", "Burusho", "Cambodian", "Druze", "BantuSouthAfrica", "Mandenka", "Mozabite", "San", "Yoruba", "BiakaPygmy", "Yoruba", "Burusho", "Druze", "Mongola", "Mozabite", "Papuan", "Russian", "Druze", "Mozabite", "Palestinian", "Russian", "Mandenka", "MbutiPygmy", "San", "Cambodian", "Kalash", "Yakut", "Druze", "Kalash", "Lahu", "Melanesian", "Maya", "Pima", "San", "Yakut", "Yi", "Melanesian", "Mongola", "Russian", "Yi", "Palestinian", "Pima", "Russian", "Uygur", "Yi", "Yoruba", "Melanesian", "Papuan", "Uygur", "Yakut", "MbutiPygmy", "Mozabite", "Yoruba", "Melanesian", "Pima", "Yi", "San", "Yoruba", "Papuan", "Papuan", "Pima", "Yakut", "Yi", "Russian", "Uygur", "Uygur", "Yi", "San", "Yi", "Uygur"],
  "weights": [2.6658, 2.29, 2.7212, 2.4921, 3.8376, 2.3519, 2.1925, 2.4711, 2.5967, 2.6779, 2.1085, 3.7723, 3.2311, 3.8582, 6.1007, 3.0399, 3.5108, 3.2396, 3.2123, 2.0052, 3.5739, 3.0468, 3.2088, 2.2169, 2.0355, 3.1262, 1.9821, 2.0925, 3.8365, 5.4181, 4.9907, 3.5556, 3.6936, 3.0856, 3.4619, 3.4045, 2.6383, 2.6834, 3.9957, 4.8699, 8.6767, 5.1578, 5.0656, 2.675, 2.1145, 2.9143, 2.2393, 1.7467, 2.6118, 1.7646, 2.9026, 3.2913, 5.2511, 2.0895, 2.6326, 2.7598, 2.9373, 6.3307, 3.5087, 3.1197, 3.7955, 3.2574, 2.9831, 6.9929, 6.2715, 2.5883, 2.3843, 2.777, 2.4201, 2.4367, 1.6843, 1.8164, 2.6415, 2.601, 6.9374, 2.8668, 1.6659],
  "loci": ["rs12714411", "rs17042099", "rs2966402", "rs7564851", "rs10153797", "rs2867125", "rs11688330", "rs4854344", "rs7561317", "rs4611674", "rs9784046", "rs10190919", "rs6548242", "rs6728479", "rs11689974", "rs13029479", "rs1317005", "rs4854350", "rs7596758", "rs12999373", "rs11673780", "rs2966398", "rs12990777", "rs2293084", "rs1320333", "rs1879524", "rs2867117", "rs1320334", "rs4517996", "rs2293085", "rs6707477", "rs2867137", "rs2867138", "rs6715346", "rs4854272", "rs4549126", "rs3924384", "rs4854367", "rs4854369", "rs4271795"]
}
