{
  "id": "EdgeSet0105",
  "sources": ["Adygei", "Adygei", "Adygei", "Adygei", "Adygei", "Balochi", "Balochi", "Balochi", "Balochi", "Balochi", "Balochi", "BantuKenya", "BantuKenya", "BantuKenya", "BantuKenya", "BantuKenya", "BantuSouthAfrica", "BantuSouthAfrica", "BantuSouthAfrica", "BantuSouthAfrica", "Basque", "Basque", "Basque", "Basque", "Basque", "Bedouin", "Bedouin", "Bedouin", "BiakaPygmy", "BiakaPygmy", "Burusho", "Burusho", "Burusho", "Cambodian", "Cambodian", "Cambodian", "Cambodian", "Colombian", "Colombian", "Colombian", "Daur", "Daur", "Daur", "Daur", "Druze", "Druze", "Druze", "Druze", "Kalash", "Lahu", "Lahu", "Mandenka", "Mandenka", "Mandenka", "Maya", "Maya", "Maya", "MbutiPygmy", "Melanesian", "Mozabite", "Palestinian", "Papuan", "Pima", "Uygur", "Yakut"],
  "targets": ["Balochi", "Bedouin", "Kalash", "Lahu", "Palestinian", "Basque", "Burusho", "Druze", "Lahu", "Palestinian", "Russian", "BantuSouthAfrica", "BiakaPygmy", "Mandenka", "Mozabite", "Yoruba", "BiakaPygmy", "Mandenka", "San", "Yoruba", "Bedouin", "Burusho", "Druze", "Mongola", "Mozabite", "Mozabite", "Palestinian", "Russian", "MbutiPygmy", "Yoruba", "Kalash", "Russian", "Uygur", "Daur", "Mongola", "Yakut", "Yi", "Lahu", "Maya", "Yi", "Mongola", "Pima", "Uygur", "Yi", "Kalash", "Mozabite", "Palestinian", "Russian", "Uygur", "Mongola", "Yi", "MbutiPygmy", "Mozabite", "Yoruba", "Mongola", "Pima", "Yakut", "San", "Papuan", "Palestinian", "Uygur", "San", "Yakut", "Yakut", "Yi"],
  "weights": [2.4992, 2.321, 2.5571, 4.523, 2.1391, 2.3337, 2.2597, 1.5659, 4.3565, 1.9755, 1.7986, 4.9263, 4.4951, 3.8249, 5.0654, 4.1856, 4.9692, 4.8528, 9.0054, 5.3303, 2.3633, 2.5429, 2.0652, 3.9363, 2.3602, 2.0118, 1.5312, 2.558, 5.1523, 4.1981, 2.8282, 2.0659, 2.5434, 1.4669, 2.323, 1.2876, 1.4904, 4.2723, 2.0996, 2.5209, 2.5332, 2.3843, 2.2204, 1.3099, 2.1974, 1.9113, 1.5701, 1.9358, 2.4965, 4.078, 3.2911, 6.9106, 4.6305, 3.6084, 3.3857, 2.0279, 2.0312, 10.872, 2.7746, 1.9269, 2.6911, 7.9223, 2.0538, 1.9424, 1.3284],
  "loci": ["rs4669381", "rs12472609", "rs7588636", "rs3811600", "rs6715973", "rs13398941", "rs10203328", "rs12475160", "rs7569295", "rs10200984", "rs10929574", "rs2715865", "rs2709591", "rs2709576", "rs2709580", "rs10182138", "rs2715861", "rs10186062", "rs10593", "rs4798", "rs10169262", "rs10208358", "rs11887079", "rs11890304", "rs2001660", "rs7561588", "rs6705408", "rs10495562", "rs12473402", "rs2276338", "rs1056204", "rs11891922", "rs17590882", "rs11900265", "rs10179642", "rs6432017", "rs6432018", "rs10495571", "rs7608161", "rs7597961"]
}
