{
  "id": "EdgeSet0596",
  "sources": ["Adygei", "Adygei", "Adygei", "Adygei", "Adygei", "Adygei", "Adygei", "Adygei", "Balochi", "Balochi", "Balochi", "Balochi", "Balochi", "BantuKenya", "BantuKenya", "BantuKenya", "BantuKenya", "BantuKenya", "BantuKenya", "BantuSouthAfrica", "BantuSouthAfrica", "BantuSouthAfrica", "BantuSouthAfrica", "Basque", "Basque", "Basque", "Basque", "Basque", "Basque", "Basque", "Bedouin", "Bedouin", "Bedouin", "Bedouin", "BiakaPygmy", "BiakaPygmy", "Burusho", "Burusho", "Burusho", "Burusho", "Burusho", "Cambodian", "Cambodian", "Cambodian", "Cambodian", "Cambodian", "Colombian", "Colombian", "Colombian", "Colombian", "Daur", "Daur", "Daur", "Druze", "Druze", "Kalash", "Kalash", "Lahu", "Lahu", "Lahu", "Lahu", "Lahu", "Mandenka", "Mandenka", "Mandenka", "Mandenka", "Maya", "MbutiPygmy", "MbutiPygmy", "Melanesian", "Melanesian", "Melanesian", "Mongola", "Mongola", "Mongola", "Mozabite", "Mozabite", "Mozabite", "Pima", "Russian", "Uygur"],
  "targets": ["Basque", "Bedouin", "Daur", "Druze", "Mozabite", "Russian", "Uygur", "Yakut", "Bedouin", "Burusho", "Druze", "Mozabite", "Russian", "Bedouin", "Mandenka", "MbutiPygmy", "Palestinian", "San", "Yoruba", "BiakaPygmy", "MbutiPygmy", "San", "Yoruba", "Colombian", "Druze", "Kalash", "Melanesian", "Palestinian", "Papuan", "Yakut", "Burusho", "Druze", "Mozabite", "Palestinian", "MbutiPygmy", "San", "Colombian", "Druze", "Mongola", "Papuan", "Uygur", "Kalash", "Lahu", "Palestinian", "Uygur", "Yi", "Daur", "Kalash", "Lahu", "Maya", "Druze", "Maya", "Yi", "Melanesian", "Palestinian", "Papuan", "Russian", "Mongola", "Papuan", "Pima", "Russian", "Yi", "MbutiPygmy", "Mozabite", "San", "Yoruba", "Pima", "Pima", "Yoruba", "Papuan", "Pima", "Russian", "Russian", "Yakut", "Yi", "Palestinian", "Russian", "Yoruba", "Yi", "Yakut", "Yakut"],
  "weights": [2.371, 2.5762, 1.9318, 2.2433, 3.0049, 2.1446, 2.0456, 2.245, 2.2276, 2.7039, 2.1363, 2.8239, 2.3884, 4.5578, 3.8132, 4.8781, 4.9126, 5.8878, 3.4753, 5.375, 5.4473, 5.8224, 4.0295, 4.2403, 2.237, 2.3526, 3.43, 2.6922, 2.9958, 2.6117, 2.94, 1.9498, 2.5056, 2.0157, 4.2341, 6.9283, 3.4583, 2.7693, 3.0537, 3.8438, 3.0345, 3.3995, 3.2949, 3.6011, 3.3071, 2.8434, 2.8202, 3.3321, 3.8596, 2.1795, 2.2903, 2.1795, 2.6552, 3.4055, 1.8616, 3.415, 2.8614, 3.3413, 4.3755, 6.2267, 4.5368, 2.5541, 4.5643, 4.1936, 6.6745, 2.8431, 5.13, 9.1958, 4.2194, 3.4635, 7.6676, 4.0228, 2.6391, 2.1747, 3.0749, 2.7528, 3.358, 3.7019, 5.9871, 2.4965, 2.1075],
  "loci": ["rs10195230", "rs10171653", "rs10201734", "rs13030462", "rs4671992", "rs3816191", "rs4671993", "rs17346218", "rs13011849", "rs6545459", "rs4671233", "rs13430119", "rs17418194", "rs755229", "rs6726292", "rs11695757", "rs6744548", "rs6749322", "rs10496035", "rs7569471", "rs11683784", "rs3796008", "rs10746530", "rs11125550", "rs7584992", "rs17046514", "rs6741304", "rs2588512", "rs887", "rs2580765", "rs2588519", "rs2919125", "rs17418675", "rs2580768", "rs2580769", "rs2580772", "rs2588517", "rs2588518", "rs6715980", "rs17046586"]
}
