{
  "id": "EdgeSet0088",
  "sources": ["Adygei", "Adygei", "Adygei", "Adygei", "Adygei", "Balochi", "Balochi", "Balochi", "Balochi", "Balochi", "BantuKenya", "BantuKenya", "BantuKenya", "BantuKenya", "BantuKenya", "BantuSouthAfrica", "BantuSouthAfrica", "BantuSouthAfrica", "BantuSouthAfrica", "BantuSouthAfrica", "Basque", "Basque", "Basque", "Basque", "Basque", "Bedouin", "Bedouin", "Bedouin", "BiakaPygmy", "BiakaPygmy", "Burusho", "Burusho", "Burusho", "Cambodian", "Cambodian", "Cambodian", "Cambodian", "Cambodian", "Colombian", "Colombian", "Colombian", "Colombian", "Daur", "Daur", "Daur", "Druze", "Druze", "Kalash", "Kalash", "Kalash", "Lahu", "Lahu", "Lahu", "Mandenka", "Mandenka", "Maya", "Maya", "MbutiPygmy", "MbutiPygmy", "Melanesian", "Melanesian", "Mongola", "Mongola", "Mongola", "Mozabite", "Mozabite", "Mozabite", "Palestinian", "Papuan", "Papuan", "Papuan", "Pima"],
  "targets": ["Basque", "Burusho", "Druze", "Palestinian", "Yi", "Bedouin", "Burusho", "Druze", "Papuan", "Russian", "BantuSouthAfrica", "Burusho", "Mandenka", "MbutiPygmy", "Yoruba", "BiakaPygmy", "Mandenka", "MbutiPygmy", "San", "Yoruba", "Druze", "Kalash", "Mozabite", "Papuan", "Russian", "Druze", "Mozabite", "Palestinian", "MbutiPygmy", "Melanesian", "Kalash", "Russian", "Yakut", "Kalash", "Lahu", "Maya", "Uygur", "Yi", "Maya", "Pima", "San", "Yakut", "Mongola", "Uygur", "Yakut", "Palestinian", "Uygur", "Uygur", "Yakut", "Yi", "Mongola", "Pima", "Yi", "Mozabite", "Yoruba", "Melanesian", "Mongola", "San", "Yoruba", "Papuan", "Russian", "Papuan", "Yakut", "Yi", "Palestinian", "Russian", "Uygur", "Russian", "Russian", "San", "Yi", "Yakut"],
  "weights": [2.0661, 2.8487, 2.2786, 1.9142, 4.0881, 1.9844, 3.0934, 1.8798, 5.6392, 2.515, 4.645, 6.3255, 3.752, 5.6494, 3.7869, 4.3804, 3.8381, 4.0397, 6.7023, 3.3651, 2.7733, 2.6107, 2.7168, 4.7792, 2.7741, 1.9414, 1.98, 1.5747, 5.1529, 5.2495, 3.1673, 2.8796, 3.2963, 2.9938, 2.3182, 3.4811, 3.0722, 2.3097, 3.362, 2.5618, 9.606, 3.87, 2.6171, 2.5944, 2.1278, 2.1295, 2.8878, 2.101, 2.5706, 2.6306, 2.702, 3.0864, 1.9015, 4.2746, 2.0584, 5.0282, 2.9806, 6.362, 4.4197, 4.2511, 3.2063, 4.3983, 2.8472, 2.5339, 1.8962, 3.1905, 2.5736, 2.5627, 5.4851, 8.8992, 3.965, 3.0336],
  "loci": ["rs3910069", "rs7597206", "rs1367272", "rs6732885", "rs1367273", "rs3811606", "rs4668543", "rs732078", "rs2043075", "rs7608732", "rs6728724", "rs12692335", "rs13409750", "rs7567384", "rs12105729", "rs16866293", "rs10495556", "rs6752396", "rs1561574", "rs6431883", "rs1829483", "rs2043949", "rs6431885", "rs10519830", "rs6728852", "rs7604664", "rs11691367", "rs979290", "rs11676805", "rs13013575", "rs1850912", "rs6708795", "rs2049072", "rs2946753", "rs270823", "rs13405933", "rs270835", "rs11682611", "rs7582203", "rs810067"]
}
