{
  "id": "EdgeSet0515",
  "sources": ["Adygei", "Adygei", "Adygei", "Adygei", "Adygei", "Balochi", "Balochi", "Balochi", "Balochi", "Balochi", "BantuKenya", "BantuKenya", "BantuKenya", "BantuKenya", "BantuKenya", "BantuKenya", "BantuSouthAfrica", "BantuSouthAfrica", "BantuSouthAfrica", "BantuSouthAfrica", "BantuSouthAfrica", "Basque", "Basque", "Basque", "Bedouin", "Bedouin", "Bedouin", "BiakaPygmy", "BiakaPygmy", "BiakaPygmy", "BiakaPygmy", "Burusho", "Burusho", "Burusho", "Burusho", "Cambodian", "Cambodian", "Cambodian", "Cambodian", "Colombian", "Colombian", "Daur", "Daur", "Daur", "Daur", "Daur", "Druze", "Druze", "Druze", "Kalash", "Kalash", "Lahu", "Lahu", "Lahu", "Mandenka", "Mandenka", "MbutiPygmy", "MbutiPygmy", "Melanesian", "Melanesian", "Mongola", "Mozabite", "Papuan", "Papuan", "Papuan", "Pima", "Yakut"],
  "targets": ["Balochi", "Bedouin", "Burusho", "Palestinian", "Uygur", "Druze", "Maya", "Mozabite", "Russian", "Uygur", "BantuSouthAfrica", "BiakaPygmy", "Mandenka", "MbutiPygmy", "San", "Yoruba", "BiakaPygmy", "Mandenka", "MbutiPygmy", "San", "Yoruba", "Papuan", "Russian", "San", "Druze", "Mozabite", "Palestinian", "Mandenka", "MbutiPygmy", "San", "Yoruba", "Druze", "Lahu", "Mongola", "Russian", "Daur", "MbutiPygmy", "Mongola", "Uygur", "Maya", "Pima", "Lahu", "Mongola", "Uygur", "Yakut", "Yi", "Kalash", "Mozabite", "Palestinian", "Mongola", "Russian", "Mongola", "Yakut", "Yi", "Mozabite", "Yoruba", "San", "Yoruba", "Papuan", "Yoruba", "Papuan", "Palestinian", "Pima", "Yakut", "Yi", "Yakut", "Yi"],
  "weights": [3.1828, 2.6903, 2.9921, 2.6937, 3.2685, 3.0551, 2.9806, 3.0464, 3.292, 3.3475, 4.0996, 3.8596, 3.3683, 4.4512, 7.0368, 3.7125, 4.7444, 3.6593, 4.7185, 8.5914, 3.8957, 5.8947, 2.4514, 9.8111, 1.9267, 2.0938, 1.6687, 3.9943, 4.9376, 7.8083, 4.3014, 3.2138, 3.5137, 2.933, 2.9853, 1.8803, 5.3365, 1.7484, 2.194, 1.4488, 2.469, 2.0939, 1.9302, 2.2686, 3.1225, 2.1456, 3.2014, 2.2217, 1.8613, 3.5512, 2.9571, 2.2246, 3.5454, 2.4834, 3.6557, 3.4171, 8.0863, 4.427, 3.5888, 5.943, 6.8001, 2.2146, 6.4111, 5.9109, 5.065, 5.0384, 2.9268],
  "loci": ["rs6727241", "rs7601767", "rs10153679", "rs10495949", "rs6740430", "rs1878078", "rs11125164", "rs17037139", "rs7566406", "rs2170678", "rs12475492", "rs7570354", "rs1396823", "rs6735324", "rs12621844", "rs7583634", "rs7563975", "rs17037195", "rs6755968", "rs2348723", "rs1546471", "rs3750272", "rs1396825", "rs1112259", "rs6750123", "rs1876812", "rs17397205", "rs2471403", "rs12616792", "rs1509561", "rs959141", "rs11679518", "rs11676168", "rs6545031", "rs10153773", "rs7563625", "rs17037289", "rs10495952", "rs7562069", "rs4953572"]
}
