{
  "id": "EdgeSet0745",
  "sources": ["Adygei", "Adygei", "Adygei", "Adygei", "Adygei", "Balochi", "Balochi", "Balochi", "Balochi", "Balochi", "Balochi", "Balochi", "BantuKenya", "BantuKenya", "BantuKenya", "BantuKenya", "BantuKenya", "BantuKenya", "BantuSouthAfrica", "BantuSouthAfrica", "BantuSouthAfrica", "BantuSouthAfrica", "BantuSouthAfrica", "Basque", "Basque", "Basque", "Basque", "Basque", "Basque", "Bedouin", "Bedouin", "Bedouin", "Bedouin", "Bedouin", "Bedouin", "BiakaPygmy", "BiakaPygmy", "BiakaPygmy", "BiakaPygmy", "Burusho", "Burusho", "Burusho", "Burusho", "Cambodian", "Cambodian", "Cambodian", "Colombian", "Colombian", "Colombian", "Colombian", "Daur", "Daur", "Druze", "Druze", "Druze", "Kalash", "Kalash", "Kalash", "Lahu", "Lahu", "Lahu", "Lahu", "Mandenka", "Mandenka", "Mandenka", "Maya", "Maya", "Maya", "Maya", "MbutiPygmy", "Melanesian", "Mongola", "Mongola", "Mongola", "Mozabite", "Palestinian", "Papuan", "Papuan", "Russian", "San", "Uygur", "Yakut"],
  "targets": ["Burusho", "Cambodian", "Druze", "Mongola", "Palestinian", "Bedouin", "Burusho", "Druze", "Kalash", "Mozabite", "Russian", "Yoruba", "BantuSouthAfrica", "Mandenka", "MbutiPygmy", "San", "Uygur", "Yoruba", "BiakaPygmy", "Mandenka", "Pima", "San", "Yoruba", "Bedouin", "Maya", "Palestinian", "Papuan", "Russian", "Uygur", "Colombian", "Druze", "Mozabite", "Palestinian", "Russian", "Uygur", "Burusho", "Mandenka", "MbutiPygmy", "Yoruba", "Kalash", "Lahu", "Palestinian", "Yoruba", "Lahu", "Yakut", "Yi", "Maya", "Melanesian", "Pima", "Yi", "Papuan", "Yakut", "Melanesian", "Mozabite", "Palestinian", "Melanesian", "Mongola", "Russian", "MbutiPygmy", "Melanesian", "Pima", "San", "Mozabite", "San", "Yoruba", "Mongola", "Papuan", "Pima", "Uygur", "San", "Papuan", "Pima", "Uygur", "Yakut", "Yi", "Russian", "Russian", "Yi", "Uygur", "Yoruba", "Yi", "Yi"],
  "weights": [3.1209, 2.7808, 2.1208, 4.5658, 1.9496, 2.0689, 2.8581, 2.263, 2.7938, 2.5201, 2.3903, 4.2976, 3.8067, 3.1744, 4.2897, 5.7918, 4.2278, 2.8339, 3.2874, 3.8782, 6.5527, 5.5633, 3.401, 2.3823, 3.561, 2.3732, 3.6447, 2.6286, 2.9624, 2.753, 1.8497, 2.0599, 1.746, 1.8916, 2.6306, 4.9213, 3.8541, 4.5436, 3.2758, 3.212, 6.2362, 2.8234, 4.2739, 4.2874, 2.5531, 2.603, 2.3828, 3.8317, 4.0535, 4.4592, 3.8784, 2.6519, 3.8852, 2.3891, 1.7294, 4.4503, 3.7396, 2.7235, 6.6829, 5.8381, 5.6593, 8.6272, 3.9572, 5.8305, 2.6173, 3.8831, 3.7273, 4.3376, 3.5587, 5.5351, 4.5461, 5.0333, 3.3232, 2.6897, 3.4275, 2.1278, 3.5892, 4.1722, 3.3833, 5.4085, 3.1888, 2.4823],
  "loci": ["rs741326", "rs3815556", "rs10204437", "rs17006436", "rs10489990", "rs2075225", "rs4852708", "rs7557453", "rs6723629", "rs1030046", "rs17006471", "rs11900588", "rs4852716", "rs6546646", "rs6546647", "rs6748323", "rs2192400", "rs4852727", "rs3771403", "rs3771395", "rs17006519", "rs10489991", "rs11681519", "rs7584322", "rs3771391", "rs887885", "rs6748268", "rs3771389", "rs1981719", "rs4852732", "rs7588170", "rs10185490", "rs6750310", "rs10165187", "rs2266917", "rs2239484", "rs1006049", "rs759218", "rs2072463", "rs7562668"]
}
