{
  "id": "EdgeSet0447",
  "sources": ["Adygei", "Adygei", "Adygei", "Adygei", "Adygei", "Adygei", "Adygei", "Balochi", "Balochi", "Balochi", "Balochi", "Balochi", "BantuKenya", "BantuKenya", "BantuKenya", "BantuKenya", "BantuSouthAfrica", "BantuSouthAfrica", "BantuSouthAfrica", "BantuSouthAfrica", "BantuSouthAfrica", "BantuSouthAfrica", "Basque", "Basque", "Basque", "Basque", "Basque", "Bedouin", "Bedouin", "Bedouin", "BiakaPygmy", "BiakaPygmy", "BiakaPygmy", "Burusho", "Burusho", "Cambodian", "Cambodian", "Cambodian", "Cambodian", "Cambodian", "Cambodian", "Cambodian", "Colombian", "Colombian", "Colombian", "Colombian", "Colombian", "Daur", "Daur", "Daur", "Druze", "Druze", "Druze", "Kalash", "Kalash", "Lahu", "Lahu", "Lahu", "Lahu", "Mandenka", "Mandenka", "Mandenka", "Maya", "Maya", "MbutiPygmy", "MbutiPygmy", "Melanesian", "Melanesian", "Melanesian", "Mongola", "Mongola", "Mongola", "Mozabite", "Mozabite", "Mozabite", "Papuan", "Papuan", "Pima", "Uygur", "Uygur", "Yakut"],
  "targets": ["Balochi", "Basque", "Daur", "Druze", "Maya", "Papuan", "Russian", "Burusho", "Druze", "Kalash", "Palestinian", "San", "BiakaPygmy", "Mandenka", "San", "Yoruba", "BiakaPygmy", "Druze", "Mandenka", "MbutiPygmy", "San", "Yoruba", "Bedouin", "Druze", "Lahu", "Maya", "Uygur", "Mozabite", "Palestinian", "Russian", "MbutiPygmy", "San", "Yoruba", "Kalash", "Papuan", "Kalash", "Lahu", "Melanesian", "Papuan", "Russian", "Uygur", "Yi", "Daur", "Maya", "Pima", "Yakut", "Yi", "Mongola", "Yakut", "Yi", "Palestinian", "Papuan", "Yi", "Palestinian", "Uygur", "Melanesian", "Mongola", "Papuan", "Yi", "MbutiPygmy", "Melanesian", "Yoruba", "Mongola", "Pima", "San", "Yoruba", "Mongola", "Mozabite", "Russian", "Papuan", "Pima", "Russian", "Palestinian", "Russian", "Yoruba", "Yakut", "Yi", "San", "Yakut", "Yi", "Yi"],
  "weights": [2.5361, 2.2947, 3.6307, 2.0283, 4.5197, 5.4128, 2.2545, 2.8974, 2.4443, 3.292, 2.4292, 7.6296, 4.1764, 2.1977, 6.1889, 3.432, 4.1551, 6.612, 3.6247, 4.6326, 5.505, 3.8346, 2.3606, 2.5489, 5.4862, 3.9671, 3.0122, 2.2204, 1.5073, 2.4048, 4.1278, 6.0506, 4.0244, 3.483, 5.1814, 3.5747, 3.4823, 3.7306, 3.6274, 3.1974, 2.6349, 2.6581, 2.5649, 3.5758, 3.9997, 2.8384, 3.2266, 2.7252, 2.5072, 2.6348, 2.2839, 4.5318, 3.3483, 3.1586, 3.3961, 3.7122, 3.7527, 3.8272, 3.2971, 4.6517, 6.1544, 3.0664, 3.8165, 3.5735, 6.1322, 4.3984, 3.9935, 4.865, 4.8871, 4.2966, 6.2007, 3.4914, 2.2928, 2.9221, 4.6286, 4.294, 3.6706, 9.3352, 2.7659, 2.4974, 2.6703],
  "loci": ["rs4953717", "rs17030315", "rs7601314", "rs10185673", "rs1867854", "rs2374482", "rs1002796", "rs6706778", "rs921076", "rs1446571", "rs4952964", "rs4567998", "rs4952967", "rs10173378", "rs747709", "rs12466022", "rs882502", "rs1978648", "rs17030445", "rs4952971", "rs9749684", "rs2374525", "rs10167465", "rs4952974", "rs7603964", "rs2052923", "rs10168315", "rs7557417", "rs6738922", "rs12614953", "rs4952672", "rs11897836", "rs4952981", "rs10171620", "rs2052927", "rs7580563", "rs13002812", "rs6710055", "rs1549723", "rs10203499"]
}
