{
  "id": "EdgeSet0768",
  "sources": ["Adygei", "Adygei", "Adygei", "Adygei", "Adygei", "Adygei", "Balochi", "Balochi", "Balochi", "Balochi", "Balochi", "Balochi", "Balochi", "BantuKenya", "BantuKenya", "BantuKenya", "BantuKenya", "BantuSouthAfrica", "BantuSouthAfrica", "BantuSouthAfrica", "BantuSouthAfrica", "BantuSouthAfrica", "Basque", "Basque", "Basque", "Basque", "Basque", "Bedouin", "Bedouin", "Bedouin", "BiakaPygmy", "BiakaPygmy", "BiakaPygmy", "Burusho", "Burusho", "Burusho", "Burusho", "Burusho", "Burusho", "Cambodian", "Cambodian", "Cambodian", "Cambodian", "Cambodian", "Colombian", "Colombian", "Colombian", "Colombian", "Daur", "Daur", "Daur", "Druze", "Druze", "Druze", "Kalash", "Kalash", "Lahu", "Lahu", "Lahu", "Lahu", "Mandenka", "Mandenka", "Maya", "Maya", "Maya", "MbutiPygmy", "MbutiPygmy", "Melanesian", "Melanesian", "Melanesian", "Melanesian", "Mongola", "Mongola", "Mozabite", "Mozabite", "Palestinian", "Papuan", "Papuan", "Pima", "San", "Uygur", "Uygur"],
  "targets": ["Bedouin", "Cambodian", "Daur", "Druze", "Maya", "Russian", "Basque", "Bedouin", "Burusho", "Druze", "Palestinian", "Russian", "Uygur", "BiakaPygmy", "Mandenka", "MbutiPygmy", "Yoruba", "BiakaPygmy", "Mandenka", "MbutiPygmy", "San", "Yoruba", "Bedouin", "Colombian", "Kalash", "Pima", "Russian", "Druze", "Mozabite", "Palestinian", "Mandenka", "MbutiPygmy", "San", "Cambodian", "Druze", "Mongola", "Mozabite", "Uygur", "Yoruba", "Daur", "Papuan", "Russian", "Yakut", "Yi", "Mandenka", "Maya", "Pima", "Russian", "Lahu", "Mongola", "Yakut", "Kalash", "Melanesian", "Palestinian", "Palestinian", "Yakut", "Melanesian", "Papuan", "Uygur", "Yi", "Mozabite", "Yoruba", "Pima", "Uygur", "Yi", "San", "Yoruba", "Mongola", "Mozabite", "Papuan", "Yi", "Yakut", "Yi", "Palestinian", "Russian", "Uygur", "Pima", "Yakut", "San", "Yoruba", "Yakut", "Yi"],
  "weights": [2.0637, 2.9761, 2.5923, 2.1419, 4.1781, 2.6937, 2.572, 2.0516, 4.0054, 1.793, 1.8747, 2.6647, 2.3375, 3.0273, 3.235, 4.5442, 3.0515, 3.5412, 3.4202, 5.0938, 5.7275, 3.1376, 2.665, 3.6991, 2.7223, 4.5606, 3.0048, 1.7622, 2.5792, 1.8569, 3.5541, 4.2375, 5.2559, 4.5762, 3.8617, 5.0036, 4.8334, 4.8766, 6.0018, 2.2132, 3.7008, 3.9356, 2.5696, 2.8097, 4.8512, 2.2094, 3.5772, 3.5855, 3.5461, 1.986, 1.8376, 1.982, 2.9073, 1.7109, 2.2272, 2.5255, 3.8525, 3.9727, 3.4919, 3.4969, 3.3038, 2.9652, 3.361, 2.7847, 3.4537, 5.7738, 5.796, 4.281, 3.3402, 3.4006, 2.7534, 2.5302, 2.7823, 2.5114, 2.9819, 2.3172, 3.7393, 4.4783, 8.2207, 5.911, 2.1497, 2.678],
  "loci": ["rs3738846", "rs3813230", "rs1653259", "rs17009433", "rs10188058", "rs10519327", "rs862792", "rs2163539", "rs7581248", "rs10176602", "rs13415017", "rs13024800", "rs831535", "rs7557701", "rs1721259", "rs1618091", "rs1653257", "rs7586415", "rs1726025", "rs3107864", "rs1623605", "rs1653249", "rs13411881", "rs831525", "rs6737156", "rs831550", "rs7564379", "rs4852323", "rs951409", "rs7569066", "rs7608165", "rs4852324", "rs6705628", "rs6546883", "rs13416937", "rs6751551", "rs4270374", "rs13016198", "rs6745236", "rs10164943"]
}
