{
  "id": "EdgeSet0485",
  "sources": ["Adygei", "Adygei", "Adygei", "Adygei", "Balochi", "Balochi", "Balochi", "Balochi", "BantuKenya", "BantuKenya", "BantuKenya", "BantuKenya", "BantuKenya", "BantuKenya", "BantuSouthAfrica", "BantuSouthAfrica", "BantuSouthAfrica", "BantuSouthAfrica", "Basque", "Basque", "Basque", "Basque", "Basque", "Bedouin", "Bedouin", "Bedouin", "BiakaPygmy", "BiakaPygmy", "BiakaPygmy", "BiakaPygmy", "BiakaPygmy", "Burusho", "Burusho", "Burusho", "Burusho", "Burusho", "Burusho", "Cambodian", "Cambodian", "Cambodian", "Colombian", "Colombian", "Colombian", "Colombian", "Colombian", "Daur", "Daur", "Daur", "Daur", "Druze", "Druze", "Druze", "Druze", "Druze", "Kalash", "Lahu", "Lahu", "Lahu", "Lahu", "Lahu", "Mandenka", "Maya", "Maya", "MbutiPygmy", "Melanesian", "Melanesian", "Melanesian", "Mongola", "Mozabite", "Mozabite", "Palestinian", "Papuan", "Pima", "Uygur"],
  "targets": ["Bedouin", "Palestinian", "Russian", "Yakut", "Bedouin", "Lahu", "Palestinian", "Papuan", "Mandenka", "MbutiPygmy", "Mozabite", "Palestinian", "Uygur", "Yoruba", "Mandenka", "MbutiPygmy", "San", "Yoruba", "Bedouin", "Kalash", "Maya", "Russian", "Uygur", "Druze", "Kalash", "Mozabite", "Mandenka", "MbutiPygmy", "Mozabite", "San", "Yoruba", "Cambodian", "Colombian", "Mozabite", "Uygur", "Yakut", "Yi", "Lahu", "Papuan", "Russian", "Maya", "Papuan", "Pima", "Yakut", "Yi", "Lahu", "Mongola", "Uygur", "Yi", "Kalash", "Mandenka", "Mozabite", "Palestinian", "Russian", "Palestinian", "Mongola", "Pima", "Uygur", "Yakut", "Yi", "Yoruba", "Pima", "Yi", "San", "Mongola", "Papuan", "Russian", "Yakut", "Palestinian", "Yoruba", "Russian", "Yakut", "Yi", "Yakut"],
  "weights": [2.0659, 2.3842, 2.4043, 4.0726, 2.1358, 5.1968, 2.0842, 3.5909, 2.687, 4.6501, 3.5091, 3.4558, 5.1925, 3.2384, 3.9434, 4.5058, 5.8925, 4.0477, 2.3388, 2.5227, 5.0415, 1.9742, 4.1309, 1.7486, 2.1696, 2.6459, 3.9481, 3.9468, 4.1318, 5.103, 3.9855, 3.2291, 4.5457, 4.2819, 3.0094, 3.8129, 3.1898, 3.4753, 3.7758, 3.316, 5.0134, 5.5541, 5.0196, 5.0961, 4.3893, 2.9808, 3.4114, 2.5482, 2.3487, 2.2236, 4.5865, 2.6414, 2.1156, 2.3187, 2.3846, 3.2763, 4.4755, 3.4357, 3.7329, 3.4563, 2.739, 2.3297, 2.8553, 5.1409, 3.7036, 3.3498, 2.8541, 2.9809, 2.8927, 3.4717, 2.1147, 4.4472, 3.0394, 3.5199],
  "loci": ["rs4953292", "rs2595202", "rs6715568", "rs6706140", "rs2595204", "rs2595205", "rs7607360", "rs11125043", "rs2711301", "rs1562651", "rs1562653", "rs6751933", "rs753572", "rs12464563", "rs2595211", "rs11677077", "rs6705717", "rs7594827", "rs2245633", "rs2595214", "rs2122112", "rs2711302", "rs4952796", "rs6755308", "rs2595221", "rs13017044", "rs3738900", "rs3820733", "rs3738898", "rs7578551", "rs6743504", "rs13402503", "rs7349397", "rs6748835", "rs11903923", "rs1470598", "rs6748375", "rs6751395", "rs11695579", "rs13024907"]
}
