{
  "id": "EdgeSet0811",
  "sources": ["Adygei", "Adygei", "Adygei", "Adygei", "Adygei", "Balochi", "Balochi", "Balochi", "Balochi", "Balochi", "Balochi", "Balochi", "BantuKenya", "BantuKenya", "BantuKenya", "BantuKenya", "BantuKenya", "BantuKenya", "BantuKenya", "BantuSouthAfrica", "BantuSouthAfrica", "Basque", "Basque", "Basque", "Basque", "Basque", "Basque", "Bedouin", "Bedouin", "Bedouin", "Bedouin", "BiakaPygmy", "BiakaPygmy", "BiakaPygmy", "BiakaPygmy", "Burusho", "Burusho", "Burusho", "Burusho", "Burusho", "Cambodian", "Cambodian", "Cambodian", "Cambodian", "Cambodian", "Colombian", "Colombian", "Daur", "Daur", "Daur", "Druze", "Druze", "Druze", "Kalash", "Kalash", "Kalash", "Kalash", "Lahu", "Lahu", "Lahu", "Lahu", "Lahu", "Mandenka", "Mandenka", "Mandenka", "Maya", "Maya", "Maya", "MbutiPygmy", "Melanesian", "Melanesian", "Melanesian", "Mongola", "Mongola", "Mozabite", "Papuan", "Pima", "Uygur"],
  "targets": ["Balochi", "Druze", "Mongola", "Palestinian", "Yi", "Bedouin", "Burusho", "Cambodian", "Daur", "Kalash", "Mongola", "Russian", "BantuSouthAfrica", "BiakaPygmy", "Druze", "Mandenka", "MbutiPygmy", "Mozabite", "Yoruba", "Mandenka", "MbutiPygmy", "Bedouin", "Burusho", "Druze", "Papuan", "Russian", "Uygur", "Druze", "Mozabite", "Palestinian", "Yoruba", "Mandenka", "MbutiPygmy", "San", "Yoruba", "Cambodian", "Kalash", "Mongola", "Palestinian", "Uygur", "Daur", "Melanesian", "Mongola", "Yakut", "Yi", "Maya", "Pima", "Maya", "Yakut", "Yi", "Lahu", "Mozabite", "Russian", "Maya", "Mongola", "Uygur", "Yi", "Mongola", "Papuan", "Uygur", "Yakut", "Yi", "MbutiPygmy", "Mozabite", "Yoruba", "Pima", "Russian", "San", "San", "Mongola", "Papuan", "Yakut", "Uygur", "Yakut", "Palestinian", "San", "San", "Yakut"],
  "weights": [1.6703, 1.8019, 2.1565, 2.0284, 2.5377, 2.2658, 2.6514, 3.414, 2.4658, 2.5572, 2.3771, 2.4185, 4.0434, 3.7524, 4.0966, 3.2848, 5.0248, 3.2503, 2.8226, 3.498, 5.3468, 2.01, 3.0724, 1.8564, 4.4784, 2.6304, 2.6352, 1.6011, 2.108, 1.7676, 3.0053, 3.7811, 4.3487, 9.4488, 3.0447, 3.5065, 3.0076, 3.5214, 2.8535, 2.7205, 2.5024, 3.2113, 2.8714, 2.6173, 2.3832, 5.1601, 5.1199, 5.0001, 1.9557, 2.3425, 3.0227, 2.5141, 2.5077, 5.3154, 2.4534, 2.6085, 2.8587, 2.7119, 4.9919, 2.7368, 2.7003, 3.0567, 5.7226, 3.1951, 2.8271, 5.7643, 5.4787, 12.7635, 9.5056, 2.8606, 3.3637, 2.4965, 2.1102, 2.189, 2.2926, 12.1143, 13.649, 2.3205],
  "loci": ["rs4594471", "rs10183550", "rs13387483", "rs13388014", "rs6751378", "rs6734567", "rs12713927", "rs13021944", "rs10865432", "rs1897616", "rs10172925", "rs7602889", "rs4853352", "rs4853355", "rs1368502", "rs11126645", "rs1527178", "rs1609077", "rs13412903", "rs2163873", "rs10195907", "rs7584504", "rs12328912", "rs9973347", "rs10178085", "rs1405588", "rs1527194", "rs4853363", "rs6735096", "rs6721524", "rs17014922", "rs4853368", "rs2033751", "rs13018490", "rs13388243", "rs2164851", "rs11126651", "rs7573381", "rs2033754", "rs7569428"]
}
