{
  "id": "EdgeSet0084",
  "sources": ["Adygei", "Adygei", "Adygei", "Adygei", "Adygei", "Adygei", "Adygei", "Balochi", "Balochi", "Balochi", "Balochi", "Balochi", "Balochi", "BantuKenya", "BantuKenya", "BantuKenya", "BantuKenya", "BantuKenya", "BantuKenya", "BantuSouthAfrica", "BantuSouthAfrica", "BantuSouthAfrica", "BantuSouthAfrica", "Basque", "Basque", "Basque", "Basque", "Basque", "Basque", "Bedouin", "Bedouin", "Bedouin", "Bedouin", "Bedouin", "BiakaPygmy", "BiakaPygmy", "BiakaPygmy", "BiakaPygmy", "Burusho", "Burusho", "Burusho", "Burusho", "Burusho", "Cambodian", "Cambodian", "Cambodian", "Colombian", "Colombian", "Colombian", "Colombian", "Colombian", "Colombian", "Colombian", "Daur", "Daur", "Daur", "Daur", "Druze", "Druze", "Druze", "Druze", "Kalash", "Kalash", "Kalash", "Kalash", "Lahu", "Lahu", "Lahu", "Lahu", "Mandenka", "Mandenka", "Mandenka", "Mandenka", "Maya", "Maya", "Maya", "Maya", "MbutiPygmy", "Melanesian", "Melanesian", "Melanesian", "Melanesian", "Mongola", "Mozabite", "Palestinian", "Papuan", "Papuan", "Pima", "San", "Uygur"],
  "targets": ["Basque", "Colombian", "Druze", "Lahu", "Palestinian", "Russian", "Uygur", "Basque", "Bedouin", "Druze", "Kalash", "Papuan", "Yakut", "BantuSouthAfrica", "Cambodian", "Mandenka", "Mozabite", "Papuan", "Yoruba", "BiakaPygmy", "Mandenka", "San", "Yoruba", "Burusho", "Maya", "Palestinian", "Papuan", "Russian", "Yakut", "Druze", "Kalash", "Mozabite", "Palestinian", "Russian", "Burusho", "MbutiPygmy", "San", "Yoruba", "Cambodian", "Kalash", "Maya", "Pima", "Russian", "Mongola", "Yakut", "Yi", "Daur", "Druze", "Maya", "Mongola", "San", "Uygur", "Yakut", "Lahu", "Uygur", "Yi", "Yoruba", "Palestinian", "Pima", "Uygur", "Yakut", "Maya", "Melanesian", "Uygur", "Yi", "Mongola", "Papuan", "Yakut", "Yi", "Melanesian", "Mozabite", "Palestinian", "Yoruba", "Melanesian", "Pima", "Uygur", "Yi", "San", "Papuan", "Pima", "Russian", "San", "Papuan", "Palestinian", "Russian", "Russian", "Uygur", "Yi", "Yoruba", "Yakut"],
  "weights": [2.3825, 4.0752, 1.9987, 4.1713, 1.9235, 1.8243, 2.2705, 2.3938, 2.0338, 2.3696, 2.6319, 3.1461, 2.6372, 4.0426, 4.3486, 3.7274, 3.7998, 4.3418, 3.3626, 5.0118, 3.8884, 8.9831, 3.7929, 3.4747, 3.5853, 2.2614, 4.2084, 2.3125, 2.6895, 1.529, 2.1984, 2.1662, 1.4369, 1.4468, 6.0991, 6.5774, 9.0418, 4.693, 3.8545, 3.3845, 3.3395, 3.5576, 3.23, 2.99, 2.8259, 3.0609, 3.8067, 3.7802, 3.4774, 2.941, 10.7976, 4.1542, 3.3331, 2.9426, 2.4805, 1.9137, 4.0946, 1.5552, 2.5467, 2.2103, 2.8043, 2.2283, 3.7687, 3.0119, 2.8419, 2.97, 3.7096, 2.791, 2.8641, 5.1457, 3.4368, 3.4788, 3.5003, 3.7616, 2.1822, 2.322, 2.2635, 9.4654, 4.2956, 3.9869, 3.9699, 10.419, 3.7765, 2.3195, 1.8292, 3.1353, 3.2298, 2.4708, 9.0027, 2.3329],
  "loci": ["rs6722663", "rs4668521", "rs6723966", "rs6431850", "rs6742329", "rs2352400", "rs1453129", "rs16865953", "rs4669139", "rs16865965", "rs13397452", "rs11676809", "rs4669141", "rs1960521", "rs10495550", "rs17625931", "rs930767", "rs9287684", "rs7588701", "rs4669146", "rs7596634", "rs873213", "rs6755106", "rs1474402", "rs7557233", "rs7607300", "rs7598142", "rs17672973", "rs17672986", "rs6431861", "rs7562418", "rs7559257", "rs4669155", "rs4669156", "rs4669157", "rs1980339", "rs13396157", "rs11682769", "rs870863", "rs952810"]
}
