{
  "id": "EdgeSet0586",
  "sources": ["Adygei", "Adygei", "Adygei", "Adygei", "Adygei", "Balochi", "Balochi", "BantuKenya", "BantuKenya", "BantuKenya", "BantuKenya", "BantuKenya", "BantuSouthAfrica", "BantuSouthAfrica", "BantuSouthAfrica", "BantuSouthAfrica", "BantuSouthAfrica", "Basque", "Basque", "Basque", "Basque", "Basque", "Bedouin", "Bedouin", "Bedouin", "BiakaPygmy", "BiakaPygmy", "BiakaPygmy", "BiakaPygmy", "Burusho", "Burusho", "Cambodian", "Cambodian", "Cambodian", "Cambodian", "Cambodian", "Cambodian", "Cambodian", "Colombian", "Colombian", "Colombian", "Colombian", "Daur", "Daur", "Daur", "Druze", "Druze", "Druze", "Kalash", "Kalash", "Kalash", "Kalash", "Kalash", "Kalash", "Lahu", "Lahu", "Lahu", "Lahu", "Lahu", "Lahu", "Lahu", "Mandenka", "Mandenka", "Mandenka", "Maya", "Maya", "Maya", "MbutiPygmy", "MbutiPygmy", "Melanesian", "Melanesian", "Melanesian", "Melanesian", "Mongola", "Mongola", "Mongola", "Mozabite", "Papuan", "Papuan", "Papuan", "Pima", "Pima", "Russian", "Russian", "Russian", "Uygur"],
  "targets": ["Balochi", "Basque", "Bedouin", "Burusho", "Yakut", "Druze", "Kalash", "BantuSouthAfrica", "BiakaPygmy", "Mandenka", "MbutiPygmy", "Yoruba", "BiakaPygmy", "Kalash", "Mandenka", "San", "Yoruba", "Bedouin", "Burusho", "Colombian", "Palestinian", "Russian", "Druze", "Mozabite", "Palestinian", "MbutiPygmy", "Mongola", "San", "Yoruba", "Russian", "San", "Daur", "Lahu", "Melanesian", "Mongola", "Papuan", "Yakut", "Yi", "Druze", "Maya", "MbutiPygmy", "Pima", "Melanesian", "Russian", "Yi", "Lahu", "Maya", "Mozabite", "Palestinian", "Papuan", "Pima", "Russian", "Yi", "Yoruba", "Mandenka", "Melanesian", "Mongola", "Russian", "Uygur", "Yakut", "Yi", "Mozabite", "San", "Yoruba", "Mongola", "Pima", "Uygur", "San", "Yoruba", "Mongola", "Palestinian", "Papuan", "Pima", "Uygur", "Yakut", "Yi", "Palestinian", "Uygur", "Yakut", "Yi", "Uygur", "Yoruba", "San", "Yakut", "Yi", "Yakut"],
  "weights": [2.1237, 2.1746, 2.0216, 2.4968, 2.5875, 2.1049, 2.2808, 3.9408, 5.294, 3.9902, 7.1065, 3.6528, 4.6159, 4.6647, 3.2911, 6.0219, 3.0841, 2.1025, 3.6929, 3.4213, 2.2682, 2.8656, 1.8292, 1.6976, 1.6663, 6.8923, 6.3072, 6.5035, 4.6506, 3.0802, 6.8931, 1.7819, 4.4305, 2.4959, 2.9418, 1.8679, 2.539, 2.6257, 2.8504, 2.8283, 8.8218, 3.6513, 2.7527, 2.6687, 2.5843, 3.4332, 1.8589, 1.7113, 2.4733, 2.3157, 3.5199, 2.8804, 2.7442, 5.1095, 4.6243, 4.2008, 3.8357, 3.3675, 3.353, 3.3219, 3.6138, 3.434, 6.1354, 2.6408, 3.1262, 2.5437, 1.9596, 8.1332, 6.8015, 3.4419, 3.2735, 2.7469, 4.2684, 2.8489, 2.647, 3.0581, 1.5934, 2.3556, 2.3509, 2.3142, 2.6482, 4.8163, 6.7921, 2.6237, 2.721, 2.3928],
  "loci": ["rs10176342", "rs10206954", "rs10186140", "rs11896279", "rs1421618", "rs1877908", "rs7572559", "rs10201710", "rs13399590", "rs6545388", "rs3738855", "rs6744662", "rs1001296", "rs1215153", "rs843678", "rs843677", "rs3850348", "rs843672", "rs3912428", "rs11894205", "rs698752", "rs1727505", "rs1727506", "rs843658", "rs843653", "rs843645", "rs10165485", "rs843704", "rs11890390", "rs843690", "rs843682", "rs10171249", "rs843743", "rs843748", "rs843713", "rs843718", "rs843726", "rs698756", "rs964092", "rs13407991"]
}
