{
  "id": "EdgeSet0313",
  "sources": ["Adygei", "Adygei", "Adygei", "Adygei", "Adygei", "Adygei", "Balochi", "Balochi", "Balochi", "Balochi", "BantuKenya", "BantuKenya", "BantuKenya", "BantuKenya", "BantuSouthAfrica", "BantuSouthAfrica", "BantuSouthAfrica", "BantuSouthAfrica", "Basque", "Basque", "Basque", "Basque", "Basque", "Basque", "Basque", "Bedouin", "Bedouin", "Bedouin", "Bedouin", "BiakaPygmy", "BiakaPygmy", "BiakaPygmy", "Burusho", "Burusho", "Cambodian", "Cambodian", "Cambodian", "Cambodian", "Colombian", "Colombian", "Colombian", "Colombian", "Daur", "Daur", "Daur", "Daur", "Daur", "Druze", "Druze", "Druze", "Kalash", "Kalash", "Lahu", "Lahu", "Lahu", "Lahu", "Mandenka", "Mandenka", "Mandenka", "Maya", "MbutiPygmy", "Melanesian", "Melanesian", "Mongola", "Mongola", "Mozabite", "Palestinian", "Papuan", "Papuan", "Papuan", "Papuan", "Pima", "Pima", "San", "Uygur", "Yakut"],
  "targets": ["Balochi", "Burusho", "Daur", "Druze", "Palestinian", "Russian", "Kalash", "Mongola", "Palestinian", "San", "BiakaPygmy", "Mandenka", "Melanesian", "Yoruba", "BiakaPygmy", "Daur", "Mandenka", "San", "Bedouin", "Burusho", "Druze", "Melanesian", "Mozabite", "Palestinian", "Russian", "Druze", "Mozabite", "Palestinian", "Yoruba", "MbutiPygmy", "San", "Yoruba", "Kalash", "Russian", "Druze", "Lahu", "Papuan", "Yi", "Maya", "Mongola", "Pima", "Yakut", "Lahu", "Maya", "Mongola", "Pima", "Yakut", "Kalash", "Mozabite", "Palestinian", "Melanesian", "Mongola", "Melanesian", "Mongola", "Uygur", "Yi", "MbutiPygmy", "Melanesian", "Yoruba", "Pima", "San", "Papuan", "Yi", "Uygur", "Yakut", "Papuan", "Uygur", "Pima", "San", "Yi", "Yoruba", "Uygur", "Yi", "Yakut", "Yi", "Yi"],
  "weights": [2.7213, 2.2689, 3.2395, 1.863, 2.143, 2.1817, 2.7065, 3.6686, 2.503, 8.7172, 4.8248, 2.949, 5.4763, 3.04, 5.4881, 5.4477, 4.2461, 8.6549, 2.2615, 2.4456, 1.931, 4.2902, 2.6007, 2.1302, 1.84, 2.0851, 2.7489, 1.8728, 4.332, 4.0807, 7.1095, 4.189, 3.1109, 1.9886, 2.5837, 2.4104, 3.4119, 2.4017, 2.2773, 4.5447, 3.5295, 5.9087, 2.8807, 4.4646, 2.4199, 3.0117, 2.6417, 2.7903, 2.7305, 1.8817, 4.9915, 3.914, 5.3128, 3.1825, 2.6349, 2.1499, 5.6776, 5.5949, 2.4323, 2.631, 8.287, 4.8628, 4.3437, 2.4589, 3.63, 4.3638, 3.048, 5.8092, 9.2885, 3.9837, 5.5036, 2.7249, 3.1702, 10.2921, 2.3778, 3.6546],
  "loci": ["rs2593430", "rs9679386", "rs11887038", "rs2593434", "rs7607943", "rs2681677", "rs2276568", "rs477229", "rs509380", "rs1879276", "rs7566361", "rs2609913", "rs2609914", "rs10153751", "rs1715819", "rs2253464", "rs7567391", "rs479103", "rs2253121", "rs10211389", "rs1879283", "rs17010141", "rs2926304", "rs485100", "rs482384", "rs1983383", "rs6739240", "rs2681676", "rs551356", "rs6548032", "rs2176840", "rs17396800", "rs1464332", "rs6714182", "rs17010253", "rs17010258", "rs2030384", "rs4597574", "rs6710242", "rs10495780"]
}
