{
  "id": "EdgeSet0752",
  "sources": ["Adygei", "Adygei", "Adygei", "Adygei", "Balochi", "Balochi", "Balochi", "Balochi", "BantuKenya", "BantuKenya", "BantuKenya", "BantuKenya", "BantuSouthAfrica", "BantuSouthAfrica", "BantuSouthAfrica", "BantuSouthAfrica", "Basque", "Basque", "Basque", "Basque", "Basque", "Bedouin", "Bedouin", "Bedouin", "BiakaPygmy", "BiakaPygmy", "BiakaPygmy", "BiakaPygmy", "BiakaPygmy", "Burusho", "Burusho", "Burusho", "Cambodian", "Cambodian", "Cambodian", "Cambodian", "Cambodian", "Cambodian", "Colombian", "Colombian", "Colombian", "Daur", "Daur", "Daur", "Druze", "Druze", "Druze", "Kalash", "Kalash", "Lahu", "Lahu", "Lahu", "Lahu", "Mandenka", "Mandenka", "Mandenka", "Maya", "Maya", "Maya", "MbutiPygmy", "MbutiPygmy", "MbutiPygmy", "Melanesian", "Melanesian", "Mongola", "Mongola", "Palestinian", "Papuan", "Papuan", "Pima", "Russian", "Russian", "San", "Uygur", "Yakut"],
  "targets": ["Balochi", "Bedouin", "Druze", "Palestinian", "Bedouin", "Kalash", "Maya", "Mozabite", "BantuSouthAfrica", "Mandenka", "San", "Yoruba", "Mandenka", "Mozabite", "San", "Yoruba", "Burusho", "Druze", "Mozabite", "Palestinian", "Russian", "Druze", "Mozabite", "Palestinian", "Mandenka", "MbutiPygmy", "Mozabite", "San", "Yoruba", "Kalash", "Uygur", "Yoruba", "Lahu", "Melanesian", "Mongola", "Palestinian", "Uygur", "Yi", "Maya", "Pima", "San", "Lahu", "Mongola", "Yakut", "Palestinian", "Pima", "Russian", "Palestinian", "Uygur", "Melanesian", "Mongola", "Papuan", "Yi", "Mozabite", "San", "Yoruba", "Papuan", "Uygur", "Yakut", "Melanesian", "San", "Yoruba", "Mongola", "Papuan", "Yakut", "Yi", "Russian", "Russian", "Uygur", "Yi", "Uygur", "Yakut", "Yi", "Yi", "Yi"],
  "weights": [2.4116, 2.0498, 2.4634, 2.0115, 2.1193, 2.1944, 2.8143, 2.7919, 4.8674, 5.0411, 5.621, 4.7867, 4.2366, 3.8767, 5.5704, 3.4223, 2.5443, 2.3845, 2.4066, 2.4916, 2.5759, 2.5491, 2.6748, 1.9379, 4.4363, 5.2699, 4.1546, 5.6662, 3.9494, 2.6727, 3.1045, 4.4393, 2.895, 3.0768, 2.2873, 3.844, 2.8543, 2.5145, 2.9084, 6.3232, 7.212, 2.603, 1.9279, 1.8123, 2.464, 4.7233, 2.5699, 2.445, 2.6524, 2.7239, 2.2664, 2.9063, 2.4541, 4.2401, 5.6652, 3.8549, 2.6417, 2.6241, 2.7144, 6.6198, 6.9532, 4.5589, 2.3819, 2.0853, 1.6491, 1.8121, 2.362, 2.9496, 2.5406, 4.9336, 2.524, 3.5768, 6.278, 2.5582, 2.3866],
  "loci": ["rs12151639", "rs4309600", "rs4470367", "rs4852260", "rs4852789", "rs7574062", "rs4852261", "rs4852792", "rs11126334", "rs4852794", "rs6749480", "rs11689987", "rs12713753", "rs4852262", "rs4535069", "rs11681784", "rs12469262", "rs9309455", "rs9677918", "rs11675118", "rs4852797", "rs11690862", "rs13428076", "rs13402171", "rs11687223", "rs6739650", "rs4350773", "rs6713986", "rs12329322", "rs4564797", "rs4241250", "rs4852806", "rs11690146", "rs2303596", "rs17007067", "rs10183967", "rs3764971", "rs11680124", "rs745917", "rs7568834"]
}
