{
  "id": "EdgeSet0158",
  "sources": ["Adygei", "Adygei", "Adygei", "Adygei", "Adygei", "Balochi", "Balochi", "Balochi", "Balochi", "Balochi", "BantuKenya", "BantuKenya", "BantuKenya", "BantuKenya", "BantuSouthAfrica", "BantuSouthAfrica", "BantuSouthAfrica", "BantuSouthAfrica", "Basque", "Basque", "Basque", "Basque", "Bedouin", "Bedouin", "BiakaPygmy", "BiakaPygmy", "BiakaPygmy", "BiakaPygmy", "Burusho", "Burusho", "Cambodian", "Cambodian", "Cambodian", "Colombian", "Colombian", "Colombian", "Colombian", "Colombian", "Colombian", "Colombian", "Daur", "Daur", "Daur", "Daur", "Daur", "Druze", "Druze", "Druze", "Druze", "Kalash", "Kalash", "Kalash", "Kalash", "Kalash", "Lahu", "Lahu", "Lahu", "Mandenka", "Maya", "Maya", "MbutiPygmy", "Melanesian", "Melanesian", "Melanesian", "Mongola", "Mozabite", "Mozabite", "Palestinian", "Palestinian", "Palestinian", "Russian", "Russian", "San", "Uygur"],
  "targets": ["Basque", "Bedouin", "Burusho", "Druze", "Uygur", "Bedouin", "Burusho", "Mozabite", "Palestinian", "Uygur", "BantuSouthAfrica", "Mandenka", "MbutiPygmy", "Yoruba", "BiakaPygmy", "Mandenka", "MbutiPygmy", "San", "Bedouin", "Cambodian", "Mozabite", "Russian", "Druze", "Palestinian", "Mandenka", "MbutiPygmy", "San", "Yoruba", "Pima", "Russian", "Daur", "Kalash", "Pima", "Lahu", "Maya", "Melanesian", "Mongola", "Papuan", "Pima", "Uygur", "Kalash", "Lahu", "Papuan", "Yakut", "Yi", "Kalash", "Mozabite", "Palestinian", "Russian", "Lahu", "Melanesian", "Mongola", "Yakut", "Yi", "Mongola", "Pima", "Yakut", "Yoruba", "Pima", "San", "San", "Mongola", "Papuan", "Yi", "Yi", "Palestinian", "Russian", "Papuan", "Russian", "Uygur", "Uygur", "Yakut", "Yoruba", "Yakut"],
  "weights": [2.0408, 1.5843, 2.3922, 2.0994, 2.189, 1.3836, 2.1397, 2.0486, 1.869, 1.9959, 4.466, 4.2226, 7.4992, 4.6265, 4.3584, 4.4643, 6.1423, 5.8479, 1.7502, 2.461, 2.2452, 1.5085, 1.8439, 1.7921, 4.1486, 5.0109, 4.9635, 4.3484, 3.9424, 2.3206, 2.4339, 2.9491, 3.1625, 4.9634, 3.331, 4.1488, 3.723, 4.9285, 3.2755, 3.8215, 3.1883, 2.8908, 4.2687, 2.8654, 3.1637, 4.19, 2.3386, 2.0467, 1.9152, 3.58, 3.2611, 4.1515, 3.2057, 3.7204, 3.2823, 3.9321, 3.2721, 2.3651, 3.1714, 8.3412, 5.8961, 2.9848, 3.8108, 2.8224, 2.1917, 2.1614, 2.0927, 4.5159, 2.0324, 2.3299, 1.9262, 2.6096, 6.5175, 2.8253],
  "loci": ["rs6729531", "rs6432440", "rs6432443", "rs6432444", "rs1448961", "rs6711956", "rs1448963", "rs2380560", "rs4638774", "rs10495633", "rs12052673", "rs11885245", "rs1003981", "rs12615334", "rs7571070", "rs7604240", "rs10929903", "rs1075729", "rs2890470", "rs7560320", "rs7580932", "rs16861454", "rs1375391", "rs12692521", "rs1839211", "rs12469265", "rs7608366", "rs16861512", "rs7564477", "rs6719322", "rs2029099", "rs12476448", "rs10177752", "rs1900854", "rs10168245", "rs11684967", "rs9287778", "rs16861564", "rs2380595", "rs1850134"]
}
