{
  "id": "EdgeSet0197",
  "sources": ["Adygei", "Adygei", "Adygei", "Adygei", "Adygei", "Balochi", "Balochi", "Balochi", "Balochi", "BantuKenya", "BantuKenya", "BantuKenya", "BantuKenya", "BantuKenya", "BantuSouthAfrica", "BantuSouthAfrica", "BantuSouthAfrica", "BantuSouthAfrica", "BantuSouthAfrica", "BantuSouthAfrica", "Basque", "Basque", "Basque", "Bedouin", "Bedouin", "Bedouin", "Bedouin", "BiakaPygmy", "BiakaPygmy", "BiakaPygmy", "BiakaPygmy", "Burusho", "Burusho", "Burusho", "Burusho", "Burusho", "Cambodian", "Cambodian", "Cambodian", "Cambodian", "Colombian", "Colombian", "Colombian", "Colombian", "Colombian", "Colombian", "Colombian", "Daur", "Daur", "Daur", "Daur", "Daur", "Druze", "Druze", "Druze", "Kalash", "Kalash", "Lahu", "Lahu", "Lahu", "Lahu", "Mandenka", "Mandenka", "Mandenka", "Maya", "Maya", "Maya", "MbutiPygmy", "Melanesian", "Mongola", "Mongola", "Mongola", "Mozabite", "Papuan", "Uygur"],
  "targets": ["Balochi", "Cambodian", "Druze", "Kalash", "Palestinian", "Burusho", "Druze", "Mozabite", "Russian", "BiakaPygmy", "Kalash", "MbutiPygmy", "San", "Yoruba", "BiakaPygmy", "Mandenka", "MbutiPygmy", "Mozabite", "San", "Yoruba", "Bedouin", "Druze", "Palestinian", "Druze", "Mozabite", "Palestinian", "Russian", "MbutiPygmy", "San", "Uygur", "Yoruba", "Cambodian", "Daur", "Lahu", "Mozabite", "Palestinian", "Lahu", "Maya", "Mongola", "Yakut", "Daur", "Maya", "Melanesian", "Papuan", "Pima", "San", "Yi", "Lahu", "Melanesian", "Mongola", "Papuan", "Yakut", "Kalash", "Palestinian", "Russian", "Russian", "Yi", "Maya", "Melanesian", "Uygur", "Yi", "MbutiPygmy", "Mozabite", "Yoruba", "Pima", "Russian", "Uygur", "Papuan", "Papuan", "Pima", "Yakut", "Yi", "Russian", "Yi", "Yakut"],
  "weights": [2.1411, 3.9751, 1.6192, 2.931, 2.0586, 4.1149, 1.8525, 2.7402, 2.201, 4.9115, 5.7807, 7.2872, 8.2199, 4.4542, 4.3264, 2.9667, 6.2739, 4.389, 6.3614, 3.3577, 1.4006, 1.8349, 2.0369, 1.4706, 2.3597, 1.6905, 2.2238, 6.8313, 6.3994, 5.5086, 4.4466, 3.9429, 4.6749, 4.1328, 4.0078, 3.5545, 2.8961, 3.0363, 2.9398, 2.6312, 6.6018, 4.5484, 5.6329, 6.4432, 5.3534, 8.7822, 5.3618, 3.2245, 2.8244, 2.9428, 4.6047, 2.6751, 2.7559, 1.6976, 2.1047, 3.1372, 5.0654, 3.3808, 3.4264, 2.3754, 3.7115, 6.2359, 3.9541, 2.732, 3.7114, 3.5561, 2.9584, 8.8879, 3.5923, 4.3465, 2.0239, 2.7958, 2.9877, 5.0005, 2.3117],
  "loci": ["rs1013260", "rs2345516", "rs2345517", "rs2345518", "rs2001863", "rs7560035", "rs7563158", "rs1452425", "rs1452423", "rs11685061", "rs1452430", "rs1452429", "rs13420705", "rs921542", "rs6744889", "rs1400447", "rs16984594", "rs4832569", "rs6755477", "rs6753969", "rs1516922", "rs7606861", "rs1516905", "rs1516903", "rs1516902", "rs5005196", "rs1516921", "rs1516919", "rs17389100", "rs10192173", "rs1474038", "rs7588548", "rs1400439", "rs11689614", "rs16984751", "rs2203648", "rs1356322", "rs1516913", "rs16984782", "rs17740738"]
}
