{
  "id": "EdgeSet0470",
  "sources": ["Adygei", "Adygei", "Adygei", "Adygei", "Adygei", "Adygei", "Balochi", "Balochi", "Balochi", "Balochi", "Balochi", "Balochi", "Balochi", "Balochi", "BantuKenya", "BantuKenya", "BantuKenya", "BantuKenya", "BantuKenya", "BantuSouthAfrica", "BantuSouthAfrica", "BantuSouthAfrica", "BantuSouthAfrica", "Basque", "Basque", "Basque", "Bedouin", "Bedouin", "Bedouin", "Bedouin", "BiakaPygmy", "BiakaPygmy", "BiakaPygmy", "BiakaPygmy", "Burusho", "Cambodian", "Cambodian", "Cambodian", "Cambodian", "Cambodian", "Colombian", "Colombian", "Colombian", "Colombian", "Daur", "Daur", "Daur", "Daur", "Daur", "Daur", "Druze", "Druze", "Kalash", "Kalash", "Kalash", "Lahu", "Lahu", "Lahu", "Mandenka", "Mandenka", "Maya", "Maya", "MbutiPygmy", "MbutiPygmy", "Melanesian", "Melanesian", "Melanesian", "Melanesian", "Melanesian", "Mongola", "Mongola", "Mongola", "Mozabite", "Mozabite", "Palestinian", "Papuan", "Pima", "Pima", "Uygur"],
  "targets": ["Basque", "Bedouin", "Burusho", "Druze", "Mozabite", "Uygur", "Bedouin", "Burusho", "Kalash", "Maya", "Melanesian", "Mongola", "Russian", "Uygur", "BantuSouthAfrica", "BiakaPygmy", "Colombian", "MbutiPygmy", "Yoruba", "Mandenka", "MbutiPygmy", "San", "Yoruba", "Bedouin", "Melanesian", "Palestinian", "Druze", "Palestinian", "Russian", "Uygur", "Mandenka", "Melanesian", "San", "Yoruba", "Druze", "Daur", "Lahu", "Mongola", "Pima", "Yi", "Lahu", "Maya", "Pima", "San", "Druze", "Melanesian", "Pima", "San", "Yakut", "Yi", "Mongola", "Palestinian", "Russian", "San", "Yi", "Mongola", "Russian", "Yi", "MbutiPygmy", "Yoruba", "Mongola", "Pima", "Pima", "Uygur", "Mozabite", "Papuan", "Russian", "San", "Yakut", "Mozabite", "Uygur", "Yakut", "Palestinian", "Russian", "Russian", "Yi", "Russian", "Uygur", "Yakut"],
  "weights": [2.5443, 2.0258, 2.9574, 1.7951, 2.5548, 2.5985, 2.6506, 2.9481, 3.4676, 3.846, 5.1342, 3.7315, 2.7444, 3.017, 3.0254, 3.6924, 5.3918, 3.2124, 2.3455, 2.558, 2.8729, 6.5829, 2.3333, 3.0164, 5.0349, 3.0181, 1.7784, 1.9002, 2.3646, 3.1369, 3.3516, 6.1559, 5.997, 3.0797, 2.9485, 3.425, 3.6503, 3.2903, 5.0801, 3.1017, 4.229, 3.8926, 3.7689, 8.0057, 3.3003, 6.2676, 3.4892, 7.9754, 2.599, 3.0942, 2.8264, 2.0758, 3.0368, 8.1201, 3.8609, 3.503, 4.8158, 3.3564, 2.9117, 2.4717, 2.9798, 3.6908, 4.9986, 4.2793, 4.9054, 3.679, 5.7931, 8.8483, 5.106, 3.8874, 2.5594, 2.8593, 2.524, 2.8225, 2.1428, 4.182, 3.9845, 3.0272, 3.0964],
  "loci": ["rs1546642", "rs11896942", "rs17033049", "rs1517024", "rs6707629", "rs6726955", "rs17033059", "rs6757058", "rs17415156", "rs1107698", "rs1914318", "rs9309123", "rs2102797", "rs12468039", "rs1356337", "rs1914319", "rs17337049", "rs950920", "rs1517025", "rs10179400", "rs10206235", "rs1356339", "rs12712937", "rs4953198", "rs7595106", "rs11125005", "rs2342701", "rs10209754", "rs3914642", "rs6720296", "rs2342702", "rs12476824", "rs3851320", "rs13384377", "rs13025039", "rs7569588", "rs10196185", "rs2343408", "rs7586888", "rs12615200"]
}
