{
  "id": "EdgeSet0759",
  "sources": ["Adygei", "Adygei", "Adygei", "Adygei", "Balochi", "Balochi", "Balochi", "Balochi", "BantuKenya", "BantuKenya", "BantuKenya", "BantuKenya", "BantuSouthAfrica", "BantuSouthAfrica", "BantuSouthAfrica", "Basque", "Basque", "Basque", "Basque", "Bedouin", "Bedouin", "Bedouin", "BiakaPygmy", "BiakaPygmy", "BiakaPygmy", "Burusho", "Burusho", "Burusho", "Burusho", "Burusho", "Cambodian", "Cambodian", "Cambodian", "Colombian", "Colombian", "Colombian", "Daur", "Daur", "Daur", "Daur", "Druze", "Druze", "Druze", "Druze", "Kalash", "Kalash", "Lahu", "Lahu", "Lahu", "Mandenka", "Mandenka", "Maya", "MbutiPygmy", "MbutiPygmy", "Melanesian", "Melanesian", "Mongola", "Mongola", "Mozabite", "Mozabite", "Papuan", "Pima", "Russian", "Russian", "San", "San", "Uygur"],
  "targets": ["Balochi", "Basque", "Druze", "Palestinian", "Daur", "Kalash", "Russian", "Yi", "BantuSouthAfrica", "BiakaPygmy", "Mandenka", "Yoruba", "Mandenka", "San", "Yoruba", "Bedouin", "Druze", "Kalash", "Russian", "Mozabite", "Palestinian", "Yakut", "Mandenka", "MbutiPygmy", "San", "Druze", "Mongola", "Palestinian", "Yakut", "Yi", "Lahu", "Uygur", "Yakut", "Kalash", "Maya", "Pima", "Mongola", "Russian", "Uygur", "Yakut", "Kalash", "Mozabite", "Yakut", "Yi", "Palestinian", "Russian", "Mongola", "Papuan", "Yakut", "MbutiPygmy", "Mozabite", "Pima", "San", "Yoruba", "Papuan", "Pima", "Uygur", "Yi", "Palestinian", "Yoruba", "Uygur", "San", "Uygur", "Yi", "Yi", "Yoruba", "Yakut"],
  "weights": [2.1266, 1.874, 2.0021, 1.9002, 2.9472, 2.5464, 2.5932, 4.2829, 4.3157, 5.5297, 4.1943, 3.4999, 3.0964, 6.6306, 3.6869, 1.5947, 1.6566, 1.9999, 1.7421, 2.3556, 1.2356, 1.9837, 4.4874, 5.0633, 6.9457, 1.8114, 3.1756, 1.9649, 2.1309, 3.0058, 1.6012, 2.3697, 2.2931, 4.3068, 3.4788, 4.2537, 2.549, 2.4848, 2.0123, 1.5337, 2.1185, 2.7184, 2.1829, 3.2258, 2.1687, 2.4213, 2.495, 3.3954, 2.5605, 4.6883, 4.3746, 1.8795, 7.7677, 5.312, 4.5406, 7.3095, 2.2607, 2.7193, 2.4371, 3.569, 3.4575, 8.7022, 3.4459, 3.45, 8.2625, 6.043, 2.7575],
  "loci": ["rs6714731", "rs1400681", "rs6728109", "rs7589380", "rs10195125", "rs7601186", "rs11126361", "rs6737062", "rs17007729", "rs10168803", "rs7568849", "rs2215801", "rs10194900", "rs10208443", "rs10209307", "rs10203870", "rs6546738", "rs2192332", "rs6721368", "rs4852856", "rs2041666", "rs7606254", "rs2420201", "rs707718", "rs2241057", "rs9309462", "rs2901091", "rs975612", "rs975366", "rs194240", "rs17723364", "rs41420", "rs41419", "rs17007926", "rs41402", "rs13339845", "rs41398", "rs41388", "rs41386", "rs194235"]
}
