{
  "id": "EdgeSet0821",
  "sources": ["Adygei", "Adygei", "Adygei", "Adygei", "Adygei", "Balochi", "Balochi", "Balochi", "Balochi", "BantuKenya", "BantuKenya", "BantuKenya", "BantuKenya", "BantuKenya", "BantuKenya", "BantuSouthAfrica", "BantuSouthAfrica", "BantuSouthAfrica", "Basque", "Basque", "Basque", "Basque", "Basque", "Bedouin", "Bedouin", "Bedouin", "Bedouin", "Bedouin", "BiakaPygmy", "BiakaPygmy", "BiakaPygmy", "BiakaPygmy", "Burusho", "Burusho", "Burusho", "Cambodian", "Cambodian", "Cambodian", "Cambodian", "Cambodian", "Colombian", "Colombian", "Colombian", "Colombian", "Daur", "Daur", "Daur", "Daur", "Daur", "Druze", "Druze", "Druze", "Druze", "Kalash", "Kalash", "Lahu", "Lahu", "Lahu", "Mandenka", "Mandenka", "Mandenka", "Maya", "Maya", "MbutiPygmy", "Melanesian", "Melanesian", "Melanesian", "Mongola", "Mongola", "Pima", "Pima", "Russian", "Russian", "Yakut"],
  "targets": ["Balochi", "Basque", "Burusho", "Druze", "Russian", "Bedouin", "Kalash", "Uygur", "Yi", "BantuSouthAfrica", "BiakaPygmy", "Mandenka", "MbutiPygmy", "Pima", "Yoruba", "BiakaPygmy", "Mandenka", "Yoruba", "Druze", "Lahu", "Mozabite", "Palestinian", "Russian", "Druze", "Kalash", "Mozabite", "Palestinian", "Yi", "Mandenka", "MbutiPygmy", "San", "Yoruba", "Druze", "Papuan", "Yakut", "Colombian", "Lahu", "Russian", "Uygur", "Yi", "Daur", "Maya", "MbutiPygmy", "San", "Kalash", "Mongola", "Papuan", "San", "Yakut", "Kalash", "Mozabite", "Palestinian", "Yi", "Melanesian", "Mozabite", "Melanesian", "Pima", "Yi", "Mozabite", "San", "Yoruba", "Mongola", "Pima", "San", "Mongola", "Papuan", "Yi", "Uygur", "Yakut", "San", "Yi", "Uygur", "Yi", "Yi"],
  "weights": [2.8277, 2.2008, 3.3313, 2.3291, 2.525, 2.3707, 2.9429, 2.9133, 3.067, 3.0319, 3.3335, 3.1515, 5.961, 7.7121, 2.6905, 3.158, 2.8982, 2.7707, 2.0185, 3.6477, 2.5387, 2.2633, 2.1596, 2.2476, 2.4481, 2.5208, 2.2222, 2.9711, 2.9727, 5.2957, 6.4572, 2.8227, 3.1117, 4.4485, 3.9314, 5.0227, 2.9812, 2.4959, 2.9306, 2.8397, 5.0742, 2.9388, 8.6652, 8.2638, 3.5389, 2.6411, 4.4522, 7.6681, 2.4523, 2.8282, 2.6642, 2.5806, 3.9472, 3.4048, 3.0054, 3.9636, 6.0151, 3.2872, 3.5895, 6.819, 2.6514, 3.8414, 4.6343, 7.31, 3.0854, 2.5956, 2.9451, 2.6777, 2.7368, 9.2224, 5.5001, 2.0857, 2.581, 3.0091],
  "loci": ["rs283826", "rs10520228", "rs283832", "rs442513", "rs393149", "rs1023825", "rs440752", "rs17016209", "rs283838", "rs283843", "rs17702090", "rs364446", "rs13004360", "rs17702221", "rs1448212", "rs17753263", "rs1522858", "rs6710164", "rs1448214", "rs1608234", "rs1522856", "rs2073445", "rs2073444", "rs2073443", "rs1375050", "rs10206626", "rs11126696", "rs283895", "rs283851", "rs283882", "rs2070708", "rs283892", "rs4853434", "rs7608639", "rs7603333", "rs13015743", "rs10496213", "rs3819315", "rs892867", "rs1589614"]
}
