{
  "id": "EdgeSet0483",
  "sources": ["Adygei", "Adygei", "Adygei", "Adygei", "Adygei", "Balochi", "Balochi", "Balochi", "BantuKenya", "BantuKenya", "BantuKenya", "BantuKenya", "BantuSouthAfrica", "BantuSouthAfrica", "BantuSouthAfrica", "Basque", "Basque", "Basque", "Bedouin", "Bedouin", "Bedouin", "BiakaPygmy", "BiakaPygmy", "BiakaPygmy", "BiakaPygmy", "Burusho", "Burusho", "Burusho", "Burusho", "Burusho", "Burusho", "Cambodian", "Cambodian", "Cambodian", "Cambodian", "Colombian", "Colombian", "Colombian", "Daur", "Daur", "Daur", "Daur", "Druze", "Druze", "Druze", "Druze", "Druze", "Kalash", "Kalash", "Lahu", "Lahu", "Mandenka", "Maya", "MbutiPygmy", "MbutiPygmy", "Melanesian", "Melanesian", "Melanesian", "Mongola", "Mozabite", "Mozabite", "Papuan", "Pima", "Uygur", "Uygur", "Yakut"],
  "targets": ["Balochi", "Kalash", "Mozabite", "Russian", "Uygur", "Burusho", "Cambodian", "Druze", "BiakaPygmy", "Mandenka", "MbutiPygmy", "Yoruba", "Mandenka", "San", "Yoruba", "Kalash", "Palestinian", "Russian", "Druze", "Mozabite", "Palestinian", "Mandenka", "MbutiPygmy", "San", "Yoruba", "Druze", "Lahu", "Papuan", "Uygur", "Yakut", "Yi", "Melanesian", "Mongola", "Uygur", "Yi", "Maya", "Papuan", "Pima", "Lahu", "Mongola", "Yakut", "Yi", "Kalash", "Palestinian", "Pima", "Russian", "Yakut", "Melanesian", "Palestinian", "Melanesian", "Russian", "Yoruba", "Pima", "Papuan", "San", "Papuan", "Pima", "Yi", "Yakut", "Palestinian", "Papuan", "Yakut", "Yi", "Yakut", "Yi", "Yi"],
  "weights": [2.2029, 2.7427, 2.8844, 2.5284, 2.9563, 2.9829, 2.9803, 2.4122, 3.2845, 3.1377, 4.1068, 2.9694, 3.6072, 4.8912, 3.4934, 2.8708, 2.2098, 2.1852, 2.3272, 2.1918, 1.7357, 3.4599, 3.5019, 4.2905, 3.4292, 3.2039, 3.3588, 3.2328, 2.4789, 3.429, 2.7346, 2.9914, 3.2483, 3.4881, 3.0207, 3.9572, 6.0248, 4.718, 3.6489, 3.1995, 3.4282, 3.1782, 3.0261, 2.0837, 6.5861, 2.4475, 4.8203, 3.7419, 2.6124, 3.9818, 4.2315, 2.0872, 2.5159, 6.3398, 3.8467, 3.7826, 4.7688, 3.6049, 3.2036, 2.3867, 4.1804, 4.3091, 4.376, 3.2542, 2.4537, 3.2134],
  "loci": ["rs4953274", "rs4953276", "rs1947195", "rs4953277", "rs935653", "rs3911797", "rs10189339", "rs4952787", "rs11125038", "rs11125039", "rs1966813", "rs7585985", "rs2122110", "rs4245804", "rs2345177", "rs2881068", "rs13400225", "rs11125041", "rs872288", "rs4953288", "rs10187908", "rs1375341", "rs1868388", "rs747032", "rs6720958", "rs13036100", "rs12999695", "rs10206343", "rs7578578", "rs2595191", "rs2711292", "rs2029087", "rs2711299", "rs2711295", "rs13023787", "rs11903566", "rs6751349", "rs12471357", "rs1463162", "rs2595199"]
}
