{
  "id": "EdgeSet0386",
  "sources": ["Adygei", "Adygei", "Adygei", "Adygei", "Adygei", "Adygei", "Balochi", "Balochi", "Balochi", "Balochi", "Balochi", "BantuKenya", "BantuKenya", "BantuKenya", "BantuKenya", "BantuSouthAfrica", "BantuSouthAfrica", "BantuSouthAfrica", "BantuSouthAfrica", "Basque", "Basque", "Basque", "Basque", "Bedouin", "Bedouin", "Bedouin", "Bedouin", "BiakaPygmy", "BiakaPygmy", "BiakaPygmy", "BiakaPygmy", "Burusho", "Burusho", "Burusho", "Burusho", "Burusho", "Burusho", "Burusho", "Cambodian", "Cambodian", "Cambodian", "Cambodian", "Cambodian", "Cambodian", "Colombian", "Colombian", "Colombian", "Colombian", "Daur", "Daur", "Daur", "Daur", "Daur", "Druze", "Druze", "Druze", "Kalash", "Kalash", "Kalash", "Lahu", "Lahu", "Mandenka", "Maya", "Maya", "Maya", "MbutiPygmy", "Melanesian", "Melanesian", "Melanesian", "Mongola", "Mongola", "Mozabite", "Papuan", "San", "Yakut"],
  "targets": ["Balochi", "Bedouin", "Daur", "Druze", "MbutiPygmy", "Uygur", "Basque", "Druze", "Melanesian", "Palestinian", "Russian", "BantuSouthAfrica", "BiakaPygmy", "MbutiPygmy", "Yoruba", "Daur", "Mandenka", "San", "Yoruba", "Mozabite", "Palestinian", "Russian", "San", "Druze", "Kalash", "Palestinian", "Russian", "Mandenka", "MbutiPygmy", "San", "Yoruba", "Kalash", "Lahu", "Maya", "Mozabite", "Palestinian", "Uygur", "Yakut", "Colombian", "Daur", "Mongola", "Pima", "Uygur", "Yakut", "Maya", "Mongola", "Mozabite", "Yakut", "Lahu", "Mongola", "Papuan", "Uygur", "Yakut", "Mozabite", "Palestinian", "Russian", "Palestinian", "San", "Uygur", "Mozabite", "Yi", "Yoruba", "Mozabite", "Papuan", "Pima", "San", "Mozabite", "Papuan", "Pima", "Yakut", "Yi", "Papuan", "Russian", "Yoruba", "Yi"],
  "weights": [3.0403, 2.1615, 3.2483, 2.3732, 4.6026, 2.9944, 2.984, 2.6604, 4.6724, 2.4551, 2.7422, 5.5031, 4.8055, 4.8542, 4.2286, 4.9421, 3.4591, 7.2729, 3.6568, 2.9462, 2.8069, 2.8016, 8.0554, 1.9071, 2.5611, 2.3323, 2.3707, 3.8888, 5.3163, 7.26, 3.4661, 2.6564, 3.9565, 4.4494, 2.6039, 2.9933, 2.8549, 4.6335, 3.0977, 2.6399, 2.2653, 4.5572, 2.2441, 1.882, 2.9239, 2.7671, 3.3741, 3.8958, 3.4621, 3.6736, 3.2328, 2.6531, 2.627, 2.2348, 2.3681, 2.2781, 2.8081, 7.431, 3.0842, 3.9236, 2.7329, 2.6702, 3.8335, 3.8578, 2.9061, 7.9962, 4.9382, 3.5799, 3.0107, 2.3828, 2.074, 4.1542, 2.8251, 6.2769, 2.311],
  "loci": ["rs12621276", "rs3845782", "rs13398187", "rs17020183", "rs10188586", "rs4233920", "rs3770768", "rs4670185", "rs11690823", "rs4648202", "rs4648186", "rs12712526", "rs3845785", "rs4374352", "rs6544062", "rs6724820", "rs2540975", "rs2430491", "rs2239650", "rs10209937", "rs10206380", "rs2098386", "rs12622740", "rs2041840", "rs2041837", "rs1056021", "rs2300892", "rs3770764", "rs2300888", "rs10460527", "rs3821144", "rs3819892", "rs10178975", "rs4629138", "rs11124576", "rs2300880", "rs17020529", "rs6544066", "rs11896614", "rs6734118"]
}
