{
  "id": "EdgeSet0850",
  "sources": ["Adygei", "Adygei", "Balochi", "Balochi", "Balochi", "Balochi", "Balochi", "Balochi", "Balochi", "Balochi", "Balochi", "BantuKenya", "BantuKenya", "BantuKenya", "BantuKenya", "BantuSouthAfrica", "BantuSouthAfrica", "BantuSouthAfrica", "BantuSouthAfrica", "Basque", "Basque", "Basque", "Basque", "Basque", "Bedouin", "Bedouin", "BiakaPygmy", "BiakaPygmy", "BiakaPygmy", "BiakaPygmy", "Burusho", "Burusho", "Burusho", "Burusho", "Burusho", "Burusho", "Cambodian", "Cambodian", "Cambodian", "Colombian", "Colombian", "Colombian", "Colombian", "Daur", "Daur", "Daur", "Daur", "Daur", "Druze", "Druze", "Druze", "Druze", "Druze", "Druze", "Kalash", "Kalash", "Lahu", "Lahu", "Lahu", "Lahu", "Mandenka", "Mandenka", "Maya", "Maya", "MbutiPygmy", "MbutiPygmy", "Melanesian", "Melanesian", "Melanesian", "Melanesian", "Melanesian", "Mongola", "Mongola", "Mozabite", "Mozabite", "Palestinian", "Palestinian", "Papuan", "Papuan", "Papuan", "Pima", "Russian", "Yakut"],
  "targets": ["Basque", "Druze", "Bedouin", "Cambodian", "Druze", "Kalash", "Lahu", "Melanesian", "Mongola", "Mozabite", "Uygur", "BantuSouthAfrica", "BiakaPygmy", "Mandenka", "San", "BiakaPygmy", "Mandenka", "Mongola", "Mozabite", "Colombian", "Daur", "Kalash", "Maya", "Russian", "Mozabite", "Yi", "Mandenka", "MbutiPygmy", "San", "Yoruba", "Cambodian", "Daur", "Druze", "Mozabite", "Papuan", "Uygur", "Daur", "Druze", "Lahu", "Kalash", "Maya", "Papuan", "Pima", "Kalash", "Lahu", "Pima", "Uygur", "Yi", "Maya", "Melanesian", "Palestinian", "Papuan", "Pima", "Russian", "Maya", "Melanesian", "Mandenka", "Mozabite", "Uygur", "Yi", "MbutiPygmy", "Yoruba", "Pima", "Russian", "San", "Yoruba", "Mongola", "Mozabite", "Papuan", "Uygur", "Yakut", "Yakut", "Yi", "Palestinian", "Papuan", "Pima", "Russian", "Pima", "Russian", "Uygur", "Russian", "Uygur", "Yi"],
  "weights": [2.114, 2.1417, 1.7599, 2.549, 2.2043, 2.2296, 4.3382, 2.8348, 2.8857, 2.3757, 1.9535, 3.9642, 3.8369, 3.0365, 9.1558, 5.1636, 4.2641, 4.6946, 4.4589, 3.0383, 3.5626, 2.4216, 3.1675, 2.4923, 2.1205, 2.4308, 4.4329, 5.999, 8.991, 4.1503, 3.8116, 3.0036, 2.8092, 3.1382, 3.9125, 2.6418, 2.6587, 2.9564, 3.3706, 3.2363, 1.9392, 3.6425, 2.5723, 2.2686, 3.1007, 2.914, 2.3039, 2.0176, 2.2778, 3.6402, 2.1074, 4.1649, 1.9901, 1.8231, 2.6565, 2.4811, 5.7911, 3.8172, 4.0825, 3.2468, 5.521, 3.7643, 2.2997, 1.7711, 8.795, 5.2524, 2.6695, 3.6452, 3.0211, 2.4531, 2.9238, 2.1646, 2.0901, 2.5575, 4.448, 2.2441, 1.9227, 3.7738, 3.8505, 2.9881, 2.0861, 2.0079, 2.3976],
  "loci": ["rs11126785", "rs11678886", "rs2131255", "rs1492549", "rs6732417", "rs17019859", "rs1466693", "rs923750", "rs1492554", "rs1492552", "rs4302235", "rs7598737", "rs4389353", "rs10496246", "rs13419182", "rs6734598", "rs6547341", "rs2862431", "rs3979242", "rs7580584", "rs7597163", "rs12476834", "rs6712750", "rs6754474", "rs1870114", "rs7577855", "rs984903", "rs6717876", "rs1457340", "rs1457341", "rs6738160", "rs2198935", "rs921963", "rs6547354", "rs12619674", "rs7589480", "rs7557987", "rs4349373", "rs12617125", "rs10173666"]
}
