{
  "id": "EdgeSet0569",
  "sources": ["Adygei", "Adygei", "Adygei", "Adygei", "Adygei", "Adygei", "Balochi", "Balochi", "Balochi", "Balochi", "Balochi", "Balochi", "BantuKenya", "BantuKenya", "BantuKenya", "BantuKenya", "BantuKenya", "BantuKenya", "BantuSouthAfrica", "BantuSouthAfrica", "BantuSouthAfrica", "BantuSouthAfrica", "Basque", "Basque", "Basque", "Bedouin", "Bedouin", "Bedouin", "BiakaPygmy", "BiakaPygmy", "BiakaPygmy", "BiakaPygmy", "Burusho", "Burusho", "Burusho", "Burusho", "Burusho", "Burusho", "Cambodian", "Cambodian", "Cambodian", "Cambodian", "Colombian", "Colombian", "Colombian", "Daur", "Daur", "Daur", "Druze", "Druze", "Druze", "Druze", "Lahu", "Lahu", "Lahu", "Lahu", "Lahu", "Mandenka", "Mandenka", "Maya", "Maya", "MbutiPygmy", "MbutiPygmy", "Melanesian", "Melanesian", "Mongola", "Mongola", "Mongola", "Palestinian", "Palestinian", "Papuan", "Papuan", "San"],
  "targets": ["Burusho", "Kalash", "Mandenka", "Maya", "Palestinian", "Russian", "Basque", "Kalash", "Melanesian", "Mozabite", "Palestinian", "Russian", "BantuSouthAfrica", "BiakaPygmy", "Mandenka", "Melanesian", "Mozabite", "Yoruba", "Mandenka", "MbutiPygmy", "San", "Yoruba", "Burusho", "Kalash", "Russian", "Druze", "Kalash", "Mozabite", "Daur", "Lahu", "Mandenka", "Yoruba", "Daur", "Kalash", "Melanesian", "Mongola", "Uygur", "Yi", "Colombian", "Druze", "Mongola", "Yakut", "Maya", "Pima", "Yakut", "Mongola", "Papuan", "Yi", "Kalash", "Mozabite", "Palestinian", "Yi", "Mongola", "Russian", "Yakut", "Yi", "Yoruba", "Mozabite", "Yoruba", "Pima", "Russian", "San", "Uygur", "Palestinian", "Papuan", "Pima", "Yakut", "Yi", "Uygur", "Yi", "Russian", "Uygur", "Yoruba"],
  "weights": [2.1803, 2.8077, 4.6132, 3.5356, 1.9588, 2.8226, 2.2022, 2.6201, 3.7885, 2.8413, 2.306, 2.3017, 4.004, 4.6232, 3.1588, 5.0892, 3.8759, 2.9513, 3.5, 4.6372, 3.5018, 3.323, 1.8306, 2.5308, 2.7101, 2.0254, 3.0027, 2.5482, 6.2735, 6.8318, 4.1062, 3.8943, 2.7576, 2.1365, 3.9175, 4.0458, 2.078, 2.3687, 3.4956, 3.5605, 3.3328, 3.116, 1.463, 2.5416, 3.6883, 3.6385, 3.0092, 2.4033, 2.676, 2.4551, 1.5993, 2.292, 4.9147, 4.6321, 5.0511, 4.4069, 5.4202, 3.6718, 2.564, 2.9453, 3.7144, 5.3951, 5.2166, 4.7209, 4.0632, 4.8094, 3.531, 2.99, 2.1612, 2.0132, 3.3692, 2.963, 4.5917],
  "loci": ["rs1021176", "rs17043120", "rs1384909", "rs6755042", "rs6758629", "rs7596912", "rs952822", "rs6545295", "rs871696", "rs4672216", "rs900663", "rs7601345", "rs350752", "rs10178513", "rs350769", "rs6545298", "rs1377953", "rs6706653", "rs17043190", "rs1563200", "rs1454398", "rs12473020", "rs4672476", "rs12053524", "rs350792", "rs350793", "rs7594978", "rs1454382", "rs12613185", "rs2062273", "rs1384910", "rs7604332", "rs350784", "rs2356473", "rs755671", "rs13404712", "rs10194669", "rs2626385", "rs10177814", "rs1483867"]
}
