{
  "id": "EdgeSet0627",
  "sources": ["Adygei", "Adygei", "Adygei", "Adygei", "Adygei", "Balochi", "Balochi", "Balochi", "Balochi", "Balochi", "Balochi", "Balochi", "BantuKenya", "BantuKenya", "BantuKenya", "BantuKenya", "BantuKenya", "BantuSouthAfrica", "BantuSouthAfrica", "BantuSouthAfrica", "BantuSouthAfrica", "Basque", "Basque", "Basque", "Basque", "Basque", "Bedouin", "Bedouin", "Bedouin", "Bedouin", "BiakaPygmy", "BiakaPygmy", "BiakaPygmy", "BiakaPygmy", "Burusho", "Burusho", "Burusho", "Burusho", "Cambodian", "Cambodian", "Cambodian", "Cambodian", "Cambodian", "Colombian", "Colombian", "Colombian", "Daur", "Daur", "Daur", "Daur", "Daur", "Druze", "Druze", "Druze", "Kalash", "Lahu", "Lahu", "Lahu", "Lahu", "Lahu", "Mandenka", "Mandenka", "Mandenka", "Maya", "MbutiPygmy", "MbutiPygmy", "Melanesian", "Mongola", "Mongola", "Mozabite", "Mozabite", "Papuan", "Papuan", "Papuan", "Papuan", "Pima", "Uygur", "Yakut"],
  "targets": ["Basque", "Burusho", "Palestinian", "Russian", "Uygur", "Burusho", "Cambodian", "Druze", "Kalash", "Maya", "Melanesian", "Russian", "BiakaPygmy", "Burusho", "Mandenka", "MbutiPygmy", "Yoruba", "Mandenka", "MbutiPygmy", "Papuan", "San", "Kalash", "Mongola", "Palestinian", "Russian", "Uygur", "Druze", "Lahu", "Palestinian", "Yakut", "Mandenka", "MbutiPygmy", "San", "Yoruba", "Cambodian", "Daur", "Palestinian", "Russian", "Daur", "Kalash", "Lahu", "Melanesian", "Russian", "Maya", "Palestinian", "Yakut", "Kalash", "Melanesian", "Mongola", "Yakut", "Yi", "Mozabite", "Palestinian", "Russian", "Melanesian", "Melanesian", "Mongola", "Pima", "Uygur", "Yi", "Mozabite", "San", "Yoruba", "Pima", "San", "Yoruba", "Papuan", "Uygur", "Yi", "Russian", "Yoruba", "Pima", "Russian", "Yakut", "Yi", "San", "Yi", "Yi"],
  "weights": [2.9971, 3.3243, 2.2949, 2.817, 2.4384, 2.7507, 3.5202, 2.6258, 2.763, 4.1448, 3.3746, 2.4505, 4.1478, 5.0213, 2.871, 3.2909, 3.0819, 4.0434, 4.2891, 5.5367, 5.5605, 2.7828, 4.1871, 2.458, 2.7046, 2.7576, 1.698, 3.079, 1.6216, 3.8248, 3.7345, 3.678, 6.3863, 4.0555, 3.3719, 3.7302, 2.6566, 2.615, 3.0039, 2.3862, 2.8943, 2.7278, 2.7986, 2.3354, 3.9292, 3.812, 3.2631, 4.4167, 3.3135, 3.3368, 2.8686, 2.3116, 1.9477, 2.2245, 2.7494, 3.0248, 3.6797, 4.8957, 3.0107, 2.5017, 4.2731, 5.5143, 3.2928, 5.2083, 5.4884, 3.4383, 2.6815, 3.572, 3.3498, 2.4398, 3.3845, 5.2541, 4.4491, 3.2146, 2.7136, 8.502, 2.6707, 2.0958],
  "loci": ["rs6714952", "rs848293", "rs17049378", "rs17614198", "rs848291", "rs10445895", "rs11903456", "rs7558066", "rs848282", "rs848279", "rs17049403", "rs1404460", "rs3771220", "rs2192689", "rs13411119", "rs6753170", "rs10170257", "rs11894186", "rs7593369", "rs9973912", "rs6739403", "rs10490251", "rs6706369", "rs7355437", "rs2215960", "rs11125748", "rs12713380", "rs13399274", "rs12470245", "rs1990583", "rs6761469", "rs10490248", "rs7588962", "rs17049491", "rs4399710", "rs12713384", "rs13411318", "rs12613228", "rs17049502", "rs980481"]
}
