{
  "id": "EdgeSet0186",
  "sources": ["Adygei", "Adygei", "Adygei", "Adygei", "Adygei", "Balochi", "Balochi", "Balochi", "Balochi", "Balochi", "Balochi", "BantuKenya", "BantuKenya", "BantuKenya", "BantuKenya", "BantuKenya", "BantuKenya", "BantuSouthAfrica", "BantuSouthAfrica", "BantuSouthAfrica", "BantuSouthAfrica", "BantuSouthAfrica", "Basque", "Basque", "Basque", "Basque", "Bedouin", "Bedouin", "Bedouin", "Bedouin", "BiakaPygmy", "BiakaPygmy", "Burusho", "Burusho", "Burusho", "Cambodian", "Cambodian", "Cambodian", "Cambodian", "Cambodian", "Colombian", "Colombian", "Colombian", "Colombian", "Colombian", "Daur", "Daur", "Daur", "Druze", "Druze", "Druze", "Kalash", "Kalash", "Lahu", "Lahu", "Lahu", "Lahu", "Mandenka", "Mandenka", "Maya", "Maya", "MbutiPygmy", "MbutiPygmy", "Melanesian", "Melanesian", "Melanesian", "Mongola", "Mongola", "Mongola", "Mozabite", "Papuan", "Papuan", "Russian", "Yakut"],
  "targets": ["Balochi", "Bedouin", "Burusho", "Palestinian", "Pima", "Basque", "Bedouin", "Druze", "Kalash", "Mozabite", "Papuan", "BantuSouthAfrica", "BiakaPygmy", "Mandenka", "Mozabite", "San", "Yoruba", "BiakaPygmy", "Mandenka", "MbutiPygmy", "San", "Yoruba", "Bedouin", "Burusho", "Palestinian", "Russian", "Druze", "Mozabite", "Palestinian", "Russian", "Mandenka", "Yoruba", "Kalash", "Papuan", "Pima", "Lahu", "Maya", "Melanesian", "Mongola", "Uygur", "Maya", "Mongola", "Pima", "San", "Yi", "Lahu", "Yakut", "Yi", "Kalash", "Mozabite", "Palestinian", "Papuan", "Russian", "Melanesian", "Mongola", "Yakut", "Yi", "MbutiPygmy", "Yoruba", "Pima", "Uygur", "San", "Yoruba", "Mongola", "Papuan", "Uygur", "Uygur", "Yakut", "Yi", "Palestinian", "Uygur", "Yakut", "Uygur", "Yi"],
  "weights": [2.0438, 1.7576, 2.9193, 1.9513, 4.2521, 2.1095, 1.7246, 1.725, 2.4915, 2.7629, 3.3519, 3.9384, 4.2451, 3.4459, 4.5691, 8.86, 3.2677, 4.9051, 3.8533, 6.0019, 8.9102, 3.5136, 2.0938, 3.3849, 2.3447, 2.6706, 1.2884, 1.795, 1.3104, 2.0015, 3.723, 4.2591, 3.3216, 3.435, 3.8043, 2.5736, 2.5247, 2.2837, 1.8992, 2.163, 2.6671, 2.082, 3.9345, 10.5394, 2.4409, 1.8391, 1.3574, 1.78, 2.3923, 1.8344, 1.5591, 3.1508, 2.8885, 1.4776, 2.0063, 2.588, 2.3095, 6.0352, 3.2647, 3.3513, 2.3226, 8.6905, 5.6789, 1.8099, 2.8295, 2.4121, 2.0589, 1.6197, 1.6653, 2.0335, 2.7479, 3.2987, 2.7215, 1.633],
  "loci": ["rs6721286", "rs12710756", "rs906492", "rs7340478", "rs10177601", "rs1546620", "rs11096718", "rs10495658", "rs13006099", "rs11687542", "rs17386061", "rs2342551", "rs2135974", "rs6718096", "rs6735553", "rs11684848", "rs12619554", "rs13412845", "rs1812211", "rs287294", "rs2063164", "rs11894241", "rs10495660", "rs11674840", "rs2030357", "rs885302", "rs287305", "rs7602077", "rs1983376", "rs6740500", "rs6531036", "rs17477667", "rs13383210", "rs6709439", "rs7585536", "rs13020891", "rs1519967", "rs7558682", "rs11900311", "rs1976809"]
}
