{
  "id": "EdgeSet0774",
  "sources": ["Adygei", "Adygei", "Adygei", "Adygei", "Adygei", "Adygei", "Balochi", "Balochi", "Balochi", "Balochi", "Balochi", "Balochi", "Balochi", "BantuKenya", "BantuKenya", "BantuKenya", "BantuKenya", "BantuKenya", "BantuSouthAfrica", "BantuSouthAfrica", "BantuSouthAfrica", "Basque", "Basque", "Basque", "Basque", "Bedouin", "Bedouin", "Bedouin", "Bedouin", "BiakaPygmy", "BiakaPygmy", "BiakaPygmy", "BiakaPygmy", "Burusho", "Burusho", "Burusho", "Burusho", "Burusho", "Cambodian", "Cambodian", "Cambodian", "Colombian", "Colombian", "Colombian", "Daur", "Daur", "Daur", "Daur", "Daur", "Daur", "Daur", "Druze", "Kalash", "Kalash", "Kalash", "Lahu", "Lahu", "Lahu", "Lahu", "Lahu", "Mandenka", "Mandenka", "Maya", "Maya", "Maya", "MbutiPygmy", "MbutiPygmy", "Melanesian", "Melanesian", "Melanesian", "Mongola", "Mongola", "Mongola", "Mozabite", "Mozabite", "Mozabite", "Papuan", "Papuan", "Pima", "Pima"],
  "targets": ["Balochi", "Bedouin", "Druze", "Palestinian", "Uygur", "Yi", "Basque", "Bedouin", "Cambodian", "Kalash", "Mozabite", "Palestinian", "Yi", "BantuSouthAfrica", "BiakaPygmy", "Mandenka", "Pima", "Yoruba", "BiakaPygmy", "San", "Yoruba", "Burusho", "Druze", "Kalash", "Russian", "Druze", "Mozabite", "Palestinian", "Yakut", "Cambodian", "MbutiPygmy", "San", "Yoruba", "Kalash", "Maya", "Mongola", "Palestinian", "Uygur", "Daur", "Lahu", "Uygur", "Maya", "Pima", "Uygur", "Maya", "Melanesian", "Mongola", "Pima", "Uygur", "Yakut", "Yi", "Palestinian", "Palestinian", "Papuan", "Yi", "Maya", "MbutiPygmy", "Melanesian", "Uygur", "Yi", "MbutiPygmy", "Yoruba", "MbutiPygmy", "Melanesian", "Papuan", "San", "Yoruba", "Papuan", "San", "Yi", "Palestinian", "Papuan", "Yi", "Palestinian", "Russian", "Yakut", "Uygur", "Yakut", "Russian", "Yakut"],
  "weights": [2.1487, 1.7778, 2.0965, 1.656, 2.8116, 3.8272, 2.3155, 1.8128, 4.1016, 2.5265, 2.3113, 1.8404, 2.8926, 3.8801, 4.2839, 2.8823, 6.2791, 2.7759, 4.0669, 6.5663, 4.1161, 2.5302, 2.1885, 2.3946, 2.4021, 1.4892, 2.2003, 1.2576, 2.7457, 6.1313, 6.3442, 7.0102, 4.3337, 2.1422, 4.0009, 2.7825, 2.5711, 2.7738, 3.33, 3.7817, 2.9515, 1.9611, 4.3368, 3.7116, 5.2273, 3.5832, 2.9455, 3.8301, 2.9547, 2.7061, 2.9022, 1.7443, 2.517, 3.5264, 2.6926, 5.3017, 7.6694, 4.5541, 3.9636, 3.9459, 5.1575, 2.6335, 7.9264, 5.3191, 4.9499, 8.6531, 5.8171, 4.4486, 10.0317, 3.7927, 3.3195, 3.5491, 2.8285, 2.2673, 2.5992, 2.6462, 3.5957, 3.5502, 4.1826, 3.9231],
  "loci": ["rs3911279", "rs13405664", "rs6740974", "rs13013272", "rs6546923", "rs3980420", "rs624572", "rs682369", "rs581720", "rs642247", "rs596064", "rs687733", "rs842663", "rs17678088", "rs3771798", "rs603743", "rs3771790", "rs10496195", "rs680545", "rs3755454", "rs3771783", "rs3771781", "rs651071", "rs3771773", "rs1545523", "rs4853066", "rs17010467", "rs6732614", "rs13384240", "rs1869340", "rs3771763", "rs1872837", "rs2306805", "rs2306806", "rs923273", "rs2171385", "rs17010504", "rs10496196", "rs10496197", "rs10865404"]
}
