{
  "id": "EdgeSet0354",
  "sources": ["Adygei", "Adygei", "Adygei", "Adygei", "Adygei", "Balochi", "Balochi", "Balochi", "Balochi", "BantuKenya", "BantuKenya", "BantuKenya", "BantuKenya", "BantuSouthAfrica", "BantuSouthAfrica", "BantuSouthAfrica", "BantuSouthAfrica", "Basque", "Basque", "Basque", "Basque", "Bedouin", "Bedouin", "Bedouin", "Bedouin", "BiakaPygmy", "BiakaPygmy", "BiakaPygmy", "Burusho", "Burusho", "Burusho", "Burusho", "Burusho", "Burusho", "Burusho", "Cambodian", "Cambodian", "Colombian", "Colombian", "Colombian", "Colombian", "Daur", "Daur", "Daur", "Daur", "Druze", "Druze", "Druze", "Kalash", "Kalash", "Kalash", "Kalash", "Kalash", "Lahu", "Lahu", "Lahu", "Lahu", "Mandenka", "Maya", "Maya", "Maya", "MbutiPygmy", "Melanesian", "Melanesian", "Mongola", "Mongola", "Mozabite", "Mozabite", "Mozabite", "Mozabite", "Pima", "Pima", "Yakut"],
  "targets": ["Basque", "Kalash", "Palestinian", "Russian", "Yi", "Bedouin", "Palestinian", "Yakut", "Yi", "Bedouin", "BiakaPygmy", "Mandenka", "Yoruba", "BiakaPygmy", "Mandenka", "MbutiPygmy", "Yoruba", "Colombian", "Druze", "Papuan", "Uygur", "Druze", "Kalash", "Mozabite", "Palestinian", "MbutiPygmy", "San", "Yoruba", "Cambodian", "Druze", "Kalash", "Maya", "Melanesian", "Mongola", "Uygur", "Lahu", "Mongola", "Maya", "Papuan", "Pima", "Yi", "Maya", "Uygur", "Yakut", "Yi", "Pima", "Russian", "Uygur", "Mongola", "Palestinian", "Russian", "San", "Yi", "MbutiPygmy", "Uygur", "Yakut", "Yi", "Yoruba", "Pima", "Russian", "Yakut", "San", "Papuan", "Uygur", "Uygur", "Yakut", "Palestinian", "Russian", "San", "Yoruba", "Uygur", "Yakut", "Yi"],
  "weights": [2.3152, 2.9545, 2.2675, 2.1084, 3.9114, 1.9889, 2.3353, 3.7944, 4.5347, 4.2296, 3.3873, 3.8189, 3.2473, 4.0448, 4.747, 6.0608, 4.5897, 3.6471, 2.3335, 4.0807, 2.6779, 2.2263, 2.9374, 1.994, 1.6603, 6.2063, 4.7771, 3.5909, 2.9689, 2.9567, 3.5865, 3.2989, 4.686, 2.8481, 2.8219, 3.5363, 2.6898, 2.7233, 4.4367, 3.0446, 4.7182, 2.6191, 1.884, 2.4042, 2.5297, 2.8645, 2.0798, 3.3653, 4.4654, 2.8307, 3.3617, 6.6123, 5.0699, 9.0804, 3.9887, 4.5445, 4.4867, 2.5939, 2.3477, 3.6949, 2.9894, 7.3857, 2.9014, 3.3155, 2.3541, 2.5238, 2.2715, 3.016, 5.6915, 4.4005, 2.6614, 4.1041, 3.2811],
  "loci": ["rs13005071", "rs10204349", "rs12623550", "rs10495819", "rs1434126", "rs6731859", "rs1434127", "rs919933", "rs17339245", "rs1368932", "rs11894873", "rs11695414", "rs7592079", "rs1356765", "rs4283399", "rs1560881", "rs892458", "rs6712234", "rs7577900", "rs10495822", "rs2887973", "rs7583467", "rs10179790", "rs10495824", "rs11124380", "rs11891404", "rs1519918", "rs3845770", "rs7355314", "rs2371401", "rs1220222", "rs10165088", "rs1220211", "rs4670089", "rs10203553", "rs6717045", "rs7420776", "rs9917264", "rs2178046", "rs7575839"]
}
