{
  "id": "EdgeSet0607",
  "sources": ["Adygei", "Adygei", "Adygei", "Adygei", "Adygei", "Adygei", "Balochi", "Balochi", "Balochi", "Balochi", "Balochi", "Balochi", "Balochi", "BantuKenya", "BantuKenya", "BantuKenya", "BantuKenya", "BantuSouthAfrica", "BantuSouthAfrica", "BantuSouthAfrica", "Basque", "Basque", "Basque", "Basque", "Bedouin", "Bedouin", "Bedouin", "BiakaPygmy", "BiakaPygmy", "BiakaPygmy", "Burusho", "Burusho", "Cambodian", "Cambodian", "Cambodian", "Cambodian", "Cambodian", "Colombian", "Colombian", "Colombian", "Daur", "Daur", "Daur", "Daur", "Daur", "Daur", "Daur", "Daur", "Druze", "Druze", "Druze", "Kalash", "Lahu", "Lahu", "Lahu", "Mandenka", "Mandenka", "Mandenka", "Maya", "MbutiPygmy", "MbutiPygmy", "Melanesian", "Melanesian", "Melanesian", "Melanesian", "Mongola", "Mozabite", "Mozabite", "Mozabite", "Mozabite", "Palestinian", "Papuan", "Papuan", "Papuan", "Pima", "Russian", "San", "Uygur"],
  "targets": ["Druze", "Kalash", "Maya", "Pima", "Russian", "Yakut", "BantuKenya", "Basque", "Burusho", "Druze", "Kalash", "Papuan", "Uygur", "BantuSouthAfrica", "Mandenka", "Mozabite", "Yoruba", "BiakaPygmy", "Mandenka", "San", "Kalash", "Mozabite", "Papuan", "Yakut", "Druze", "Kalash", "Palestinian", "Mandenka", "MbutiPygmy", "Yoruba", "Colombian", "Kalash", "Lahu", "Melanesian", "Mongola", "Papuan", "Yi", "Maya", "MbutiPygmy", "Pima", "Druze", "Lahu", "Mongola", "Palestinian", "Russian", "Uygur", "Yakut", "Yi", "Lahu", "Palestinian", "Russian", "Pima", "Mongola", "Palestinian", "Yi", "Mongola", "Mozabite", "Yoruba", "Pima", "Papuan", "Yoruba", "Palestinian", "Papuan", "Pima", "Uygur", "Yi", "Palestinian", "Uygur", "Yi", "Yoruba", "Yi", "Pima", "San", "Yakut", "Yakut", "Uygur", "Yoruba", "Yakut"],
  "weights": [2.3943, 2.6237, 4.2443, 3.4082, 2.816, 2.608, 4.1887, 3.5313, 2.5042, 2.3951, 2.8066, 4.5125, 2.6353, 4.7963, 3.1819, 3.8012, 2.7862, 5.1741, 4.5781, 5.1285, 3.4412, 3.5377, 5.3856, 3.4541, 1.8944, 2.5275, 1.4022, 4.2964, 3.5685, 3.8566, 6.0705, 3.125, 2.6363, 3.1504, 2.563, 4.6622, 2.9584, 2.9291, 9.0698, 5.2162, 2.0051, 2.4043, 2.5104, 2.05, 2.9934, 2.3878, 2.288, 2.6759, 1.9344, 1.862, 3.8581, 3.9148, 2.1627, 2.5248, 2.3344, 5.6655, 3.936, 3.5301, 3.563, 6.9421, 3.7074, 2.6241, 4.8961, 3.7691, 3.2792, 1.988, 1.9866, 3.336, 3.1272, 3.6377, 3.47, 5.5409, 6.3935, 5.7553, 3.3202, 3.0444, 4.762, 2.7534],
  "loci": ["rs6545534", "rs7601814", "rs6545535", "rs13029542", "rs4672084", "rs4553860", "rs13398763", "rs11886020", "rs6743895", "rs13418952", "rs3850353", "rs7590475", "rs2868995", "rs891881", "rs7564258", "rs1432547", "rs973238", "rs3850354", "rs10166672", "rs1432567", "rs6545542", "rs2868993", "rs7585128", "rs6545543", "rs1036165", "rs12990534", "rs2099305", "rs11885285", "rs7568865", "rs1368245", "rs4672087", "rs2021796", "rs929689", "rs1811272", "rs2160706", "rs6751715", "rs10490394", "rs2216322", "rs2111469", "rs7609306"]
}
