{
  "id": "EdgeSet0308",
  "sources": ["Adygei", "Adygei", "Adygei", "Adygei", "Adygei", "Adygei", "Adygei", "Balochi", "Balochi", "Balochi", "Balochi", "Balochi", "Balochi", "BantuKenya", "BantuKenya", "BantuKenya", "BantuKenya", "BantuKenya", "BantuSouthAfrica", "BantuSouthAfrica", "BantuSouthAfrica", "BantuSouthAfrica", "Basque", "Basque", "Basque", "Basque", "Bedouin", "Bedouin", "Bedouin", "Bedouin", "Bedouin", "BiakaPygmy", "BiakaPygmy", "BiakaPygmy", "Burusho", "Cambodian", "Cambodian", "Cambodian", "Cambodian", "Colombian", "Colombian", "Colombian", "Daur", "Daur", "Daur", "Daur", "Daur", "Druze", "Kalash", "Kalash", "Kalash", "Lahu", "Lahu", "Lahu", "Mandenka", "Maya", "Maya", "Maya", "MbutiPygmy", "Melanesian", "Melanesian", "Mongola", "Mongola", "Mongola", "Mongola", "Mongola", "Mozabite", "Mozabite", "Mozabite", "Papuan", "San", "Uygur"],
  "targets": ["Balochi", "Bedouin", "Druze", "Maya", "Palestinian", "Papuan", "Russian", "Basque", "Bedouin", "Burusho", "Druze", "Kalash", "Mozabite", "BantuSouthAfrica", "BiakaPygmy", "Mandenka", "MbutiPygmy", "Yi", "BiakaPygmy", "Mandenka", "Yakut", "Yoruba", "Druze", "Kalash", "Mozabite", "Russian", "Druze", "Melanesian", "Mozabite", "Palestinian", "Yakut", "MbutiPygmy", "San", "Yoruba", "Russian", "Daur", "Lahu", "Russian", "Uygur", "Maya", "MbutiPygmy", "Pima", "Lahu", "Melanesian", "Mongola", "Uygur", "Yakut", "Mongola", "Lahu", "Palestinian", "Papuan", "Pima", "Uygur", "Yi", "Yoruba", "Melanesian", "Pima", "Uygur", "San", "Papuan", "Yi", "Palestinian", "Papuan", "Uygur", "Yakut", "Yi", "Palestinian", "Russian", "Yakut", "Yakut", "Yoruba", "Yi"],
  "weights": [1.9047, 1.9709, 1.8129, 4.1018, 1.8715, 3.7623, 2.173, 2.2957, 2.2741, 2.382, 1.9269, 3.1467, 2.8939, 3.7345, 3.4312, 4.0231, 6.9618, 4.7596, 3.9972, 4.5146, 4.5428, 4.61, 1.8752, 3.3961, 2.9141, 2.1637, 1.793, 2.8737, 2.3087, 1.7395, 2.6503, 5.8309, 6.2574, 4.3641, 2.382, 2.3813, 2.8876, 2.8578, 2.1619, 4.9069, 11.8321, 4.095, 3.1109, 2.0197, 1.8072, 1.818, 2.4422, 2.54, 4.8931, 3.3515, 4.4041, 5.618, 2.8505, 3.0718, 3.3265, 3.8689, 4.1411, 3.7504, 7.7498, 2.942, 3.1107, 2.7392, 3.1072, 2.2539, 1.9587, 2.8516, 2.4114, 2.634, 3.337, 3.3999, 7.2202, 2.4787],
  "loci": ["rs11679137", "rs7604484", "rs17322097", "rs13007792", "rs7569754", "rs12988733", "rs11127264", "rs17394102", "rs6733372", "rs12476050", "rs6708166", "rs6758245", "rs13014895", "rs4563275", "rs4434038", "rs6748302", "rs6752917", "rs7578949", "rs6742446", "rs6740257", "rs13004173", "rs6713301", "rs6744525", "rs12714305", "rs6756908", "rs6719566", "rs11885821", "rs7572690", "rs4637169", "rs7583194", "rs6725328", "rs1357851", "rs10495775", "rs829590", "rs11899606", "rs829608", "rs829605", "rs829602", "rs2076932", "rs12990925"]
}
