{
  "id": "EdgeSet0545",
  "sources": ["Adygei", "Adygei", "Adygei", "Adygei", "Adygei", "Adygei", "Adygei", "Balochi", "Balochi", "Balochi", "Balochi", "Balochi", "Balochi", "BantuKenya", "BantuKenya", "BantuKenya", "BantuKenya", "BantuKenya", "BantuSouthAfrica", "BantuSouthAfrica", "BantuSouthAfrica", "BantuSouthAfrica", "BantuSouthAfrica", "Basque", "Basque", "Basque", "Basque", "Basque", "Bedouin", "Bedouin", "Bedouin", "BiakaPygmy", "BiakaPygmy", "Burusho", "Burusho", "Cambodian", "Cambodian", "Cambodian", "Cambodian", "Colombian", "Colombian", "Colombian", "Colombian", "Daur", "Daur", "Daur", "Daur", "Daur", "Druze", "Druze", "Kalash", "Kalash", "Kalash", "Kalash", "Kalash", "Lahu", "Lahu", "Lahu", "Lahu", "Mandenka", "Maya", "Maya", "MbutiPygmy", "MbutiPygmy", "Melanesian", "Melanesian", "Mongola", "Mongola", "Mongola", "Mozabite", "Papuan", "Pima", "Uygur", "Uygur", "Yakut"],
  "targets": ["Balochi", "Basque", "Bedouin", "Druze", "Lahu", "Mongola", "Palestinian", "Burusho", "Cambodian", "Lahu", "Mozabite", "Palestinian", "Yakut", "BantuSouthAfrica", "BiakaPygmy", "MbutiPygmy", "Mozabite", "Yoruba", "BiakaPygmy", "Burusho", "Mozabite", "Yi", "Yoruba", "Burusho", "Druze", "Kalash", "Palestinian", "Russian", "Kalash", "Mongola", "Russian", "Mandenka", "San", "San", "Yi", "Colombian", "Daur", "Maya", "Pima", "Daur", "Maya", "MbutiPygmy", "Pima", "Lahu", "Mongola", "Pima", "Uygur", "Yakut", "Mozabite", "Russian", "Melanesian", "Mozabite", "Palestinian", "Papuan", "Russian", "Melanesian", "Mongola", "Uygur", "Yi", "Yoruba", "Papuan", "Pima", "Russian", "San", "Papuan", "Yakut", "Russian", "Yakut", "Yi", "Yakut", "San", "San", "Yakut", "Yi", "Yi"],
  "weights": [1.871, 1.9563, 2.0118, 2.1332, 3.8857, 2.779, 1.2683, 2.4129, 2.9057, 3.6469, 2.2997, 1.7081, 3.0093, 4.4532, 4.1256, 4.8084, 4.2416, 3.4502, 3.4937, 4.4988, 4.0433, 4.5815, 4.1761, 3.009, 2.3817, 2.7156, 1.8533, 2.6664, 2.5387, 3.578, 2.4641, 3.8969, 5.9722, 5.8982, 4.2516, 3.1556, 2.5984, 2.8129, 3.678, 3.0784, 2.8483, 5.2304, 3.5135, 3.6044, 2.924, 3.7916, 2.3767, 2.5093, 2.1889, 2.7168, 4.156, 2.51, 2.0848, 6.671, 2.5798, 4.1561, 3.6527, 3.2341, 3.848, 1.8093, 6.84, 2.5076, 6.0187, 7.1542, 4.4123, 3.8811, 3.1459, 2.6582, 3.251, 3.8851, 9.1356, 7.3506, 2.3749, 2.9337, 3.088],
  "loci": ["rs12713120", "rs858953", "rs1518551", "rs9752732", "rs719645", "rs991566", "rs858928", "rs858930", "rs4246580", "rs2194390", "rs1559474", "rs918808", "rs9309189", "rs9309190", "rs9752126", "rs12474639", "rs2081295", "rs17501068", "rs17560229", "rs1518548", "rs12618157", "rs9309192", "rs2113404", "rs1518553", "rs858940", "rs17040976", "rs17501747", "rs10184889", "rs10184594", "rs858937", "rs10202039", "rs858939", "rs9752624", "rs3901491", "rs17041014", "rs10445932", "rs9309195", "rs9309196", "rs9309197", "rs13014442"]
}
