{
  "id": "EdgeSet0590",
  "sources": ["Adygei", "Adygei", "Adygei", "Adygei", "Adygei", "Balochi", "Balochi", "Balochi", "Balochi", "BantuKenya", "BantuKenya", "BantuSouthAfrica", "BantuSouthAfrica", "BantuSouthAfrica", "BantuSouthAfrica", "BantuSouthAfrica", "Basque", "Basque", "Basque", "Basque", "Basque", "Bedouin", "Bedouin", "Bedouin", "BiakaPygmy", "BiakaPygmy", "BiakaPygmy", "BiakaPygmy", "Burusho", "Burusho", "Burusho", "Burusho", "Burusho", "Burusho", "Burusho", "Cambodian", "Cambodian", "Cambodian", "Cambodian", "Cambodian", "Cambodian", "Colombian", "Colombian", "Daur", "Daur", "Daur", "Daur", "Druze", "Druze", "Kalash", "Kalash", "Kalash", "Kalash", "Kalash", "Lahu", "Mandenka", "Mandenka", "Maya", "Maya", "Maya", "MbutiPygmy", "MbutiPygmy", "Melanesian", "Melanesian", "Mongola", "Mongola", "Mongola", "Mongola", "Mozabite", "Mozabite", "Palestinian", "Papuan", "Pima", "Pima", "Russian", "San"],
  "targets": ["Cambodian", "Daur", "Druze", "Kalash", "Melanesian", "Bedouin", "Druze", "Palestinian", "Russian", "Mandenka", "MbutiPygmy", "Bedouin", "MbutiPygmy", "Melanesian", "San", "Yoruba", "Bedouin", "Daur", "Palestinian", "Papuan", "Uygur", "Druze", "Mozabite", "Palestinian", "Mandenka", "MbutiPygmy", "Melanesian", "Pima", "Daur", "Maya", "Mozabite", "Papuan", "Russian", "Uygur", "Yakut", "Daur", "Lahu", "Papuan", "Russian", "Yakut", "Yi", "Maya", "Melanesian", "Lahu", "Mongola", "Yakut", "Yi", "Mozabite", "Palestinian", "Melanesian", "Mozabite", "Pima", "Russian", "San", "Yi", "MbutiPygmy", "Yoruba", "Papuan", "Pima", "Russian", "San", "Yoruba", "Papuan", "Pima", "Papuan", "Uygur", "Yakut", "Yi", "Papuan", "Yoruba", "Russian", "Uygur", "San", "Uygur", "Yakut", "Yoruba"],
  "weights": [2.6008, 2.6058, 2.0294, 2.5495, 4.1443, 1.8815, 1.5623, 1.6021, 2.501, 3.345, 3.7419, 4.8336, 5.2478, 6.5353, 6.3037, 4.4542, 2.2529, 4.0531, 2.305, 2.683, 2.8939, 1.7314, 2.9105, 1.8607, 3.5394, 4.2079, 6.588, 7.7947, 4.067, 3.7547, 3.9604, 2.9374, 2.7938, 2.7872, 2.764, 2.6589, 3.8234, 2.8623, 2.6107, 1.5018, 2.8183, 2.0804, 5.679, 3.3028, 3.1262, 2.5534, 2.7698, 3.0572, 1.6616, 4.492, 3.6834, 6.1598, 3.1538, 6.7133, 2.1526, 3.7365, 2.8828, 4.8106, 4.9181, 3.1116, 5.6685, 4.1489, 4.9577, 7.4153, 4.3458, 2.428, 2.6878, 3.4635, 3.9198, 3.5153, 2.6599, 3.3494, 9.1468, 5.7307, 2.4373, 5.7896],
  "loci": ["rs4671938", "rs6718276", "rs4129261", "rs6754429", "rs11892340", "rs11886904", "rs6545409", "rs4557020", "rs10496032", "rs6740698", "rs12990732", "rs3796022", "rs6710191", "rs4671952", "rs17343939", "rs6729826", "rs11898012", "rs4455199", "rs6734445", "rs4671961", "rs10181201", "rs4641979", "rs6545432", "rs6545433", "rs7584223", "rs6735962", "rs7608414", "rs6715538", "rs6545435", "rs3106204", "rs1510611", "rs2941584", "rs966003", "rs2971878", "rs907136", "rs2941589", "rs2931462", "rs2941591", "rs6717369", "rs7560775"]
}
