{
  "id": "EdgeSet0539",
  "sources": ["Adygei", "Adygei", "Adygei", "Adygei", "Adygei", "Adygei", "Adygei", "Balochi", "Balochi", "Balochi", "Balochi", "Balochi", "Balochi", "BantuKenya", "BantuKenya", "BantuKenya", "BantuKenya", "BantuSouthAfrica", "BantuSouthAfrica", "Basque", "Basque", "Basque", "Basque", "Basque", "Bedouin", "Bedouin", "Bedouin", "BiakaPygmy", "BiakaPygmy", "BiakaPygmy", "BiakaPygmy", "Burusho", "Burusho", "Burusho", "Burusho", "Cambodian", "Cambodian", "Cambodian", "Colombian", "Colombian", "Colombian", "Daur", "Daur", "Daur", "Daur", "Druze", "Druze", "Druze", "Kalash", "Kalash", "Lahu", "Lahu", "Lahu", "Lahu", "Lahu", "Mandenka", "Maya", "Maya", "MbutiPygmy", "MbutiPygmy", "MbutiPygmy", "Melanesian", "Melanesian", "Melanesian", "Mozabite", "Palestinian", "Palestinian", "Papuan", "Pima", "Russian", "Russian", "Uygur", "Yakut"],
  "targets": ["Bedouin", "Druze", "Kalash", "Melanesian", "Palestinian", "Uygur", "Yakut", "Bedouin", "Burusho", "Lahu", "Mozabite", "Palestinian", "Uygur", "BantuSouthAfrica", "Mandenka", "San", "Yoruba", "BiakaPygmy", "San", "Bedouin", "Burusho", "Druze", "Kalash", "Mozabite", "Druze", "Mozabite", "Palestinian", "Kalash", "Mandenka", "MbutiPygmy", "Yoruba", "Cambodian", "Melanesian", "Palestinian", "Russian", "Lahu", "Papuan", "Uygur", "Daur", "Maya", "Pima", "Mongola", "Papuan", "Yakut", "Yi", "Mozabite", "Russian", "Yakut", "Palestinian", "Papuan", "Mandenka", "Papuan", "Russian", "Yakut", "Yi", "Yoruba", "Pima", "San", "Papuan", "Pima", "San", "Papuan", "Russian", "Yi", "Russian", "Russian", "Yi", "San", "Yakut", "Uygur", "Yakut", "Yi", "Yi"],
  "weights": [1.9435, 2.0138, 3.1387, 2.7365, 1.5511, 2.5798, 4.4935, 2.262, 2.496, 3.4356, 2.0536, 2.2644, 2.7357, 3.7154, 3.421, 6.708, 2.7851, 3.9162, 6.1702, 1.8762, 2.5103, 1.7978, 3.2257, 2.0594, 1.8803, 1.9322, 1.9316, 5.6174, 4.5825, 4.4071, 3.6605, 3.1617, 2.5691, 2.1245, 2.3017, 3.2926, 5.6744, 2.8366, 4.5527, 2.6835, 3.1324, 2.3987, 5.6732, 3.7822, 2.7643, 1.846, 2.0777, 4.8413, 3.118, 7.0382, 5.8727, 5.8623, 4.3782, 5.6644, 3.5413, 3.5381, 3.0826, 8.7113, 9.9337, 8.6735, 7.7327, 5.4648, 2.3719, 2.2273, 2.101, 2.2323, 3.9563, 10.0045, 5.5342, 2.704, 3.9488, 2.5911, 3.534],
  "loci": ["rs1403654", "rs1377238", "rs6754445", "rs1476196", "rs17040117", "rs1452786", "rs539260", "rs10495982", "rs13001872", "rs17040210", "rs1915227", "rs10185952", "rs1402166", "rs1915222", "rs17508435", "rs1715983", "rs17040235", "rs17040241", "rs6724128", "rs1915220", "rs11897191", "rs601010", "rs1520528", "rs523003", "rs1715970", "rs13415902", "rs648046", "rs604159", "rs1517831", "rs1715997", "rs7605803", "rs1879340", "rs1104979", "rs10194978", "rs499598", "rs12464203", "rs7569775", "rs1915168", "rs10490230", "rs10490229"]
}
