{
  "id": "EdgeSet0974",
  "sources": ["Adygei", "Adygei", "Adygei", "Adygei", "Adygei", "Adygei", "Balochi", "Balochi", "Balochi", "Balochi", "BantuKenya", "BantuKenya", "BantuKenya", "BantuKenya", "BantuKenya", "BantuSouthAfrica", "BantuSouthAfrica", "BantuSouthAfrica", "BantuSouthAfrica", "BantuSouthAfrica", "Basque", "Basque", "Basque", "Basque", "Basque", "Basque", "Bedouin", "Bedouin", "Bedouin", "Bedouin", "BiakaPygmy", "BiakaPygmy", "BiakaPygmy", "BiakaPygmy", "Burusho", "Burusho", "Burusho", "Burusho", "Burusho", "Cambodian", "Cambodian", "Cambodian", "Cambodian", "Colombian", "Colombian", "Colombian", "Daur", "Daur", "Daur", "Daur", "Druze", "Druze", "Kalash", "Kalash", "Kalash", "Lahu", "Lahu", "Mandenka", "Mandenka", "Mandenka", "Maya", "MbutiPygmy", "Melanesian", "Melanesian", "Mongola", "Mongola", "Mozabite", "Palestinian", "Papuan", "Uygur", "Uygur", "Yakut"],
  "targets": ["Balochi", "Basque", "Bedouin", "Druze", "Kalash", "Russian", "Bedouin", "Burusho", "Kalash", "Palestinian", "Mandenka", "MbutiPygmy", "Mozabite", "San", "Yoruba", "BiakaPygmy", "Kalash", "Mandenka", "San", "Yoruba", "Bedouin", "Burusho", "Mongola", "Mozabite", "Russian", "Yakut", "Druze", "Mongola", "Mozabite", "Palestinian", "Mandenka", "MbutiPygmy", "Russian", "San", "Kalash", "Lahu", "Mongola", "San", "Uygur", "Lahu", "Melanesian", "Pima", "Yi", "Maya", "Pima", "San", "Kalash", "Melanesian", "Yakut", "Yi", "Palestinian", "San", "Melanesian", "Russian", "Yi", "Mongola", "Yakut", "MbutiPygmy", "Yi", "Yoruba", "Yakut", "San", "Papuan", "Pima", "Papuan", "Yi", "Yoruba", "Russian", "Pima", "Yakut", "Yi", "Yi"],
  "weights": [2.2547, 2.6713, 2.1739, 2.0035, 2.7505, 2.3388, 2.032, 3.3017, 2.8826, 2.0998, 3.5868, 4.9748, 4.5168, 7.2839, 3.2474, 3.627, 5.2652, 3.2249, 7.797, 3.5092, 2.5911, 3.6382, 3.2941, 2.9073, 2.7867, 3.7575, 2.0699, 3.0055, 2.4717, 2.0419, 2.7159, 3.6026, 4.2008, 6.5924, 3.2985, 4.4763, 4.5341, 8.3697, 3.3747, 3.0022, 3.5384, 4.7645, 2.4409, 2.9349, 6.3159, 9.0861, 3.4541, 3.9649, 3.0281, 2.7777, 1.6046, 7.6068, 4.4416, 3.1131, 3.1524, 3.2736, 3.3721, 3.9973, 4.6114, 1.8291, 4.1148, 6.7745, 3.5198, 3.7882, 3.6571, 2.1022, 3.4383, 1.7932, 4.835, 2.1648, 2.6328, 2.7803],
  "loci": ["rs1477514", "rs1477516", "rs11895604", "rs6736352", "rs2098836", "rs17721404", "rs10490696", "rs2889606", "rs17665024", "rs4851100", "rs10490697", "rs3926405", "rs1079039", "rs2567195", "rs17032053", "rs4851887", "rs4851101", "rs7605126", "rs7605392", "rs7609295", "rs11675026", "rs1111513", "rs6755684", "rs6726474", "rs6729693", "rs6742317", "rs6543356", "rs1109164", "rs3860448", "rs1669539", "rs1669536", "rs1669508", "rs1669492", "rs1647681", "rs1232799", "rs10490701", "rs10182846", "rs1647695", "rs17032192", "rs2377442"]
}
