{
  "id": "EdgeSet0457",
  "sources": ["Adygei", "Adygei", "Adygei", "Adygei", "Adygei", "Adygei", "Adygei", "Balochi", "Balochi", "Balochi", "Balochi", "Balochi", "BantuKenya", "BantuKenya", "BantuKenya", "BantuKenya", "BantuSouthAfrica", "BantuSouthAfrica", "BantuSouthAfrica", "BantuSouthAfrica", "BantuSouthAfrica", "Basque", "Basque", "Basque", "Bedouin", "Bedouin", "Bedouin", "Bedouin", "BiakaPygmy", "BiakaPygmy", "BiakaPygmy", "BiakaPygmy", "Burusho", "Burusho", "Burusho", "Burusho", "Cambodian", "Cambodian", "Cambodian", "Cambodian", "Cambodian", "Cambodian", "Colombian", "Colombian", "Colombian", "Daur", "Daur", "Daur", "Daur", "Druze", "Druze", "Druze", "Druze", "Kalash", "Lahu", "Lahu", "Lahu", "Lahu", "Mandenka", "Mandenka", "Maya", "Maya", "Maya", "MbutiPygmy", "Melanesian", "Mongola", "Mongola", "Mongola", "Mongola", "Papuan", "Papuan", "Papuan", "Pima", "Pima", "Russian", "Uygur", "Yakut"],
  "targets": ["Balochi", "Basque", "Druze", "Kalash", "Mozabite", "Russian", "Uygur", "Druze", "Kalash", "Palestinian", "Russian", "Uygur", "BiakaPygmy", "Mandenka", "Palestinian", "Yoruba", "Mandenka", "MbutiPygmy", "Mozabite", "San", "Yoruba", "Bedouin", "Burusho", "Druze", "Burusho", "Druze", "Mozabite", "Palestinian", "Cambodian", "MbutiPygmy", "Papuan", "San", "Daur", "Maya", "Palestinian", "Uygur", "Daur", "Lahu", "Melanesian", "Mongola", "Yakut", "Yi", "Daur", "Maya", "Pima", "Melanesian", "Mongola", "Pima", "Yi", "Kalash", "Mozabite", "Palestinian", "Russian", "Yi", "Melanesian", "Mongola", "Uygur", "Yakut", "MbutiPygmy", "Yoruba", "Melanesian", "Pima", "Russian", "San", "Papuan", "Papuan", "Uygur", "Yakut", "Yi", "Uygur", "Yakut", "Yi", "San", "Yi", "Uygur", "Yakut", "Yi"],
  "weights": [2.627, 2.8106, 2.3108, 2.9193, 2.5424, 2.7901, 4.3174, 2.2429, 2.4262, 2.3303, 2.4793, 3.1058, 4.1561, 3.7878, 4.116, 3.3226, 3.9872, 6.1467, 4.908, 8.1414, 3.2287, 2.6392, 3.1408, 2.0954, 3.7644, 1.7061, 1.731, 2.1314, 6.6915, 6.4411, 6.8264, 8.8428, 4.2945, 2.8272, 3.2291, 2.851, 2.4275, 2.8196, 3.5186, 2.6397, 2.6692, 2.8022, 3.2236, 1.6894, 2.1468, 3.3646, 2.1924, 3.3687, 2.1389, 2.229, 2.2426, 2.2714, 2.3446, 3.398, 3.9357, 2.3917, 2.2771, 2.3976, 6.22, 2.8212, 3.6773, 2.3624, 2.6807, 7.6681, 2.8471, 5.2065, 2.5684, 2.4378, 1.7551, 3.6697, 4.0275, 5.2711, 9.4832, 3.3425, 2.2871, 2.3858, 2.5292],
  "loci": ["rs4953033", "rs4953037", "rs12712900", "rs13401462", "rs17424646", "rs9309112", "rs4600713", "rs7594526", "rs11898901", "rs6741740", "rs10206724", "rs6723119", "rs12712902", "rs10865196", "rs6736282", "rs9653492", "rs11124960", "rs6705730", "rs4346434", "rs10084400", "rs4521095", "rs4641989", "rs11693923", "rs4131366", "rs4131367", "rs17031848", "rs7582693", "rs6724437", "rs4953045", "rs12615237", "rs7565864", "rs11124966", "rs9284745", "rs7570865", "rs10169761", "rs6728308", "rs7607908", "rs10166377", "rs11683295", "rs11683623"]
}
