{
  "id": "EdgeSet0685",
  "sources": ["Adygei", "Adygei", "Adygei", "Adygei", "Balochi", "Balochi", "Balochi", "Balochi", "Balochi", "Balochi", "Balochi", "BantuKenya", "BantuKenya", "BantuKenya", "BantuKenya", "BantuKenya", "BantuKenya", "BantuSouthAfrica", "BantuSouthAfrica", "BantuSouthAfrica", "BantuSouthAfrica", "BantuSouthAfrica", "Basque", "Basque", "Basque", "Basque", "Basque", "Basque", "Bedouin", "Bedouin", "Bedouin", "Bedouin", "BiakaPygmy", "BiakaPygmy", "BiakaPygmy", "Burusho", "Burusho", "Cambodian", "Cambodian", "Cambodian", "Cambodian", "Cambodian", "Cambodian", "Cambodian", "Cambodian", "Colombian", "Colombian", "Daur", "Daur", "Daur", "Daur", "Druze", "Druze", "Druze", "Kalash", "Kalash", "Kalash", "Lahu", "Lahu", "Mandenka", "Mandenka", "Mandenka", "Maya", "Maya", "MbutiPygmy", "MbutiPygmy", "Melanesian", "Melanesian", "Mongola", "Mongola", "Mongola", "Mozabite", "Mozabite", "Papuan", "Pima", "Uygur", "Uygur", "Yakut"],
  "targets": ["Bedouin", "Kalash", "Palestinian", "Russian", "Bedouin", "Colombian", "Druze", "Kalash", "Maya", "Palestinian", "Papuan", "BantuSouthAfrica", "BiakaPygmy", "Mandenka", "MbutiPygmy", "Palestinian", "Yoruba", "Bedouin", "BiakaPygmy", "MbutiPygmy", "San", "Yoruba", "Burusho", "Druze", "Kalash", "Palestinian", "Russian", "Uygur", "Druze", "Lahu", "Mozabite", "Palestinian", "Mandenka", "MbutiPygmy", "Yoruba", "Kalash", "Uygur", "Colombian", "Daur", "Kalash", "Lahu", "Mongola", "Papuan", "Pima", "Yakut", "Maya", "Pima", "Lahu", "Mongola", "Pima", "Yakut", "Lahu", "Mozabite", "Palestinian", "Lahu", "Melanesian", "Russian", "Papuan", "Yi", "MbutiPygmy", "San", "Yoruba", "Pima", "Yi", "Pima", "San", "Mozabite", "Papuan", "Papuan", "Uygur", "Yakut", "Papuan", "Yi", "San", "Yakut", "Yakut", "Yi", "Yi"],
  "weights": [2.2848, 2.3613, 2.3178, 2.4011, 2.399, 4.8192, 2.0202, 2.3545, 2.7331, 2.2229, 4.1342, 4.3236, 3.8403, 3.2314, 4.1679, 4.2715, 3.0942, 5.7882, 4.1212, 4.3684, 7.4701, 4.278, 3.6994, 2.6071, 2.7325, 2.8146, 2.5221, 3.1103, 1.897, 3.8016, 2.375, 2.3851, 3.6575, 4.3489, 2.9935, 3.2369, 2.6824, 4.1841, 4.1987, 2.737, 2.8598, 2.8411, 4.2213, 5.8365, 3.534, 3.6312, 3.4778, 3.8911, 2.7382, 4.9158, 2.5357, 4.2935, 2.4581, 1.9895, 3.3498, 3.8899, 2.6062, 4.6169, 3.7667, 4.5132, 7.1716, 2.2704, 3.9013, 4.6029, 7.2365, 7.6055, 4.6437, 4.6074, 4.5362, 2.6699, 2.5488, 5.4374, 4.208, 8.2043, 4.4932, 2.9043, 3.1733, 2.3966],
  "loci": ["rs1437466", "rs2860773", "rs1370394", "rs13032509", "rs17476501", "rs840966", "rs840967", "rs840969", "rs10519034", "rs840976", "rs2244259", "rs2244238", "rs10451656", "rs840943", "rs840947", "rs13393157", "rs17536001", "rs840952", "rs13432799", "rs10203913", "rs2917816", "rs840955", "rs840959", "rs6717262", "rs702927", "rs11126040", "rs702933", "rs17536306", "rs6546154", "rs702938", "rs702885", "rs6744773", "rs3911862", "rs702902", "rs9309375", "rs702919", "rs12614525", "rs1673448", "rs897876", "rs1673443"]
}
