{
  "id": "EdgeSet0884",
  "sources": ["Adygei", "Adygei", "Adygei", "Adygei", "Adygei", "Balochi", "Balochi", "Balochi", "Balochi", "Balochi", "Balochi", "BantuKenya", "BantuKenya", "BantuKenya", "BantuKenya", "BantuSouthAfrica", "BantuSouthAfrica", "Basque", "Basque", "Basque", "Basque", "Basque", "Bedouin", "Bedouin", "Bedouin", "BiakaPygmy", "BiakaPygmy", "BiakaPygmy", "BiakaPygmy", "Burusho", "Burusho", "Burusho", "Cambodian", "Cambodian", "Cambodian", "Cambodian", "Cambodian", "Cambodian", "Colombian", "Colombian", "Colombian", "Daur", "Daur", "Druze", "Druze", "Kalash", "Kalash", "Kalash", "Kalash", "Lahu", "Lahu", "Lahu", "Mandenka", "Maya", "MbutiPygmy", "MbutiPygmy", "Melanesian", "Melanesian", "Melanesian", "Mongola", "Mongola", "Mongola", "Mozabite", "Palestinian", "Palestinian", "Palestinian", "Pima", "San", "Uygur"],
  "targets": ["Balochi", "Bedouin", "Burusho", "Druze", "Palestinian", "Basque", "Bedouin", "Druze", "Kalash", "Papuan", "Pima", "BantuSouthAfrica", "BiakaPygmy", "MbutiPygmy", "Mozabite", "MbutiPygmy", "Yoruba", "Druze", "Kalash", "Mozabite", "Palestinian", "Uygur", "Druze", "Mozabite", "Russian", "Mandenka", "MbutiPygmy", "Papuan", "San", "Druze", "Lahu", "Mongola", "Lahu", "Mongola", "Russian", "Uygur", "Yakut", "Yi", "Maya", "Pima", "San", "Mongola", "Yakut", "Kalash", "Pima", "Mongola", "Palestinian", "Russian", "Yi", "San", "Yakut", "Yi", "Yoruba", "Pima", "San", "Yoruba", "Papuan", "Uygur", "Yi", "Russian", "San", "Yi", "Russian", "Pima", "Russian", "Uygur", "Yakut", "Yoruba", "Yakut"],
  "weights": [1.9166, 1.9079, 2.1057, 1.8485, 1.6005, 2.0286, 1.6591, 1.6842, 2.0235, 4.8188, 2.7031, 3.9535, 5.448, 5.1046, 3.9357, 5.1863, 3.1338, 1.9432, 2.1106, 2.3067, 2.0987, 2.9788, 1.5878, 2.1678, 3.0973, 4.7278, 6.155, 8.4207, 11.2621, 2.1808, 4.0026, 4.2703, 4.1406, 4.642, 5.3204, 3.323, 2.9737, 3.053, 2.2407, 2.8484, 11.8559, 4.6208, 1.3967, 1.7977, 3.1184, 5.2125, 1.6809, 3.2994, 4.983, 12.0325, 4.2714, 3.9039, 2.3808, 1.6274, 9.598, 5.0466, 4.6499, 3.978, 3.7822, 5.4048, 12.3347, 4.4425, 3.2312, 2.2909, 3.5399, 1.812, 2.2562, 9.5675, 2.4276],
  "loci": ["rs11691934", "rs11689401", "rs1370699", "rs735738", "rs893443", "rs1866242", "rs1561330", "rs1469981", "rs10173155", "rs3770090", "rs2289239", "rs10153790", "rs2288112", "rs311572", "rs311579", "rs929916", "rs12328100", "rs17584578", "rs2288118", "rs1991106", "rs10779967", "rs2303340", "rs1075622", "rs17618119", "rs2367202", "rs1424520", "rs1025104", "rs1019592", "rs2241434", "rs11395", "rs3731818", "rs1124686", "rs2288123", "rs12620810", "rs2367203", "rs3770064", "rs6749090", "rs965636", "rs10175330", "rs4832254"]
}
