{
  "id": "EdgeSet0391",
  "sources": ["Adygei", "Adygei", "Adygei", "Adygei", "Adygei", "Balochi", "Balochi", "Balochi", "Balochi", "Balochi", "Balochi", "Balochi", "BantuKenya", "BantuKenya", "BantuKenya", "BantuKenya", "BantuKenya", "BantuSouthAfrica", "BantuSouthAfrica", "BantuSouthAfrica", "BantuSouthAfrica", "Basque", "Basque", "Basque", "Basque", "Bedouin", "Bedouin", "Bedouin", "BiakaPygmy", "BiakaPygmy", "Burusho", "Burusho", "Burusho", "Cambodian", "Cambodian", "Cambodian", "Colombian", "Colombian", "Colombian", "Colombian", "Daur", "Daur", "Daur", "Daur", "Daur", "Druze", "Druze", "Druze", "Druze", "Kalash", "Kalash", "Kalash", "Lahu", "Lahu", "Lahu", "Lahu", "Lahu", "Mandenka", "MbutiPygmy", "Melanesian", "Melanesian", "Mongola", "Mongola", "Mozabite", "Uygur", "Yakut"],
  "targets": ["Basque", "Bedouin", "Kalash", "Mozabite", "Russian", "Bedouin", "Druze", "Kalash", "Maya", "Palestinian", "Russian", "Uygur", "BantuSouthAfrica", "BiakaPygmy", "Mandenka", "San", "Yoruba", "Mandenka", "San", "Yi", "Yoruba", "Burusho", "Druze", "Mozabite", "Russian", "Mozabite", "Palestinian", "Pima", "MbutiPygmy", "Yoruba", "Cambodian", "Papuan", "Yi", "Lahu", "Mongola", "Yakut", "Maya", "Mongola", "Papuan", "Yakut", "Lahu", "Melanesian", "Mongola", "Uygur", "Yakut", "Kalash", "Palestinian", "Pima", "Russian", "Pima", "Uygur", "Yoruba", "Maya", "Melanesian", "Pima", "Uygur", "Yi", "Yoruba", "San", "Papuan", "Pima", "Uygur", "Yakut", "Palestinian", "Yakut", "Yi"],
  "weights": [2.8836, 2.3277, 3.3987, 2.9481, 2.3108, 2.6456, 2.2707, 3.0818, 2.9957, 2.4185, 2.2227, 2.4334, 3.4688, 3.2901, 3.2721, 6.6167, 3.3926, 2.7171, 7.2672, 5.8457, 2.3935, 3.1041, 3.0499, 3.6753, 2.1554, 2.721, 2.1331, 3.7318, 3.3021, 3.4049, 4.207, 3.6205, 3.3141, 4.1229, 3.4489, 3.797, 1.6184, 2.7953, 4.5592, 3.166, 2.5692, 3.1966, 2.3429, 2.5008, 2.3688, 2.8466, 2.1401, 3.5978, 2.4631, 4.328, 3.1124, 5.6342, 3.2008, 3.4971, 4.3972, 3.6867, 3.1486, 2.0661, 5.7655, 3.5643, 4.0852, 2.2601, 1.8669, 2.8665, 2.5616, 2.1007],
  "loci": ["rs13430233", "rs2058403", "rs10170603", "rs17021120", "rs13409092", "rs6729121", "rs13401336", "rs727805", "rs1013292", "rs2373292", "rs2191841", "rs10207574", "rs12474331", "rs11692666", "rs4670757", "rs12615921", "rs10490280", "rs2072418", "rs2888542", "rs3845787", "rs10172526", "rs727765", "rs12471294", "rs11690886", "rs2041502", "rs13402930", "rs4670766", "rs4670767", "rs12616929", "rs12467084", "rs1035025", "rs1476873", "rs6725117", "rs6733157", "rs6748492", "rs10166291", "rs800634", "rs2079999", "rs10167624", "rs7590255"]
}
