{
  "id": "EdgeSet0011",
  "sources": ["Adygei", "Adygei", "Adygei", "Adygei", "Adygei", "Adygei", "Adygei", "Balochi", "Balochi", "Balochi", "Balochi", "Balochi", "Balochi", "BantuKenya", "BantuKenya", "BantuKenya", "BantuKenya", "BantuKenya", "BantuSouthAfrica", "BantuSouthAfrica", "BantuSouthAfrica", "BantuSouthAfrica", "BantuSouthAfrica", "Basque", "Basque", "Basque", "Basque", "Bedouin", "Bedouin", "BiakaPygmy", "BiakaPygmy", "Burusho", "Burusho", "Burusho", "Burusho", "Burusho", "Burusho", "Burusho", "Cambodian", "Cambodian", "Cambodian", "Cambodian", "Colombian", "Colombian", "Colombian", "Daur", "Daur", "Daur", "Daur", "Daur", "Druze", "Druze", "Druze", "Kalash", "Lahu", "Lahu", "Lahu", "Mandenka", "Mandenka", "Maya", "MbutiPygmy", "MbutiPygmy", "Melanesian", "Melanesian", "Melanesian", "Melanesian", "Melanesian", "Mongola", "Mongola", "Mongola", "Papuan", "Papuan", "Pima", "Russian", "San", "Uygur"],
  "targets": ["Bedouin", "Burusho", "Colombian", "Druze", "Palestinian", "Russian", "Uygur", "Basque", "Bedouin", "Burusho", "Colombian", "Druze", "Russian", "Mandenka", "MbutiPygmy", "Papuan", "San", "Yoruba", "BiakaPygmy", "Mandenka", "MbutiPygmy", "San", "Yoruba", "Bedouin", "Kalash", "Palestinian", "Russian", "Druze", "Mozabite", "MbutiPygmy", "San", "Colombian", "Maya", "Palestinian", "Papuan", "Pima", "Uygur", "Yakut", "Lahu", "Melanesian", "Papuan", "Yi", "Maya", "Mongola", "Uygur", "Lahu", "Mongola", "Pima", "Yakut", "Yi", "Kalash", "Mozabite", "Palestinian", "Russian", "Maya", "Yakut", "Yi", "MbutiPygmy", "Yoruba", "Pima", "Papuan", "Yoruba", "Mongola", "Papuan", "San", "Yakut", "Yi", "San", "Yakut", "Yi", "Russian", "Uygur", "Yakut", "Uygur", "Yoruba", "Yi"],
  "weights": [2.332, 2.8735, 4.597, 2.3144, 2.3234, 2.7806, 2.8856, 2.0388, 2.257, 2.6282, 4.4604, 2.1472, 2.1683, 3.3398, 4.4353, 6.7076, 6.0709, 3.7225, 5.5516, 4.0573, 5.8386, 5.9427, 4.1498, 2.5292, 2.1479, 2.7365, 2.5078, 2.0811, 1.6732, 4.9772, 5.1357, 4.3313, 3.2103, 2.8136, 3.6896, 3.2841, 2.1748, 2.684, 3.8966, 3.6124, 4.0342, 3.4898, 3.8534, 4.6557, 5.2967, 3.7899, 2.9321, 3.768, 2.3587, 2.5507, 2.7804, 2.4798, 1.9189, 2.7206, 4.7376, 3.6598, 3.9963, 4.5045, 3.0657, 3.2687, 6.2676, 4.7001, 3.2384, 2.7039, 6.4973, 3.2007, 2.8924, 6.2287, 2.5281, 3.1251, 4.3973, 3.3593, 3.2976, 3.1117, 5.1199, 3.0916],
  "loci": ["rs4971441", "rs4482521", "rs7565112", "rs4971465", "rs4491751", "rs4998208", "rs7579535", "rs4246561", "rs4971396", "rs4971397", "rs4461289", "rs4446093", "rs6751090", "rs4971418", "rs7568265", "rs7369772", "rs11674954", "rs6738955", "rs11676238", "rs9677798", "rs11211657", "rs13021490", "rs4641984", "rs13420301", "rs13011951", "rs4927635", "rs13033766", "rs9677346", "rs4927600", "rs11894739", "rs4456742", "rs4471928", "rs13423589", "rs4927602", "rs9326161", "rs4076290", "rs11897977", "rs4261760", "rs10153889", "rs10190521"]
}
