"d","v.1","v.2","v.3","v.4","v.5","v.6","v.7","v.8","v.9","v.10","v.11","v.12","v.13","v.14","v.15","v.16","v.17","v.18","v.19","v.20","v.21","v.22","v.23","v.24","v.25","v.26","v.27","v.28","v.29","v.30","v.31","v.32","v.33","v.34","v.35","v.36","v.37","v.38","v.39","v.40","v.41","v.42","v.43","v.44","v.45","v.46","v.47","v.48","v.49","v.50","v.51","v.52","v.53","v.54","v.55","v.56"
1.47445041778086,-0.564039148105511,0.130649868212465,-0.21188938091665,0.246850100721592,-0.109815743151495,0.0972458714171673,-0.0200394394444731,0.0110524095418699,0.00275101709412295,-0.046075875247038,-0.0814131878156626,0.0281140286221014,0.0627324417002669,-0.0155157677632145,-0.0295153943328519,-0.0391002182210386,-0.01879085240097,-0.0165249477418692,0.00072029076306358,0.00624955139513491,0.00370491562708547,0.0230227431684828,0.00430580946483117,0.00907397908931711,0.0124724029572921,0.00841079677219513,0.00840935224944435,0.00113439772580452,0.00472258754936083,-0.0303504286353138,-0.0213390533521457,-0.0121923836132991,-0.00327352933481674,-0.0868339424839309,0.0342597416829915,0.0222540226242017,0.0255593203022689,0.0331883827987376,-0.0896963672236509,-0.0362231651946067,0.0315028171849066,0.0300826594073062,-0.032510563531909,-0.0180288315790174,0.0714880214986624,-0.0733509696300137,0.0345861193803294,-0.0195637474546706,0.00321792069967558,-0.06331548580717,0.0877755305936846,-0.321095577179497,0.0655070149929955,-0.471698270916586,0.374188419887863,-0.0179503212343769
1.38530558275927,0.399353880675479,0.452427951620742,-0.340726759339803,0.0734766160261764,-0.0377221553668268,0.0769157838103741,-0.0485679193609058,-0.0455197951476485,0.013081352516315,-0.0197251675807394,-0.0149584103994384,0.013347687710585,-0.0258720929481427,-0.0373051716271009,-0.0648786753340715,0.0324092450690692,0.0198454681672056,-0.0146913067135664,0.0567910394421303,0.00769291696554415,0.00793519778759366,-0.0110290364015128,-0.0142416970700893,0.0158468540337054,0.0120719152452115,-0.000475744877302589,0.00488778853966244,0.0433986256456169,0.00571599998458897,-0.018578760273257,0.0416377153266752,0.0676692698421226,0.0256930967381826,-0.0501291479259384,-0.0776890377562668,-0.00143529617409871,-0.0342441906152616,-0.00376138959801007,0.00112230679967374,-0.00137370113814486,0.0774747524870621,0.0041041535255739,0.0352292667337873,0.0189466421470902,0.0546491164797022,0.0273238496337555,0.143457409605795,0.155153459716122,-0.14033274622994,-0.182457465235989,0.0923459314798991,0.0718163922646731,-0.0544383650201588,0.103187544618022,0.325719946822458,0.477726808142297
1.31350132654329,-0.239843262811579,0.538232621183793,0.379405761179298,-0.18797014776148,0.0291036659958994,-0.00716012563032248,0.0507212339043616,0.0209671915976122,-0.02293575002785,-0.01688320772224,-0.0397985415844815,-0.0760921280619419,0.0408016137448692,0.0137380093683224,0.0396932059275242,-0.0107540760953818,-0.020264421159449,0.00916318715458944,-0.0377202740798862,-0.0549621261021844,0.014173331012115,0.0521868131545198,0.010970982724731,0.01516794258619,0.00362572208534387,-0.0183594634651864,0.00184134843589394,-0.0188716463236311,-0.0143984065056113,0.0152375716250078,0.0217287757552034,-0.000152531473580478,-0.0106214550757399,0.0390141680381795,0.0162151337301547,0.00288868730244246,-0.0340148271341457,-0.0591667826589211,0.0190594282225676,-0.0148651690223768,0.105081559671357,-0.0180774043279045,-0.0716134900406276,0.00887042010215404,0.00713325054476288,0.050475161258781,-0.0143369976391818,-0.118617655188388,-0.103424132959866,-0.125757915364375,0.135228699880244,-0.0931714355431357,0.0666791212047065,-0.121649955239609,-0.480924489236629,0.321579746290448
1.2469792978417,0.375047053311577,0.125070238237789,0.360467463526481,0.252421430878914,-0.134849054341228,0.160446057296214,-0.0593552210856819,0.225652520935797,-0.0781508237835492,0.0197413392517757,-0.0634276045196572,-0.0812081874722679,0.149942593515695,-0.00883724278381836,0.0362751227856205,-0.0167621866860936,-0.00289308959021777,0.00684336603065513,-0.0600350057497019,-0.0174470892132905,0.0238614842847353,0.0902532555381709,0.00256009240985747,-0.0180755437885811,-0.00544242278105046,0.019177886203123,0.0366218629902259,-0.0345266063856798,0.0066982535917755,0.0353474852772626,-0.0187400501814794,-0.0447828924097116,-0.0520250124705044,-0.048131016633482,-0.00246939911212956,0.0483670561378739,-0.172593955428217,-0.0301612758499165,0.0237284578290704,-0.0643705551746638,-0.0292659828871389,0.016184994506839,-0.0724712659680919,-0.0234521654491706,0.00708598036683077,0.0608054007334496,-0.0708396297118227,-0.150564431277861,0.030717597536757,-0.426082651303375,-0.0742228910072497,-0.280479704413874,0.0211622632908212,0.0289113747715643,0.156843204227752,-0.342238015398387
1.21368349739993,-0.223746796984214,-0.0186065318334204,-0.264860425560163,-0.363384133027863,0.0815652223498631,-0.0328034538860946,-0.307715216447321,0.333355142073013,-0.0224527193871889,0.10678737725589,-0.0964994997590988,0.00869092296991754,0.0806554510237556,-0.0926387967320813,-0.00182230242443267,-0.00950632187954735,0.0215135276553306,0.0143530900413948,-0.00483317637569469,0.0463206605178871,0.00614501235014198,-0.00744991476286005,0.048350675348957,0.00954957506495119,-0.0409233490131167,-0.0431193356128633,0.0498090886726827,-0.0203277795936568,-0.0171852673112077,0.00458427580919248,-0.0175336660296339,-0.00889930689260404,0.0315825507732748,-0.0767706986749314,0.154225647029515,0.0239528852115235,-0.0729377213775402,0.0493059262581372,0.094596167469644,0.0365427686487385,-0.0573692371638709,0.220616815600556,0.0327254412196982,-0.12176088220651,0.120802772406767,-0.236734070689415,0.0442918733686106,-0.102019404777769,-0.0566168649280026,-0.3247195776669,0.0506988148770228,0.0574971337149256,0.237061817834426,0.33027528272962,-0.00721906175182296,-0.0698111111805698
1.2086894807635,0.187822391939318,-0.154964178180725,0.0602558000913374,0.0360148012880598,0.40884016923658,-0.00805522234150496,-0.223823713683186,-0.245656564392221,-0.118772732374654,-0.155393365468853,-0.312527637235308,0.0895916845932796,0.062192999634264,-0.239073548160784,-0.0137308865828122,-0.0260775030678915,-0.00884618478613727,-0.0250670994118947,-0.0363926655919472,-0.0455761170871458,0.0645159699914271,-0.0437727424992965,-0.00255703753943199,0.0135805868112945,-0.0198026507359907,0.0237464423761947,0.0272541527303445,-0.0716426443117887,-0.0424685640883414,-0.027720936562103,-0.0237276091253098,0.0570471842752229,-0.0133154142917224,-0.0489694706659776,0.0666919774378499,-0.0458490891199285,-0.00653786598625288,0.128169870259781,0.185136871273632,0.0312287571196926,-0.0984163901691448,0.13133956724764,0.0696346561043835,0.0598341575370875,-0.0416850534844747,-0.194358431039633,0.205683713261414,0.186249266787578,-0.145611239028201,-0.0323073388344704,-0.124049506594703,-0.292988882054858,-0.0481716771507608,-0.234428809242517,-0.174028547317831,0.0701208290440118
1.19236692100014,-0.083019870875113,0.130714625440809,0.0500063770499544,-0.100812539474489,0.41513185004229,-0.224742008357686,-0.0936926108430804,-0.369899249806288,0.0617913101070852,0.114071564375326,-0.132496278501733,-0.12210970609374,-0.213886932784321,0.173233083481002,0.228356126782908,-0.00350218294511988,-0.0876523580131057,0.0693430633607565,-0.144354408138014,-0.0218531232700046,-0.0460777518753863,0.0530440292816644,-0.0757881129109663,0.0226255253146085,0.0153114647780241,-0.0711524817043575,0.0545194282852946,-0.0642913137979505,0.095891780598677,-0.0560400636185646,-0.043592367520688,-0.0736286563861676,-0.0963528259254621,0.109847177146495,0.0949497887458332,-0.0852967766552282,0.0414339575206156,-0.0825076392667166,-0.122941927315954,0.0291654504670579,0.168797211769725,-0.104119135249955,-0.0337016706842641,0.0738682600221823,0.018761081280615,0.116779585608501,0.041712138636542,-0.0570187115737955,0.0479822529468039,-0.242718032181012,0.0564381251070135,0.106703727599682,-0.079822477091163,0.065631763617006,0.280152168731828,-0.220570387666061
1.18635306792735,-0.0109447871650847,-0.0757797490325164,0.0249363177875196,0.363225065861167,0.360689680668539,-0.325599724160614,0.155851921241477,0.362642693120226,-0.125920911528682,-0.0381015127210311,-0.104993797135577,0.061687617996689,0.108084849236392,0.14590560615,0.1400815850301,-0.0558888479152153,-0.070755457013107,0.00627589563759989,-0.0561103500011626,-0.067967005070549,0.0696309518958134,0.0510552677121424,0.0334095794227135,-0.0426205529486841,-0.00916722943191228,0.0505962596965023,0.0400944149952061,0.0141662721593583,-0.000980641255909749,0.0720624966944741,-0.0332880960198702,-0.11246237934492,-0.0926274861224821,0.0703515873812599,0.0202978277665692,-0.0784059011020206,-0.0591590723711716,0.00720518037762494,0.00706104159989726,0.0340549476093616,-0.149545386685921,-0.0698856463626037,-0.00852918736458833,-0.0282847970859675,-0.0809630341281009,-0.106805994465639,-0.127080116623371,-0.237909122657426,0.0202270261995492,0.147259873470741,0.0621014170132708,-0.00566845073143463,0.0761832783613796,0.126729915846556,0.133178905033444,0.354889370267919
1.17963894467524,-0.0511704277988908,-0.285767144698223,0.260264361445638,-0.281323843129932,-0.290137064248777,0.0874674425776692,0.074953678792673,-0.175137678724286,-0.202936707218511,-0.205330588553379,-0.131930145982877,0.0521172524616898,0.0777798528027784,-0.0100391232043441,0.106698038630767,-0.0299515948731759,-0.106640787922169,0.0198207922169362,-0.148409379163792,-0.183779214261089,0.0931534915348211,0.115883627284708,0.0495642152770242,-0.0190395095156,-0.0466363442510829,0.0111413715436243,0.0816818541444868,0.0326408191354204,-0.0247284011540411,0.105428441971355,-0.0208460501188193,-0.113814088182109,0.0522761684707039,0.0867640115982999,0.053934445505641,-0.0256425019139987,-0.0778841013477923,-0.00198178963707056,0.0507173890099844,0.0703374426242733,0.00512154415607828,0.00102363467769414,-0.165802894278586,-0.305841620918436,0.131259034657884,-0.0610369078167008,0.0315057234440718,0.0196344088908706,-0.0434423426866362,-0.0918002090232845,0.039771545790076,0.155664913330935,-0.163886059728447,-0.0151574872881158,0.291029928344364,0.269176137471202
1.16739546950441,0.0373062910274139,-0.0183222692234438,-0.00240571132689066,0.122562265581285,0.0551636234122484,0.0763606817531783,0.455894917111193,0.182966018231192,0.195072902004553,-0.230069236380319,-0.27790107499613,-0.0673144358144079,-0.191678009232728,-0.123186522640408,0.0314130061824433,0.00788546606844195,-0.0154697735003197,-0.0174331297827265,0.039615632107647,-8.4559456851839e-05,-0.100269349513464,-0.0949890916708712,-0.0118134418690061,-0.042133883880987,-0.135753007517733,-0.0248378959370727,-0.00427091183332087,-0.0730417241774192,-0.0446133798696468,0.0345515665129626,-0.116550772721189,-0.0807899858961379,0.0980893930004263,-0.0716366106847915,-0.0280094872253023,-0.136521625624139,0.0227768831710306,0.110271377034271,-0.239126239728747,-0.0929821018459886,0.197067910636794,0.0194532357494927,0.0166974898331194,-0.121978076739729,0.209250296067402,-0.156279046183715,0.235070073029674,0.0460106601869067,-0.196824433311986,-0.0427677356682577,0.186195825766214,0.105458309299966,-0.0289220139619636,0.0699422238463189,-0.123144153335543,-0.191459557295395
1.16173354209872,0.0695531252158345,0.107262943264898,0.032974200712282,-0.238901643307871,0.214647740275283,0.033430661224201,-0.0309737658316449,0.187575431263007,0.366424281588009,-0.316934490714414,0.295164931464273,0.244509215330017,0.172393751929002,-0.0645480660078061,0.0166347342759085,0.0778611635264566,-0.0496248086253181,0.0219937246803218,-0.033595641918566,0.0316617779249058,-0.0272329825668004,-0.0625402624689997,-0.0114878312936324,0.123956194309076,0.0343164674054223,-0.073000371158716,-0.0202877130330449,-0.0600072386700077,0.0700686330302305,-0.0317896362398386,0.0100531717434767,0.00428626337180609,0.113753736395611,0.0615149187670712,0.17014298299488,0.0104236059695434,-0.193767739744013,0.0535679772915197,-0.0997696087486157,-0.0510615785737985,-0.122865560995825,-0.0128751222404781,-0.0706500619853277,0.0715490542388012,-0.102280090984787,-0.116190576041543,-0.164253526923944,-0.0741537194223155,-0.0659217540131232,0.019991348884561,0.0403391097924149,0.0772390989623903,-0.349372217421757,-0.20195870186863,0.12949581465532,-0.0774729418799801
1.14478671188537,0.0272554681150681,0.118283895612146,-0.257231531202195,-0.0852597458082713,-0.075107172569288,-0.328322694312227,0.435136857391955,-0.0169069704818716,-0.217900855915865,0.181108973789788,0.0806008371695986,0.0674377716517545,0.108537972190188,-0.154037296374816,0.147112495000415,-0.0179850540598573,0.0357247793720406,-0.0138764407328022,-0.0580244430602503,-0.0587505667700495,0.0117477025104314,-0.0251976345688827,0.0830854802715927,-0.00646424525173371,-0.0121110200076022,-0.0266109040204485,-0.00809698024806006,0.00127142037572565,-0.0129524903219295,0.0348487486472154,0.00710494962169754,-0.00428280892492514,-0.0287224949182026,0.0846887019604286,-0.074852946220625,-0.0642602026591891,0.0921063399559676,-0.0935297496554577,0.102179484530807,0.0457836876685816,-0.25228636086516,-0.011346594074256,-0.0832628709556687,-0.0817690185458446,-0.1670688337314,-0.0468001426171429,-0.117158507251513,0.200414345377127,-0.19514406196198,-0.295049100009285,-0.102591734072651,0.0670390209598924,-0.0628953227687313,-0.207699276126575,-0.0845058852775919,-0.195719495080976
1.1427501772058,0.207580030008227,-0.0861719498150318,-0.282558980841681,-0.347544675528129,-0.177515804640311,-0.11548979009652,0.107163979218449,0.183154518335141,0.247248743656927,-0.0127307605500458,-0.275065371062466,-0.146984633633446,-0.0502176538412264,0.112803234863362,0.0476068217242517,-0.0286848722530681,-0.0631607585808107,0.0370679979506779,-0.0887534147175628,-0.045734045000793,0.0145237767975493,0.0550607366183404,-0.0394394573768132,0.00868571275429387,0.0752877918570889,0.051284151664783,0.0488834923069979,-0.0533530750598394,0.0346473277339692,-0.0923258748199627,-0.0589492197156317,-0.0653777955996367,-0.0656253774196836,0.0544069694931482,-0.0447053868946758,-0.0423842955679664,0.0754576342427299,-0.0791634419391292,-0.0415681362399853,0.0823092879650165,0.0909234319338994,-0.0301203764753071,-0.0387831757214628,0.0856535980020263,0.0168032880541658,0.064922156240895,0.0805781602358603,-0.281793363508834,0.171834600303877,0.0378234624723637,-0.311244488695976,-0.322316988635826,-0.0826688397093613,-0.17724721026425,-0.0698728350773039,0.126806266692846
1.139608440746,0.168695526267557,-0.0442234601788067,-0.0656229367422414,0.0342986858035853,0.0526307204652759,-0.0134042983312902,-0.0647252603036577,0.024165888527424,-0.226176163163518,0.188357444795815,0.123715516626412,0.320170470194671,-0.242208240200325,0.0432820460817364,-0.194058604950677,0.155493535279126,-0.12739291833357,0.10966326888476,-0.166402651189767,0.0470376040689802,-0.0706443642027949,0.0657160024593732,0.0964273901879864,0.225734161904409,0.123476002821699,-0.0728928348175426,-0.176643521526279,-0.0395405160095283,0.00174270421608983,-0.0881778413142161,0.0217279638883155,-0.0212588234855492,0.0446243558684316,0.0484103265900956,0.0572272251979347,-0.106341003556125,-0.0138160043629989,0.00757318175344045,-0.177010790817855,-0.0268789769958605,0.0020168511190366,0.152363194433924,-0.113336641311416,-0.377004065980769,0.0158121212633983,0.173318890388023,0.197368898821976,-0.259347431334591,-0.0690097561855406,0.0531143356823197,0.137925989650545,-0.0574802006956953,0.0661612280439863,-0.172444107273814,-0.0966885759830241,-0.0225923783200908
1.13280345323195,0.0565687599151566,-0.0302867459195789,0.160130531726814,-0.130782623038864,-0.110299817493457,0.00624074481221831,-0.0556372769082516,0.28366509018999,-0.292926850095805,0.327060706925545,-0.0097440529964542,0.104108152948672,-0.281090617389946,-0.188659750397152,0.0887636565164894,-0.143343564271758,-0.05832471916068,-0.0489827873234954,0.0427166029788654,0.022500091097469,-0.0650181154992256,-0.140477924009126,-0.0604504842024399,-0.0687728068930121,-0.111426755629164,-0.0209096270755067,0.108186095233161,-0.0659749200050771,0.0692737490573035,-0.0573197297957779,-0.116544408638695,-0.0202037095360115,0.167586246974259,-0.0140902841463005,0.119129503525326,-0.0621872530679551,0.107533522059842,0.1199363485457,0.0296773314674533,0.127761279497261,0.0620295759905889,-0.0767190335248435,0.212501171340386,0.342292717336365,0.00308580106249479,0.00347154251585416,-0.0423999013273781,-0.010980411196317,0.00448438220938015,0.0534813508100889,0.23890469496302,-0.0269531452480293,-0.243735529676036,-0.142534149516302,0.113484589374691,0.0489443236004208
1.13039328395292,0.0456404166516248,0.0358756996736201,0.18776898863605,0.210608747540548,-0.304534376893118,-0.530607112625311,-0.248993806552069,-0.0286230259750176,0.224828752331771,-0.00153981287232241,-0.0703853472617747,0.0587794117727424,-0.0479051197320118,-0.0867192445797861,-0.0507038480004509,-0.0242903930979083,0.0505042789032751,-0.0308147409674805,0.0516578467066802,0.0542374751960742,-0.0395295295185019,-0.0277176439133917,-0.0118052833376652,-0.00669647444465091,-0.0640532728713269,0.0250846580443784,0.00889984466201038,-4.95346035908001e-05,-0.0171235998869265,0.0344660644798074,-0.0680712452986547,0.0448477100672376,-0.0139616862493126,-0.117081873012235,0.104967539280778,0.0468192118517627,-0.0022886481881987,0.0983225160670206,-0.0466489961335432,-0.00238077733701832,0.0266053241479239,0.136038130769986,0.012963417420807,0.0149835795635663,0.0321948209338596,-0.0766289495915373,0.121684851431424,-0.133457430174198,-0.00545891656966404,-0.0846726565809048,-0.207897691745092,0.407947885092682,0.0658954092848047,-0.248394608562174,-0.00761407049753171,0.0487099330642596
1.12876329244554,-0.0654443866752778,-0.14933744964711,0.0394615811945697,-0.0685281303904039,0.137806754901774,0.0748357392345847,0.0101360203404964,0.157029464707212,-0.141672197736826,-0.312918910244512,-0.253848604034289,0.073544452298811,-0.11149221043871,-0.037884902071479,-0.0266088118248517,-0.0491335385376175,0.331577169223269,-0.13105615044324,0.114536667795522,0.0757815775838954,-0.0939477770145077,0.083348404972298,0.174389801222347,0.156780706461799,0.113999911955687,-0.108176557794752,-0.0718291979993489,0.0558163667466821,0.0275838636159846,-0.0483495194418051,0.152555817875692,0.136191928095844,0.0890389701001712,0.0906982832958668,-0.18435860516274,0.0974034341867557,0.151156089066909,-0.0387918728668565,-0.0531116567328392,-0.0122026633731718,-0.0156914996393735,0.0252117039503989,0.0632801404150279,0.157140040837459,-0.039725015377642,0.385768344287604,-0.14227904882587,-0.0922474872075003,-0.0718190805896138,-0.212595631895946,-0.0776123470712604,0.193566148539789,0.0983876977905002,-0.10554433265788,0.0749419771135949,0.0488236161857849
1.1254003567481,-0.0272494169394957,-0.0487848780289235,-0.039078168562973,0.0680581978182495,-0.0877107063091149,-0.0422573108904059,-0.151702579232573,0.0122938254597134,0.120926668472698,0.118140373615897,-0.159797078803338,0.0139357319502806,-0.0283406922030424,0.000700994539656795,-0.0552329037543785,-0.0450944802507153,0.102029777365112,-0.0547015047221667,0.057114425482783,0.198345732373842,-0.240274140415522,0.445960608677143,0.256951827372649,0.344172005827257,-0.133149648092819,0.0823373891523385,-0.0483824346184522,0.172293516934389,0.145631133019592,0.0212861298547552,-0.091292063531548,-0.141493806717788,-0.0883517750373638,0.052100206338744,-0.0343085021385439,-0.165398595344729,-0.144636659503086,-0.0265308235631558,0.0282381589170582,-0.00658746267744874,-0.0035660476990438,-0.265819861596598,-0.00180495467162196,-0.0381010201370009,-0.0111985184472018,-0.153131016862573,-0.101477604680114,0.20522086759543,0.0117930513517903,-0.0255772554089473,0.112725070346564,-0.0661887806818142,-0.219265182926208,0.0394616136536965,-0.128417918271226,0.0242713243922172
1.12283388968464,0.0963782805672438,-0.0394492454541459,0.115764895863476,-0.0587263677249777,-0.0103772958654454,0.230771574077921,0.188220009436619,-0.111780400546581,0.293993858367818,0.423630762517701,-0.278366492819616,0.162052239768186,0.269197678988858,0.00131604972240051,0.097038862569833,-0.0228935797066939,-0.0354718164120658,0.00122405340517807,0.0379875428385467,-0.0239002877276795,0.0222503784731132,0.0583908495430251,0.103330609799704,0.123364353799372,0.106827567778498,-0.0885206668401842,0.0191641449301015,-0.0451414907197964,0.00407709281833892,0.0104315595559701,0.0976042111338451,0.0637308640230361,0.0302889211444222,0.129386328743028,-0.0437318622732952,-0.00374658390962061,-0.0488146391661037,-0.0709561817336987,0.0367092842140126,-0.0399555840667015,-0.120686717792287,0.115033937495613,0.00575526927810213,0.210283393382141,-0.0816440255505403,-0.125917479882878,0.130187351555377,-0.0821293768171321,0.0175227461463694,0.112105882746119,0.20071591034758,0.18310468192709,0.298501432644611,-0.114980850774479,0.115305879648309,0.00217805806314945
1.11950571405887,-0.0143592941321103,-0.103206995563294,-0.0963480773411543,0.0607935566471818,-0.00452004155714641,0.0686703079831333,-0.0583145496639636,0.00186247731863828,-0.0131212688881401,0.0837260429326888,-0.0417908280291094,0.11503578903698,0.0252573304556674,0.0945728937195505,-0.0458387129683969,-0.127213259698284,-0.0318100195246275,0.0767482146928706,0.00377795653640234,0.183214917570845,-0.0162845989409852,0.096024229761485,0.00588621650643734,-0.551984099654961,0.375469657099283,-0.241222870719947,-0.0836946505111105,0.0772794829586837,-0.0228579470007727,0.197306281216326,0.119729856321134,0.146292478786164,-0.187447700618383,0.135581096451547,-0.0325081837795757,-0.0948203477915202,-0.160186464230535,0.0998735403329067,-0.072031886522187,-0.0203826979773995,0.0616516045030688,-0.0940654006606012,0.0197250267738091,0.0547913567520156,0.188741349596795,-0.0858547927233868,-0.0282173223370071,-0.0434381815676201,-0.052795849297084,-0.146204576299134,0.0135339562427644,0.070988582227443,-0.218992712971394,-0.0843108216488188,-0.156339479021203,0.0235644474237107
1.11274120153559,-0.106444630956628,0.110709048611797,0.0953702265067439,-0.0437894834759258,-0.165112325419563,-0.169195297077315,0.0146487019027816,0.022428893611104,-0.239377572219541,-0.0329106297770739,-0.256151632384363,0.0632549572932743,0.00149049999113976,0.112577369860211,-0.0253538601408949,0.547108563136417,0.0507673606951411,0.165344897166944,0.0588481939239465,-0.00998129346887907,-0.0702338135626382,-0.0108233747805214,-0.0620072685017503,0.0523620109969754,0.0981514976683358,-0.0383382810924261,-0.0321636134747904,0.0555243010759932,0.00684744092443566,0.0074108848789044,0.173320445299755,0.0749272676450301,-0.00397404493175227,0.0766089485174792,-0.049104469184732,0.147360339632028,-0.00110259887925949,-0.0408732352507433,-0.162190762337004,-0.174921955897422,-0.0880386372451654,0.101468458663305,0.0472618706958319,0.206013341937846,-0.0757916342836686,-0.237532490244197,0.115141691974321,0.0244045715278784,-0.0397834995014377,0.122897362949605,-0.0572328854774271,-0.111403602188047,-0.240002970625685,0.209234714347039,0.0722311418641665,-0.0758713396388109
1.11209723453252,0.0294739319813071,0.0549509797870829,0.0519366068454648,-0.0333155887892275,0.0227643530688271,-0.176440774739781,0.0531216132877904,0.0196562323713827,0.0369132726459366,-0.032352678798791,-0.00368576887382342,0.0881902892390077,0.0391359297988254,-0.0473930785039972,0.0916837308942852,-0.0723149263481521,0.086285879525949,0.102394844608541,-0.0313483310899343,0.0141909171431093,-0.367945371405599,-0.20060878780707,-0.0690650750950775,0.101428684565023,0.13958390932794,0.313548498349091,-0.0243292979453781,0.0775118102723267,-0.11414366863471,0.14220665905573,0.366813953198046,0.128660189068088,0.0875989291671028,0.135438865840103,-0.0533617304663197,0.0232126112822222,-0.17949304738803,-0.0386339550769763,0.239920245452045,0.289616936554344,0.23699301962178,-0.0387398767713806,0.144767132411747,-0.155241928791875,0.216866430931491,-0.0131762045723582,-0.0186284934025573,0.0237923127759161,0.0563796177014453,0.0954634253944677,0.0629359200233714,-0.12197131004785,0.0696932749281001,-0.0290275718175819,0.0870463513528472,-0.107134008406677
1.11177757857831,0.0104890112961808,-0.139928452137132,-0.0531264752422302,-0.0174339492062171,0.0027533070369541,0.0222043443293592,-0.0409206890370148,-0.0582983046961753,0.00656069762946704,0.0510988308319063,0.0730964138261479,0.102475838193737,-0.0560721434325975,0.180402541287934,0.052547475711341,-0.134043918350541,-0.103233983380959,0.131812612428473,-0.0255303201444177,0.0439538631462282,0.171456113800784,-0.110360764934842,-0.152226300517986,0.181555867133526,-0.31824953716158,0.358273649719388,0.134457300026742,0.140281275774086,-0.0860576283452527,-0.00686767694192983,0.225475356734851,0.136348316502174,-0.0980193322288856,0.0617930092040415,-0.224936404767358,0.0176480252203222,-0.00461855475564142,0.164887637708011,-0.25087751165528,-0.176880348936578,-0.195745482638,0.00110065998097411,-0.101503075431555,0.192443971120203,0.26375839301394,-0.0155194175737408,-0.0665896371128633,-0.058140791680231,-0.0777883755880622,-0.20764101333685,0.0729633354708655,-0.0104196343603727,-0.0191144297481407,-0.0465775720950953,-0.124050488115738,0.0501225612900948
1.10651510129039,0.0197274947166411,-0.00889380169250899,-0.0716540316431116,0.139983999196015,-0.00238615028442303,0.179389620868088,0.176651761795531,-0.100716195992321,-0.0031057864493681,0.00112951747624153,-0.0501083614913527,-0.126192874432331,-0.069302047063238,0.153701577923488,-0.088208962365445,0.0705940471668064,-0.307361192672233,0.200691408966434,-0.0586647452576421,0.186854762155874,-0.136164644120099,0.0257239573571821,0.108538963859488,0.11363016635284,-0.171231504313283,-0.105085766397136,-0.0304091193631509,0.0772713113363198,-0.0874748683772459,0.158454737441145,0.0450974914640553,-0.0652482503233721,0.128636930053037,0.118958446924926,0.432132399975115,0.203888091721345,0.0640195152870212,0.0904539703796204,0.0576069946728866,0.17062111435097,0.0171607331658365,0.158571332965388,0.197036140534252,0.102380752244803,0.0162469776044468,-0.0156177704991315,-0.263346528864906,-0.0270121372775267,-0.0996708447831399,-0.108076863432448,-0.229824387334226,0.0430681343124191,0.0310283868033376,-0.0308284899162243,-0.055694441002724,0.0892416726569548
1.10242716778963,-0.0464937165753511,0.218638896406763,0.167918173610704,-0.112401242990679,-0.0176487844287204,0.129941734134445,0.023980520530258,0.0547319958536704,0.103638617735816,-0.0016775309306471,-0.131870020468251,0.514192283209554,-0.257160053604713,0.207579929702893,0.0377333304220794,-0.158192003955697,0.0238252621139038,-0.0242983739478509,-0.0159551413733708,0.0474336252759223,-0.020403990379489,-0.108312197259004,-0.044422994007036,-0.108786448347187,-0.0274656041606549,0.0443324568360618,-0.0213615471763643,0.0438852423043378,0.0013428561934055,0.0287517334104367,-0.117270837153035,-0.0461920169562455,-0.0946985674609886,0.0112192000461126,0.0282756024948373,-0.049685909672653,0.0772851627134512,-0.0135996021713779,-0.0904459339111154,-0.0453532484716596,-0.205643349377496,-0.112511732595572,0.198190687949748,-0.201109229596278,-0.054796341969935,-0.0512918104110579,-0.0269581711790579,0.243782997922193,0.0841568187620819,0.0168457078531066,-0.352400455331759,-0.0704126829851856,0.168969447549269,0.0870838584147588,0.0833141316373096,0.000821086513617498
1.10164437888158,0.179796784635215,0.130477869384745,-0.157689976943805,-0.0971969884264154,-0.164426780728646,-0.072747790178777,-0.127258489000953,-0.0270151905584381,-0.346893162491279,-0.330161167086047,-0.0547970130664929,0.0285296941613996,0.273239673267842,0.266754177990527,0.152282751451549,-0.168701702010863,-0.105863535934105,0.0466121084554711,-0.0058767966823176,0.0974222636012919,0.0281609322022114,0.0696094406612051,-0.0488210688922685,0.0812961824336033,0.0607855258648132,-0.0375318947993302,0.00703357504021412,-0.0970123114405134,0.0678110992892964,-0.0502305855915793,-0.0782882749385983,-0.142122727881574,0.0281861202629399,0.0312840886755428,0.089783256331134,-0.0628885041849991,-0.0502048664869171,0.0626896113139725,-0.0996314370357027,-0.0713351766278483,0.0761755232558172,-0.162363965230798,0.167822729797888,0.13136964785279,0.0632472595559363,-0.0401520269368486,0.0111179096266257,0.0657815975756897,-0.0600478236241256,0.191806126097855,0.134179550961881,0.120527698503645,0.298756345249267,-0.122895870195832,-0.0857043627791747,-0.208255817887504
1.09995764796814,-0.0436021096808425,0.0147625864534766,-0.0521577108084189,-0.000130220288775513,0.092203085129014,0.138371921998131,0.0915680847621827,-0.0520824766094615,-0.120250007071586,0.14468509523187,0.0797393745873424,0.105138752223151,0.213445744933685,0.288233075310126,0.135336076385713,-0.13288395842242,0.458606701971244,0.24583586363879,0.138873204626572,-0.0192788967247112,-0.0505207113858904,0.0285383034924126,0.0262330986250941,0.078065154572912,-0.108586687681171,0.0653088310964453,0.0522721076807328,-0.0538798412661913,-0.131737591513379,0.142449293029836,-0.109570156318645,-0.0168007786835862,0.0741760567070192,-0.266413639575389,0.0978223202410251,-0.0657876763370674,0.0182913452131342,0.0874026247024749,0.0937178076524272,-0.0948296110604239,0.177370956507269,0.0493137225178509,0.0448544861150647,-0.0332759578588403,-0.0831968467319515,0.0295657958043475,0.220434748391771,-0.211273635734594,-0.0286146365983706,-0.00441232955854869,-0.174917051326156,0.0689852369849452,-0.27501344374907,-0.0152354735921598,-0.0228298180960663,0.00835190386852839
1.0964536261778,0.0181256763921553,0.0329953751470681,0.00743651875888604,-0.0161550413262162,-0.0339839325767015,-0.0618735597408939,0.00681155762568214,-0.0262132675173902,0.02088089254171,-0.0357533225726587,-0.00136608546285527,0.0516165690758615,0.0515274516196997,-0.0248069515730303,-0.0159017288442731,0.00503688584100395,0.0312883910838985,0.0523559255506891,0.0117090808289349,-0.000622553745886011,0.0383560749027464,0.0144213363161054,0.0181523485993645,0.133375693928658,0.0897126546133861,0.0445510427841197,0.0393507150954797,0.0728610672010419,-0.047331076700526,0.232357572563706,-0.615741318678539,0.552616678394243,-0.066182265894637,0.230272403814904,0.0517273291882914,0.0632476994402178,0.141139981018275,0.0557751694464453,0.00165676693785002,0.0844347038846893,0.0233635708482633,-0.0101758867067968,-0.130365176220184,0.0272630947445002,0.119598274173814,0.0538799597859106,-0.0636195109030836,-0.0417998086248632,-0.135021105309315,0.0867047804079137,0.0765626086250916,-0.125491618661397,0.0396164602259951,0.111103917357792,0.0542594634578985,-0.0589233418137462
1.09428866735484,-0.0199097858171353,0.0920359353480623,-0.123449850974363,0.110941116876504,0.0505409887945935,0.221993299689481,0.0291145049321417,-0.0336583802718486,-0.203183409521804,0.0152874680907045,-0.0393638951910656,0.0230914119303519,0.0304343235119661,-0.225942497550234,0.00572750827067425,-0.210876661516963,0.0920672804468825,-0.184034142592978,-0.211341558738926,-0.149835153844665,-0.178228330399042,-0.0523468543610058,-0.177808850830317,0.0799303765925885,0.00524159138718749,0.083846408019852,-0.0353690044970063,0.164584547320134,0.232212903351983,-0.0466570584327437,-0.0740850659857739,-0.0216065942525667,-0.17494996760295,0.0832307820934723,0.118126776501954,0.341666624570656,-0.122870085114133,-0.231093493694639,-0.206263504571262,0.10648733242705,-0.0512792592549276,-0.00660725220796732,-0.0775643350875999,0.0548238961664951,0.0789502762564207,-0.163125121750995,0.128527609731854,-0.172739268069166,0.108426126246244,0.0711020197353673,-0.15413080694923,0.20312962453215,-0.108895299555008,0.0241691302348787,-0.118238623839925,-0.0225668964050513
1.09172846047635,0.00883772534630956,0.0238026192738393,0.0255709373648399,0.0862576650922691,-0.092219480529728,-0.0756030663162298,0.0795037486999215,-0.224854889512789,0.0513217263753584,-0.0075433687896424,-0.0350319332838131,0.0442176553926463,0.0390300683151667,-0.0787081499532964,0.169093734927898,-0.0969663560844454,0.197317753587251,0.00156319144040135,0.16268844384223,0.339020148564792,0.296462826176145,-0.00032586107121052,0.0148698729044858,-0.0213006260630872,0.123637707285122,-0.0193952066661185,0.125029598738624,0.0234964154265921,0.204307061770037,-0.237302531845483,0.100278505704744,0.010920941096151,0.300881206494963,-0.00476857476727352,0.112500424292635,0.0789871763627392,0.0160235350492532,0.0906799849624895,-0.249823631509833,0.357981857342453,-0.130217924453155,-0.0249993119695194,0.0043037320851399,-0.165425462137652,-0.00935147003078522,-0.0445173429268942,-0.0244374157765249,-0.149212663521034,-0.0242594581100543,-0.0124024218226342,0.0579001199087365,-0.189280188948685,-0.0455107453634866,0.187561032327857,-0.0613066557938571,0.0166219971446789
1.08459318500041,0.112536129026196,0.112147438090262,0.0768621454529059,-0.12387978583435,0.0973424438343969,-0.0414056755545336,0.0616913651831877,0.000952056856223904,-0.0135093783324469,-0.0428963078214957,0.205087938227941,-0.00690084306214514,-0.227860881180885,-0.131148674306026,-0.0597069336188569,-0.0930347920677188,0.207745688829149,0.166675420650142,0.222728549611342,-0.0259142796848459,0.124232351209612,0.38973090200136,0.100599965376458,-0.166084824284257,-0.00786300187830721,0.119319238706708,-0.0224313202369205,0.0926045865282965,-0.0707580026715463,-0.00781019597775431,0.05106905917814,-0.276346709756411,-0.13612274157593,0.153321707477406,0.0582849689535884,0.111330746104934,0.138616543072011,-0.0690448579337018,0.0542147555425949,-0.0108289048478717,-0.00776428637860427,0.208026400721798,-0.111579020989358,0.134254445742944,0.263558666079577,-0.167837044686337,-0.00494576104634586,-0.0433718610839027,-0.152346898550304,0.200505872000015,-0.0352606675275008,-0.0590469183323733,0.128979080278589,-0.069012544801527,0.14935604511243,-0.096467246329441
1.08080330730891,-0.0109282150192153,0.118861390221075,-0.116223617186287,-0.0171967223671008,-0.0751065001912669,-0.0908140287916836,-0.0456457472089872,-0.165328814114844,0.0082242298274009,-0.120171234043933,-0.090789273495753,0.135810147834429,-0.0689350453251827,-0.0903077774999852,0.0704257850277213,-0.268603193017256,-0.220353131230978,-0.0635845728297757,0.0275750354320036,-0.0689247149829017,-0.313374441417888,0.161717857538082,0.212716304121024,-0.213751163637217,-0.19110776262127,-0.013385928198244,-0.0217251826085308,-0.159374736551157,-0.134095930855069,0.173354523506804,0.138990760124096,0.108004618700046,0.207042975977656,-0.151140995859137,0.00600511901928658,0.13125168843303,0.00363732612143641,0.0187663034548336,0.0134427249588197,-0.118700186954331,-0.231158534556788,-0.0277861689168712,-0.231097595816817,0.094260846751094,-0.119407238628149,0.142007796740863,0.0723118559657712,-0.192992744330163,0.0307884352764116,0.126636627330626,0.0788017884117572,-0.127459832618036,-0.0516165979186442,0.207640653487439,-0.00146228062217399,-0.0788081411321755
1.08060857263383,-0.109295148954056,-0.00233907493449043,0.0622590240915197,-0.0381335982030472,0.102785410336715,-0.0598160190067657,0.00281331627698511,0.021222041410614,-0.059188745036598,0.128279870583024,0.0760142914028057,0.0180882668325389,0.285906928548065,-0.273385147206547,0.137850453852512,-0.0727035343341135,-0.380393864746189,-0.0174075771434336,0.357146254070361,0.0954604540771783,-0.0691747104573322,0.0540722967750486,-0.0243397306833121,0.0786130184432147,0.0795057867436786,0.0323653052621667,-0.042260078239745,0.0940963960339431,-0.0169873774556288,0.0175710365203761,-0.128220559217272,-0.15823873282099,0.0743677494259926,0.112762924642799,-0.18538037055255,-0.0241841655670446,-0.0942308249051728,0.0201792614172286,-0.219658102642657,-0.135120300490891,0.109970341385977,0.156928019209228,0.155102444891648,-0.0391788097633041,0.115368492726123,0.268322827826082,0.112555576724018,0.0629512983530114,-0.0246960908074985,0.0249248193544169,-0.300241938713459,-0.0387515435397124,-0.0790134426892399,0.0893992630397442,0.0450800344083752,0.0515741813923202
1.06755622725652,-0.0455432938276194,-0.0209641011723607,-0.116382748154235,0.0443190066404432,-0.12874677670012,-0.0228323562455264,-0.00135956530453975,-0.102508968527213,0.0368511630956098,-0.0567450007718481,-0.12469178986498,0.12973560090914,-0.109081780067239,0.167285532433427,-0.0940987470406964,-0.0602360062724475,0.079045350476573,-0.120704747291161,0.319807228687144,-0.199757862913201,0.0480394760647715,-0.150279469247588,-0.164188497838082,0.00402614567523824,-0.0234473444527678,0.0844741918319577,-0.161843611597132,-0.121515349506978,0.0328431507128904,0.0779915343133569,-0.120894325224593,-0.262406465726895,-0.147945040213466,0.264214465251077,0.034871128400944,-0.0104548096385803,-0.331092591724355,0.115017370434211,0.0645859594540151,0.16849538141673,0.0184157868888232,0.324404264548799,-0.0731398137944443,0.0855655135036951,-0.218512275032501,0.161670264161002,-0.0867846697983034,0.00104985875443362,-0.0304437399439513,-0.0867628685706415,0.189268571734299,-0.0574193639500387,-0.0653024811417118,0.0664275542671611,-0.073911883231132,-0.0329943693663295
1.06266170212802,-0.0239891287986656,-0.00884290353924105,-0.029040020901864,-0.0570765621315903,-0.0234146066275796,0.00188094723402181,0.00374142835472642,-0.0538999884995055,0.00841510823269617,0.0293348060972035,-0.0779217721153589,-0.0120729799561663,-0.0835752265466974,-0.101079355655593,-0.0727117450346256,0.00622689644465067,0.000633470097725741,0.0205172282877226,-0.0541216525762918,-0.074456385444313,0.0278940439149555,-0.0490005756999347,0.1026816782133,-0.0113193261158722,0.150945188534324,0.0400433667713757,0.246850850790382,0.329332107701892,-0.559205481863469,-0.260873540793267,-0.0959489864482326,-0.0763759371326856,-0.0953288547254182,-0.139676263470736,0.0673944387752197,0.0454084166634825,-0.328459421974913,0.0103152659151858,-0.111243576249334,0.0358401243550867,0.0204308063474319,-0.205041365876884,0.0703054423825102,0.0510944604551592,-0.209153423622511,0.0832545187277296,-0.0601059444456084,-0.094574153436739,-0.259619615177676,0.0663308432431699,0.000331495441933641,0.0233542024647803,0.0483894078756414,0.0210355588736774,0.0293728654420245,-0.0605896628795803
1.05252823293934,0.00738325186322267,0.109443205730018,0.00307399130192805,-0.0998726322432733,0.126050822979435,0.0990625831723769,-0.114850462854705,0.137102300851584,-0.0743763076363188,0.0463208755816525,-0.224932571410224,-0.275921643687175,-0.0657481111832692,-0.00749779546448183,-0.107512946387092,-0.00156939562201774,-0.0947131550290269,0.390310859221843,0.212663031107476,0.0522150679822983,0.160316432724435,-0.0613780368733231,0.0911167480366714,-0.137386724415578,-0.159224024556525,0.188857346518631,-0.146286876773384,-0.0219955680527402,0.131681204227165,0.128312602734794,-0.0326099506594896,0.137527087798668,0.0451932313228613,-0.0524878970408525,-0.135062356377431,0.0685733900577786,-0.196164189901203,-0.0928827590502526,-0.0916044696640139,0.209914072467566,-0.166680855224811,-0.125955681712473,-0.0573360010427603,-0.196028701961849,-0.170544702119256,0.0470469037772277,0.0267179743679464,0.0405796017506423,0.0106262827164083,0.137433898502861,-0.0125186708991372,0.206668169180943,-0.0279110238284137,-0.212421419297458,0.0565911582051702,-0.100265932427706
1.04888659977779,-0.0346916317963316,0.0037396657935562,0.00196159363468551,-0.0491418444098252,-0.0241415102921425,0.0156662912098583,-0.00837485776431766,0.00443084424270738,0.0371931903829606,-0.0314491949485795,0.0276172569172677,0.0748575913812811,0.0946610757956398,-0.127781289444267,-0.129857072985636,0.00972602882073629,-0.0848871049032571,-0.122866758251863,-0.162450427481584,0.0621052158948892,0.259738324878656,-0.0645683546475393,0.238991197236904,-0.0216807151018008,0.118551536045929,0.40811684610473,-0.181763815234755,0.0690256781409809,0.0840382941122088,0.309208979967948,0.118032144083366,-0.152890391253083,-0.107148958559515,0.0481132881300542,0.0935967034532151,0.0409404654551898,0.283350055548221,0.150416013647009,-0.0707403159479944,-0.000182619667633575,0.222020519938907,-0.173108838564737,0.0969026895644641,0.0939752745701826,-0.311620634974303,0.00424609365204683,0.188027698619042,-0.101118608519281,-0.0774790161810173,-0.0939969138843756,0.0450610275803668,0.00384195650653423,-0.0131658791510384,0.0985452784951735,0.0357640967098995,-0.0625567272673118
1.04198716298492,-0.029844415847658,0.0631721100315626,0.00317671158001459,0.0579036173298117,-0.00466341204648045,0.050038238656817,-0.00379704586768453,0.046205018419414,-0.0411788360109817,-0.0510013351372897,-0.00143494814547191,-0.0190417290907836,0.133609054177198,0.0116479452719636,-0.0525220882926399,-0.0164460711964367,-0.0102406627520963,-0.0732152870346876,0.0247692998518114,0.0763125909020614,0.010160719582926,0.166396986553141,-0.0340742958368443,-0.138427406820588,-0.211759598010292,0.149093678119522,-0.217879570498375,-0.138336140438998,-0.401124822962843,-0.438810043947018,-0.0126418224923967,0.181699474560601,0.0301683761235493,0.435097743024144,0.0660033708677553,-0.0628147827347674,0.13227373099447,-0.00165110320002309,0.0377335039768751,0.0267638677677322,0.0105061086403613,-0.0257247700572831,0.119248275574904,-0.0908167815962992,-0.0896784610893072,-0.0925698882651521,0.142103535736772,-0.0397954227257955,0.251669828397715,-0.0974566666762147,0.0309123128407561,0.106487331621001,-0.124496213020984,0.00744896904763791,0.00817309260580219,-0.0231251671269572
1.03679940561151,0.0685201787578212,-0.00684958724818597,0.0676541742672799,-0.190265604064117,0.145152922782348,-0.169321546313355,0.296311777139334,-0.0929161240763445,-0.132637671977366,-0.0120569501972505,-0.0729584174814135,0.120030401911457,0.162060325668536,-0.0217743015722631,-0.46854655866068,-0.033881342387992,-0.00963125547401253,0.0240754792560707,0.0461202871674038,0.19284476163229,-0.0651325704922975,0.0516989210509681,-0.0562347711474309,-0.049729228020481,0.013794505952471,0.0767549123870347,0.0597199546122109,0.0383212414835278,-0.0211879112543863,-0.0240873679611592,-0.0995354931861551,0.00490729093458873,-0.067141427438824,-0.302763257472591,0.0572647786907966,0.0894290681967909,-0.0438833854470005,0.0713274468611763,-0.12331561444866,0.00379886532043987,0.095034327862623,0.086081122119965,-0.103532096213816,0.0705145436602353,0.0218984548032472,-0.00576269561906965,-0.12460728589354,0.108188524602498,0.466708773289028,-0.111867794945579,0.146722062764165,-0.00887921593498348,0.0549223902877411,-0.0167513719585938,0.0500480873539244,0.0387194608659411
1.02828536901231,-0.0393778012905362,0.135110850843247,0.018136670627743,-0.0515243084014965,0.000858924201138534,-0.090833227157794,0.0973303415320484,-0.113517656278619,-0.0419751966743591,-0.00978898891089011,0.0109173875588164,-0.248913165755792,-0.0863469016201685,0.0323981639382586,-0.265055049785661,-0.158741115963315,0.106803374868604,-0.174279273924533,-0.143164027163412,0.0733370837451884,0.191435626135025,-0.180282180484306,0.251051982387884,0.11624475523254,0.0507062228864807,-0.050303507304266,0.0498132215759381,-0.032514609686932,-0.00421537830481562,0.142816102198938,-0.0402774267134406,-0.0243649581179385,0.0896052701481689,0.153048492026855,-0.019147298848839,-0.122976480886952,-0.228661899888286,-0.0116149102253042,0.113743755768974,-0.245708886576728,-0.308135048792623,0.074157340270397,0.350438324243069,-0.0185969123190723,0.229842661760818,0.0273554994447832,0.101248311278274,-0.148547183924173,0.126672543415165,0.0835368298679176,-0.00646112703964064,-0.0206879405636916,-0.140200428256908,0.0158179590652794,0.0738157840702561,-0.0554652332769106
1.01844610397717,0.00186884205935273,-0.0439597082521279,-0.104061933781817,0.0379398476805074,0.0312079225036076,-0.0497956109266173,-0.00862834561808038,-0.0363023493870374,0.106956096450319,0.0101781207267147,0.0272235078127396,0.159684335749767,0.0903521764647832,-0.107233795937997,-0.0940038690785489,0.272669848906339,0.105274456528358,0.0908472700193223,0.00618759537345502,-0.439661176618768,0.0719700635181289,0.294408750201762,-0.143781564063201,-0.14509747399717,-0.132628700932843,0.0126645409130587,0.10809846250199,0.0485251126089343,0.0638828631450461,0.16896185999899,-0.0254379249152525,-0.0340882804580336,0.211576875985964,0.0402662882049461,0.0968251210127983,0.0507070145135068,-0.0415017109085502,-0.0214342526453743,-0.107450281343466,0.081279035575005,-0.124629890217639,-0.227401487069857,0.384662196605865,0.00152440198236381,0.147634204841867,0.220912396398972,0.0551181624192048,-0.0183506478985225,0.112878506510778,-0.12083413972389,0.0943945220552484,-0.0239678892813849,0.0830958570047612,-0.0485300111196684,-0.115768026585025,-0.0221496679290999
0.992434322909635,-0.0540827271841432,0.00355606948516014,0.0298978745393944,-0.0110466734989748,-0.0493329931260202,0.0571400069834065,0.122329862803675,-0.10948013667357,0.00970986094758351,0.00699662910639701,-0.0456070937308902,-0.049908551575119,-0.0133785278019367,-0.0165672726057447,-0.0515787872502057,-0.0172173963798423,-0.117756449671008,0.0664354163084941,0.038001398514487,-0.194505923082009,-0.131600365397392,0.151237518893717,-0.0415780874703026,-0.0212502760486791,0.262219189769505,0.359770397577515,-0.201275687030606,-0.182360993624791,0.251255202032607,-0.330592753615518,-0.0328456515265722,0.166431940457566,-0.110762201388625,-0.270705404453011,0.0717232601243888,-0.152112760237236,0.0102205406110604,0.151335634405967,0.116278744014681,-0.0877586447979509,-0.139320184666609,0.0358430837784793,0.218197437518962,-0.00949844402940241,0.0875867173560581,-0.00810806225418459,-0.229181988872425,-0.159322443122571,-0.222035415322643,-0.0164908106954261,-0.0405879860393753,0.0847379185496328,-0.0441307751943932,0.0904549020882396,0.0368236065362643,0.0140353458651717
0.980598388826658,-0.106034639522645,0.0868911271613558,-0.0593245152037513,0.183023500299113,-0.00782144532861898,-0.00247099195671843,0.0127702329094265,0.0649161361832255,0.00644456911645767,-0.0776320556782799,-0.103237010492221,0.318970130552822,-0.0493263043840225,0.0325833942453966,-0.170067604208498,-0.0975983666663008,-0.273305151690354,0.160414206323391,0.0783945205871441,-0.132835836796992,0.348169987825854,-0.000209406809788525,0.125399181827847,0.169816706132404,0.106621510918589,-0.0636375372806627,0.150697185882913,-0.0339949998747461,0.0221004530173376,-0.150362934235263,0.023118143034291,-0.0112328827222782,0.109335502725211,-0.0558852796890815,-0.115725571081736,0.0429111078403685,0.0423513967831252,-0.21942229489489,0.353935311441251,0.107594951280572,0.181175061905407,-0.0834144375008341,-0.107383127527222,0.122947956326916,0.173581780981509,-0.0138692344031968,0.0343483042060598,-0.00585788878226024,0.0751815355282041,-0.0362247896590413,-0.080281029470354,0.135475622390984,-0.18601079045776,0.109406972788046,-0.0998456112495138,-0.151397311913176
0.972057822450483,0.0933614614278591,0.0430020593280365,0.007856438336839,-0.0832304970467971,0.111886080438844,-0.0483845654279902,-0.0946789689785194,-0.0830128289461291,-0.0199432594356568,0.187357203423254,-0.12940023172772,0.0632828551736908,0.202464472218434,0.243457206105227,-0.211533546784211,0.0914845047473519,-0.00498207405991777,-0.42911288817557,0.0762721331862903,-0.102186356820058,0.000232151598290667,-0.109101458174534,0.0929687491057509,-0.168278057510548,-0.23983068639859,-0.0145891782605651,-0.0888977583786858,0.0586666909603847,0.0163885737802599,-0.0470494587904557,-0.0144193167390819,-0.0412040955743319,0.168106451807684,-0.0307530371973544,-0.159405944846295,0.106395203100714,0.109028257396921,-0.0723889345953796,-0.0636880273939612,0.048413152826737,0.188423292200208,-0.0523023778189471,-0.00656447686208142,-0.140470823193466,0.178581944043028,-0.122031529946734,-0.288519265947132,-0.153030512421439,-0.284285130057145,0.111500910778189,-0.0584786827760786,-0.0305544685982172,-0.0751515829803266,-0.0719364994201582,0.0428047898159372,-0.0903938925367291
0.960698253239202,0.0502052079908947,-0.0185333343518135,-0.0207532403385783,0.0441357410236426,-0.0516388438160284,-0.027400097097467,-0.111519361851925,-0.136009743035116,0.0219825836642838,-0.0218498535020354,-0.0252542819332311,-0.0211169827030566,0.0115302226715884,-0.193310746287681,-0.139815685503973,-0.260324445813659,0.08350078998271,0.418866386540733,-0.0179835005722283,-0.230624558155818,-0.104158376589507,-0.178200736133178,0.0186210016569556,0.0164733885144427,0.0371010106736663,-0.138219793990512,-0.0104021880189507,0.058932256565138,0.0496255806833578,-0.0317000176333089,-0.0570091208638132,-0.0935631939712611,0.171457943974782,0.200588861262829,-0.199954490576202,-0.0389795836744429,0.162987333079182,-0.00711490792256781,-0.129604983380248,-0.256787420858958,0.160501580776132,0.0058891419488987,0.0988675002001494,-0.0995014399069664,-0.219819652539551,-0.263604625465853,-0.296399740679884,-0.122324387356485,0.0798179214709868,-0.0780419187147456,0.0468220296875776,-0.0660690905601788,0.0509642568238971,0.0542294982514031,-0.00912153638020351,0.0602421332676132
0.939629822804634,-0.0444907384203044,0.0320005318213866,0.0956028447064045,0.0417900441223371,0.0166273611383204,-0.0750167963422193,-0.0768340363087054,0.194372134005009,0.0868253956366927,0.117738589456734,-0.0580212566412018,-0.157946527617843,0.18684520361415,0.208793909630056,-0.278247395956859,-0.267649754228457,0.0678078188442165,0.0888409041771247,-0.221140474731771,-0.223280776471049,-0.106059699817478,0.0266470467190143,-0.0293073279494338,0.0187547417113038,0.192469736414647,0.00210592694300041,0.0281052604289722,0.0268343272120259,-0.0199499812470606,-0.101261307426013,0.0769898488556414,-0.0945031455300317,0.191852283748392,0.0860019433630498,0.0927813619859712,0.00448267095853775,0.173592669122357,0.18633649137567,-0.169010094970684,0.14890654824471,-0.161076160039129,0.0901841521143967,-0.185733069735511,0.0531970573909089,0.0533542339645478,0.169943578857867,0.149185568119628,0.356620779595828,-0.159172652055175,0.0646457375985963,-0.0314140955594756,9.00697837587265e-05,-0.108450304723486,0.0777461837657402,0.0144778057207688,-0.0353079050539858
0.931263122762766,0.00730777644015653,0.163975639609003,0.0103305473988377,-0.0388978015914237,-0.0301875278049122,0.040276828775226,0.00774433766908978,0.011897407650093,-0.00108614053667061,-0.0594732384378175,-0.0590803133168191,-0.00347471764749287,0.118858850515009,-0.10509941741374,-0.10471658652371,-0.0488457781958407,-0.0662198610674731,0.00437590239489188,0.073404535144668,-0.0707010340443629,-0.0251899388336665,0.0589175268141055,-0.0630085658992096,0.0966526592587489,-0.204904460303337,-0.295279629833524,0.286140025696309,0.104883988210024,0.076280527429437,0.00931194797559391,0.229820764585777,0.0786252421499148,-0.488165187784842,0.0107076478082428,-0.074544688986929,-0.12373823137966,0.20839893554892,0.317520411923628,0.0393337508066365,0.193407851422981,-0.0249216418946535,0.0737221873416854,0.147702185482276,-0.190222565143655,-0.0744209448872021,0.0888753425952864,-9.23530892015753e-05,-0.150133117074852,0.0047543471604964,0.161686093359832,0.0364555364534933,0.0330115660255263,-0.108316107304009,0.0327267559605885,0.0462239570949987,-0.133877348282411
0.878804079294884,-0.0252105828077202,-0.0370896736213019,0.019671041850504,0.00404908069969999,-0.0600096475568419,-0.0544130844358655,0.0111257569173497,-0.018717276932007,-0.0217477964379289,0.0709534535739705,0.0149745200809373,0.0680691801970292,0.101370527940335,-0.185278187718423,0.00327523424705203,-0.00516535443544826,0.149687455548954,0.132754297047141,-0.0466753324222016,-0.132301115613665,0.11211439258567,-0.163607562189904,0.307484526632271,0.0908193813354968,-0.188214084608951,-0.172834208940135,-0.282740007504274,-0.38958796775795,-0.0820888680263681,-0.0488687879013972,0.118283960213423,0.0624252608674325,-0.264237035000872,-0.0371699820913232,0.152703608669203,-0.0817011096045615,-0.155947154501633,-0.0225216691567192,-0.268007337878895,0.119606701153837,0.117619161384692,-0.160110894478356,-0.0438967938049464,0.146822664492205,0.225692506502491,0.0699945613731691,-0.101599178033414,0.106700627918474,-0.0078380822435932,0.0558159727005327,-0.141447165513823,-0.0922961972617793,0.0600903173702316,0.11680763157831,0.0413826124932732,0.0796425538331874
0.832672620655702,0.000530609472903555,0.0186632140597326,0.00251479469832353,-0.0331967648685812,0.0497826969263798,0.0243124587178085,0.0604059078528855,0.0273502178350638,-0.125034738448879,0.0627122388854824,0.0950515192140125,-0.120988378916252,-0.205023235501988,0.0361784457446946,-0.113186764722499,-0.099985414007402,-0.0630301137254523,-0.259782192011447,0.243145691221713,-0.220198947521237,0.107386649179683,0.223300050034301,-0.156050898336839,0.225436663428819,0.144646474189506,-0.0439616996754036,0.0953826097428869,-0.148742403470859,-0.0741409906488609,0.191989669424001,0.204196363166935,0.2424632874798,0.178329313643016,0.0407023758616035,0.0847646260805985,-0.145268776704948,-0.13683068469661,0.164124369574715,-0.163290066304091,0.00662641184371052,0.136074978304414,-0.145152250245752,-0.101136574227673,-0.0152361855179581,-0.153704654799421,-0.288668969817697,-0.0157517686031266,0.00704842620793113,0.0541963232924651,-0.0302529900982057,-0.243703227792305,0.0148653777698688,0.111284190244718,-0.0213126081950945,0.0346090639530409,-0.0147726300469953
0.786031677286094,0.024914842218578,0.053777030061426,-0.0407229050253039,0.0260158248311363,0.00120299719258461,0.0848908620611011,-0.0707537135637758,-0.0464747202065414,-0.0327638788242668,0.0391496508671721,-0.17371307824965,-0.0299993780932302,0.0811814898174013,-0.162142451296871,-0.0998759071806356,0.14353135598328,0.0549258821036388,0.00652531400957054,0.288344416184635,0.0799779552866436,-0.0904497799136263,-0.254165364263154,-0.196300639955295,0.0503858746757687,0.110901702615303,0.0538916158161791,0.0246349581641011,0.00872419203076206,-0.0989004051686927,0.0701018192601656,0.0417344246162334,-0.212017570971196,0.00307725855571885,0.101859106373657,0.312619284438268,-0.231180918345015,0.220286145425448,0.000111733450014726,0.123874336078529,-0.15705167987944,-0.221823537905518,-0.346426739528518,-0.314260311252446,-0.0435219653030409,0.1939551465145,0.100336768727909,-0.0732731359634468,-0.133958663527743,0.0439896613596356,0.003844445576881,-0.0313910106643831,0.0675511282103113,0.0162436576202571,-0.00461129756724067,-0.00848772097987718,0.00941268509031151
0.707922123660232,-0.00486831347091465,0.220411594514459,-0.119963717143697,0.0736049366827846,0.0191055607001525,0.144820967449162,-0.105363491032776,-0.0171226682099343,-0.0392104409302981,0.0524192677319991,-0.161151179327486,0.045760313340086,-0.0272944897050114,-0.169862685675772,0.193092376368409,0.198151569580757,0.0956440592098203,-0.0404016738975796,-0.318013080269673,0.025694870120913,0.102796838880777,0.119686932226532,0.0445984868784009,-0.0330278263667699,0.0881494301947906,0.175132148947724,0.0957387823095683,-0.121989978786085,-0.155554012445128,0.113846484705861,-0.0618507243704399,-0.118827779602829,0.141745580612503,-0.000699771992896894,-0.185750110362269,-0.159106256937363,-0.014191662091614,0.29301905300238,-0.0679774500600715,0.0669956612965909,0.0492349605215519,0.235647329235549,-0.11618261718421,0.013021358790125,0.0772719649489408,0.0452852966702463,-0.340293809310136,0.0344579759558684,0.225782407345332,0.165770417971519,-0.105239211584753,0.171065309808279,-0.0578028345978418,-0.00893497704618061,-0.0650710299518572,-0.0636929073120032
0.670054360350913,-0.0560156816750057,-0.0153510522949147,0.0546735902779366,0.0250580537517897,0.00359629173976488,0.112233827865306,-0.0115586174810242,-0.0935189272946857,-0.06497873599183,-0.1086970719664,0.229216236297473,0.0148794483069419,0.0297854057248566,0.0773334727501475,-0.1714894807291,0.17379359119768,-0.0322261824066799,0.0267063817876505,0.0424024365767012,0.0298290574629176,-0.32226837835097,-0.100360887569258,0.233378325744862,-0.0923916475760914,0.0110271825564987,0.0878638167853094,0.285680287181214,-0.18167906015427,0.0646411884728987,-0.0202113107667204,-0.155542535602224,-0.123621074061349,0.00944662292379423,0.094824163227377,-0.283560218900426,-0.242416492683261,0.00316887132665074,-0.00804094720223709,-0.0800706762887196,0.363184717593877,-0.128123925274018,-0.0594196762635889,-0.0392379252766183,0.20764013366033,-0.00379285895248471,-0.162846437142201,0.174226062387403,-0.142057382487544,-0.0344174181488326,-0.144394718886455,-0.129524559064696,0.033252334693461,0.134273768171494,0.0127232273403304,0.00815390611029964,0.0431365040217657
0.615619852147343,-0.00339603841129529,-0.00790869831188661,-0.049246677352185,0.00525585141353452,0.0373349797738399,-0.0178381072805855,0.0743603868714321,0.0436658005279816,-0.0252561381925499,0.0846382996522092,0.00158371283825362,0.0251879965186272,-0.0310681833789132,0.0102975006444354,0.017176335120756,0.10470357991335,0.0526054095615842,0.0193756200146769,0.0294469010919902,-0.0304722169159769,-0.0620991901996997,-0.0719117364699897,0.262906995786163,-0.152935832162939,-0.0659322564196282,0.084050166446137,0.315896632240716,-0.0680969110695259,0.307704166471426,-0.228267841107123,0.0113139706939147,0.0537990795968415,-0.00223853438420618,0.272820707467487,0.108339070013884,0.290683048287526,-0.197097627805626,0.381011126959472,0.149496867408745,-0.300501976265142,0.177580310060726,-0.136183945191211,-0.148461306725131,-0.100007071946993,-0.0116690596861108,0.0995728210578811,0.0600925765720847,0.0896453629017812,0.0268076271281715,0.030376188683765,-0.101066548297542,0.0105249521034326,0.0993689226054946,-0.0421753857871172,-0.0156294801990187,0.0202227072371748
0.518924142421583,0.0210635818732571,-0.0656470959020434,-0.0315362940181571,0.0508482749606396,-0.0159941585398876,0.0137915734944204,-0.087010187802878,0.0421871315671387,0.0278810982477677,0.0291363682406189,-0.050091955686567,0.00445113366946282,0.0221317848187772,-0.00414701134485585,-0.0703405089802207,-0.0437943573553427,0.00723890564756452,-0.0322715829541018,0.0533869750031957,0.101850143461822,-0.0291789718713061,0.0425615317271671,0.00996119402386747,-0.0138251639935322,0.103359070002596,0.201288672886386,0.47255120491732,-0.459384772784075,-0.0780831231214587,0.106207937349872,0.0721026848271277,0.0250640086500089,-0.155149820109907,0.054855049307765,0.130673431525979,0.109400399678614,0.106739687052293,-0.416945799303227,-0.185121473868295,-0.117623693636794,0.0437302295313809,0.132445325449105,0.139372375343534,-0.172319464214638,-0.0646071708563562,0.0550205150835704,-0.133252354047385,0.113084197533062,-0.125024002464917,0.0292417684331963,0.103893873522951,0.0239119380062913,-0.123145423949788,-0.0304744392474393,-0.055573224015638,0.0388464633230757
0.298080901624211,0.000899359623876109,-0.0148332486088488,0.0184258847826767,-0.0293445172382994,0.035754555001268,-0.0156293856451476,0.00344042112068877,-0.0161008945151222,0.0431221840352293,0.0701367937240013,0.0237084722291724,-0.0380470440280415,-0.0515031259920998,0.0159371220718562,0.0171451905080274,-0.00186470321327775,-0.0126364042396502,0.0179989641382987,0.0232969073962696,0.0546577412915617,-0.0309187710561237,0.0376186807070324,-0.119401173881387,0.182107203657384,0.174862672914452,-0.113170993072572,-0.118656206295804,-0.352513525364269,-0.212752318642402,0.0602736429307724,-0.114297836213576,-0.21927458496331,-0.092658357556823,-0.0419291892420596,-0.289778198605523,0.548308767566065,0.0820247391844549,0.284525666845056,0.078950068185767,0.0714345602656098,-0.141656774202251,-0.265054303477797,0.0906691825793788,-0.108602823031471,0.0881778952204518,-0.0991584661851427,0.025544260544827,-0.039842546598738,-0.0105803390254841,-0.0677751678096759,0.0671102944714975,0.0184261945298846,-0.055529731647659,-0.0270564974537343,0.00663308756740188,0.0405943385313606
0.226301201065471,0.113654989639346,0.0223507063041949,-0.0119185533950427,0.0181476024723871,0.0293151508192995,0.0318411511237632,-0.0798571286203453,0.0174591763872257,-0.00357103762901706,-0.0360001406419988,0.0474138522962144,-0.0844628041246692,-0.0406580961313332,0.161037618213205,0.279209008136624,0.0463883857901582,-0.0848174258662757,-0.0906822047755499,0.288736929199282,-0.323976657083385,-0.0492695114799434,-0.161466369683368,0.450222122880788,0.0380358630927165,0.210793222773131,0.0440671832635003,-0.00321778367814293,0.187103338371612,-0.0894640826910102,-0.0267531348806458,-0.00981985149178883,0.0262292828304237,-0.0962011011588517,-0.107214774040805,0.125418480227853,0.0818023652266089,0.183992203746906,0.0366005737792057,-0.156014917424162,0.0483806346281084,-0.0947961127985069,0.106505933077495,0.0456880123721549,-0.0898984271390315,0.10924771838466,-0.103729002314202,-0.0154267305797248,0.0896661926972069,0.320485507853565,-0.0914233970651379,0.152401918705922,0.00910812608107214,-0.0934103736055604,-0.105434829663019,-0.10517617998412,-0.00894711674582051
